gene,n_pairs,r
HSP90AA1,1600,0.7897
EGR1,1600,0.7493
HSPA1B,1569,0.7173
HSPH1,1594,0.7115
PLEC,1600,0.6908
TEX14,1575,0.6858
HSPD1,1600,0.6768
HSP90AB1,1600,0.6753
ZC3H3,1577,0.6619
HSPA8,1600,0.6472
BAG3,1588,0.6469
ACTB,1600,0.6338
HNRNPA2B1,1600,0.6334
FLNA,1600,0.6288
NEAT1,1600,0.6275
SPRED2,1600,0.6266
LRCH3,1600,0.6261
ITGA2,1600,0.6239
IER2,1586,0.6212
CCND1,1598,0.6198
DHFR,1585,0.6194
DNAJB1,1591,0.6187
NCOA1,1600,0.6092
PIAS1,1600,0.6071
HMGN2,1586,0.6055
FTH1,1600,0.6052
ETV5,1596,0.604
UBC,1600,0.6035
BBS9,1599,0.6024
SPRY4-AS1,1597,0.6009
EEF2,1600,0.5944
PSMD2,1589,0.5943
HSPA1A,1567,0.5939
KRT18,1600,0.5929
CYB5D2,1552,0.5902
DBN1,1565,0.5896
CFL1,1599,0.5883
CBFA2T2,1600,0.5866
MYH9,1600,0.5827
SLC38A2,1600,0.5818
JMJD1C,1600,0.5794
KANSL1,1600,0.5758
SOD1,1583,0.5727
S100A7A,43,0.5675
YBX1,1600,0.5673
MBD5,1600,0.567
EIF5A,1595,0.5668
XRCC6,1594,0.5657
ARL15,1600,0.5647
NPM1,1600,0.5602
FNDC3B,1600,0.5548
MALAT1,1600,0.5541
MINDY2,1600,0.5527
PNRC1,1599,0.5513
DCBLD2,1600,0.5499
PLD1,1597,0.5488
TMTC2,1600,0.5459
NDRG1,1600,0.5459
DDX21,1600,0.5448
EXT1,1600,0.5446
NCL,1600,0.5437
TMEM165,1600,0.542
RRM2,1596,0.5361
LPIN2,1599,0.5349
PAN3,1600,0.5348
JUNB,1589,0.5346
RYR2,1555,0.5338
CCT5,1596,0.5323
HLA-C,1598,0.5321
SPRED1,1600,0.5301
KIAA1328,1600,0.53
CLU,1583,0.5294
TPM3,1600,0.5293
NUMB,1600,0.528
FOS,1597,0.5261
SMYD3,1600,0.5254
FOSL1,1600,0.5252
APOL2,1590,0.5235
KDM3A,1600,0.5228
ZCCHC7,1600,0.5224
FAM13B,1600,0.5217
ECI1,1585,0.521
IFRD1,1597,0.5205
KLHL24,1600,0.5198
TSC22D1,1600,0.519
FBXL17,1600,0.5178
CXCL8,1600,0.5176
ST3GAL3,1595,0.517
MAP2K5,1598,0.5162
RAPGEF2,1599,0.5156
RAPGEF6,1600,0.5147
CHD1,1600,0.5142
PPP2R5E,1600,0.5122
UBR1,1600,0.5117
RALGAPA1,1599,0.5116
LMNB2,1564,0.5113
MT1X,1590,0.5111
TMSB4X,1599,0.5103
FBXL20,1599,0.5094
BTBD9,1599,0.5092
MGAT5,1600,0.5082
CBLB,1600,0.508
SOS1,1600,0.5075
B4GALT5,1600,0.507
CALM2,1600,0.5064
HELZ2,1586,0.5062
ZFAND5,1593,0.5061
SERPINH1,1587,0.5061
SEC24B,1595,0.5055
HSPE1,1586,0.5054
GSK3B,1600,0.5053
STRN3,1600,0.5047
ZMYM2,1600,0.5031
ITGB5,1597,0.5027
SHOC2,1600,0.5027
HNRNPA3,1600,0.5024
MEF2D,1594,0.5
TCF7L2,1600,0.4999
ASMTL-AS1,1537,0.4999
MLLT10,1600,0.4998
NAV2,1600,0.4995
CYCS,1587,0.4992
RORA,1600,0.4991
RPSA,1566,0.4989
ZBTB20,1600,0.4988
PITPNC1,1600,0.4988
EMSY,1595,0.4984
FRYL,1600,0.4981
RBMS3,1600,0.498
MTMR12,1579,0.498
SEC22A,1598,0.4976
APBB2,1600,0.4965
MCL1,1600,0.4964
FAM193A,1600,0.4951
HEATR5B,1598,0.4948
BIRC6,1600,0.4937
THBS1,1587,0.493
APC,1596,0.4926
AHNAK,1600,0.4926
EEF1A1,1600,0.4925
CUL3,1600,0.4923
ATXN1,1600,0.4912
NBAS,1600,0.4907
NPAS2,1600,0.4905
HSPB1,1595,0.4904
HNRNPAB,1578,0.49
KDM4C,1600,0.49
PHLDA1,1600,0.4897
STMN1,1593,0.4896
WDFY3,1600,0.4888
SIPA1L1,1600,0.4882
CDC37,1588,0.4877
DCTN1,1573,0.4873
TUBA1B,1597,0.4869
CHORDC1,1600,0.4867
MSN,1599,0.4867
GAB1,1599,0.4862
ETV1,1586,0.4862
KIR2DL3,41,0.4861
PUM2,1600,0.4859
TANC2,1600,0.4859
MTF2,1589,0.4856
ARNT,1598,0.4855
QRICH1,1593,0.4855
ANKHD1,1600,0.4853
BCKDHB,1595,0.4847
PPP1R15A,1599,0.4846
SLC2A1,1600,0.4845
MED13L,1600,0.4843
ABL2,1600,0.4839
SET,1599,0.4838
ZSWIM6,1600,0.4838
MYO1E,1600,0.483
MAGI1,1600,0.483
PRPS1,1562,0.4828
LDHA,1600,0.4824
P4HA1,1600,0.4822
CD44,1600,0.4818
BLZF1,1600,0.4817
LUCAT1,1600,0.4815
AVL9,1600,0.4814
FASN,1598,0.4804
AMBRA1,1600,0.4803
RNF19A,1599,0.48
ERN1,1598,0.4796
MYO9A,1600,0.4793
AFF1,1600,0.4785
MAGEB10,23,0.4784
VPS13B,1600,0.4779
UMAD1,1600,0.4778
TMCC1,1600,0.4778
PRRC1,1595,0.4778
HELLS,1591,0.4773
FAM222B,1600,0.4767
ARC,1387,0.4765
CHD2,1600,0.476
CSNK1D,1591,0.4759
PPP1R9B,1565,0.4756
BIRC5,1552,0.4754
JARID2,1600,0.4748
RICTOR,1600,0.4746
KDM2A,1600,0.4746
RASA2,1600,0.4744
KRT8,1599,0.4742
NIPBL,1600,0.4741
MCU,1600,0.4739
EGR3,1526,0.4736
PSMD11,1588,0.4732
ABHD3,1592,0.4732
SCAF8,1599,0.4731
ZFAND2A,1563,0.4723
SAT1,1600,0.472
KMT2D,1599,0.4719
NUDC,1581,0.4715
FAM13A,1600,0.4714
RAB1A,1600,0.4711
GBE1,1600,0.4701
TXNDC11,1600,0.47
EPN2,1599,0.4698
UBR2,1600,0.4695
ZNF248,1593,0.4694
ANKRD17,1600,0.4692
BRAF,1600,0.4679
TNS3,1600,0.4677
CDK19,1600,0.4668
SNX25,1600,0.4666
MED13,1600,0.4664
BTRC,1600,0.4659
FBXO42,1599,0.4658
IP6K1,1593,0.4658
RSF1,1600,0.4656
YEATS2,1600,0.4652
PHC2,1599,0.4652
SMURF2,1600,0.4651
BTG1,1600,0.465
CHD3,1594,0.465
PTPN12,1600,0.4646
ATF2,1600,0.4643
CD55,1600,0.4643
OAS2,1563,0.4634
FRMD5,1599,0.4633
TUSC3,1600,0.4631
CITED2,1589,0.4631
RAD51B,1600,0.463
SLC41A2,1594,0.4626
VMA21,1575,0.4625
HILPDA,1599,0.4623
N4BP2L2,1600,0.4623
PHF21A,1600,0.4622
EPC1,1598,0.4622
ELK3,1594,0.4621
WDFY2,1600,0.462
TM4SF1,1600,0.4618
KANSL3,1597,0.4613
ID1,1587,0.4613
BBOX1-AS1,1562,0.4611
ZNF609,1600,0.4611
CDC14B,1592,0.461
TTC17,1600,0.4609
ABL1,1600,0.4609
FOXO1,1598,0.4607
VEZT,1600,0.4597
GPI,1600,0.4596
PRAG1,1595,0.4595
ZNF148,1599,0.4593
ZFYVE9,1595,0.4591
BCL9L,1595,0.4591
CNNM2,1593,0.4589
FTX,1600,0.4584
DDX60,1599,0.4583
ZFYVE28,1597,0.4582
PSMD5,1596,0.4581
TMX1,1588,0.4579
TXNRD1,1600,0.4578
STAT1,1600,0.4577
PIK3CA,1599,0.4573
JUN,1599,0.4573
CNNM4,1591,0.4573
SAMD4A,1600,0.4569
TBC1D12,1597,0.4568
SGMS1,1600,0.4566
HSPA4,1594,0.4562
RFX7,1600,0.4561
PEAK1,1600,0.456
WSB1,1600,0.4559
KCNQ1OT1,1600,0.4559
MAP4K3,1600,0.4556
TDRD3,1592,0.4555
MXI1,1599,0.4553
MORC3,1598,0.4551
AUTS2,1598,0.4551
UBR3,1600,0.4551
LDHB,1593,0.4549
CACNG2,1459,0.4546
SCD,1600,0.4545
HIBCH,1600,0.4545
EGR2,1473,0.4538
HERC4,1600,0.4537
LRBA,1600,0.4537
PABPC1,1600,0.4535
PRELID2,1600,0.4533
RALGAPA2,1600,0.4527
ANKRD12,1600,0.4525
ERBIN,1600,0.4523
RBPJ,1600,0.4523
PDK3,1596,0.4519
NPC1,1599,0.4517
MAML2,1600,0.4513
IFIT3,1594,0.451
HNRNPU,1600,0.4507
STX1A,1574,0.4501
UBE2G1,1600,0.4498
PDIA6,1600,0.4497
GPR12,31,0.4497
ZNF292,1600,0.4491
IER3,1599,0.4491
TGFBR2,1589,0.4491
ARID4B,1600,0.4486
TLE3,1579,0.4486
RACK1,1600,0.4484
LYST,1598,0.4482
DIP2B,1599,0.4482
KIF13A,1597,0.4482
CABIN1,1597,0.4481
ZXDC,1599,0.4481
PDSS2,1599,0.4478
SMTN,1577,0.4476
KAT6B,1599,0.4474
FBXO11,1600,0.4473
NHSL1,1600,0.4469
KDM4B,1600,0.4468
EXOC6B,1600,0.4465
STAT2,1590,0.4464
ACBD3,1600,0.4461
ITGA6,1600,0.4458
PTK2,1600,0.4456
STC1,1600,0.4453
DLG2,1594,0.4453
EPS8,1600,0.4451
SMC1A,1598,0.4447
LNX2,1596,0.4445
AHCYL2,1599,0.4443
NSMCE2,1600,0.4443
SGO2,1583,0.4442
SNX29,1592,0.4441
DNAJC1,1600,0.4439
ALPK1,1591,0.4439
GYS1,1587,0.4437
BCAS3,1600,0.4436
INPPL1,1559,0.4436
RUNX1,1600,0.4435
XRN1,1600,0.4433
IGF1R,1600,0.4429
CLSPN,1563,0.4427
PDE8A,1600,0.4423
NF1,1600,0.4422
RND3,1593,0.442
ZMYND8,1600,0.4419
GBF1,1600,0.4417
KIAA1958,1600,0.4412
DIP2C,1600,0.4412
SLC2A3,1600,0.4406
ELF2,1600,0.4405
OSMR,1600,0.4405
MIR4435-2HG,1600,0.4403
VPS8,1599,0.4402
GIGYF2,1600,0.4402
ITPR3,1596,0.4402
SNAPC3,1592,0.44
UBE2D2,1600,0.44
CYTOR,1596,0.4397
UBB,1589,0.4397
ARHGEF3,1594,0.4389
LRIG2,1583,0.4388
NAV1,1600,0.4387
NRF1,1597,0.4383
ATXN7L1,1598,0.4375
PTGES3,1598,0.4374
PRKCSH,1591,0.4372
BRD2,1599,0.4371
PHF3,1600,0.4371
RBM14,1586,0.437
THSD4,1596,0.4367
DMXL1,1600,0.4365
ITGA3,1600,0.4362
ZNF160,1594,0.4358
FOXO3,1600,0.4358
SUPT3H,1600,0.4358
TPST1,1599,0.4357
RNASE6,42,0.4356
ASPH,1600,0.4355
PIR,1586,0.4351
DDIT3,1593,0.435
RNF145,1600,0.435
WIPF2,1600,0.4349
SRPK2,1600,0.4348
BRWD1,1600,0.4347
MNAT1,1600,0.4347
ATXN2,1600,0.4346
STX8,1598,0.4346
ELF1,1599,0.4346
ATXN3,1591,0.4346
FN1,1600,0.4345
PCLAF,1558,0.4341
GTF2B,1593,0.434
EZR,1600,0.4339
AP1G1,1600,0.4338
NT5E,1597,0.4338
SDC4,1600,0.4337
TPM4,1600,0.4337
NBEA,1598,0.4336
STK3,1600,0.4335
TRANK1,1568,0.4331
PHC3,1600,0.4331
RABGEF1,1600,0.4327
ODC1,1581,0.4325
ZFPM2-AS1,1600,0.4317
TTLL3,1579,0.4316
EIF2AK3,1600,0.4313
NCOA2,1600,0.4312
LDLR,1598,0.431
SBF2,1600,0.431
ACTN1,1600,0.4309
ZCCHC2,1598,0.4309
TET2,1596,0.4307
CNOT8,1598,0.4306
RREB1,1599,0.4304
TSC22D2,1600,0.4303
HMGA2,1600,0.4302
NPEPPS,1600,0.4302
SNX14,1598,0.4302
DCAF6,1599,0.4302
ZNF395,1598,0.4302
LUC7L,1600,0.4301
HSPA6,1247,0.43
RRAS2,1599,0.43
FMNL2,1600,0.4298
OASL,1582,0.4297
TBC1D22A,1600,0.4295
LGR4,1591,0.4293
SMURF1,1600,0.4293
NBEAL1,1600,0.4292
ANTXR2,1600,0.429
NGLY1,1600,0.4287
FGFRL1,1539,0.4286
MAP3K14,1583,0.4285
BZW1,1600,0.4284
CDK13,1600,0.4282
CDKL5,1594,0.428
PAPOLG,1581,0.4279
EVI5,1599,0.4277
NUCKS1,1600,0.4277
CBX5,1597,0.4277
FOSB,1591,0.4276
SOD2,1600,0.4273
STK17A,1599,0.4267
TUBB4B,1589,0.4265
MLLT3,1599,0.4264
AP3B1,1600,0.4263
PTMS,1585,0.4262
PLXNB2,1587,0.4262
WDR44,1596,0.4257
NCK1,1600,0.4255
FAM168A,1600,0.4254
LCORL,1600,0.4253
CRYZL1,1583,0.4251
NFX1,1599,0.4244
MCM3,1568,0.4243
KMT2E,1600,0.4243
ZEB1,1600,0.4242
NCOA5,1580,0.4238
TBC1D8,1600,0.4238
LMO7,1600,0.4236
PPP4R3A,1597,0.4234
SARM1,1572,0.4232
PLEKHA2,1595,0.4231
WDR45B,1600,0.4231
SMG6,1600,0.4231
ANXA1,1596,0.4231
KDM5B,1598,0.4226
FRS2,1599,0.4225
HECTD4,1600,0.4223
APAF1,1595,0.4222
MEMO1,1600,0.4217
UBXN7,1597,0.4217
FBXL3,1592,0.421
NONO,1597,0.4208
NFAT5,1600,0.4206
FLNB,1600,0.4203
CDC25C,1559,0.4202
MIR222HG,1585,0.4202
PPARD,1596,0.4201
WDR70,1598,0.4201
WAPL,1600,0.4198
CLTB,1582,0.4197
PUM1,1600,0.4196
CNOT4,1600,0.4195
TAF1D,1600,0.419
ARID2,1600,0.4189
MRPS6,1600,0.4187
NR2F2-AS1,1596,0.4187
TNRC6B,1600,0.4183
NME1,1566,0.4182
REPS1,1595,0.4182
SIPA1L3,1600,0.4181
PTPN13,1593,0.4177
BMPR1A,1598,0.4174
FDPS,1591,0.4172
RNGTT,1594,0.4171
SEC31A,1600,0.4171
MAP3K5,1599,0.4169
HDGF,1599,0.4167
PCCA,1600,0.4167
IMMP2L,1600,0.4162
YWHAZ,1600,0.4159
EEF1G,1600,0.4159
POLR2A,1600,0.4155
MAP1B,1600,0.4154
ERO1A,1600,0.4153
SEMA3C,1600,0.4153
TXN,1592,0.4153
COG7,1596,0.4151
ETNK1,1600,0.415
NTSR1,1580,0.4147
MROH8,1544,0.4147
PTEN,1600,0.4146
GPRC5A,1600,0.4146
CCSER2,1594,0.4145
PEG10,1586,0.4145
PDE4D,1600,0.4145
ZSWIM5,1597,0.4144
UBE3A,1600,0.4143
UBE3C,1600,0.4143
NOLC1,1592,0.4142
CCDC18-AS1,1594,0.4142
ACLY,1587,0.4142
MB21D2,1594,0.4142
CCT6A,1598,0.4141
PTPRM,1600,0.414
RCOR3,1600,0.414
RERE,1600,0.4139
WASF2,1600,0.4138
IFNGR1,1584,0.4136
RNF213,1600,0.4136
SORBS1,1582,0.4136
FSCN2,1444,0.4135
LENG8,1590,0.4135
GPATCH8,1600,0.4132
SEC24D,1599,0.4127
NCOA3,1600,0.4127
FAM53C,1589,0.4121
ANP32E,1596,0.4121
ZNF264,1581,0.412
SLC6A8,1572,0.4118
UBA6,1600,0.4118
GMCL1,1587,0.4115
MIR181A1HG,1600,0.4111
ATP2B1,1600,0.4109
RNF24,1600,0.4109
DHX36,1600,0.4109
SMCHD1,1600,0.4109
MEIS2,1600,0.4108
PAICS,1599,0.4108
ATAD2B,1599,0.4106
SART3,1586,0.4106
HMGA1,1600,0.4106
ZC3H6,1599,0.4105
XPO6,1599,0.4105
MCM4,1574,0.4102
DLEU2,1600,0.4101
RNF115,1598,0.41
CAPN7,1598,0.4098
WAC,1600,0.4098
CDR2,1594,0.4097
ST13,1596,0.4096
ZNF805,1563,0.4095
TAOK3,1600,0.4095
KIF16B,1599,0.4094
PRKN,1596,0.4093
PSMC4,1576,0.4092
EIF3C,1538,0.4091
TGM2,1590,0.4091
CCNG2,1599,0.4091
ERRFI1,1600,0.409
DDX60L,1595,0.4089
BAZ2B,1598,0.4083
CLK4,1572,0.4081
CAMKMT,1600,0.408
NRG1,1598,0.4077
ARIH1,1600,0.4072
GLCCI1,1592,0.4065
AURKA,1559,0.4063
MRPL18,1565,0.4058
EHMT1,1600,0.4057
RAD54B,1590,0.4057
PEX3,1577,0.4055
INSIG1,1598,0.4054
WDR75,1589,0.4052
GRK3,1591,0.4051
RCOR1,1600,0.4049
EPHA2,1590,0.4049
SYNRG,1596,0.4048
FZR1,1573,0.4047
ANO10,1599,0.4047
PAK4,1584,0.4047
PBX3,1600,0.4046
IFIT1,1587,0.4046
PELI1,1598,0.4046
TESK2,1584,0.4044
PARK7,1580,0.4044
DYRK1A,1600,0.4044
RFX3,1598,0.4043
HNRNPUL1,1598,0.4042
VPS39,1589,0.4042
ETV6,1600,0.4042
ATAD5,1585,0.404
MAP3K3,1585,0.4039
VTI1A,1600,0.4039
HRH1,1599,0.4039
GAPDH,1600,0.4037
LIN54,1592,0.4035
ITGA5,1591,0.4032
PCNX4,1600,0.4031
MAST2,1592,0.4031
VWA8,1597,0.4031
CYTH1,1593,0.4026
MAP2K1,1600,0.4025
RB1CC1,1600,0.4025
ZFAND3,1600,0.4023
SCAPER,1600,0.4022
ADGRA1-AS1,30,0.4022
MX1,1590,0.402
INTS6,1600,0.4019
ATF3,1591,0.4019
MT2A,1600,0.4015
HDAC8,1600,0.4013
DHX57,1590,0.4012
HSPA5,1600,0.4008
OAS3,1589,0.4008
GOLPH3L,1600,0.4007
ILF3,1599,0.4006
LHFPL2,1598,0.4005
CAPN2,1600,0.4004
ACTG1,1600,0.4003
HMBOX1,1600,0.4003
ANXA2,1600,0.4003
ADAM17,1600,0.4002
TRPC1,1597,0.4001
PGAM1,1568,0.3999
ZNF277,1596,0.3998
COTL1,1590,0.3998
NR4A1,1594,0.3996
F3,1595,0.3996
DDOST,1584,0.3995
KIZ,1600,0.399
NHS,1600,0.399
DCAF5,1598,0.3989
PPP4R2,1600,0.3989
RSPRY1,1599,0.3988
KIF1B,1600,0.3987
GANAB,1596,0.3984
YTHDC1,1596,0.3984
CRADD,1600,0.3983
TRIO,1600,0.3983
ZMIZ1,1599,0.3982
ZSWIM8,1581,0.3982
PKM,1600,0.3981
PYCR1,1551,0.3978
PDIA3,1600,0.3978
AREG,1600,0.3975
RLF,1600,0.3974
KLF7,1600,0.3973
ATG10,1596,0.3972
NCOA7,1599,0.3972
ATG4C,1563,0.397
CRTC3,1596,0.3969
MXD1,1594,0.3967
PHF20,1599,0.3966
TRIM23,1574,0.3965
HCFC2,1575,0.3965
SDCBP2-AS1,1559,0.3965
FNDC3A,1600,0.3965
SIRT1,1596,0.3964
ATP6V0A1,1595,0.3962
SMAD4,1596,0.396
HS2ST1,1600,0.3959
HMGB2,1596,0.3955
VPS54,1600,0.3954
RFX2,1584,0.3953
CTNND1,1600,0.395
RAI1,1594,0.395
EFNA5,1600,0.395
MYL6,1597,0.3948
FBXO28,1598,0.3947
TLK2,1595,0.3946
SETX,1600,0.3946
UHRF2,1600,0.3945
AKAP8L,1586,0.3943
ATP1A1,1600,0.3941
CHSY1,1600,0.394
ZNF516,1590,0.394
SDHA,1594,0.3938
MAP3K12,1564,0.3937
SIN3A,1598,0.3933
EEF1B2,1598,0.3933
TNRC6C,1599,0.3932
TMEM131L,1587,0.3931
CDC5L,1598,0.393
PFKFB4,1600,0.393
MIR100HG,1597,0.3928
LEMD3,1598,0.3927
NOL4L,1566,0.3927
RELB,1584,0.3925
NOD1,1575,0.3923
PRELID3B,1576,0.3923
TYMS,1559,0.3921
MYO1D,1600,0.3921
BEST1,1544,0.3921
HGSNAT,1588,0.3921
FAF1,1600,0.3918
FKBP1A,1585,0.3916
RBM5,1599,0.3915
RALGPS1,1578,0.3912
POLG,1586,0.3912
UBE2O,1599,0.3912
SDK1,1600,0.3911
HFM1,1498,0.391
PIK3R1,1597,0.3909
HMGB1,1591,0.3908
MAFK,1596,0.3907
RSBN1,1574,0.3905
PRC1,1577,0.3904
BACH2,1583,0.3903
TNIK,1599,0.3901
KDM7A,1600,0.39
SQSTM1,1600,0.3897
INSIG2,1599,0.3896
ZNF652,1598,0.3896
ENO1,1600,0.3894
ZNRF1,1595,0.3893
DDIT4,1597,0.3891
ACTN4,1600,0.389
FEM1C,1599,0.389
ANKH,1594,0.3886
IFIH1,1595,0.3886
FAM135A,1595,0.3885
ZC3HAV1,1599,0.3885
PRKCE,1600,0.3883
KIF1C,1582,0.3883
IRF2,1577,0.3883
RABGAP1L,1600,0.3882
TUBG2,1575,0.3881
LMBRD1,1596,0.3879
RBL1,1577,0.3878
TANK,1600,0.3877
SLC20A1,1589,0.3874
ZNF638,1600,0.3874
RNF130,1600,0.3871
PAPOLA,1600,0.3871
ARID1B,1600,0.3868
HERC1,1600,0.3868
CAMK2D,1600,0.3868
PLSCR1,1598,0.3868
ZSWIM4,1579,0.3865
ZNF438,1589,0.3865
SREBF1,1587,0.3865
CENPK,1567,0.3865
MRPL42,1578,0.3865
SMAD3,1600,0.3862
PPP6R3,1600,0.386
SH3PXD2B,1580,0.3859
COLGALT1,1568,0.3859
CHD8,1598,0.3859
PYGL,1599,0.3858
PSAT1,1566,0.3857
PHF14,1600,0.3856
FBXO34,1599,0.3853
FTL,1600,0.385
MTR,1600,0.385
ZKSCAN1,1600,0.3849
PLAG1,1593,0.3849
CCL19,39,0.3848
ETV4,1560,0.3848
IGHD,23,0.3847
TSC1,1594,0.3846
NR4A2,1588,0.3845
DNAJB4,1577,0.3844
ELL2,1600,0.3843
TMA7,1581,0.384
ITGB4,1590,0.3837
ARHGEF28,1589,0.3834
MCM7,1581,0.3834
DIAPH2,1600,0.3833
ZNF654,1599,0.3833
EIF3I,1590,0.3833
ZNF791,1579,0.3829
CIR1,1598,0.3828
PGRMC2,1597,0.3827
MAML3,1600,0.3825
DSG2,1600,0.3824
SECISBP2L,1600,0.3824
ATP9B,1599,0.3823
CLDN12,1598,0.3823
POU2F1,1599,0.3821
LRCH1,1599,0.3821
CCT3,1586,0.3819
MINK1,1591,0.3819
MNT,1588,0.3819
TTC28-AS1,1592,0.3817
SPSB1,1590,0.3816
KIAA1217,1600,0.3814
CD59,1597,0.3813
TSPAN3,1586,0.3812
MYL12A,1596,0.3812
CTSD,1598,0.3812
TRIM38,1587,0.3812
SMAD1,1555,0.3811
TMEM51,1594,0.3809
ALG2,1568,0.3807
CYTH3,1590,0.3804
SSH2,1600,0.3801
SERPINB1,1594,0.38
UACA,1600,0.38
ARHGDIA,1591,0.38
RNF149,1600,0.38
CAV1,1599,0.3799
TFPI,1598,0.3799
MARF1,1594,0.3798
UBE2E2,1600,0.3797
FER,1600,0.3796
TRIM24,1588,0.3795
SYNE2,1599,0.3795
BACH1,1600,0.3792
LMTK2,1595,0.3791
ATG7,1598,0.379
RTTN,1582,0.3788
CCDC32,1574,0.3787
PSMD6,1573,0.3785
FBXL5,1593,0.3785
GPC6,1600,0.3784
EYA3,1596,0.3784
VPS13D,1600,0.3783
TPCN1,1596,0.3782
ABCC3,1597,0.3782
TPT1-AS1,1598,0.3781
PRKAR1A,1600,0.3781
PPFIA1,1600,0.3781
CRYAB,1412,0.378
MAD1L1,1597,0.3777
SFMBT1,1593,0.3773
ZNF766,1588,0.3771
CALM3,1592,0.3767
PODXL,1585,0.3764
SHB,1598,0.3764
FOXM1,1547,0.3764
BUB1B,1571,0.3759
MIA3,1600,0.3759
DHRS7B,1586,0.3757
PCNX1,1600,0.3757
KLHL20,1590,0.3753
ASPM,1591,0.3752
TMEM109,1545,0.3751
TRIM33,1598,0.3747
INPP4A,1582,0.3747
KRT6C,166,0.3744
RIC1,1598,0.3744
ITPR2,1599,0.3744
ZNF217,1596,0.3743
HBEGF,1575,0.3742
KMT2C,1600,0.3742
CALM1,1599,0.374
ANKRD28,1600,0.374
TEAD1,1600,0.374
ACVR2A,1592,0.374
SUFU,1576,0.374
UBR5,1600,0.3738
R3HCC1L,1599,0.3735
RNF44,1565,0.3735
ALCAM,1599,0.3733
NLK,1597,0.3732
AFTPH,1599,0.3732
EGFR,1600,0.3731
TCP11L2,1594,0.3731
PLOD2,1600,0.3731
DNAJC27-AS1,1550,0.3729
TCOF1,1586,0.3728
MTMR14,1584,0.3728
EXOC4,1600,0.3728
CANT1,1579,0.3728
SLC25A51,1594,0.3727
NCAPG2,1594,0.3727
TET3,1594,0.3726
SESN2,1578,0.3726
CDC27,1598,0.3723
ZER1,1576,0.3719
KIF9-AS1,1584,0.3718
ZBTB25,1592,0.3717
SNHG22,1544,0.3716
TBCK,1594,0.3715
NEMF,1599,0.3715
TOP2A,1593,0.3715
ZC3H13,1599,0.3714
JADE1,1562,0.3713
HERPUD1,1600,0.3712
FERMT1,1580,0.3711
MTHFD2,1596,0.371
FAF2,1598,0.371
THUMPD2,1568,0.3709
ERC1,1600,0.3709
SVIL,1600,0.3707
POLQ,1563,0.3707
TBC1D32,1598,0.3706
MAP3K1,1590,0.3705
KDM6B,1593,0.3704
WHAMM,1589,0.3702
EIF4H,1589,0.37
KDM2B,1596,0.37
EDRF1,1589,0.37
SLC7A11,1600,0.3697
NDC1,1578,0.3694
DENND5A,1598,0.3694
NARF,1595,0.3689
TAOK2,1556,0.3687
DLG1,1600,0.3686
PSD3,1600,0.3685
SMARCAD1,1598,0.3684
CD58,1594,0.3684
MARCKSL1,1560,0.3684
KHNYN,1573,0.3683
HOOK3,1600,0.3678
PLAU,1575,0.3678
TIMELESS,1553,0.3677
UNKL,1566,0.3677
SDCCAG8,1600,0.3676
ZC3H12C,1596,0.3673
APOL6,1592,0.3671
SPTBN1,1600,0.3671
NUCB1,1577,0.3671
PAM,1600,0.3669
CD151,1578,0.3669
SCMH1,1600,0.3668
ATP11B,1599,0.3667
GSE1,1597,0.3666
AGPAT1,1549,0.3665
GOLPH3,1600,0.3665
WDR27,1593,0.3664
RAB30,1593,0.3663
SATB2,1600,0.3662
FOXN3,1599,0.3661
KIAA0232,1594,0.3661
COL13A1,1552,0.3661
CHD7,1600,0.366
DLC1,1600,0.3659
PPP1R12A,1600,0.3659
SLC38A6,1584,0.3659
BCL6,1597,0.3658
RETREG3,1591,0.3656
IRF2BPL,1571,0.3655
MEF2A,1600,0.3654
DISC1,1599,0.3654
PSEN1,1598,0.3654
NEDD4L,1600,0.3651
NEK7,1600,0.365
HACD3,1597,0.3648
ZDHHC14,1588,0.3648
ERCC5,1582,0.3648
SOS2,1600,0.3647
PCNA,1563,0.3647
FANCM,1576,0.3647
EIF4G2,1600,0.3646
TTI1,1576,0.3643
PRDX1,1596,0.3642
MICU1,1600,0.3642
HLA-G,1369,0.364
DTNA,1600,0.3638
SLC25A37,1600,0.3637
VRK3,1574,0.3637
EXOC6,1596,0.3637
ZNF143,1592,0.3637
ST3GAL1,1599,0.3636
ABHD17B,1592,0.3636
SPATA7,1571,0.3635
INTS4,1582,0.3632
NFE2L2,1600,0.363
NDEL1,1598,0.363
HMGN1,1578,0.3629
CEP85L,1592,0.3627
PRKCA,1600,0.3626
MYEOV,1554,0.3625
CPEB3,1594,0.3624
MCM2,1542,0.3624
LMBR1L,1582,0.3623
TOGARAM1,1593,0.3623
MIR31HG,1600,0.362
CTSL,1583,0.3619
CDC42SE2,1597,0.3618
NT5C2,1600,0.3618
IL4R,1576,0.3617
COPB1,1599,0.3615
DNAJA1,1596,0.3615
ALYREF,1541,0.3615
AXIN1,1584,0.3614
WDR20,1600,0.3614
SPCS3,1586,0.3614
TTC28,1598,0.3613
AHNAK2,1585,0.3613
FUS,1600,0.361
CFB,1563,0.3608
PHLDA2,1571,0.3607
NUMA1,1591,0.3606
GTF3C3,1570,0.3606
GPR107,1596,0.3605
TNPO3,1600,0.3605
SPATS2L,1600,0.3604
MIR193BHG,1577,0.36
EFL1,1596,0.3598
LAMB1,1596,0.3598
CERS5,1589,0.3598
BABAM2,1600,0.3596
TMEM161B,1595,0.3596
SEMA3A,1600,0.3594
PFKFB3,1597,0.3594
GCC2,1600,0.359
DNMT1,1581,0.3589
TUBB,1598,0.3588
ITFG1,1599,0.3586
AGRN,1585,0.3585
GHITM,1592,0.3584
RALA,1600,0.3583
RALGAPB,1588,0.3581
LAMC2,1595,0.3581
FOCAD,1598,0.358
XPOT,1598,0.358
PLEKHA5,1600,0.3576
LRRC59,1588,0.3576
MYBL1,1561,0.3575
AVPI1,1579,0.3575
PIKFYVE,1600,0.3574
CUL1,1597,0.3574
TUBA1A,1559,0.3572
EIF4A2,1600,0.3572
CAMK2G,1590,0.3572
FBXW11,1600,0.3572
SYVN1,1562,0.3571
RBM27,1600,0.3571
ARFGEF1,1600,0.3569
MX2,1588,0.3569
NDE1,1591,0.3569
TRIM5,1583,0.3567
EFHC1,1598,0.3566
TNRC18,1599,0.3565
CCL8,91,0.3564
FHOD3,1586,0.3563
MAP3K2,1600,0.3559
ZNF133,1576,0.3559
YWHAE,1600,0.3558
PRKD3,1596,0.3558
SPATS2,1600,0.3558
GADD45A,1585,0.3557
RBM25,1600,0.3556
SNRK,1581,0.3556
SMAD6,1559,0.3555
PRKD1,1593,0.3555
GPATCH2L,1598,0.3555
TSPAN5,1600,0.3554
ANKRD36C,1600,0.3554
DHRS3,1598,0.3553
DBF4,1580,0.3553
BICD1,1600,0.3552
CTSB,1595,0.3551
NAA25,1599,0.3551
BRWD3,1600,0.355
ZHX3,1592,0.355
ADAMTS6,1599,0.3547
YIPF5,1591,0.3547
DBNL,1570,0.3545
ZNF664,1527,0.3543
CCNA2,1558,0.3543
IFNAR2,1582,0.3543
DFFA,1589,0.3541
TRA2A,1600,0.3537
PLB1,1496,0.3536
VEGFA,1600,0.3534
PIP4K2B,1559,0.3534
G6PD,1567,0.3532
BTBD10,1595,0.3532
LCMT1,1588,0.3532
AHCTF1,1599,0.3529
KIF2C,1555,0.3527
ATP2C1,1600,0.3527
CNN3,1582,0.3527
ATG13,1594,0.3525
SIK2,1592,0.3525
TBC1D23,1599,0.3525
PPP2R5A,1598,0.3523
RNF169,1600,0.3521
INSR,1591,0.352
SBDS,1581,0.352
RBM6,1599,0.352
GATAD2B,1600,0.352
PLAUR,1600,0.352
PTPN4,1597,0.3519
RAPGEF1,1595,0.3519
SPARC,1597,0.3518
CDKAL1,1600,0.3518
SDF4,1565,0.3517
HBS1L,1598,0.3515
CTIF,1600,0.3514
UPF1,1564,0.3511
RAB8B,1595,0.3511
PJA2,1599,0.3511
SAMD9L,1575,0.351
PCED1B,1595,0.351
NUBPL,1594,0.351
TRPS1,1600,0.3509
DNAJC3,1600,0.3509
PDIA4,1595,0.3508
CCNF,1549,0.3508
AMD1,1598,0.3507
LAMA3,1600,0.3507
FAM120B,1598,0.3506
TMEM168,1592,0.3506
PEX14,1592,0.3505
NR3C1,1600,0.3505
PPP2R3A,1596,0.3503
BTF3,1597,0.3503
LPCAT1,1586,0.3502
CAND1,1599,0.35
RHBDF2,1582,0.35
RNF146,1565,0.3499
SDC1,1558,0.3496
ABCD4,1571,0.3495
SLC37A3,1585,0.3494
STAU1,1600,0.3493
GCLM,1588,0.3492
CDH13,1600,0.3489
UBR4,1600,0.3489
BIRC3,1599,0.3489
YTHDF1,1577,0.3489
DEDD2,1573,0.3487
HTATSF1,1569,0.3487
DOCK9,1600,0.3487
AHDC1,1595,0.3486
FHIT,1599,0.3485
DGKG,1563,0.3485
CCNB1,1565,0.3482
DYNC2H1,1592,0.3482
ESYT2,1600,0.3481
MYBL2,1545,0.348
SNX9,1600,0.348
MALT1,1598,0.3479
PSMC3,1576,0.3479
RAB2A,1600,0.3479
PRR11,1581,0.3479
DLEU1,1600,0.3479
GPATCH4,1564,0.3478
GPHN,1600,0.3477
KLF3,1599,0.3477
GPR89B,1572,0.3476
ZFYVE16,1599,0.3475
PXN,1597,0.3473
CSNK2A1,1600,0.3473
OGFR,1575,0.3473
AGO2,1600,0.3473
DNAJA4,1499,0.3472
AZIN1,1594,0.3471
TTLL5,1599,0.3468
RINT1,1587,0.3468
ENOX1,1588,0.3467
ATP2B4,1598,0.3466
MAP4K4,1600,0.3466
AFDN,1600,0.3466
SIN3B,1591,0.3465
ARFGEF3,1600,0.3465
CEP170B,1559,0.3464
SETD5,1600,0.3463
NBPF11,1574,0.3462
TRPM7,1600,0.346
SAMHD1,1585,0.346
H19,1431,0.346
SMAD9,1577,0.3458
TOB1,1588,0.3458
PHAX,1582,0.3457
TLK1,1600,0.3456
TPM1,1592,0.3456
RAB40C,1591,0.3454
MSMO1,1591,0.3453
NR2C1,1588,0.3453
UBE2C,1557,0.3453
VPS13C,1597,0.3452
PNPLA7,1547,0.3451
RAI14,1600,0.3451
MYH14,1591,0.3451
ID3,1554,0.345
SLC17A5,1591,0.3448
YWHAH,1582,0.3447
CANX,1600,0.3446
NFYA,1581,0.3446
DMXL2,1594,0.3445
USP6NL,1594,0.3444
ARHGEF17,1548,0.3443
UBE2R2,1600,0.3442
HMGXB4,1599,0.3442
DHX38,1576,0.3442
PIP5K1A,1598,0.3442
PA2G4,1598,0.3442
SERPINE1,1600,0.3441
ME1,1591,0.3439
DAAM1,1597,0.3439
ABHD18,1591,0.3437
HDAC9,1600,0.3435
MIEF1,1577,0.3435
PTPN14,1600,0.3434
RNF38,1596,0.3434
CRYBG3,1599,0.3433
DOCK5,1600,0.3432
KLF12,1600,0.3432
GTF3C2,1573,0.3431
STK39,1600,0.343
KIF18B,1554,0.343
CDV3,1595,0.3429
SCARB1,1593,0.3429
PGM3,1600,0.3428
UBE2H,1600,0.3427
SKI,1587,0.3426
PARD3,1600,0.3426
MAP3K9,1590,0.3425
NPY,108,0.3424
HELB,1585,0.3424
MARK4,1600,0.3423
UVRAG,1600,0.3423
DEK,1600,0.3422
ARID5B,1599,0.3421
CHST11,1596,0.3421
MARK3,1600,0.342
NBDY,1595,0.3419
CAPZA1,1599,0.3419
CLEC16A,1598,0.3418
SNF8,1577,0.3417
GADD45B,1568,0.3417
GPBP1L1,1600,0.3416
TNFRSF12A,1555,0.3414
RPRD2,1599,0.3414
PPFIA4,1597,0.3413
PPP1R13B,1598,0.3412
FCHO2,1600,0.3412
ACAD11,1576,0.3411
CCDC9,1573,0.341
PFN1,1600,0.341
OSBPL6,1574,0.3409
IL17RA,1575,0.3408
ARHGEF4,1573,0.3408
TBPL1,1570,0.3405
TRIB3,1577,0.3405
RAB22A,1600,0.3404
CLTCL1,1567,0.3404
LSS,1572,0.3404
FGGY,1588,0.3404
EXOC2,1592,0.3404
RSAD2,1580,0.3403
CDK1,1577,0.3403
RNF13,1597,0.3402
GNA13,1595,0.34
ENTPD7,1597,0.3399
SELENON,1543,0.3399
CARMIL1,1596,0.3397
SASH1,1599,0.3397
BCL2L1,1600,0.3396
PKN2,1600,0.3396
SMOX,1591,0.3396
SAFB2,1598,0.3396
RASA1,1600,0.3395
ANKRD26,1595,0.3394
PLXNA3,1581,0.3393
UBASH3B,1593,0.3393
SLC25A12,1581,0.3393
TTK,1563,0.3391
SAMD4B,1597,0.3389
PRRC2C,1600,0.3388
RXRA,1569,0.3385
ZNF708,1562,0.3385
TUBD1,1574,0.3385
TMEM14B,1599,0.3384
RHOA,1600,0.3384
ANKZF1,1575,0.3382
STK40,1589,0.3381
KRT71,46,0.3381
VPS45,1588,0.3381
NAV3,1596,0.3381
ZNF680,1573,0.338
PHYKPL,1596,0.338
STAG1,1600,0.3379
ST7,1599,0.3378
NFKBIZ,1597,0.3378
MEPCE,1557,0.3378
GOLGA2,1600,0.3377
SETD2,1600,0.3377
CHIC2,1598,0.3377
SLC35F3,1587,0.3376
SPTLC2,1596,0.3376
ANKRD13A,1581,0.3376
PLK3,1563,0.3376
MADD,1582,0.3375
EEF2K,1577,0.3374
MTM1,1579,0.3374
DANT2,1597,0.3373
IRS2,1600,0.3371
SIGMAR1,1546,0.3369
RNF103,1585,0.3369
FANCA,1558,0.3369
FGD4,1599,0.3368
EPS15L1,1587,0.3368
NFYC,1580,0.3368
AHR,1599,0.3367
VAV2,1596,0.3366
CREBRF,1597,0.3366
NR4A3,1587,0.3365
C1GALT1,1599,0.3364
MED15,1600,0.3364
SOX9,1594,0.3363
YJEFN3,1559,0.3361
ALDH1A3,1566,0.3357
TEAD4,1571,0.3357
AKT1,1547,0.3356
LRRC1,1595,0.3354
SLC25A33,1573,0.3353
ZFC3H1,1600,0.335
RUFY2,1597,0.3349
RIN2,1598,0.3348
TBCA,1600,0.3348
ANO6,1600,0.3346
CRTC1,1586,0.3345
OSER1,1589,0.3344
AGO4,1581,0.3344
CLK3,1588,0.3342
TRIB1,1594,0.3341
PTPRJ,1599,0.3341
ZNF586,1592,0.3341
JMY,1596,0.3341
GLIS3,1599,0.334
SSU72,1580,0.3338
CAMK1D,1599,0.3337
C1RL,1565,0.3336
ITPR1,1597,0.3335
OSBPL9,1600,0.3334
OTUD7B,1596,0.3334
RAB3B,1588,0.3333
ZNF282,1564,0.3333
YPEL1,1560,0.3333
CLUH,1569,0.3331
DIS3L2,1594,0.3331
CGB3,54,0.333
IRS1,1579,0.333
TMPO,1589,0.3327
RHOB,1583,0.3326
MIDN,1595,0.3326
MBOAT2,1600,0.3326
ADAM9,1600,0.3325
PXK,1568,0.3325
PRKDC,1600,0.3324
FLCN,1589,0.3323
SAMD9,1596,0.3323
SEL1L,1600,0.3322
R3HDM2,1600,0.3322
MAP4K5,1600,0.3321
WDR82,1586,0.332
WASHC4,1599,0.3318
CDC37L1,1587,0.3317
SCRIB,1541,0.3317
ULK1,1589,0.3316
STK38,1599,0.3316
NLRC5,1565,0.3315
CPNE7,1556,0.3315
TNFRSF1A,1572,0.3314
KCNK1,1593,0.3313
MBD6,1562,0.3313
MBNL2,1600,0.3313
PDS5B,1600,0.3312
ZFYVE26,1577,0.3311
CENPE,1584,0.3311
GNAQ,1600,0.331
SUSD6,1594,0.3309
TUFT1,1599,0.3308
SAR1A,1599,0.3308
BUD23,1580,0.3307
XAF1,1581,0.3307
PIM1,1575,0.3307
ATP13A2,1549,0.3306
IFI44,1593,0.3306
STRN4,1573,0.3305
TALDO1,1571,0.3305
RBM3,1591,0.3305
ESYT1,1577,0.3304
LIMCH1,1600,0.3304
DNAH5,1569,0.3303
EXOC1,1600,0.3303
PDE10A,1600,0.3302
MACROD2,1598,0.3301
RGS20,1569,0.33
IL10RB,1589,0.33
METTL16,1596,0.3299
PDXDC1,1600,0.3298
TBL1X,1600,0.3298
TCF20,1600,0.3298
CNOT2,1600,0.3297
TMED2,1592,0.3296
FBXO38,1593,0.3295
FBXO33,1586,0.3295
TSPAN9,1582,0.3294
CKMT2-AS1,1583,0.3294
PDGFC,1597,0.3291
EIF3A,1600,0.3291
SLC25A26,1597,0.3291
PPL,1578,0.3291
G2E3,1595,0.329
ZMIZ2,1591,0.3289
KAT6A,1600,0.3287
KRTAP5-7,57,0.3287
METTL14,1588,0.3287
UFL1,1590,0.3287
GTF2IRD1,1596,0.3285
ARPC2,1600,0.3284
PGRMC1,1573,0.3283
SEC24C,1587,0.3282
RNF121,1593,0.3279
ZBTB1,1589,0.3279
UST,1575,0.3279
RRM1,1580,0.3279
STK4,1600,0.3278
DTL,1581,0.3277
EIF2AK2,1600,0.3277
XPR1,1600,0.3276
BET1L,1558,0.3275
KCNQ5,1595,0.3275
RIPK2,1578,0.3273
IFIT2,1593,0.3272
RAD23B,1600,0.3271
KANTR,1592,0.3271
FRY,1598,0.327
PROS1,1591,0.3269
BOD1L1,1600,0.3269
ZFP36L1,1600,0.3268
CHD6,1598,0.3268
TIAM1,1595,0.3267
TSNARE1,1573,0.3266
PSMD13,1594,0.3266
ACOT7,1572,0.3266
ACADVL,1594,0.3266
PMM2,1600,0.3263
NSFL1C,1583,0.3263
SH3RF1,1594,0.3262
KRT6A,1343,0.3262
FCHSD2,1597,0.326
PAG1,1597,0.326
SLC6A6,1596,0.3259
COG5,1600,0.3259
EZH1,1583,0.3258
FBXL7,1589,0.3258
KDM6A,1598,0.3256
TFPI2,1594,0.3255
CCDC124,1564,0.3255
PPIB,1594,0.3255
CUX1,1600,0.3255
FUT8,1595,0.3254
SSR2,1593,0.3253
RGS2,1582,0.3252
CCM2,1579,0.3251
RAB20,1566,0.325
SH2B3,1565,0.325
ANKRD13C,1597,0.3249
CREB3L2,1600,0.3248
CAV2,1587,0.3248
CADPS2,1598,0.3248
WWOX,1600,0.3246
GLI2,1574,0.3246
LEPROT,1580,0.3246
AMOTL2,1579,0.3246
ZZEF1,1598,0.3245
DIP2A,1595,0.3245
U2AF2,1590,0.3244
RUNDC1,1568,0.3244
ADAM19,1590,0.3244
RAB7A,1600,0.3244
SPTAN1,1600,0.3243
NAALADL2,1595,0.3242
ITGB8,1590,0.3241
NME2,1599,0.3241
TMEM59,1599,0.3241
TMEM30A,1594,0.3241
EPG5,1593,0.324
CMC1,1588,0.324
TSPYL2,1580,0.324
TMEM135,1598,0.324
RHPN2,1595,0.3239
BAHD1,1569,0.3239
HSPA9,1599,0.3238
RIOK2,1584,0.3238
PSMD3,1582,0.3238
S100A16,1572,0.3236
RASA3,1596,0.3235
SIMC1,1596,0.3235
TMF1,1600,0.3233
ARHGEF10L,1594,0.3232
RNF216,1600,0.3232
ABCA2,1546,0.3231
FIP1L1,1592,0.3231
PSMA1,1589,0.3231
HIRA,1600,0.323
PDE7A,1592,0.3229
YTHDF3,1593,0.3227
MTHFD1,1562,0.3226
MSL1,1591,0.3226
ZMYM6,1581,0.3224
HELZ,1600,0.3223
KNL1,1576,0.3223
PIP5K1C,1560,0.3222
PTPRG,1600,0.322
CD99,1597,0.3219
PTPRH,1582,0.3219
KRTAP2-3,787,0.3219
DST,1600,0.3219
IP6K2,1591,0.3216
TAMM41,1564,0.3216
WDR26,1600,0.3215
KIF13B,1596,0.3214
HMGCS1,1600,0.3212
FMN1,1600,0.3212
PPP1R12B,1600,0.3211
DYM,1600,0.3211
ARRB1,1575,0.3211
GNPTAB,1596,0.3209
CTTNBP2NL,1591,0.3208
DENR,1597,0.3208
ICE1,1596,0.3207
YLPM1,1599,0.3206
ITGB1,1600,0.3205
PPP2R2C,1578,0.3205
RUSC2,1585,0.3204
FAM111B,1528,0.3204
MYO10,1600,0.3203
NCOA6,1594,0.3202
POLI,1574,0.3202
PTPRB,1572,0.3202
NES,1528,0.3202
TBC1D14,1577,0.3201
RUBCN,1586,0.3201
SOX13,1574,0.32
IQCB1,1596,0.32
PBK,1558,0.32
TMEM184B,1585,0.3199
HSPG2,1600,0.3198
RALGDS,1592,0.3197
MANBA,1596,0.3196
UBE3D,1593,0.3196
MAP3K11,1578,0.3196
KIF4A,1568,0.3196
CCDC50,1593,0.3196
SLC39A11,1597,0.3195
ATRN,1600,0.3195
RPTOR,1597,0.3194
ADH5,1577,0.3193
STAT3,1600,0.3193
MCM9,1578,0.3193
FAT1,1600,0.3191
RAP1B,1599,0.3189
DNAJB6,1599,0.3189
OAS1,1581,0.3188
PLIN3,1590,0.3187
SBF1,1575,0.3187
EHBP1L1,1586,0.3186
INPP5A,1590,0.3185
PPP2R2A,1600,0.3185
GLG1,1600,0.3184
MAPK1IP1L,1598,0.3183
ACSS2,1580,0.3183
HMGCR,1584,0.318
RYR3,1525,0.3178
ACACA,1596,0.3177
MTCL1,1585,0.3177
FANCI,1592,0.3177
ITSN2,1600,0.3176
RELA,1594,0.3175
ARID1A,1594,0.3175
WDR6,1557,0.3174
AP2B1,1600,0.3174
CCT8,1596,0.3172
RNF168,1587,0.3171
SLC3A2,1594,0.3171
GLIPR1,1587,0.3171
NR2C2,1595,0.3169
RFFL,1600,0.3168
BTBD7,1600,0.3167
PRKRA,1586,0.3167
CDON,1573,0.3166
GTF2F1,1580,0.3165
BRCA2,1578,0.3164
RPN1,1597,0.3164
TRMT11,1595,0.3163
GPCPD1,1597,0.3163
ACTR2,1600,0.3163
PEA15,1596,0.3162
COL4A2,1575,0.3161
SLC1A5,1585,0.3161
CIC,1571,0.3161
CNN2,1583,0.3159
SNRPA,1570,0.3159
RAB18,1598,0.3158
CTNNA3,1574,0.3157
DDX23,1575,0.3157
ZWINT,1541,0.3156
SMIM14,1597,0.3156
KCNMB4,1568,0.3155
HMMR,1555,0.3155
PRSS3,1585,0.3153
PPM1B,1598,0.3152
UBAC2,1600,0.3151
TAB1,1557,0.3151
BLM,1552,0.3151
CDCA8,1555,0.315
SLCO5A1,1573,0.315
TTYH3,1577,0.3149
DHRSX,1597,0.3149
PLEKHA1,1598,0.3149
NAP1L1,1600,0.3149
GPAT3,1594,0.3149
IFI44L,1581,0.3149
EEPD1,1594,0.3147
AGO3,1600,0.3147
KLC2,1543,0.3146
NDC80,1555,0.3146
ARF4,1600,0.3145
IQSEC1,1590,0.3144
SPIDR,1600,0.3144
ZNF317,1566,0.3144
MSH3,1593,0.3144
COL6A1,1593,0.3142
PRR16,1586,0.3141
SERPINB9,1574,0.3141
SEMA4A,1545,0.314
PARD6B,1598,0.314
MED26,1597,0.314
SRSF10,1597,0.3138
RABGGTB,1576,0.3137
HNRNPD,1600,0.3136
CUL7,1571,0.3135
NQO1,1598,0.3135
ADCY9,1589,0.3135
SPECC1,1594,0.3135
SEC24A,1600,0.3133
RSL24D1,1593,0.3133
SYNC,1543,0.3133
CD46,1598,0.3133
ZNF699,1553,0.3132
MYO9B,1598,0.3132
CSDE1,1600,0.3131
LRRC8C,1596,0.313
MTMR3,1600,0.313
PMEPA1,1598,0.313
SFPQ,1599,0.313
NRBF2,1587,0.313
BRD8,1596,0.3128
PLEKHM3,1579,0.3128
IRAK1,1571,0.3127
CHMP4B,1596,0.3126
LRRC8D,1591,0.3126
OSGIN1,1535,0.3124
MBTD1,1598,0.3124
FRMD4A,1599,0.3124
RARS2,1594,0.3124
FAM117B,1598,0.3124
GOLM1,1592,0.3123
CRY2,1575,0.3122
RAB6A,1600,0.3121
NAMPT,1600,0.3121
GALNT2,1598,0.312
ELMO2,1563,0.312
GABARAPL1,1587,0.312
SPG11,1599,0.312
PPP3CC,1590,0.3119
IKZF2,1551,0.3118
ROBO1,1600,0.3118
CALR,1600,0.3117
TRAFD1,1574,0.3117
ALOX12-AS1,1572,0.3116
NANS,1570,0.3116
EPAS1,1600,0.3116
GNAI1,1571,0.3114
MCPH1-AS1,1570,0.3113
ZNRF2,1587,0.3113
ITM2B,1594,0.3112
ZNF710,1587,0.3112
DUT,1574,0.3112
ARL5B,1597,0.3112
TAF7,1587,0.3111
ANTXR1,1580,0.3111
WDR33,1598,0.3109
ZNF197,1551,0.3109
ANKUB1,1587,0.3109
JAZF1,1598,0.3109
UBQLN4,1558,0.3109
DNAJB9,1588,0.3108
DYNLT3,1582,0.3105
KSR1,1574,0.3105
DIAPH3,1599,0.3104
HIGD1A,1568,0.3104
FAM204A,1585,0.3104
MVB12B,1563,0.3104
CCT2,1588,0.3103
COPS6,1585,0.3103
AFMID,1585,0.31
SH3PXD2A,1599,0.3099
PPRC1,1575,0.3099
MTUS1,1585,0.3099
ID2,1580,0.3097
S100A10,1600,0.3096
WDR76,1554,0.3094
TTC9C,1555,0.3091
ARID3A,1597,0.3089
SRRT,1582,0.3089
SLC16A3,1598,0.3088
PSME4,1600,0.3088
INTS9,1588,0.3087
TUFM,1591,0.3087
CCDC57,1591,0.3086
KLF13,1590,0.3085
CYP1B1,1586,0.3085
GLMN,1587,0.3084
SSR3,1589,0.3084
ENAH,1600,0.3084
PLCXD1,1559,0.3083
PFKL,1587,0.3083
CDK17,1595,0.3082
FADS2,1575,0.3082
CCT7,1589,0.3081
TUBG1,1540,0.3079
TOP3A,1585,0.3079
DDX50,1598,0.3079
PSMD12,1593,0.3078
SMAD2,1600,0.3078
OXR1,1600,0.3078
TRIM56,1597,0.3077
HACE1,1584,0.3077
CBL,1599,0.3077
NSD3,1600,0.3077
DSTYK,1582,0.3076
HPS5,1586,0.3075
CCDC102B,1553,0.3075
EPCAM,1595,0.3075
PNN,1596,0.3075
AGPAT4,1592,0.3074
EIF4A1,1599,0.3074
ATP2A2,1598,0.3073
SIK3,1600,0.3073
TPD52,1600,0.3073
LIMK2,1589,0.3073
EXO1,1545,0.3073
PKD2,1583,0.3073
DNAL1,1562,0.3072
NUTF2,1563,0.307
ATP13A3,1600,0.307
SLC4A5,1562,0.307
SF3A1,1585,0.3069
ELL,1592,0.3069
GTSE1,1560,0.3067
CTPS1,1571,0.3067
MYLK,1568,0.3067
ZYX,1584,0.3067
UCN2,1071,0.3066
RCHY1,1576,0.3065
NDST1,1556,0.3065
EREG,1599,0.3064
RIC8B,1592,0.3064
SAMD5,1595,0.3063
TMEM107,1543,0.3062
AP2M1,1588,0.3061
PDGFB,1555,0.306
PPIF,1580,0.306
WDR7,1581,0.3059
ARHGEF18,1589,0.3059
MAGED2,1562,0.3058
TUBB6,1583,0.3057
STARD13,1591,0.3057
DNAJC5,1599,0.3057
MGRN1,1591,0.3055
SUPT16H,1599,0.3054
CROCC,1558,0.3053
CHRNA5,1537,0.3053
CDA,1578,0.3052
RBM19,1592,0.3051
TFRC,1597,0.3051
CDC14A,1589,0.305
RUNX2,1596,0.305
KIAA1549L,1595,0.3049
STX18,1599,0.3048
CCDC7,1580,0.3048
ASH1L,1600,0.3048
ZNF7,1561,0.3047
MAP1LC3B,1600,0.3046
WFDC10B,1537,0.3046
TOMM20,1599,0.3046
YWHAB,1600,0.3045
ATG5,1600,0.3045
SYNJ2,1599,0.3044
NPAT,1573,0.3043
NCAPG,1576,0.3042
ABHD10,1567,0.3041
TKT,1600,0.3041
TMEM117,1593,0.3041
FBXW4,1597,0.3038
CD68,1579,0.3037
E2F7,1581,0.3036
POGZ,1600,0.3035
ZDHHC17,1594,0.3035
MAP1S,1565,0.3035
ARHGEF2,1595,0.3034
CCDC138,1597,0.3034
PHGDH,1570,0.3033
INVS,1599,0.3033
VDAC2,1595,0.3031
PPA1,1594,0.3031
MCFD2,1597,0.303
PBX4,1581,0.3029
RAD9A,1588,0.3028
ANK3,1597,0.3027
GRAMD1B,1599,0.3026
SUMF1,1597,0.3025
GOT1,1589,0.3025
PTGS2,1596,0.3024
KLHL29,1599,0.3024
GPRC5D-AS1,1596,0.3024
MCEE,1582,0.3023
ORC6,1548,0.3023
GAB2,1593,0.3022
PRH1,1595,0.3022
PRIM2,1594,0.3022
CEACAM4,407,0.3022
PDZD2,1578,0.3021
TPX2,1592,0.3021
SMYD4,1573,0.3021
WASL,1600,0.3021
ZNF397,1574,0.3021
DTNB,1595,0.302
ZNF326,1597,0.302
IBTK,1600,0.302
NCOR2,1600,0.302
NARS2,1588,0.3019
MIPOL1,1600,0.3019
PON2,1600,0.3019
SNHG14,1597,0.3017
TRAPPC10,1596,0.3017
DENND1A,1600,0.3016
PDS5A,1600,0.3015
AAK1,1598,0.3014
MKI67,1594,0.3014
MME,1594,0.3014
SGMS2,1589,0.3013
BBX,1600,0.3013
TMX4,1589,0.3012
EIF3E,1600,0.3012
VCAN,1592,0.3011
MED4,1600,0.301
GJB4,732,0.301
PIK3C2B,1562,0.3009
SLC9A1,1591,0.3008
CDK6,1600,0.3008
SLC9A8,1597,0.3008
SOX2-OT,1580,0.3008
MTMR10,1579,0.3007
RGL1,1577,0.3006
RASSF8,1600,0.3006
TGFA,1591,0.3005
PTPN3,1584,0.3005
TXNL1,1596,0.3002
ACSL3,1599,0.3002
PFDN2,1598,0.3001
PTPRE,1588,0.3001
PPM1K,1568,0.3
SAMD8,1598,0.3
AFF4,1600,0.2999
CELSR3,1521,0.2999
ATG3,1579,0.2998
FRMD6,1596,0.2998
KMT2B,1578,0.2997
MPZL1,1596,0.2996
DSTN,1599,0.2996
KLHL5,1593,0.2996
TBC1D5,1600,0.2996
VCL,1600,0.2996
ZCCHC8,1598,0.2995
KRIT1,1599,0.2995
SCAF4,1598,0.2995
L1CAM,1550,0.2994
SLC10A7,1586,0.2992
LYN,1586,0.2992
GCNT1,1574,0.2989
FAM172A,1600,0.2988
MBTPS1,1585,0.2987
PHTF1,1581,0.2987
KLHL28,1599,0.2986
CEBPG,1589,0.2985
CELF1,1600,0.2985
NFXL1,1592,0.2985
PIGB,1569,0.2985
BRPF1,1557,0.2984
PROK1,26,0.2984
YPEL2,1567,0.2983
NUP210L,1528,0.2983
SMC5,1600,0.2983
KIF20B,1592,0.2982
UBA1,1595,0.2982
EXOSC8,1566,0.2981
SHPRH,1590,0.2981
PHF10,1584,0.298
MAX,1599,0.2979
PDLIM5,1600,0.2979
HDAC4,1595,0.2978
HNRNPUL2,1595,0.2978
ZNF827,1597,0.2978
VEGFC,1595,0.2977
THUMPD3-AS1,1596,0.2977
SPACA6,1553,0.2977
IPO4,1540,0.2976
AXL,1587,0.2975
ATF7,1598,0.2975
RHBDD1,1599,0.2974
MAPK8,1600,0.2974
PPP3R1,1600,0.2973
TRAF3,1599,0.2973
TPM2,1576,0.2972
GCLC,1600,0.2972
PBX2,1564,0.2971
SRRM2,1600,0.297
LILRA5,56,0.297
KHDRBS3,1594,0.297
LIMA1,1595,0.2968
CLINT1,1598,0.2967
CENPU,1554,0.2966
TMEM182,1576,0.2964
NR2F1-AS1,1589,0.2963
RBM47,1594,0.2961
NEK11,1586,0.2961
RUVBL1,1581,0.2961
VGF,1586,0.296
KIF20A,1539,0.2959
LATS2,1595,0.2959
PTPN11,1597,0.2959
NELFA,1579,0.2959
SERINC5,1600,0.2958
CASC3,1593,0.2958
MYC,1584,0.2957
SLCO4A1,1599,0.2956
KLHL8,1583,0.2955
TK1,1548,0.2955
LMBR1,1599,0.2954
ASXL2,1597,0.2954
MYBBP1A,1559,0.2954
RGS12,1591,0.2953
TCEA2,1566,0.2953
ZNF91,1576,0.2952
RNF8,1577,0.2952
FSTL1,1578,0.2951
FBXW7,1600,0.2951
SPDL1,1564,0.2951
FNBP1L,1600,0.2951
KIAA2026,1598,0.295
MED25,1573,0.2949
CCNY,1600,0.2949
WWTR1,1599,0.2949
SCAF11,1600,0.2948
NSF,1587,0.2948
EIF4E2,1587,0.2948
DDI2,1587,0.2947
NAB2,1549,0.2947
MAPRE2,1584,0.2946
LOXL2,1598,0.2946
CEACAM6,1572,0.2946
DPM1,1596,0.2945
ZNF484,1560,0.2945
GOPC,1584,0.2944
POLH,1582,0.2944
MLKL,1581,0.2944
GPR39,1588,0.2943
LMAN2,1597,0.2943
SYN3,1569,0.2942
CHKA,1594,0.2942
HES1,1595,0.2941
BMPR2,1600,0.2941
HK2,1600,0.2941
DOCK4,1600,0.2941
SYNPO,1548,0.2941
POLR3A,1587,0.294
HIBADH,1599,0.2939
GCNA,1564,0.2938
CLPTM1L,1571,0.2938
AHI1,1599,0.2937
HSF2,1558,0.2937
GABPB1,1592,0.2936
SLC22A23,1592,0.2936
CASD1,1592,0.2935
SAFB,1596,0.2934
TMEM164,1591,0.2934
TRAM2,1593,0.2934
TNFRSF21,1597,0.2934
CXCL1,1570,0.2933
SCFD2,1598,0.2932
HNRNPH3,1594,0.2932
NPSR1,1584,0.2932
NFATC3,1599,0.2931
MROH1,1596,0.293
CDCA2,1585,0.2929
MED27,1600,0.2929
TBC1D15,1600,0.2929
GOLGA4,1600,0.2928
KIAA1671,1599,0.2927
OSTC,1590,0.2926
FBXO32,1592,0.2926
CALD1,1597,0.2926
KDM5A,1599,0.2926
TERC,1442,0.2925
NET1,1595,0.2925
ELOVL5,1600,0.2923
VCX,109,0.2923
MAST4,1599,0.2921
FOSL2,1598,0.292
FANCB,1571,0.292
INPP4B,1590,0.292
EFCAB13,1589,0.2917
KIF23,1569,0.2917
TMEM62,1579,0.2916
GSR,1582,0.2914
ALKBH3,1559,0.2914
MSH6,1583,0.2913
TRAF2,1553,0.2913
CHIC1,1590,0.2912
CDRT4,1577,0.2911
MEF2C-AS1,1572,0.291
GOT2,1559,0.2909
SPRY1,1574,0.2909
MIER1,1598,0.2908
KLHL18,1575,0.2908
ARSG,1576,0.2907
MICAL2,1595,0.2907
STK38L,1598,0.2906
RCC2,1582,0.2906
MAMLD1,1576,0.2906
OFD1,1599,0.2903
EPB41L1,1591,0.2903
PLK2,1590,0.2903
MAGED1,1594,0.2903
ANKRD36B,1584,0.2903
DCLK2,1572,0.2902
CMPK2,1562,0.2902
GLS,1600,0.2902
FAM20C,1577,0.2901
GLYR1,1590,0.2901
FZD5,1544,0.2901
NOTCH1,1566,0.2901
NSUN6,1592,0.29
GLCE,1589,0.29
MCCC1,1574,0.29
WDR1,1591,0.29
SPRY2,1562,0.2899
RBM15,1574,0.2899
CDYL,1599,0.2899
ABTB2,1599,0.2898
KIF18A,1572,0.2898
ABCE1,1594,0.2898
EED,1576,0.2897
SCRN1,1588,0.2895
BICC1,1575,0.2895
WWC2,1600,0.2894
DTX2,1569,0.2894
ZMYM3,1556,0.2894
HERPUD2,1596,0.2893
ZNF700,1570,0.2892
MACC1,1599,0.2892
ANLN,1592,0.2892
ABCC4,1589,0.2891
CLK2,1574,0.2891
LARGE1,1596,0.289
FARS2,1595,0.289
PFN2,1571,0.289
PPP1CA,1579,0.2889
LIF,1558,0.2888
UBE2E1,1600,0.2887
PSMD1,1600,0.2887
CDKN1A,1589,0.2887
STIL,1563,0.2886
TRERF1,1588,0.2885
SETD1A,1577,0.2885
CSNK1G1,1600,0.2885
ERCC1,1591,0.2884
ZC3H12A,1564,0.2883
H6PD,1575,0.2883
SLC25A36,1599,0.2883
CCDC91,1599,0.2883
MSANTD3,1600,0.2883
MTHFD1L,1600,0.2881
SHC4,1546,0.2881
ARPC1B,1592,0.288
PGD,1590,0.288
RNF40,1576,0.288
RRAGA,1553,0.2879
CEP57L1,1573,0.2879
PSMD7,1585,0.2878
CKAP2L,1569,0.2878
PLXNA1,1573,0.2877
PRCC,1585,0.2877
MARK2,1592,0.2876
P2RY11,1548,0.2876
ANO1,1581,0.2875
CASC19,1582,0.2875
CXXC5,1583,0.2875
NKTR,1600,0.2874
SEMA5A,1587,0.2874
ALKBH5,1586,0.2873
IL15,1589,0.2873
TLE1,1590,0.2872
PLA2G2F,278,0.2872
CAPN1,1572,0.2872
E2F1,1532,0.287
TRIM26,1578,0.287
PRR13,1581,0.2869
PPP6R2,1599,0.2868
GTDC1,1594,0.2868
IRAK2,1599,0.2868
SRSF1,1598,0.2867
E2F6,1573,0.2867
PLIN2,1591,0.2867
UBE2J2,1584,0.2866
LUC7L2,1600,0.2866
UGGT2,1600,0.2866
KIFC1,1545,0.2866
RNF144A,1591,0.2865
FAR1,1599,0.2865
NEDD9,1595,0.2864
STX12,1593,0.2863
KLF2,1561,0.2862
ATP9A,1597,0.2862
FBXO5,1548,0.2862
IPO5,1596,0.2861
SGK1,1579,0.2861
ATN1,1594,0.2861
ANKRD37,1592,0.286
BTBD8,1558,0.286
SFXN1,1600,0.2859
KRT16,1179,0.2858
JAK2,1593,0.2858
PCDH7,1590,0.2858
IFI6,1600,0.2858
MUC2,1231,0.2857
KIF21A,1596,0.2857
ZNF10,1586,0.2857
SRSF11,1600,0.2856
RBM33,1600,0.2856
HMOX1,1543,0.2856
TANC1,1600,0.2856
POLR2J3,1546,0.2856
SND1,1600,0.2856
SF3B4,1555,0.2855
PPM1G,1594,0.2855
COA1,1597,0.2854
DDX10,1597,0.2853
SLC8A1,1589,0.2852
AURKB,1543,0.2852
PIBF1,1600,0.2851
HEXB,1583,0.285
MAD2L1,1546,0.2848
TOX4,1586,0.2847
ACACB,1550,0.2846
PNPO,1531,0.2846
DBI,1574,0.2846
VAPB,1598,0.2845
MAFF,1587,0.2845
ESCO2,1546,0.2843
CHCHD6,1583,0.2842
RLIM,1597,0.2842
MORF4L2,1600,0.2842
SH3D21,1592,0.2841
LIPE-AS1,1590,0.2839
EZH2,1595,0.2838
SNX2,1592,0.2838
SLC9A7,1585,0.2837
NT5C3A,1598,0.2837
MSH5,1552,0.2837
SPRED3,1555,0.2836
TMEM158,1588,0.2835
GTF3A,1576,0.2833
DHX40,1594,0.2833
CCL26,1271,0.2832
PLEK2,1561,0.2832
RMND1,1565,0.2831
CTTN,1600,0.2831
FAM136A,1566,0.2831
PATJ,1600,0.2831
ZNF608,1584,0.2831
ZNF280C,1571,0.283
NFKBIA,1600,0.283
HAUS6,1567,0.2828
ATAD2,1589,0.2828
PSPC1,1599,0.2827
SORBS2,1594,0.2823
COL7A1,1585,0.2823
MICAL3,1599,0.2823
ZNF267,1584,0.2822
PRSS23,1595,0.2822
MDK,1582,0.2821
SLC12A4,1571,0.282
CENPB,1546,0.2819
KCNMA1,1600,0.2819
HEG1,1575,0.2819
ARRDC3,1600,0.2819
BCAR1,1580,0.2819
LAT2,1556,0.2819
SESTD1,1600,0.2819
MKNK2,1598,0.2819
SPECC1L,1599,0.2818
CD82,1589,0.2818
CCNL1,1600,0.2815
VRK1,1576,0.2814
CLK1,1596,0.2814
MFHAS1,1586,0.2813
HMG20B,1573,0.2812
LITAF,1598,0.2812
SLC25A39,1557,0.2812
STARD4,1589,0.2811
NFATC2,1582,0.2811
FERMT2,1594,0.2811
KDM3B,1598,0.2809
QSOX1,1600,0.2809
LIN9,1559,0.2808
EGR4,1126,0.2808
TGIF2,1551,0.2808
LPCAT2,1586,0.2807
BICRAL,1588,0.2806
TTN-AS1,1594,0.2806
FTO,1600,0.2806
CDC25B,1582,0.2805
SLC12A6,1598,0.2804
NBPF15,1592,0.2804
TOMM40,1564,0.2804
WEE1,1587,0.2804
RAB1B,1573,0.2803
LIPA,1578,0.2803
DYNLL2,1573,0.2802
EVA1C,1586,0.2802
NSD1,1596,0.2802
BAIAP2L1,1600,0.2801
GOLIM4,1597,0.2799
DNAJA2,1584,0.2797
SERPINE2,1600,0.2797
UBE2N,1593,0.2796
UCK2,1588,0.2794
EML2-AS1,1348,0.2792
CALU,1600,0.2792
HM13,1599,0.2791
HLA-E,1595,0.279
KIFC3,1585,0.279
CENPT,1544,0.2789
MYD88,1536,0.2789
PRMT2,1598,0.2788
PIK3R3,1590,0.2787
KLF9,1576,0.2787
BCL9,1579,0.2787
ATP6V0E1,1597,0.2787
DAXX,1575,0.2786
ZNF587B,1546,0.2786
TMEM267,1581,0.2785
ANGPTL4,1583,0.2785
HPCAL1,1599,0.2785
BCL7A,1573,0.2784
PARD3B,1598,0.2784
GRHL1,1565,0.2783
EHD2,1579,0.2781
GRB10,1599,0.278
ENC1,1578,0.278
COBLL1,1584,0.2779
DDX17,1600,0.2779
PPP1R21,1595,0.2778
VLDLR,1563,0.2776
EIF2S3,1600,0.2774
TGIF1,1584,0.2774
ZBED5,1579,0.2773
ZSCAN25,1555,0.2773
RAP1A,1597,0.2773
CA3,1535,0.2772
MGAM,1532,0.2772
ZC3H12B,1581,0.2771
BCL2L11,1586,0.277
TRIM11,1568,0.277
CSNK1G3,1598,0.2769
TNS1,1580,0.2768
PTPN2,1600,0.2767
SRI,1583,0.2767
NUF2,1564,0.2767
HOMER1,1598,0.2766
SYTL3,1567,0.2766
MTERF4,1564,0.2765
GLRX,1595,0.2762
SGO1,1554,0.2762
TTC8,1573,0.2762
MALSU1,1585,0.2762
RALB,1582,0.2761
PLAA,1591,0.2761
SHANK2,1596,0.2761
TPH2,1459,0.2761
PRRC2A,1587,0.2761
MIR3681HG,1579,0.276
RFWD3,1593,0.276
KRAS,1600,0.276
GTF3C5,1591,0.2759
NTN4,1583,0.2759
RAB27A,1578,0.2758
RGS3,1563,0.2758
HERC6,1575,0.2758
SAMD12,1599,0.2757
GNB5,1584,0.2755
TRIM37,1597,0.2754
NDUFS4,1591,0.2754
TUBA3E,52,0.2754
SMCR8,1565,0.2754
DNAJC10,1589,0.2754
ASMTL,1551,0.2753
VPS37A,1588,0.2753
TACC2,1597,0.2752
RAB35,1579,0.2751
PLAT,1574,0.2751
TGFBI,1599,0.2751
LIN52,1586,0.275
MET,1600,0.275
TTC1,1596,0.275
RCAN3,1579,0.2749
FBXW8,1593,0.2748
VDR,1558,0.2748
PNO1,1564,0.2748
GALNT1,1595,0.2748
TRAPPC8,1591,0.2747
DCBLD1,1588,0.2746
CAB39,1600,0.2746
PGK1,1600,0.2746
PNMA1,1543,0.2745
SOX4,1598,0.2745
ZGPAT,1562,0.2745
ZNF518A,1592,0.2744
ABHD2,1597,0.2744
RHOF,1586,0.2744
KDM4A,1593,0.2743
ANKS1B,1572,0.2741
KIF9,1550,0.2741
RAP1GDS1,1590,0.274
PITPNM1,1548,0.274
TYW1B,1592,0.274
IL6ST,1600,0.2739
GGA3,1578,0.2738
TAPT1-AS1,1566,0.2738
DYNC1H1,1600,0.2737
MATR3,1600,0.2737
DHX32,1597,0.2736
BARD1,1587,0.2736
ARHGAP11A,1571,0.2736
SYTL2,1574,0.2736
SOCS6,1576,0.2736
NEIL3,1537,0.2736
EIF4G1,1596,0.2736
TCEA1,1599,0.2735
DHX16,1567,0.2735
EIF4ENIF1,1554,0.2735
FHL2,1600,0.2734
SRBD1,1599,0.2734
SACM1L,1583,0.2733
LMNB1,1570,0.2733
TP53I11,1552,0.2733
PEX13,1595,0.2732
STK24,1600,0.2732
CKLF,1574,0.2731
ZNF75D,1588,0.2731
PPM1D,1598,0.2731
SON,1600,0.273
INTS6L,1589,0.273
MECOM,1578,0.2729
TSHZ1,1559,0.2729
NETO2,1578,0.2728
MFSD14A,1582,0.2728
HNRNPH1,1600,0.2727
PRKG1,1600,0.2727
EXOC7,1584,0.2726
WWC1,1600,0.2725
PTPN1,1598,0.2725
GMEB1,1576,0.2724
ISG20L2,1579,0.2724
HSD17B4,1592,0.2724
PIK3CB,1597,0.2724
DEPDC1,1564,0.2724
FAM104A,1575,0.2722
HDAC1,1584,0.2722
SELENOO,1577,0.2721
EFNB2,1595,0.2721
ANXA5,1599,0.272
MON1B,1579,0.272
KRT15,1524,0.272
SNAP25-AS1,1545,0.2719
TMEM44,1572,0.2718
BNIP3L,1600,0.2718
EXOSC7,1580,0.2718
SNW1,1599,0.2717
DPYD,1599,0.2716
PPIA,1584,0.2715
IL33,1404,0.2715
OSBPL1A,1600,0.2714
CRIM1,1599,0.2713
ST3GAL2,1586,0.2713
UBE2D3,1600,0.2712
TM4SF19,1571,0.2711
HNRNPDL,1600,0.2711
MTCH1,1585,0.271
PLCB3,1573,0.2709
HIPK2,1600,0.2709
ASB7,1582,0.2708
BPTF,1600,0.2708
ABLIM1,1600,0.2708
NOC3L,1591,0.2707
CENPF,1596,0.2707
UBAP2L,1599,0.2706
ZKSCAN5,1566,0.2706
FOXK1,1598,0.2705
TNPO1,1600,0.2704
PAK1,1594,0.2704
SART1,1575,0.2704
SH3RF3,1584,0.2702
CLC,64,0.2701
GALNT10,1583,0.2701
DOT1L,1591,0.27
WNT9A,1557,0.27
ZFP36L2,1581,0.2699
DNAH11,1560,0.2699
YWHAG,1600,0.2699
NORAD,1599,0.2699
BAG6,1592,0.2698
KIF5C,1553,0.2698
RAP2B,1593,0.2698
PHACTR4,1600,0.2698
FAM193B,1600,0.2697
SERTAD1,1564,0.2695
HPS4,1574,0.2694
TVP23B,1584,0.2694
NR6A1,1600,0.2694
TYW1,1593,0.2694
KCTD10,1571,0.2693
FASTKD2,1573,0.2691
HNRNPC,1600,0.2691
RCN1,1579,0.2691
ACADM,1581,0.269
SBNO2,1595,0.269
BACE2,1600,0.269
COL17A1,1563,0.269
ADAR,1600,0.2689
RAB28,1593,0.2689
NFIB,1594,0.2688
SHMT2,1574,0.2688
CLCN6,1578,0.2688
CKS1B,1553,0.2688
GLA,1563,0.2688
RDH11,1583,0.2687
CCZ1B,1571,0.2687
ASF1B,1547,0.2686
CCDC88A,1599,0.2686
CLIC1,1590,0.2686
TNFRSF10D,1595,0.2686
IPMK,1599,0.2686
NECTIN1,1576,0.2685
ZNF226,1568,0.2685
ARMC9,1586,0.2685
CCNL2,1587,0.2685
MXRA7,1569,0.2684
F2R,1553,0.2684
LDB1,1555,0.2683
SLF1,1594,0.2683
FILIP1L,1580,0.2683
SLCO3A1,1593,0.2683
ACOX3,1585,0.2682
APOL1,1587,0.2682
CHCHD2,1593,0.2682
ROCK1,1600,0.2682
DCTN4,1595,0.2681
MIGA1,1595,0.268
GAREM1,1596,0.268
PLCB4,1586,0.268
FSTL3,1542,0.268
DMTF1,1599,0.2679
CASK,1600,0.2679
KIF26B,1593,0.2678
ARID5A,1551,0.2678
ZNF687,1547,0.2677
FBRSL1,1586,0.2676
MKLN1,1600,0.2675
INTS14,1573,0.2675
PHLDB2,1597,0.2675
FNTA,1598,0.2675
TMEM91,1575,0.2675
AADACL2-AS1,1554,0.2674
TTC27,1596,0.2674
UTRN,1599,0.2674
ITPKC,1583,0.2674
CHST15,1589,0.2674
ZDHHC13,1577,0.2673
DGKD,1598,0.2673
SH3BGRL,1580,0.2672
LIPH,1589,0.2672
ABCA1,1590,0.2671
KAZN,1589,0.267
ZNF428,1538,0.267
TNC,1590,0.267
GOLT1B,1598,0.267
CTNNB1,1600,0.267
PRKACB,1592,0.267
TPBG,1556,0.2669
FRMD3,1585,0.2669
TRIM22,1568,0.2669
TSPAN13,1581,0.2668
TIAL1,1599,0.2667
POC1B,1588,0.2666
DENND4A,1599,0.2666
DENND1B,1598,0.2665
TMEM120B,1589,0.2665
AGR2,1586,0.2665
ZNF33A,1600,0.2665
NEBL,1599,0.2664
EML4,1599,0.2664
PAFAH1B1,1600,0.2664
SPAG9,1600,0.2664
LMCD1-AS1,1583,0.2663
KANK1,1588,0.2663
MRC2,1588,0.2663
FUT11,1598,0.2661
ARHGEF40,1550,0.266
RELT,1572,0.266
RUFY3,1588,0.2659
DNAJC2,1600,0.2659
POLE2,1542,0.2659
BZW2,1595,0.2659
TBX3,1577,0.2658
PLEKHG1,1581,0.2657
TCF4,1595,0.2656
HK1,1597,0.2656
ZNF136,1566,0.2655
MYT1L-AS1,57,0.2655
S100A6,1598,0.2655
SLC39A14,1598,0.2655
STX7,1597,0.2653
NFIL3,1582,0.2652
CCDC105,110,0.2652
ITGA1,1597,0.2651
CSGALNACT2,1587,0.265
ZNF107,1567,0.265
TMPRSS4,1575,0.265
LRPPRC,1600,0.265
FEM1B,1572,0.2649
GNAS,1600,0.2649
SCOC,1586,0.2649
ST3GAL6,1596,0.2648
CCDC144NL-AS1,1583,0.2648
PDLIM7,1591,0.2647
CDK14,1594,0.2647
NR1D2,1595,0.2646
CLMN,1597,0.2645
PSMB3,1568,0.2645
GNG11,1535,0.2644
ATXN7,1600,0.2644
TAPT1,1591,0.2643
ST3GAL4,1587,0.2643
EML6,1570,0.2643
SUGCT,1569,0.2642
LEKR1,1551,0.264
KAT2A,1536,0.2639
ISG20,1585,0.2639
TRIM72,1500,0.2639
TNXB,1565,0.2639
GORAB,1568,0.2638
HACL1,1579,0.2637
PSMB7,1600,0.2637
ZDHHC5,1590,0.2637
BCAR3,1600,0.2637
APEH,1533,0.2637
AGPS,1595,0.2637
PCLO,1599,0.2636
DNASE2,1547,0.2636
STK10,1594,0.2636
SIPA1L2,1584,0.2634
LEMD1,1565,0.2634
USF2,1584,0.2632
ALDH1A1,1563,0.2632
TRAF7,1568,0.2631
ARGLU1,1599,0.2631
CDCA5,1547,0.2631
PTPRA,1600,0.263
LMCD1,1574,0.263
RTN4,1600,0.263
PPTC7,1588,0.263
LRRC49,1572,0.2629
IER5,1580,0.2629
CHRNA4,386,0.2629
DOCK7,1597,0.2628
FAM3C,1599,0.2628
SLC7A1,1598,0.2628
IL36A,52,0.2628
CNTD1,1522,0.2627
NMD3,1592,0.2626
LCAT,1495,0.2626
INO80,1600,0.2625
ABI1,1600,0.2625
TTC3,1600,0.2625
EFNA3,1538,0.2625
POR,1591,0.2624
TMEM260,1592,0.2624
ROBO2,1599,0.2624
CMTR1,1576,0.2623
MDH1,1580,0.2622
FUT10,1581,0.2622
AKR1C1,1586,0.2622
KCTD9,1589,0.2622
SLC27A1,1562,0.2622
PARVB,1597,0.2621
SLC35A1,1578,0.2621
WNT2B,1589,0.2621
ERO1B,1589,0.2621
RAP2A,1590,0.2619
DKC1,1578,0.2619
NBEAL2,1567,0.2619
TMEM106B,1591,0.2619
NADK2,1577,0.2618
ARHGEF12,1600,0.2617
CERS6,1598,0.2616
CATSPERG,1555,0.2616
RBMS1,1600,0.2616
JAK1,1600,0.2615
HELQ,1573,0.2615
ADAMTSL4-AS1,1443,0.2615
AGPAT5,1596,0.2615
NDUFAF6,1595,0.2615
SASS6,1576,0.2614
STAM2,1591,0.2614
HMGB3,1566,0.2614
ARHGEF10,1598,0.2614
ATP1B1,1599,0.2613
CD109,1599,0.2612
FAM83D,1561,0.2611
HECTD2,1571,0.2611
LAMA5,1591,0.261
TMEM41A,1591,0.261
ZDHHC9,1590,0.261
ZNF275,1548,0.2609
PFDN6,1556,0.2609
MTSS1,1599,0.2609
GPATCH11,1566,0.2608
SLC30A7,1599,0.2608
ICAM1,1590,0.2607
OPHN1,1589,0.2607
OLMALINC,1580,0.2606
FYCO1,1572,0.2606
CALCOCO1,1567,0.2604
CAMTA1,1599,0.2603
IGHVIII-38-1,43,0.2603
ZNF646,1538,0.2603
TMEM104,1564,0.2602
GLO1,1596,0.2602
UBA52,1592,0.2601
CDK8,1600,0.2601
KRT73-AS1,118,0.26
SLC44A5,1554,0.26
SNX8,1589,0.2599
TLN2,1574,0.2599
SUPT5H,1600,0.2599
FANK1,1577,0.2599
S100A11,1595,0.2598
UNCX,103,0.2598
RNF43,1590,0.2598
DARS2,1544,0.2598
CCDC26,1528,0.2598
OBSCN,1592,0.2597
ETAA1,1557,0.2596
MMS22L,1588,0.2596
RNF34,1575,0.2596
EFHD2,1588,0.2596
TNFSF18,699,0.2596
FASTKD1,1587,0.2595
CENPI,1559,0.2595
OIT3,1486,0.2593
CEACAM1,1568,0.2593
CRKL,1594,0.2593
NXN,1590,0.2592
IDUA,1540,0.2591
KCNJ14,1553,0.2591
GPD2,1598,0.259
HTT,1599,0.259
FIG4,1591,0.259
HDAC2,1595,0.259
MGAT1,1584,0.259
TPST2,1566,0.259
A3GALT2,1485,0.2589
ALDH3A2,1583,0.2589
ARMC7,1546,0.2589
SKIL,1596,0.2588
CPD,1597,0.2588
PDCL3,1540,0.2588
COL6A3,1593,0.2588
FBXO21,1593,0.2587
HHAT,1565,0.2586
CASC2,1552,0.2585
LIX1-AS1,1558,0.2585
WDR48,1594,0.2585
GIT1,1560,0.2584
HPRT1,1583,0.2584
RCAN1,1571,0.2584
SRRM1,1600,0.2584
ITGBL1,1576,0.2584
KALRN,1584,0.2583
GALNT5,1537,0.2583
ATRAID,1549,0.2583
PHRF1,1583,0.2582
B4GALNT3,1575,0.2582
PTPN6,1561,0.258
KLF4,1570,0.258
BNC2,1593,0.2579
TRIM25,1596,0.2578
TM4SF18,1351,0.2578
PPP2R1A,1598,0.2578
TXNDC15,1579,0.2578
ZNF318,1562,0.2577
DOCK10,1587,0.2576
NAGK,1552,0.2576
SYBU,1546,0.2576
ZNF449,1555,0.2576
ZNF460,1585,0.2575
SPRR3,266,0.2575
ATXN2L,1600,0.2574
CPM,1561,0.2574
SLC25A17,1580,0.2573
PELI2,1597,0.2573
ZC3H4,1578,0.2572
HERC5,1569,0.2572
SOCS3,1554,0.2571
PLK4,1539,0.257
DENND2C,1576,0.2569
AP3D1,1600,0.2568
GMNN,1564,0.2567
VPS72,1553,0.2567
ZFPM2,1561,0.2567
WFDC3,1519,0.2566
FBXO16,1586,0.2565
MTO1,1568,0.2565
CELSR1,1594,0.2565
SMARCA1,1581,0.2565
EIF4E,1586,0.2564
GRK5,1582,0.2564
TANGO2,1556,0.2563
EHF,1582,0.2563
KIAA0040,1575,0.2563
TCF12,1600,0.2563
SFT2D1,1589,0.2562
POLA2,1547,0.2562
WDR41,1590,0.2562
ZNF254,1594,0.2562
BCAT1,1584,0.2561
GSPT1,1599,0.2561
SMC4,1600,0.256
PHF13,1552,0.256
TMEM140,1518,0.256
GREB1L,1585,0.256
CDC6,1568,0.256
RPH3AL,1593,0.256
CTCF,1594,0.2558
PRDX3,1561,0.2557
MON2,1600,0.2557
KLF11,1549,0.2557
SNTB1,1599,0.2556
PALD1,1558,0.2556
CCDC171,1562,0.2555
RTCA,1583,0.2554
UGCG,1599,0.2554
SLC16A13,1502,0.2554
ARF3,1596,0.2552
NR1D1,1581,0.2551
ADAMTS9,1557,0.2551
GNG7,1554,0.255
HSPB8,1555,0.255
WDR47,1578,0.255
PHACTR1,1567,0.255
CYP2A13,55,0.2548
SEPHS2,1562,0.2548
PICALM,1600,0.2548
EPX,103,0.2548
MAP3K8,1587,0.2548
TTC7A,1588,0.2547
TMEM183A,1563,0.2547
KLHDC7B,923,0.2547
NPRL3,1582,0.2546
EFCAB6,1535,0.2546
EEFSEC,1594,0.2546
RTKN2,1576,0.2546
FAM107B,1600,0.2545
PRPS2,1557,0.2545
SPANXN5,167,0.2545
LRRC37B,1565,0.2544
BPIFA1,40,0.2544
SRPK1,1600,0.2543
VEGFD,1519,0.2543
WNT5B,1561,0.2542
DIAPH2-AS1,1553,0.2542
MAP7D1,1584,0.2542
TSPAN4,1559,0.2542
MGLL,1584,0.2541
ECT2,1598,0.2541
DAB2,1582,0.254
CNTROB,1572,0.254
GPX3,1503,0.254
SCGB2B2,1570,0.254
MELK,1560,0.2538
TPT1,1600,0.2538
SUCO,1600,0.2537
NBPF19,1557,0.2537
ZNF200,1566,0.2537
ALDH2,1578,0.2536
TGFB2,1587,0.2536
PITPNM2,1587,0.2535
KIF14,1572,0.2535
SGTA,1573,0.2535
EYA2,1582,0.2534
NIPA1,1592,0.2534
ENTPD4,1587,0.2534
CCDC12,1583,0.2533
DBF4B,1558,0.2532
HAS2,1548,0.2532
LEPR,1600,0.2531
RMND5A,1585,0.2531
CAMTA2,1555,0.2531
FIGN,1571,0.2531
MED10,1594,0.253
ARF6,1591,0.253
ABCC5,1582,0.2529
LOX,1591,0.2529
C1S,1594,0.2529
ADI1,1571,0.2527
PGM2L1,1582,0.2527
MAST3,1567,0.2526
SRPRA,1592,0.2526
CCDC62,1560,0.2524
CTLA4,212,0.2523
SIAH2,1572,0.2523
RHOC,1568,0.2522
TNS4,1579,0.2521
CCDC80,1561,0.2521
LDLRAD4,1559,0.2521
NINL,1587,0.252
SMG9,1582,0.252
TMEM123,1600,0.2519
ZNF138,1575,0.2519
SNRPF,1583,0.2519
POLR3G,1583,0.2518
PLK1,1536,0.2517
FAM25A,723,0.2517
RNF31,1568,0.2515
MYO6,1600,0.2515
XRCC5,1600,0.2514
GATA6,1541,0.2514
TMCO3,1599,0.2514
DNM2,1600,0.2514
RER1,1583,0.2514
GLRX3,1588,0.2514
TSPYL1,1574,0.2513
USF3,1579,0.2513
CCDC146,1596,0.2512
ERVH-1,459,0.2512
RAB10,1600,0.2512
UBA2,1597,0.2511
KIF15,1558,0.2511
ALG11,1587,0.2509
MLF2,1586,0.2508
SNX24,1575,0.2508
BTN2A1,1574,0.2507
SKA2,1580,0.2506
SCG2,1553,0.2506
CEBPZ,1596,0.2506
PTCH1,1581,0.2506
CBR4,1587,0.2505
PACSIN2,1597,0.2505
CD164,1596,0.2504
COPA,1600,0.2504
CMTM8,1581,0.2503
SCART1,1549,0.2503
ABCB9,1575,0.2503
TBC1D10B,1538,0.2502
EPS15,1599,0.2501
EIF3G,1563,0.2501
FBXO3,1578,0.2501
KYNU,1600,0.25
TMEM45B,1589,0.25
PSMA4,1590,0.25
POU2F2,1569,0.25
TGFB1,1594,0.2498
PLA2G4B,1491,0.2498
IFFO2,1553,0.2498
CMSS1,1600,0.2497
AKT3,1600,0.2496
MAT2B,1563,0.2495
TMEM167A,1599,0.2495
CCBE1,1568,0.2495
RSRC2,1600,0.2494
DDX27,1592,0.2494
HNRNPM,1599,0.2494
MICALL2,1578,0.2494
BRF2,1529,0.2493
ABCF3,1547,0.2493
APOLD1,1594,0.2493
CST3,1591,0.2492
PNPT1,1594,0.2492
ITSN1,1600,0.2491
RXRB,1563,0.2491
VIM,1600,0.249
ZRANB3,1583,0.249
EDEM3,1593,0.2489
MAN2A1,1600,0.2489
GTF3C1,1587,0.2489
LAPTM4A,1596,0.2488
TBC1D2B,1569,0.2488
TGDS,1558,0.2487
EXT2,1585,0.2487
PURA,1592,0.2487
ZPLD1,1456,0.2487
SLC25A32,1582,0.2486
SFMBT2,1582,0.2486
HS3ST1,1528,0.2485
PITPNA,1594,0.2484
BTN3A1,1566,0.2484
PLCG1,1578,0.2483
ATG4B,1592,0.2481
NR3C2,1570,0.2481
ATAD3A,1547,0.2481
NAA50,1598,0.2481
ZGRF1,1559,0.2481
PABPC4,1598,0.248
VPS26A,1592,0.248
DNAJB11,1578,0.248
AK6,1574,0.248
MICU2,1596,0.2479
CDK7,1596,0.2479
SRGAP2B,1570,0.2479
PHLDB1,1566,0.2478
LPAR1,1560,0.2478
RDX,1596,0.2478
HSPA12A,1574,0.2477
TXLNG,1599,0.2476
CMBL,1553,0.2476
SCNN1A,1579,0.2476
ZNF155,1555,0.2476
PTK2B,1572,0.2475
CADM1,1597,0.2474
ZNF598,1554,0.2474
MUC5B,1240,0.2474
KPNA2,1580,0.2474
SYCP2L,1566,0.2474
TSC22D3,1569,0.2474
BMP2K,1595,0.2474
S100A4,1581,0.2474
TTC23L,1526,0.2473
TRIM69,1563,0.2473
SH3GLB2,1554,0.2472
NT5DC2,1535,0.2471
GNL1,1583,0.2471
SH3TC2,1516,0.2471
ENDOD1,1551,0.2471
CPNE8,1599,0.2471
ZNF445,1567,0.2471
ZNF761,1587,0.247
VEPH1,1552,0.247
MAPK7,1539,0.247
ZBTB7A,1586,0.2468
SMC2,1589,0.2467
EPB41L5,1599,0.2467
AGMO,1544,0.2466
MAML1,1588,0.2466
CLEC2D,1572,0.2465
ZCCHC24,1570,0.2465
KLF10,1600,0.2464
ANKS1A,1598,0.2464
CEACAM5,1571,0.2464
FDFT1,1595,0.2463
RBM41,1588,0.2463
NFIA,1599,0.2463
DOCK1,1600,0.2461
VAT1,1577,0.2461
CMTM6,1582,0.2461
TSKU,1556,0.2461
DDX6,1597,0.246
EPB41,1600,0.246
NPTX1,1545,0.246
RETREG2,1566,0.2459
CENPH,1539,0.2459
REC8,1540,0.2459
TSPAN31,1553,0.2459
MITF,1576,0.2457
PCID2,1597,0.2456
LPGAT1,1596,0.2455
PSRC1,1528,0.2455
KIAA0319,1571,0.2454
HADHA,1598,0.2453
BFAR,1579,0.2453
GFPT2,1579,0.2452
PI4KB,1579,0.2452
RBFOX1,1557,0.2452
SPRYD3,1558,0.2452
EIF3M,1599,0.2451
CRNDE,1559,0.2451
RNF220,1588,0.2451
ZNF398,1567,0.2451
PPARG,1592,0.2451
UBE2Z,1596,0.245
TLE4,1600,0.245
CA12,1589,0.245
CCDC183,1510,0.2449
NCF4-AS1,207,0.2449
PI4K2B,1584,0.2449
BANF1,1550,0.2448
CASC8,1451,0.2447
NAA16,1594,0.2446
SH3RF2,1571,0.2445
ZNF337,1595,0.2445
TRIM16,1596,0.2444
DBT,1575,0.2444
MANF,1581,0.2444
PPIL4,1591,0.2444
GGH,1571,0.2443
PTPRN2,1600,0.2443
REL,1594,0.2443
SLC45A4,1588,0.2443
ETS1,1596,0.2443
MAN2C1,1564,0.2443
AUH,1597,0.2441
TAF8,1567,0.2441
TRAK1,1597,0.244
AKNA,1552,0.244
HMGN3,1563,0.244
E2F4,1559,0.244
WRN,1597,0.2438
CDK12,1600,0.2438
RAPGEF5,1582,0.2437
CSNK1A1,1600,0.2437
ACVR2B,1579,0.2437
RAD54L,1546,0.2437
MAF1,1552,0.2437
SYT1,1600,0.2435
PRKAG1,1589,0.2435
CDC73,1600,0.2434
DHRS7,1592,0.2434
COPS4,1583,0.2434
ZNF800,1595,0.2433
PEX1,1566,0.2432
ROPN1L-AS1,56,0.2432
GPSM1,1552,0.2432
LSM14A,1599,0.2431
RTN3,1600,0.243
SLC39A10,1584,0.243
STBD1,1546,0.243
EID1,1576,0.243
NRSN2,1540,0.2429
CHST3,1551,0.2429
HDHD5,1584,0.2429
DDRGK1,1567,0.2429
GCKR,1343,0.2428
POLE3,1563,0.2427
PRR12,1586,0.2427
GUSB,1572,0.2426
GNAI3,1598,0.2426
CNOT6L,1599,0.2424
CD47,1593,0.2424
LIFR,1596,0.2424
RAC1,1599,0.2424
RECQL4,1525,0.2423
TOP1MT,1556,0.2423
WARS2,1584,0.2423
ACTR3,1600,0.2423
STOX2,1578,0.2423
CNGB3,1536,0.2423
PSMD4,1591,0.2422
RFLNA,1597,0.2422
PNISR,1600,0.2422
STARD3,1574,0.2422
ADAM10,1599,0.2422
ELOVL7,1584,0.2421
IL1B,1547,0.2421
CTSZ,1573,0.242
UBE2S,1566,0.242
SERTAD2,1598,0.242
GREB1,1511,0.242
LMNA,1600,0.242
MPC1,1566,0.242
GAS2L3,1587,0.2419
RIN3,1586,0.2419
ZNF544,1596,0.2419
MEIS1,1585,0.2419
ST7L,1580,0.2417
PKD1,1579,0.2416
ARMC3,1408,0.2416
DMGDH,1572,0.2415
SDE2,1583,0.2414
PRMT9,1577,0.2414
MEGF8,1552,0.2414
ZDHHC20,1599,0.2414
SEC16A,1590,0.2413
ZNF215,1561,0.2413
SLC12A7,1574,0.2413
MYADM,1586,0.2412
TRIM13,1566,0.2412
CREG1,1570,0.2412
ABCA7,1581,0.2412
SHROOM3,1593,0.2412
TRBV30,211,0.2411
MID1,1596,0.2411
BSG,1600,0.2411
ATRNL1,1539,0.2411
SOX5,1597,0.2411
MINDY4,1544,0.241
MND1,1562,0.241
ZNF670,1569,0.241
CRNN,58,0.241
CCDC68,1568,0.241
CD24,1542,0.2409
IL15RA,1536,0.2407
RRM2B,1582,0.2407
RNF20,1583,0.2406
DDX5,1600,0.2406
PPP1R13L,1597,0.2406
BORA,1553,0.2406
PLXND1,1565,0.2405
MYOF,1600,0.2405
RIC8A,1563,0.2405
CWF19L2,1599,0.2403
RIMS2,1595,0.2403
SQLE,1586,0.2403
KCNMB2-AS1,1585,0.2403
TSPAN14,1579,0.2403
METTL25,1563,0.2403
COL6A2,1593,0.2402
SH2B2,1562,0.2402
PID1,1570,0.2401
OGFRL1,1568,0.24
NSUN4,1581,0.24
FURIN,1566,0.2399
KATNBL1,1595,0.2399
SLAMF8,522,0.2398
SNHG5,1384,0.2398
EPPK1,1470,0.2398
TRIT1,1590,0.2398
MLF1,1584,0.2398
AMN1,1598,0.2397
PDE6D,1586,0.2397
PPP1R9A,1586,0.2397
LAMB3,1600,0.2397
TIAM2,1587,0.2396
SLCO1B1,1356,0.2395
CNTNAP3B,1495,0.2395
KLHL11,1557,0.2394
NOA1,1562,0.2394
LIPG,1515,0.2394
SEL1L3,1574,0.2394
ZNF367,1557,0.2394
ATP11A,1600,0.2393
TES,1599,0.2393
FLNC,1526,0.2393
PYROXD2,1539,0.2393
GPR155,1578,0.2392
EVC,1562,0.2392
PLCH1,1555,0.2392
POM121,1598,0.2391
CALB1,1583,0.2391
CIB1,1586,0.2391
ERI3,1589,0.2391
ZHX2,1597,0.239
ZBTB38,1600,0.2389
PXDNL,1553,0.2389
BAHCC1,1555,0.2388
LRRC23,1587,0.2388
DET1,1561,0.2388
NDUFV2,1599,0.2387
SLC4A7,1600,0.2387
ZCWPW2,1556,0.2387
UQCRHL,1463,0.2387
NEK2,1547,0.2386
TET1,1584,0.2386
AHCY,1580,0.2385
BTBD3,1585,0.2385
TBC1D7,1560,0.2384
MIR34AHG,1587,0.2384
PNPLA8,1596,0.2384
TM2D3,1573,0.2384
RNASEK,1586,0.2383
TMEM45A,1566,0.2383
VTA1,1593,0.2383
KRBOX4,1571,0.2382
SLC22A4,1555,0.2382
CDH2,1581,0.2381
IGFN1,1520,0.2381
REV1,1593,0.238
CRTC2,1556,0.238
ZC2HC1A,1581,0.2379
VPS37B,1597,0.2379
FIGNL1,1564,0.2379
RAPH1,1595,0.2378
WDR11,1592,0.2378
INTS1,1593,0.2378
ITGB3,1576,0.2378
AP1S3,1597,0.2378
CCNT2,1596,0.2377
TENM2,1583,0.2377
KATNAL1,1584,0.2377
DHX58,1558,0.2377
ANKRD6,1562,0.2377
INPP5B,1568,0.2376
STX18-AS1,1578,0.2376
USP3-AS1,1555,0.2376
CXXC1,1542,0.2376
TPSAB1,220,0.2375
GNA12,1597,0.2375
COX8A,1589,0.2375
SIT1,144,0.2374
RIMKLA,1570,0.2373
B4GALT1,1595,0.2372
CCNYL1,1591,0.2372
MAPK14,1600,0.2372
ESF1,1598,0.2372
IDI2-AS1,1547,0.2371
PFDN4,1585,0.2371
TTF2,1565,0.2371
SLC16A11,123,0.2371
ERCC6,1582,0.237
P4HB,1600,0.237
RBM12B,1582,0.237
RHOT1,1599,0.237
NAT10,1591,0.2369
COL4A6,1572,0.2369
SRC,1563,0.2369
XPA,1568,0.2369
CCDC13-AS1,996,0.2367
FAM81A,1579,0.2367
DHX8,1577,0.2367
TOPORS,1579,0.2366
CRISPLD2,1544,0.2366
CNST,1596,0.2366
SPRR2E,128,0.2365
CIT,1580,0.2365
KCTD16,1554,0.2365
ACIN1,1600,0.2364
ADD3,1600,0.2363
ABHD17A,1479,0.2363
SLK,1600,0.2363
SPICE1,1596,0.2363
CYLD,1593,0.2363
TCF7L1,1586,0.2361
WHRN,1586,0.2361
TRIM52,1563,0.2361
SNX5,1586,0.236
CACNA1A,1574,0.236
ZSWIM1,1539,0.236
COL1A1,1589,0.2359
PRR34-AS1,59,0.2359
CLDN11,1527,0.2359
ZNF469,1472,0.2359
KRT23,1459,0.2359
CDH4,1542,0.2359
MDH2,1585,0.2358
CDC20,1545,0.2358
MPHOSPH6,1567,0.2357
FLOT1,1590,0.2357
TTC4,1556,0.2357
TMOD3,1600,0.2357
GOSR2,1599,0.2356
KIF11,1575,0.2356
MDC1,1571,0.2356
SPIRE1,1594,0.2356
PKIG,1578,0.2356
TRIM41,1559,0.2355
TMEM138,1538,0.2355
CCT4,1595,0.2355
IGF2R,1600,0.2355
THOC6,1530,0.2354
CCAR2,1570,0.2354
PES1,1562,0.2354
TMCC3,1566,0.2353
PDCD7,1580,0.2353
CREB5,1594,0.2352
NCKIPSD,1564,0.2352
CLCN5,1575,0.2352
TRIM66,1584,0.2352
KIF22,1562,0.2351
TYW3,1588,0.2351
IFI16,1592,0.2351
OSBPL5,1584,0.2351
ZC3HC1,1558,0.2351
NPAS3,1592,0.235
ZNF92,1567,0.235
SFXN5,1584,0.235
ECI2,1575,0.2349
ZNF112,1549,0.2349
CDS2,1595,0.2348
MACF1,1600,0.2347
ZNF704,1584,0.2346
TRGV7,54,0.2346
MIR22HG,1569,0.2346
PI4K2A,1578,0.2346
TPI1,1600,0.2346
SPOCK1,1600,0.2345
SCARB2,1598,0.2345
LHFPL6,1592,0.2345
PDGFA,1596,0.2345
SNRPB,1594,0.2344
NDUFA10,1592,0.2344
MLLT11,1524,0.2344
IPPK,1570,0.2344
TVP23C,1599,0.2343
SPART,1584,0.2343
TTC21B,1588,0.2343
JPX,1600,0.2342
RYK,1596,0.2342
RFX8,1579,0.2341
SLC16A6,1546,0.2341
DNAJC9,1583,0.2341
CKS2,1576,0.234
NCEH1,1596,0.234
TNFSF10,1529,0.2338
BMI1,1587,0.2337
BCLAF1,1599,0.2337
GLUD1,1600,0.2337
DPYSL3,1580,0.2337
JAG1,1591,0.2337
SLC1A4,1559,0.2337
CSMD3,1556,0.2336
LSM4,1558,0.2335
PDE9A,1564,0.2334
XPO1,1600,0.2334
GALK2,1600,0.2334
PAWR,1599,0.2334
MUTYH,1537,0.2334
SLF2,1588,0.2333
CCDC122,1581,0.2333
IMPDH2,1572,0.2333
APLF,1575,0.2332
GSTK1,1560,0.2332
CHPF2,1550,0.2332
STX6,1581,0.2331
OPTN,1598,0.2331
SPOPL,1596,0.2331
MBOAT1,1562,0.233
SPTBN5,1482,0.233
SS18,1597,0.233
KIF24,1544,0.2329
ATG2A,1569,0.2328
APBB3,1537,0.2328
CPA4,1410,0.2328
GPX4,1582,0.2327
PACS2,1576,0.2327
SNX30,1580,0.2327
MOB1B,1587,0.2327
PUS10,1565,0.2326
CASZ1,1567,0.2326
THSD7B,1481,0.2325
CADM2,1588,0.2325
MAP2K3,1586,0.2325
GARNL3,1569,0.2324
TRABD2B,1519,0.2324
HMGCL,1571,0.2324
KLRD1,1550,0.2323
ATP6V1C2,1546,0.2322
WDR43,1600,0.2322
ALDH3B1,1527,0.2322
ATP6V0D2,1521,0.2322
EEF1AKMT3,1537,0.2322
LDLRAD3,1595,0.2321
TCP10L,1575,0.232
CAPN5,1560,0.232
MYL12B,1598,0.232
RNF19B,1579,0.232
FZD7,1540,0.2319
SHISA5,1594,0.2319
PBX1,1592,0.2317
RDH10,1564,0.2316
PTPRR,1583,0.2316
ERGIC3,1592,0.2315
ZNF184,1561,0.2315
AOAH,1484,0.2315
WDR49,1570,0.2315
BORCS5,1578,0.2314
ZNF345,1561,0.2314
EEF1D,1598,0.2313
KLF5,1598,0.2313
MUC20,1559,0.2313
TMUB2,1552,0.2313
NR2F1,1572,0.2313
CDK16,1577,0.2312
SPG21,1564,0.2312
MFN1,1593,0.2312
UHRF1,1538,0.2311
EIF2A,1598,0.2311
RSL1D1,1596,0.231
RIT1,1583,0.231
ESPL1,1539,0.231
GAN,1599,0.231
ZNF385D,1537,0.2309
IFRD2,1532,0.2309
IL1R1,1547,0.2309
GABBR1,1588,0.2309
DOCK6,1592,0.2308
PRPF40A,1600,0.2308
GIPC2,1594,0.2308
ZFX,1593,0.2307
CREM,1587,0.2307
SLC25A44,1550,0.2306
ZNF462,1590,0.2306
BDKRB2,1539,0.2306
PPP1R10,1594,0.2305
POLR2E,1576,0.2305
ULK4,1591,0.2305
CAMKK1,1568,0.2304
YES1,1599,0.2304
SGSM2,1562,0.2304
KIAA0319L,1597,0.2304
ALG9,1589,0.2303
ADAM28,1541,0.2303
CDCA7,1539,0.2303
SLC7A5,1599,0.2303
TSTD3,1575,0.2302
GRN,1577,0.2302
TAF1B,1582,0.2301
LAMC1,1599,0.23
LINGO2,1592,0.23
SERPINB6,1584,0.23
ARHGEF1,1576,0.2299
KIRREL1,1595,0.2298
HEXIM1,1585,0.2298
MAL2,1596,0.2298
ERVV-1,30,0.2297
IL1R2,1372,0.2296
ATP2C2,1570,0.2296
IFNGR2,1596,0.2296
RSBN1L,1592,0.2295
ADARB2,1583,0.2295
LGALS3,1597,0.2295
PRR36,1403,0.2295
SLC35F5,1599,0.2295
RC3H1,1600,0.2294
ADAM12,1563,0.2294
SCG5,1560,0.2294
ZW10,1578,0.2293
MGMT,1590,0.2293
SPATA5,1598,0.2293
LMF1,1586,0.2292
KRT80,1565,0.2292
SLC33A1,1594,0.2291
MUC5AC,1470,0.2291
CORO2B,1528,0.2291
ZNF783,1552,0.2291
CLCN7,1572,0.2291
IDH3A,1560,0.229
PI4KA,1592,0.229
COL4A5,1597,0.2289
ADGRL4,1489,0.2289
TM9SF2,1600,0.2289
LAPTM4B,1575,0.2288
SLC20A2,1599,0.2288
ZNF394,1594,0.2288
RFC3,1594,0.2287
NFKB2,1589,0.2287
SOX6,1585,0.2287
KIN,1579,0.2286
TMEM156,1563,0.2286
PSMB2,1586,0.2286
PCM1,1600,0.2286
PRL,145,0.2286
SLC6A13,1532,0.2285
ZNF227,1540,0.2285
MGAT4A,1558,0.2285
RUVBL2,1565,0.2285
LY6D,360,0.2284
LYAR,1574,0.2284
PLEKHB2,1599,0.2284
BTG2,1537,0.2283
ARL8B,1596,0.2283
SLC16A1-AS1,1580,0.2282
SLC9A3-AS1,1559,0.2282
RABL6,1595,0.2282
KCNC3,1526,0.2281
SLTM,1600,0.2281
DAG1,1589,0.2281
POFUT2,1576,0.2281
SYTL5,1390,0.228
SRGN,1586,0.228
MTPN,1600,0.228
RELL1,1576,0.2279
IL12A-AS1,1490,0.2279
ZRANB2-AS1,1524,0.2278
CPA6,1530,0.2278
TRIM27,1578,0.2278
KCNE4,1545,0.2278
ITPRIPL2,1577,0.2278
PTPN18,1557,0.2277
LY6E,1583,0.2277
ZNF335,1583,0.2277
AMOTL1,1591,0.2277
PSMB8,1539,0.2276
FSIP2-AS1,1538,0.2276
AMPD3,1594,0.2276
CREB1,1596,0.2276
SNRPD1,1559,0.2275
SOGA1,1587,0.2275
MEGF9,1572,0.2275
AKR1B1,1558,0.2274
FAM168B,1599,0.2274
SMARCA2,1598,0.2274
CASC9,1594,0.2273
OR8B8,29,0.2273
ZNF559,1543,0.2272
AVPR1A,179,0.2271
SMNDC1,1590,0.2271
MUC1,1539,0.2271
TEPSIN,1521,0.2271
LYRM4,1597,0.2271
TNFRSF10B,1598,0.227
SYNE3,1569,0.227
FBXO39,1455,0.227
OLA1,1598,0.227
EFTUD2,1597,0.227
SMIM3,1553,0.227
SLAIN2,1591,0.227
HUWE1,1600,0.2269
SEC22B,1585,0.2269
CSF1,1551,0.2268
GNG12,1597,0.2268
METTL8,1584,0.2268
GM2A,1574,0.2268
ABCB7,1596,0.2268
DEPDC1B,1563,0.2267
PLBD2,1573,0.2267
BBC3,1556,0.2267
SMG1,1600,0.2266
HNMT,1530,0.2266
UQCRH,1588,0.2265
PPCDC,1578,0.2265
UAP1L1,1539,0.2265
IL7R,1506,0.2265
MCM6,1560,0.2265
NECTIN3,1588,0.2265
CD320,1557,0.2265
FAM234B,1554,0.2265
RBMS2,1596,0.2264
ACER2,1552,0.2264
POLG2,1584,0.2264
TNFSF13B,1555,0.2264
XPO4,1599,0.2263
CYP51A1,1598,0.2263
TSHZ2,1594,0.2262
ADAMTSL1,1528,0.2261
NISCH,1570,0.2261
DIRC3,1572,0.2261
CDC45,1542,0.226
TLCD2,1570,0.226
POU4F2,79,0.226
UPRT,1569,0.226
TAF4,1593,0.2259
STUB1,1567,0.2259
SLC35G2,1560,0.2259
RFLNB,1525,0.2258
SEMA3B,1574,0.2258
HYI,1505,0.2258
NID1,1558,0.2257
ATL2,1597,0.2256
SLC25A28,1544,0.2256
TC2N,1579,0.2256
ABCC1,1600,0.2256
ECHS1,1567,0.2255
RNF138,1582,0.2255
MCM10,1547,0.2255
FBN1,1591,0.2255
SRM,1553,0.2255
EEA1,1596,0.2254
ADIPOR2,1600,0.2253
CPEB2,1598,0.2252
MATN2,1547,0.2252
BHLHE40-AS1,1570,0.2251
FBXO43,1456,0.2251
POLR2L,1585,0.225
CDK4,1544,0.2249
LRIG3,1565,0.2249
QPCTL,1578,0.2249
ZNF846,1544,0.2248
KRT17,1544,0.2248
SFI1,1579,0.2248
SUMF2,1579,0.2248
ANKRD11,1600,0.2248
KCNC4,1542,0.2247
CACUL1,1597,0.2247
CCNJL,1565,0.2246
MCM5,1544,0.2246
GPR158,1550,0.2246
TESK1,1530,0.2246
SLC9C1,1493,0.2245
P4HA3,1548,0.2245
ALKBH1,1574,0.2245
USPL1,1598,0.2244
KCTD20,1596,0.2243
SF1,1599,0.2242
SLC15A4,1578,0.2242
KNSTRN,1543,0.2242
GJC1,1578,0.2242
NELFB,1570,0.2241
GPR157,1566,0.2241
KRT13,1026,0.2241
NCAPH,1546,0.2241
TNFRSF11A,1559,0.2241
TMEM131,1600,0.2241
SRSF7,1595,0.224
NEGR1,1577,0.224
ZSCAN26,1541,0.224
PRKAG2,1587,0.224
DIO3,713,0.224
COL20A1,1499,0.224
CATSPERB,1584,0.224
ZNF627,1549,0.2238
RGS6,1552,0.2238
ASTL,1315,0.2238
TAF1,1600,0.2238
FOXC1,1592,0.2237
ADGRA3,1591,0.2236
CPEB4,1598,0.2236
KRT6B,726,0.2235
NOTCH2,1596,0.2235
CDCA4,1544,0.2234
HSF4,1537,0.2234
GPN1,1575,0.2233
TGFBR1,1599,0.2233
ITGA11,1550,0.2233
RAB2B,1586,0.2232
ADAMTS9-AS2,1566,0.2232
SCLT1,1597,0.2232
ABLIM3,1585,0.2232
SLC35D1,1567,0.2232
TSR1,1593,0.2231
TFAM,1588,0.2231
STAMBPL1,1563,0.2231
PPP5C,1568,0.2231
UCHL1,1566,0.2231
TNKS2,1599,0.2231
SLC39A6,1594,0.223
HSPB2,191,0.223
ACAT1,1571,0.2229
OR51E1,154,0.2229
HAND1,415,0.2229
RCL1,1575,0.2229
DCLRE1C,1568,0.2229
DDR2,1577,0.2229
MAGEF1,1542,0.2228
TNFRSF6B,1511,0.2227
RORA-AS1,1569,0.2227
QKI,1599,0.2227
SOX3,178,0.2226
SLC9A3R1,1567,0.2226
OSBPL3,1599,0.2225
BRCC3,1584,0.2225
BLACAT1,1384,0.2225
SERPINB2,1544,0.2224
KYAT3,1580,0.2224
BMPR1B,1564,0.2224
ETS2,1594,0.2223
TOM1L1,1587,0.2223
LSM7,1553,0.2223
DNMT3A,1586,0.2223
SLC2A4RG,1552,0.2223
CPSF2,1592,0.2222
PHKA2,1584,0.2222
FAM177A1,1597,0.2222
GCC1,1557,0.2222
ZNF195,1573,0.2222
MYO1C,1591,0.2221
NBR1,1591,0.2221
KRI1,1559,0.2221
MMRN2,1478,0.2221
LUC7L3,1600,0.2219
ZNRF3,1597,0.2219
CORIN,1559,0.2219
EFNB1,1546,0.2219
AGBL1,1514,0.2218
OXCT1,1583,0.2218
CXCL2,1566,0.2218
REV3L,1600,0.2217
SLFN5,1596,0.2217
ORAI3,1546,0.2217
MICB,1511,0.2216
ZNF765,1567,0.2216
SEM1,1597,0.2216
NFS1,1559,0.2215
MID2,1552,0.2215
RASSF3,1597,0.2215
PTPN22,1526,0.2214
PRKCG,1528,0.2214
COQ2,1542,0.2214
CTSC,1590,0.2214
ZNF83,1596,0.2213
DGKI,1575,0.2213
CACTIN,1534,0.2213
RBFOX3,1493,0.2213
STC2,1598,0.2212
ARL4C,1579,0.2212
ZNF280D,1588,0.2212
PSMA7,1597,0.2212
LRP5L,1570,0.2212
CALML5,39,0.2212
PDE3A,1589,0.2211
GGCT,1568,0.2211
ADCY3,1548,0.2211
FTCDNL1,1508,0.221
MBNL1,1600,0.221
GRB2,1600,0.221
SFN,1566,0.2209
CDKN3,1550,0.2208
ABTB1,1535,0.2208
NSUN2,1595,0.2208
VAV3,1524,0.2207
ERH,1585,0.2207
ZBTB44,1599,0.2207
PXDN,1573,0.2206
AMDHD2,1547,0.2206
ADM,1597,0.2206
TBC1D4,1597,0.2205
APEX1,1566,0.2205
NCALD,1529,0.2205
CENPA,1558,0.2205
TRIM34,1487,0.2205
FAM118A,1569,0.2205
SLC16A2,1540,0.2204
RPF2,1588,0.2203
BCLAF3,1582,0.2203
ZNF283,1565,0.2203
ORC5,1577,0.2203
DKK1,1550,0.2203
CYP3A5,1581,0.2201
EIF1AD,1550,0.2201
SNED1,1580,0.22
IL7,1578,0.22
SH3YL1,1588,0.22
TMEM39B,1566,0.2199
TMEM241,1573,0.2199
CNPY3,1554,0.2199
LMO4,1588,0.2198
ENY2,1589,0.2197
C2,1548,0.2197
AQR,1600,0.2197
ECE1,1599,0.2196
MAN1B1,1563,0.2196
TTC7B,1572,0.2196
SPC25,1556,0.2196
GEN1,1572,0.2196
SDHB,1583,0.2196
CDH1,1596,0.2196
MCM8,1577,0.2196
TBCEL,1561,0.2195
TEAD3,1557,0.2195
FAM83G,1547,0.2195
SMIM8,1565,0.2195
IER5L,1543,0.2195
SEMA7A,1540,0.2195
MTMR9,1583,0.2194
PLS3,1593,0.2194
PIK3C2A,1600,0.2194
ADRM1,1575,0.2194
APOC3,203,0.2193
BCO2,1519,0.2193
RAN,1598,0.2193
LRRC75A,1579,0.2193
PLEKHA8,1594,0.2192
TUBA1C,1580,0.2192
SLC7A2,1592,0.2192
CLDN5,246,0.2191
NKD1,1597,0.2191
KIRREL3,1539,0.2189
ADK,1600,0.2189
CAST,1600,0.2189
RAE1,1572,0.2189
AP3M2,1561,0.2188
FZD8,1494,0.2187
TPCN2,1568,0.2187
TRAPPC9,1599,0.2186
CRCT1,22,0.2185
UBQLN1,1598,0.2184
RNF10,1596,0.2184
TRAPPC12,1596,0.2184
LEMD2,1552,0.2184
ANAPC2,1542,0.2184
HS3ST3A1,1568,0.2184
FANCC,1592,0.2183
BMPER,1555,0.2183
PCAT1,1596,0.2182
CAPN8,1525,0.2182
MCF2L,1578,0.2182
SLC12A2,1600,0.2181
BCL2L2,1562,0.2181
DHRS2,1515,0.218
WNK2,1540,0.218
BCAS2,1583,0.218
GABRE,1572,0.218
LBR,1584,0.218
MTHFS,1571,0.2179
TECPR2,1567,0.2179
SULF2,1570,0.2178
PRDX5,1563,0.2177
CNOT9,1594,0.2176
TEX9,1566,0.2175
EFCAB11,1571,0.2175
PCBD2,1579,0.2175
ODF3B,1392,0.2175
NCR3,64,0.2175
TCAF2,1535,0.2174
RBPMS,1586,0.2174
TNFSF9,1517,0.2174
CDKN2B,1535,0.2174
SRSF6,1591,0.2174
FPGT,1563,0.2173
ALDH6A1,1546,0.2172
NXF1,1574,0.2172
MIR548A1HG,1425,0.2172
GPSM2,1587,0.2172
PPM1A,1592,0.2172
CBR3,1537,0.2171
AMFR,1585,0.2171
POLR1C,1574,0.2171
JPH2,1555,0.217
PDZRN3,1552,0.217
PTS,1590,0.217
TLR3,1498,0.2169
ZNF385A,1547,0.2169
MLLT1,1550,0.2169
TCAF1,1587,0.2169
GMDS,1600,0.2168
NAPA,1582,0.2168
GRID2,1530,0.2167
MAGI3,1600,0.2167
SLC44A1,1599,0.2167
OSBPL10,1599,0.2167
ZNF440,1569,0.2167
KLHL12,1582,0.2167
PIGN,1596,0.2167
FXYD5,1583,0.2167
PLSCR5,167,0.2167
AADAC,1464,0.2166
KDM5C,1600,0.2166
PDCD11,1586,0.2165
MYO16-AS1,1563,0.2165
SRSF2,1586,0.2165
USF1,1550,0.2164
MYO5C,1586,0.2164
AFF3,1584,0.2164
ZSCAN31,1536,0.2164
EDC4,1553,0.2164
DCAKD,1578,0.2163
SUPV3L1,1583,0.2163
THADA,1594,0.2163
UNC13D,1560,0.2163
MTMR4,1575,0.2162
IDE,1579,0.2162
MGAT2,1532,0.2162
CHPF,1562,0.2161
EIF1AX,1595,0.216
UBA7,1489,0.216
AMN,1439,0.216
DNAH17,1521,0.216
GJA1,1573,0.2159
ENKUR,1567,0.2159
DNAJC27,1554,0.2158
IFT57,1555,0.2158
WDR37,1597,0.2157
UBE2D1,1590,0.2157
NECTIN2,1595,0.2157
PRPF3,1599,0.2157
SNX33,1567,0.2157
MAZ,1568,0.2157
KLHL23,1580,0.2155
ZNF493,1549,0.2155
EDF1,1590,0.2154
TRIM4,1591,0.2153
CD9,1595,0.2153
ZNF44,1571,0.2153
DSE,1585,0.2151
TCAIM,1584,0.2151
STK25,1558,0.2151
PRDM8,1510,0.2151
CD22,1364,0.2151
ADORA2B,1555,0.2151
ILK,1586,0.2151
CAPRIN2,1597,0.215
XPC,1594,0.215
RIMKLB,1582,0.215
PIK3R4,1595,0.215
XACT,1557,0.215
C2CD5,1587,0.2149
CDC42BPA,1600,0.2149
GPM6B,1505,0.2149
PER3,1576,0.2149
HNRNPF,1594,0.2148
HARS2,1555,0.2148
TANGO6,1587,0.2146
CARD19,1546,0.2146
MTUS2,1508,0.2146
TCF19,1520,0.2146
KLF17,911,0.2145
DMPK,1576,0.2145
MYL9,1529,0.2145
SLC22A15,1546,0.2144
PPP1R18,1585,0.2144
DUBR,1551,0.2143
PTMA,1600,0.2143
DNAH1,1548,0.2143
EIF4G3,1600,0.2142
KCNT2,1537,0.2142
COL4A1,1577,0.2142
GRIN2B,1577,0.2142
NUAK1,1564,0.2142
CBX4,1579,0.2142
GPC1,1555,0.2141
PIP4K2A,1596,0.2141
SPDYA,1600,0.2141
CRIPT,1577,0.2141
THBS3,1554,0.2141
EGLN3-AS1,871,0.214
MFSD6L,137,0.214
OTX2,94,0.214
PDE3B,1586,0.214
PRKCA-AS1,1495,0.214
MCOLN2,1536,0.214
CSTF2T,1528,0.2139
AOX1,1518,0.2139
OGDH,1600,0.2139
CHMP1B-AS1,1521,0.2137
TMEM108,1516,0.2137
RAD21,1600,0.2137
DNAH12,1535,0.2136
LTB4R,1575,0.2136
CYSTM1,1597,0.2136
PFKFB2,1567,0.2136
MYO5A,1598,0.2135
GSDMB,1577,0.2134
PDE2A,1545,0.2134
WLS,1595,0.2133
CD63,1595,0.2133
ZCCHC9,1584,0.2133
NSMF,1574,0.2133
ZNF777,1555,0.2132
PHEX,1555,0.2132
GINS4,1540,0.2132
MCF2L2,1562,0.2132
CXCL5,1499,0.2132
CACNG8,1562,0.2132
FAM227B,1545,0.2132
GPT2,1586,0.2132
PYGB,1596,0.2132
PLCB1,1600,0.2131
AIG1,1589,0.2131
GK,1583,0.2131
MSC-AS1,1590,0.213
CLDN4,1591,0.213
SGK3,1587,0.213
TAF2,1598,0.2129
INTS2,1594,0.2128
AGFG1,1600,0.2127
NACC1,1564,0.2127
FSCN1,1594,0.2127
MYO1B,1597,0.2127
AATF,1598,0.2126
NPIPB3,1397,0.2124
ZNF185,1568,0.2124
TMEM191C,644,0.2124
THRB,1589,0.2123
FAS,1561,0.2123
NDUFS8,1580,0.2122
RPA1,1586,0.2122
CPQ,1579,0.2122
LTB,1268,0.212
RHOH,1497,0.212
TRIB2,1565,0.212
PI3,1393,0.212
MYOM1,1543,0.212
SLC25A3,1595,0.212
TBX22,131,0.2119
IL1RAPL1,1592,0.2119
PLUT,1351,0.2118
POLRMT,1543,0.2118
STARD7,1583,0.2117
KRT31,24,0.2117
MTA1,1578,0.2115
MTHFR,1568,0.2115
JAM3,1559,0.2114
TGFBR3,1563,0.2114
LCMT1-AS1,1479,0.2114
DOCK3,1590,0.2114
AMIGO2,1547,0.2114
LCE5A,54,0.2114
NBPF1,1558,0.2113
SERPINB8,1558,0.2113
NPRL2,1539,0.2113
CLEC10A,95,0.2113
MBD4,1566,0.2112
TARID,1539,0.2112
ZNF141,1552,0.2112
UCA1,1496,0.2111
ZNF81,1556,0.2111
FYN,1600,0.2111
TCIRG1,1538,0.2111
HOXB3,1581,0.2111
ANKDD1B,1553,0.2109
ARMC2,1555,0.2109
FBXO10,1556,0.2108
GATAD1,1590,0.2108
POLR3D,1573,0.2108
UBXN4,1600,0.2107
TNFRSF9,1511,0.2106
CHAC1,1507,0.2106
PLCH2,1357,0.2106
GRSF1,1592,0.2106
MC5R,118,0.2106
NEK10,1553,0.2106
AK2,1595,0.2105
ZMIZ1-AS1,1540,0.2105
USP2-AS1,1542,0.2105
SLC15A3,1446,0.2105
PRICKLE2,1561,0.2105
PRKCH,1583,0.2105
ZSCAN29,1541,0.2104
TMEM178B,1593,0.2104
IRF1,1595,0.2104
UTY,1585,0.2104
STOM,1568,0.2104
ARL14,1278,0.2103
CCDC28A,1572,0.2103
PLEKHF2,1577,0.2103
FGD6,1593,0.2102
RAVER2,1580,0.2101
CCDC30,1551,0.21
CYP1B1-AS1,1530,0.2099
TOR4A,1532,0.2099
PLEKHG2,1568,0.2099
ARPC4,1570,0.2098
AKR1B10,1487,0.2098
OR5H1,25,0.2098
PCSK5,1593,0.2098
GPAT4,1570,0.2098
PPP1R1A,239,0.2097
ZMPSTE24,1573,0.2096
CSNK2B,1569,0.2096
UBE2V1,1600,0.2096
FBXO31,1569,0.2096
SERPINB5,1546,0.2096
TBC1D19,1594,0.2095
CASC22,32,0.2095
AP1S2,1573,0.2095
LURAP1L,1575,0.2095
LONRF3,1576,0.2095
TPRG1,1566,0.2095
PLEKHH3,1545,0.2094
MS4A14,112,0.2094
THEMIS2,1537,0.2094
OAZ1,1594,0.2093
OSBPL8,1600,0.2093
RARB,1565,0.2092
PSMA5,1581,0.2092
PLA2G4C,1548,0.2092
FADD,1537,0.2091
CACNB4,1582,0.2091
NR2F2,1588,0.2091
SLU7,1587,0.209
KPNA4,1599,0.209
IARS2,1591,0.209
CDT1,1532,0.2089
ENTPD8,831,0.2088
FAAH2,1590,0.2088
SAMD3,1574,0.2088
TNKS,1600,0.2088
IDI1,1576,0.2087
MGST1,1593,0.2086
PDSS1,1563,0.2086
ADAMTS1,1548,0.2086
RBM39,1600,0.2086
STK17B,1594,0.2085
EPHA4,1595,0.2084
COG2,1562,0.2084
SCML2,1558,0.2084
CGN,1549,0.2083
ZNF562,1574,0.2083
KIAA1586,1554,0.2083
EHD4,1588,0.2083
SLC5A4-AS1,1536,0.2082
WDR89,1563,0.2082
SLC26A2,1557,0.2082
ATF6B,1565,0.2082
MYH10,1598,0.2082
PTTG1,1555,0.2081
MCF2,1508,0.2081
CACNA1C,1568,0.208
ZNF417,1552,0.208
DAPK1,1570,0.208
TBC1D22B,1584,0.208
NSMCE1,1547,0.208
SCLY,1558,0.2079
CDK11A,1583,0.2079
SWT1,1577,0.2079
PRKCD,1569,0.2079
PC,1559,0.2079
ELMOD3,1572,0.2078
MMD2,1264,0.2078
RFX1,1578,0.2078
RIPK1,1594,0.2078
PSMB4,1578,0.2077
RALGPS2,1595,0.2077
TTLL7,1586,0.2077
PDE4B,1596,0.2077
CNNM1,1508,0.2077
NMNAT1,1555,0.2077
SLC16A1,1599,0.2076
SRGAP2C,1581,0.2076
DGCR8,1568,0.2076
EPHB6,1484,0.2076
CAVIN1,1600,0.2076
FLOT2,1571,0.2076
RNF217,1588,0.2076
THSD7A,1560,0.2076
OR9Q1,1488,0.2076
ZNF546,1578,0.2075
FARSB,1579,0.2075
CSGALNACT1,1600,0.2074
CPOX,1573,0.2074
FAM111A,1549,0.2074
POM121C,1596,0.2074
THRA,1566,0.2073
ANP32B,1599,0.2073
NAE1,1581,0.2073
PPP1R26,1558,0.2072
PRPF6,1590,0.2072
SYT7,1557,0.2072
AHRR,1592,0.2072
ZNF75A,1553,0.2071
KLK1,919,0.2071
RNF144B,1544,0.2071
CKM,1358,0.2069
ANAPC5,1594,0.2069
UPF3A,1591,0.2068
NAPRT,1490,0.2068
FRMD4B,1584,0.2068
CHTF18,1529,0.2067
ANKRD40,1576,0.2067
PTPRD,1597,0.2067
PAAF1,1561,0.2067
OSTF1,1567,0.2066
SPDYE5,1505,0.2066
SLC41A1,1574,0.2066
ROR1,1583,0.2066
KLHDC3,1551,0.2065
ARSJ,1579,0.2065
SLC24A1,1555,0.2065
SLC25A4,1561,0.2065
FYTTD1,1596,0.2065
HSP90B1,1600,0.2065
COX16,1600,0.2065
ZG16B,1387,0.2064
MAK16,1565,0.2064
LYPD1,1477,0.2064
MRPS2,1540,0.2064
MAP3K13,1598,0.2064
SLC22A18AS,1341,0.2063
MTMR11,1555,0.2063
KYAT1,1568,0.2063
CXADR,1593,0.2063
MAP7D2,1566,0.2062
SLC12A8,1580,0.2062
IKBKE,1558,0.2062
TMEM161A,1533,0.2062
LDHC,1515,0.2061
SERPINB3,1127,0.2061
DEGS1,1565,0.206
GAS5,1595,0.206
PPP2R5D,1559,0.206
KIDINS220,1598,0.2059
SLC1A1,1575,0.2059
SH3GL1,1591,0.2059
SLC23A2,1591,0.2059
INO80B,1549,0.2058
NEDD1,1585,0.2058
CNIH2,1489,0.2058
FBLN1,1535,0.2057
RNF157,1536,0.2057
PSMA3,1588,0.2057
GLUL,1553,0.2057
TSC22D4,1578,0.2057
LAMA2,1530,0.2056
PPM1L,1577,0.2056
NRG2,1559,0.2056
RAPGEF3,1498,0.2056
SNHG7,1586,0.2056
MYH15,1503,0.2055
ATP1B3,1600,0.2055
CCDC148,1548,0.2055
KIAA1522,1585,0.2055
ZNF182,1544,0.2053
SLC9A6,1555,0.2053
CNKSR3,1589,0.2053
TMEM106C,1549,0.2052
HCG17,1556,0.2052
PCSK6,1588,0.2052
EFCAB8,1532,0.2052
MAN2A2,1543,0.2052
ZFHX4-AS1,1423,0.2052
NRXN3,1586,0.2052
GRIA4,1489,0.2051
MRPS10,1572,0.2051
SOX9-AS1,1137,0.205
POMGNT1,1557,0.205
GOLGB1,1600,0.205
CACHD1,1585,0.2049
ZBTB4,1584,0.2049
BACE1,1560,0.2048
POU5F1,1525,0.2047
FRMPD4,1568,0.2047
NCOR1,1600,0.2047
FAM151B,1566,0.2047
COL8A1,1596,0.2046
SLC38A1,1600,0.2046
CALB2,1521,0.2046
DNAH6,1530,0.2046
NUDT22,1546,0.2046
POLD3,1582,0.2046
ZBTB5,1574,0.2046
DHTKD1,1570,0.2046
ELF3,1591,0.2045
VAC14,1592,0.2045
SAA2,1461,0.2045
SSR1,1597,0.2045
GDI2,1599,0.2044
ADGRE2,1532,0.2044
NR5A2,1540,0.2044
ARHGEF7,1598,0.2044
KCNH8,1590,0.2043
IMPG2,1537,0.2042
TMEM255B,1543,0.2042
GALC,1553,0.2042
LRIG1,1590,0.2041
PDK4,1536,0.2041
ACTA2,1483,0.204
ATP10D,1566,0.204
RNF150,1587,0.204
RHOQ,1588,0.2039
ZBTB49,1539,0.2039
POLR2B,1598,0.2038
API5,1593,0.2038
ANGPT1,1520,0.2038
CD83,1558,0.2038
ANKRD44,1578,0.2037
TSHZ3,1576,0.2037
FXR1,1600,0.2036
ALDH5A1,1537,0.2036
ONECUT3,1548,0.2036
DHPS,1565,0.2035
DENND2D,1388,0.2035
MAPKAPK3,1551,0.2034
NRIR,1425,0.2034
WDHD1,1576,0.2034
NECAB2,1444,0.2034
GMPR2,1568,0.2033
TBC1D9,1569,0.2033
UBXN2A,1588,0.2033
ABCD1,1533,0.2033
PLCXD2,1521,0.2033
TMEM192,1548,0.2033
CKB,1566,0.2032
SLC35A5,1553,0.2032
ECSCR,1306,0.2032
ZNF611,1592,0.2031
PTP4A1,1585,0.2031
ASXL1,1600,0.2031
PTK6,1518,0.2031
CXCR4,1503,0.203
CPE,1598,0.203
PCNX2,1599,0.203
ARPIN,1541,0.203
TCEAL9,1594,0.203
ODAM,180,0.203
PSMA6,1594,0.2029
MZF1,1564,0.2029
HIF1AN,1582,0.2029
CLIC4,1599,0.2028
PLEKHA6,1591,0.2028
ZDHHC8,1544,0.2028
B4GALT7,1538,0.2027
GID8,1584,0.2027
MGA,1596,0.2027
GBA2,1565,0.2026
LXN,1534,0.2026
EMC4,1582,0.2026
TMEM259,1580,0.2025
DNAJC6,1586,0.2025
TBC1D25,1560,0.2025
AP4E1,1567,0.2025
FRAS1,1596,0.2024
GAL,1356,0.2023
GALNT18,1585,0.2022
DLGAP1-AS1,1542,0.2022
MOSPD2,1573,0.2021
N4BP2L1,1553,0.2021
NPSR1-AS1,1581,0.2021
SNHG15,1546,0.202
PDCD1LG2,1504,0.202
PCGF5,1592,0.2018
PPP6C,1591,0.2018
TMEM87B,1590,0.2018
NAA20,1583,0.2018
NFE2L1,1598,0.2018
PPP1R1C,1542,0.2017
SYF2,1589,0.2017
ARL9,1541,0.2017
PLCE1,1564,0.2017
GALNT14,1568,0.2017
E2F8,1509,0.2016
SHF,1521,0.2016
PKD2L2,1524,0.2016
PIF1,1534,0.2016
RNFT1,1549,0.2016
ZNF521,1545,0.2016
KLK11,1154,0.2016
TACC1,1596,0.2016
S100A14,1564,0.2015
NAXE,1569,0.2015
COIL,1583,0.2015
RIN1,1534,0.2014
OAF,1544,0.2014
LYZ,1552,0.2013
ALK,1531,0.2013
TIMM17A,1577,0.2013
TPK1,1592,0.2013
HIF1A,1600,0.2013
UBALD2,1562,0.2013
TENM4,1547,0.2012
RFX5,1536,0.2012
CEBPB,1575,0.2012
HMCN1,1555,0.2012
NINJ1,1548,0.2011
CNTLN,1593,0.2011
ZBTB7C,1560,0.2011
ZNF84,1582,0.2011
LRRC15,1134,0.2011
LSG1,1589,0.201
CRYBG1,1579,0.2009
ZFAT,1576,0.2009
INTS13,1595,0.2009
GTF2IRD2,1562,0.2009
MT1E,1566,0.2009
DDC,1328,0.2008
IPO7,1600,0.2007
SF3B3,1598,0.2007
NOTCH3,1574,0.2007
DHCR7,1542,0.2006
ACSL5,1559,0.2006
CRNKL1,1577,0.2005
PPP4C,1581,0.2005
ATP6V1B2,1582,0.2005
ACSL1,1574,0.2005
PIN4,1582,0.2004
KCTD5,1573,0.2004
LARP4B,1599,0.2004
UBIAD1,1546,0.2004
HDX,1573,0.2003
HCG20,1515,0.2003
PRDM2,1598,0.2003
ERCC3,1578,0.2003
GCA,1565,0.2003
MBNL3,1521,0.2002
RNF170,1577,0.2002
KBTBD2,1596,0.2002
AP1M1,1575,0.2002
TSR2,1560,0.2002
SLC44A3,1555,0.2002
ANKRD1,1546,0.2002
EME2,1508,0.2001
MNDA,101,0.2001
ZBTB41,1594,0.2001
POLR3B,1573,0.2
CYP26B1,1405,0.2
PSMD8,1576,0.2
DAPK3,1582,0.2
SDC3,1547,0.1999
ODF2,1581,0.1999
TMEM106A,1557,0.1999
ZFAND6,1600,0.1999
PPDPF,1594,0.1999
EEF1A2,1566,0.1998
MERTK,1552,0.1998
RTL8C,1545,0.1998
GFM1,1585,0.1998
TLR1,1506,0.1998
NDUFS5,1579,0.1997
TNRC6A,1600,0.1997
UVSSA,1568,0.1997
IVL,169,0.1996
MILR1,1414,0.1996
NRG3,1545,0.1996
RBM44,1539,0.1996
DLG4,1573,0.1995
RAB5C,1590,0.1995
CARD11,1561,0.1995
GADD45G,1185,0.1994
RFTN2,1497,0.1994
TRIM9,1582,0.1994
ELMO1,1544,0.1994
CCSER1,1598,0.1994
HIPK3,1598,0.1994
SBNO1,1599,0.1993
DIRC3-AS1,1558,0.1993
DHCR24,1565,0.1993
AIFM1,1563,0.1993
DDX31,1591,0.1992
PENK,36,0.1992
POLR3K,1516,0.1992
TSPAN8,1563,0.1992
PIGW,1516,0.1992
TRIM14,1587,0.1992
TBC1D30,1563,0.1992
TMEM63B,1576,0.1992
KLHL4,1569,0.1991
PSMC5,1572,0.1991
CCDC18,1582,0.1991
UFL1-AS1,1558,0.1991
POM121L2,817,0.1991
VDAC3,1580,0.199
MYO18B,1505,0.199
DNAH3,1470,0.199
LAMA4,1578,0.1989
ZC4H2,1563,0.1989
ZNF785,1541,0.1988
CAPG,1554,0.1988
RNF6,1581,0.1988
DYNC2LI1,1572,0.1987
SLC22A3,1539,0.1987
SHPK,1579,0.1986
CA9,1553,0.1986
CMAS,1587,0.1985
CBR3-AS1,1547,0.1985
CECR2,1562,0.1985
ZMYM1,1574,0.1985
GLI3,1583,0.1985
PTGER4,1536,0.1985
BTBD19,1523,0.1984
SCYL2,1593,0.1983
CDK2,1545,0.1981
PABPC1L,1561,0.1981
RTCB,1595,0.1981
ZFHX3,1599,0.1981
PPAN,1561,0.1981
ZSWIM2,231,0.1981
KRT81,1515,0.1981
CBX1,1588,0.1981
NIPAL1,1538,0.198
BRIX1,1589,0.198
PPP1R14B,1564,0.198
MEA1,1565,0.198
ZMYM4,1600,0.198
MKRN3,1549,0.1979
SMU1,1581,0.1978
BMF,1509,0.1978
ALDH3A1,1432,0.1978
SPAG1,1569,0.1978
MRPL17,1548,0.1977
ZNF26,1584,0.1977
LPIN3,1550,0.1977
ACAT2,1563,0.1977
PRND,165,0.1977
ZNF787,1570,0.1977
FBLN7,1535,0.1976
ZBTB11,1589,0.1976
LARP1B,1597,0.1976
GPR173,1532,0.1975
LRR1,1536,0.1975
CCL22,780,0.1975
ASNSD1,1586,0.1974
NDUFA9,1579,0.1974
FAT4,1567,0.1974
WWC3,1563,0.1974
HAUS8,1541,0.1974
CACNA2D3,1578,0.1974
TMEM144,1582,0.1974
SELPLG,1474,0.1974
PSMA2,1596,0.1973
EPDR1,1553,0.1973
FAM83A,1563,0.1973
DIO2,1537,0.1973
TNNI3K,1553,0.1973
GPHA2,121,0.1973
XRN2,1600,0.1973
DNM1L,1600,0.1972
CNIH3,1586,0.1971
B3GNT5,1594,0.1971
PKIB,1566,0.1971
NDUFB5,1571,0.1971
TTC19,1592,0.1971
HAT1,1579,0.1971
ADPGK,1582,0.197
NDUFA4,1589,0.197
FBXL12,1573,0.1969
PPP2CA,1599,0.1969
MORF4L1,1596,0.1969
EFCAB2,1579,0.1969
ABCA13,1510,0.1968
SARDH,1399,0.1968
CARMN,1449,0.1968
ANAPC4,1586,0.1968
ATP8A1,1585,0.1968
TMED3,1592,0.1968
SBSN,1157,0.1967
FOXL1,1435,0.1967
PLXNB1,1523,0.1967
FMR1,1589,0.1966
ZNF431,1591,0.1966
BCAT2,1581,0.1966
ABCG1,1577,0.1966
STARD9,1571,0.1966
MIR17HG,1537,0.1965
CTNNAL1,1593,0.1965
LMLN,1570,0.1965
STS,1566,0.1965
FUT2,1411,0.1965
SPATA13,1596,0.1965
URB1,1589,0.1964
MAFG,1588,0.1964
BTC,1392,0.1964
EFCAB14,1595,0.1964
PTPRK,1600,0.1964
THY1,1435,0.1964
ZIC2,1511,0.1963
ECHDC1,1592,0.1963
BCL2A1,1485,0.1963
KCNMB2,1577,0.1963
SUPT6H,1599,0.1963
MYOCOS,1520,0.1963
SLCO1B3,1596,0.1962
FAM102A,1588,0.1962
KLK6,1448,0.1962
PRKAA1,1595,0.1962
EIF3K,1579,0.1962
GPC5,1588,0.1961
RASD1,1465,0.196
EEF1E1,1561,0.196
SORT1,1575,0.196
OVCH1,1276,0.1959
CPED1,1579,0.1958
ATIC,1571,0.1958
RASGRF2,1572,0.1958
GGA1,1568,0.1958
OS9,1599,0.1957
THBD,1524,0.1956
SCRT1,321,0.1956
FRK,1574,0.1956
SKA1,1541,0.1955
OCLN,1569,0.1955
DZANK1,1554,0.1954
CYB5R3,1588,0.1954
KIF2A,1599,0.1954
S100A2,1561,0.1953
ALDH1L2,1528,0.1953
CAPNS1,1594,0.1952
FAM199X,1578,0.1952
CTRC,1329,0.1952
BMP8A,1516,0.1952
THRIL,1475,0.1951
ASAH1,1572,0.1951
UBQLN2,1573,0.195
TACC3,1563,0.195
ROCK2,1600,0.195
COL5A2,1596,0.195
RHBDL3,1510,0.195
VIL1,1542,0.195
GPR180,1582,0.1949
HNRNPK,1600,0.1949
CCDC137,1569,0.1949
PTGER2,1005,0.1949
TRABD2A,1560,0.1948
ANK2,1597,0.1948
SLC28A1,1412,0.1948
KRTAP5-AS1,1510,0.1947
C3,1593,0.1947
MEIOC,1517,0.1946
TAF9B,1535,0.1946
EIF3B,1588,0.1946
EMC2,1578,0.1946
PPARGC1B,1551,0.1946
RNF7,1574,0.1946
MVD,1555,0.1945
KCNQ1,1567,0.1945
SCIN,1451,0.1945
MTDH,1599,0.1945
MUC16,1469,0.1945
COL21A1,1500,0.1945
RNF180,1487,0.1944
CNOT6,1599,0.1944
WDR17,1506,0.1944
ANXA3,1598,0.1944
EML5,1553,0.1944
DBH,338,0.1943
METTL2A,1554,0.1942
CKMT2,1470,0.1942
TSEN54,1547,0.1942
CDK15,1383,0.1941
LRRC42,1565,0.1941
ZNF568,1549,0.194
TRIM2,1595,0.194
MAPT,1562,0.194
SECTM1,1457,0.1939
TRAPPC3,1565,0.1939
PFAS,1538,0.1939
STMN3,1533,0.1938
ZNF589,1555,0.1938
RAPGEF4,1577,0.1938
KAT7,1579,0.1938
HRCT1,1075,0.1938
NCAPD2,1595,0.1938
AP2A1,1583,0.1938
LAPTM5,1222,0.1938
NUDT15,1541,0.1938
RHBDD3,1537,0.1937
NPTN,1600,0.1937
SLC27A6,1486,0.1937
LEF1,1558,0.1937
PIEZO2,1523,0.1936
CLDN10-AS1,1512,0.1936
RAB17,1495,0.1936
C9,1425,0.1936
SLC37A1,1566,0.1936
PDCD4,1600,0.1936
ACSF2,1560,0.1935
MIR4713HG,1588,0.1935
IGHG4,75,0.1935
RAB27B,1596,0.1935
TCF25,1594,0.1934
DYNC1I1,1519,0.1934
SEC61A2,1571,0.1934
TNFRSF1B,1541,0.1934
STIM2,1588,0.1933
SLC29A3,1533,0.1932
GRIN2D,1543,0.1932
KANK2,1572,0.1932
NIF3L1,1557,0.1932
PTPDC1,1571,0.1932
SDK2,1541,0.1931
DAPK2,1550,0.1931
TKFC,1543,0.1931
TATDN3,1548,0.1931
CTBP1-AS,1522,0.1931
SPATA2L,1535,0.1931
CYP4A22-AS1,1522,0.193
UXS1,1594,0.193
LRRC37A2,1541,0.193
SNHG6,1593,0.193
GPR176,1579,0.193
SLC16A5,1475,0.193
ABCC2,1591,0.1929
ZNF487,1547,0.1929
ANKRD24,1540,0.1929
EIF1B-AS1,1542,0.1929
EGLN3,1600,0.1928
PAQR4,1523,0.1928
TPSB2,513,0.1928
TUBB2A,1563,0.1928
FAM8A1,1568,0.1927
KPNA6,1596,0.1927
RRS1,1514,0.1927
EVI2B,1492,0.1926
UGT8,1556,0.1926
ZNF618,1577,0.1926
LYPD6,1531,0.1925
PLSCR2,1541,0.1924
NMT1,1595,0.1924
SLC7A6,1577,0.1924
CADPS,1555,0.1924
FBXO25,1572,0.1924
IFNK,51,0.1924
VWA7,1233,0.1924
SIPA1,1531,0.1923
PRIM1,1548,0.1923
LRRC27,1534,0.1923
AGBL3,1553,0.1922
ZNF350,1522,0.1922
ATG9A,1562,0.1922
COL1A2,1580,0.1921
MBD3,1566,0.1921
NDRG3,1566,0.1921
TMEM65,1592,0.192
MED12L,1560,0.192
MLX,1549,0.192
MICU3,1575,0.192
KRT7,1581,0.192
GCH1,1570,0.1919
PRSS53,1519,0.1919
PPP1CC,1596,0.1919
LRRC7,1544,0.1919
ABCA10,1552,0.1918
NPIPB5,1538,0.1917
PPM1H,1575,0.1917
BYSL,1536,0.1917
GOLGA3,1598,0.1917
GABPB1-AS1,1588,0.1917
CRK,1594,0.1917
CAPZA2,1599,0.1917
LRMDA,1594,0.1916
PDE8B,1527,0.1916
DIAPH1,1600,0.1916
TMEM240,1295,0.1916
OMG,1526,0.1915
PTPN9,1589,0.1915
BCR,1588,0.1915
MIR181A2HG,1557,0.1915
ZNF507,1580,0.1915
DHX37,1560,0.1914
PDK2,1533,0.1914
CCDC107,1552,0.1914
HSD17B10,1539,0.1913
AFAP1L1,1568,0.1913
SNX15,1539,0.1913
WASHC5,1589,0.1913
SLC9A9,1512,0.1913
EMC1,1570,0.1913
TUBB3,1541,0.1913
GJB3,1435,0.1912
GJB2,1435,0.1912
WASF1,1583,0.1912
STK32A,1539,0.1912
ICAM4,1205,0.1911
ZNF713,1570,0.1911
RBMX,1598,0.1911
FSD1L,1587,0.1911
SLC4A10,1503,0.191
B3GALT5,1522,0.191
NSD2,1597,0.191
CYP24A1,1580,0.191
MCC,1593,0.1909
COG3,1599,0.1909
MAP2K6,1522,0.1909
POU2F3,1401,0.1909
BMS1,1588,0.1908
RNASE4,1545,0.1908
ARHGEF11,1597,0.1907
IL10,381,0.1907
FAM205C,24,0.1906
ADGRB3,1566,0.1906
LBH,1567,0.1906
CPLX2,1470,0.1906
HPYR1,1081,0.1905
RAD17,1592,0.1905
TRAPPC11,1571,0.1905
INPP5J,1469,0.1905
SLC45A3,1477,0.1905
MYL5,1469,0.1905
TWIST2,1538,0.1904
PLEKHG4,1340,0.1903
PRRT2,1512,0.1903
FAXDC2,1542,0.1903
ZNF614,1541,0.1902
CNTN5,1531,0.1902
CCDC194,1477,0.1902
TMBIM4,1577,0.1902
ADORA1,1498,0.1902
CYP1A1,1045,0.1901
NEB,1537,0.1901
ZC3H18,1589,0.19
TFF1,1464,0.19
SF3B2,1598,0.19
ASGR1,1496,0.19
POLR3F,1553,0.19
RIPK3,648,0.1899
EFNA2,1504,0.1899
COLEC12,1479,0.1898
GOLT1A,1454,0.1898
NCAPH2,1541,0.1898
KLRF1,494,0.1897
HAS3,1454,0.1897
PTGES,1531,0.1897
ACSL4,1599,0.1897
CHGB,1517,0.1897
COX7C,1591,0.1896
SNRPD2,1583,0.1896
KHDC1L,189,0.1896
MEN1,1530,0.1896
FBLIM1,1537,0.1895
TMEM9,1551,0.1895
MUC6,1502,0.1895
ZC3H7B,1569,0.1895
HECTD1,1594,0.1895
FLVCR1,1579,0.1895
SGCB,1560,0.1894
NRG4,1547,0.1894
PLEKHG4B,1537,0.1894
ATP6AP1L,1579,0.1893
E2F3,1596,0.1893
ZNF804A,1579,0.1893
TCERG1,1600,0.1893
GIPR,1519,0.1893
STXBP5-AS1,1546,0.1893
ZNF736,1549,0.1892
BTG3-AS1,1474,0.1892
CDKN1B,1578,0.1891
GRB7,1573,0.1891
DDX56,1564,0.1891
SORCS2,1570,0.189
TENM3,1599,0.189
DHX35,1572,0.189
UQCRQ,1593,0.189
ZBTB17,1566,0.1889
RBM15B,1542,0.1889
SLC44A2,1564,0.1889
ZNF548,1541,0.1888
ZFPM1,1552,0.1888
ZNF655,1595,0.1888
NPIPB4,1547,0.1888
GAA,1556,0.1888
PAQR3,1568,0.1887
SERPINA7,97,0.1887
DCDC1,1514,0.1887
PPP1R12C,1569,0.1887
ADAMTS12,1561,0.1887
PDK1,1600,0.1886
SIGLEC15,1335,0.1886
WIZ,1538,0.1886
PTP4A2,1598,0.1885
WDR3,1582,0.1885
VNN2,1000,0.1885
RAB8A,1579,0.1885
RBM7,1573,0.1885
ZEB2,1595,0.1884
ZMYND11,1583,0.1884
COA7,1534,0.1884
HPGD,1500,0.1884
AFG1L,1585,0.1883
ELOF1,1544,0.1883
ADGRE5,1591,0.1882
PPP3CA,1600,0.1882
BLMH,1563,0.1882
ECHDC2,1572,0.1881
CEACAM7,805,0.1881
KMT2E-AS1,1532,0.1881
S100B,777,0.1881
KIR2DL1,63,0.188
ZNF644,1600,0.188
HTR7,1504,0.188
LRRC43,1456,0.188
DNAJC18,1542,0.188
APLNR,29,0.1879
UBXN11,1546,0.1879
NMU,1517,0.1879
NPR3,1549,0.1879
HUNK,1552,0.1879
SLC7A8,1490,0.1879
MYO5B,1594,0.1878
SH3D19,1600,0.1878
ZFHX2,1534,0.1878
SLC7A9,1515,0.1877
DEPTOR,1538,0.1877
HOOK2,1588,0.1877
PKN1,1557,0.1877
FAR2,1566,0.1876
IFT80,1579,0.1876
CDKL4,1563,0.1875
HSCB,1560,0.1874
CLTC,1598,0.1874
LCA5,1572,0.1874
UBE2R2-AS1,1519,0.1874
PRAF2,1548,0.1874
CHKB,1566,0.1874
GRAMD1C,1566,0.1874
NDUFV1,1584,0.1873
CFLAR,1596,0.1873
MGAT4B,1566,0.1873
TSPOAP1-AS1,1532,0.1873
ITGAX,1379,0.1872
ZNF8,1559,0.1872
HAS2-AS1,1542,0.1871
PHF5A,1549,0.1871
IGSF9B,1545,0.1871
ANKRD36,1594,0.1871
IL34,1538,0.187
CD74,1540,0.187
ABAT,1572,0.187
FAM210B,1551,0.187
MAPKAPK2,1596,0.187
VPS26B,1560,0.187
EMB,1512,0.1869
TATDN1,1593,0.1869
PDE7B,1563,0.1869
TRHDE,1519,0.1869
ZNF329,1525,0.1868
PAN2,1566,0.1868
ISCA1,1572,0.1868
PRELID1,1571,0.1868
SLC4A4,1532,0.1867
CXCL11,1325,0.1867
INAFM2,1491,0.1867
HNRNPR,1600,0.1867
GRWD1,1539,0.1867
LGALS9,1516,0.1866
SEMA4D,1572,0.1866
PLXDC1,1474,0.1866
PIPOX,1541,0.1865
OBSCN-AS1,1341,0.1865
IL11,1515,0.1865
KRT73,77,0.1865
APTX,1597,0.1864
OTUD7A,1552,0.1864
ARCN1,1600,0.1864
FGF14,1576,0.1864
DRAIC,1514,0.1863
HK3,1465,0.1863
TBC1D1,1587,0.1863
L2HGDH,1587,0.1862
CCNT1,1592,0.1862
NOP14-AS1,1549,0.1862
PLAC8,1554,0.1862
CA2,1532,0.1862
CDCA7L,1574,0.1861
PIH1D1,1563,0.1861
PTPRS,1592,0.1861
MPDZ,1585,0.186
MSRA,1579,0.186
CENPX,1559,0.186
OXNAD1,1586,0.186
FST,1507,0.1859
STAT6,1591,0.1859
IL2RG,1369,0.1859
HS3ST3B1,1549,0.1859
BCL10,1582,0.1859
PPP1R14D,1121,0.1859
PLEKHB1,1373,0.1858
LSM5,1565,0.1858
LOXL4,1438,0.1858
CENPQ,1546,0.1858
FAM83E,1556,0.1858
LCE1B,42,0.1858
CACNA1B,1514,0.1857
BCAS4,1557,0.1857
RNASEH1,1576,0.1857
JCAD,1533,0.1857
ARFGEF2,1600,0.1857
RDH13,1575,0.1856
SIKE1,1584,0.1856
ERMARD,1558,0.1856
RMDN2-AS1,1490,0.1856
MAPK15,1223,0.1856
UQCC1,1596,0.1856
RSU1,1589,0.1856
ANXA4,1588,0.1855
MYO15B,1556,0.1855
ELF4,1571,0.1855
PACS1,1600,0.1855
SF3A2,1571,0.1855
IL1RAPL2,1506,0.1854
DSCC1,1529,0.1854
NEFH,967,0.1854
KAT2B,1577,0.1854
RBMS3-AS2,1490,0.1854
MOB2,1565,0.1853
UHMK1,1597,0.1853
MAPK10,1565,0.1853
ADIRF,1504,0.1853
OTUB1,1557,0.1852
TNFAIP8L1,1537,0.1852
ZNF622,1572,0.1852
SYNM,1549,0.1852
SRPRB,1564,0.1852
TIGAR,1573,0.1851
ITM2C,1562,0.1851
REPIN1,1536,0.1851
KATNA1,1567,0.1851
CACNA2D4,1451,0.1851
PDE4C,1527,0.185
AGBL5,1568,0.185
CCNG1,1592,0.185
PRMT5,1556,0.185
KCNAB2,1586,0.185
IGFL1,808,0.185
SBK2,516,0.1849
FAM217A,1520,0.1849
DYNLL1,1574,0.1848
RUSC1-AS1,1472,0.1848
HLA-A,1600,0.1847
FCGR3B,82,0.1847
SUCLG2,1600,0.1847
LHX1,1356,0.1847
HMG20A,1591,0.1847
TRMT5,1544,0.1846
MBOAT7,1589,0.1846
KXD1,1580,0.1846
VRK2,1600,0.1846
ITPK1,1590,0.1846
PRTG,1566,0.1846
A4GALT,1485,0.1845
CTC1,1548,0.1845
AGXT,328,0.1845
KCNK7,1423,0.1845
LRRTM4,1562,0.1844
MAPRE3,1551,0.1844
BROX,1592,0.1843
SLC35B1,1557,0.1843
ZDHHC11,1547,0.1843
FOXN2,1594,0.1843
CACNA1D,1565,0.1843
MOB4,1595,0.1842
NUDCD2,1570,0.1842
DCAF8,1597,0.1842
DTWD1,1586,0.1842
PARG,1583,0.1841
POT1-AS1,1533,0.1841
EPN1,1584,0.184
COL27A1,1585,0.184
COL3A1,1563,0.184
THSD4-AS1,1539,0.184
GDI1,1591,0.1839
THOC7,1574,0.1839
WDR36,1598,0.1839
INTS5,1525,0.1839
SMARCC1,1600,0.1839
ZNF461,1564,0.1838
DHX30,1580,0.1838
IL13RA1,1583,0.1838
SLC15A2,1538,0.1838
CLEC18C,345,0.1837
PHKG2,1559,0.1837
TIMM10,1521,0.1837
TFB2M,1568,0.1836
GALNTL6,1504,0.1836
RSRC1,1600,0.1836
HNRNPL,1592,0.1836
PXDC1,1536,0.1836
ARPC1A,1593,0.1835
CPT2,1536,0.1834
RILPL1,1583,0.1834
PCNT,1582,0.1834
DCAF10,1597,0.1834
TG,1469,0.1834
DECR1,1586,0.1833
KRT86,1522,0.1833
SH3TC1,1507,0.1833
NHEJ1,1580,0.1832
RNF122,1552,0.1832
EFCAB14-AS1,1528,0.1832
LRP1B,1590,0.1831
FAM184B,1540,0.1831
OCIAD2,1582,0.1831
HS3ST5,1531,0.1831
SLC25A13,1596,0.1831
EVA1A,1522,0.1831
ANKLE2,1598,0.1831
MAP1A,1517,0.183
CCDC14,1596,0.1829
IFT172,1568,0.1829
EPHA6,1570,0.1829
SLC5A11,1514,0.1828
PDE5A,1568,0.1828
WDR54,1551,0.1828
PAPPA,1587,0.1828
KLRK1,1342,0.1828
CAD,1560,0.1827
GAS2,1501,0.1827
PDE11A,1526,0.1827
ZNF547,1499,0.1827
PSORS1C1,1542,0.1827
EIPR1,1586,0.1826
FCGRT,1517,0.1826
HYAL2,1523,0.1826
ELOVL6,1584,0.1826
POLR3C,1584,0.1825
NOXA1,1520,0.1825
RNF25,1536,0.1825
CDKN1C,1519,0.1825
GRHL2,1579,0.1824
ADGRV1,1583,0.1824
ARHGDIG,646,0.1824
APCDD1L,1520,0.1824
PIM2,1544,0.1824
BHLHE41,1562,0.1824
SPRR1B,337,0.1824
MYO16,1503,0.1823
FECH,1543,0.1823
SPAG4,1524,0.1823
NDUFS6,1578,0.1823
PGGHG,1529,0.1823
PPP4R4,1571,0.1822
YME1L1,1600,0.1822
SIX4,1565,0.1822
UTS2B,1316,0.1822
SPTLC1,1594,0.1822
ITFG2,1588,0.1821
HKDC1,1573,0.1821
PEX26,1565,0.1821
CXCL12,626,0.1821
FAM157C,1137,0.1821
CHST14,1517,0.1821
POPDC3,1497,0.1819
RARRES1,1504,0.1819
CENPM,1506,0.1819
KLK7,1198,0.1819
SLC35B3,1568,0.1819
OLFML2A,1533,0.1819
RABGGTA,1527,0.1818
ZNF473,1545,0.1818
TMEM145,1444,0.1818
COQ8A,1555,0.1818
CLSTN1,1597,0.1818
DNAH7,1532,0.1818
SCUBE2,1551,0.1818
IFT122,1577,0.1818
CCDC127,1560,0.1818
WFS1,1541,0.1817
ARPC3,1598,0.1817
IDO1,1262,0.1817
RNF165,1509,0.1817
WDSUB1,1570,0.1817
SDR16C5,1376,0.1816
HINT3,1582,0.1816
ZNF697,1577,0.1816
HDAC7,1581,0.1816
DPH6,1569,0.1816
SLC39A7,1576,0.1816
QTRT2,1571,0.1816
ZNF69,1542,0.1815
IGHA1,116,0.1815
MTIF2,1592,0.1815
DDAH2,1551,0.1815
CALML4,1546,0.1814
MAN2B1,1575,0.1814
SSC5D,1509,0.1814
GCC2-AS1,1542,0.1814
NOD2,1411,0.1814
PRDM15,1562,0.1813
PLD3,1587,0.1813
RNF167,1555,0.1813
SLC2A13,1600,0.1813
ABCA6,1265,0.1813
ADAMTS3,1430,0.1813
GSS,1541,0.1813
ERICH1,1596,0.1813
FGF12,1567,0.1813
LRRC61,1428,0.1812
STRA6,1518,0.1812
GNB3,1325,0.1812
NOVA2,1412,0.1812
TMTC1,1588,0.1812
LHFPL3-AS2,1328,0.1812
ADAMTS16,1579,0.1811
KRT14,1195,0.1811
BRF1,1574,0.1811
BRS3,66,0.1811
TMEM219,1553,0.181
COL5A3,1530,0.181
SYNE1,1588,0.181
CNOT1,1600,0.181
POLR1A,1578,0.181
SLC10A3,1533,0.1809
FRMD6-AS2,1553,0.1809
MPZL2,1568,0.1809
DIS3L,1567,0.1808
MRPL4,1539,0.1808
DOK3,1544,0.1807
SEH1L,1590,0.1807
DCTD,1573,0.1807
TTC39C,1591,0.1806
CUL9,1565,0.1806
SCUBE3,1487,0.1806
PPT1,1557,0.1806
TBC1D3L,376,0.1805
MFNG,1426,0.1805
FGF18,1527,0.1805
MEF2C,1582,0.1804
IGFL4,1479,0.1803
ERC2,1539,0.1803
COX7B,1590,0.1803
ZNF529-AS1,1560,0.1803
TOX2,1568,0.1803
TRIM31,1515,0.1803
CYP27C1,1538,0.1803
MED14,1596,0.1802
EDIL3,1580,0.1802
NBPF4,205,0.1802
SNHG18,1390,0.1802
GRIK1,1577,0.1802
C1RL-AS1,1560,0.1802
TTC26,1569,0.1801
ARL1,1590,0.1801
MEG8,1579,0.1801
IFITM10,1523,0.1801
VSIG1,1186,0.18
ZNF594,1527,0.18
TMEM132A,1545,0.18
FAM53B,1560,0.18
KITLG,1576,0.18
RAC2,1546,0.18
CYP27B1,1491,0.18
KIRREL3-AS1,1324,0.1799
MDFI,1426,0.1799
CRTAM,1273,0.1798
TBC1D16,1583,0.1798
KDM1A,1597,0.1798
TMSB10,1600,0.1798
BID,1565,0.1797
XG,1438,0.1797
ZNF76,1553,0.1797
DDHD1,1592,0.1797
GPAT2,315,0.1797
PTAR1,1599,0.1796
ATM,1600,0.1796
TNFRSF14,1492,0.1796
USO1,1600,0.1796
IST1,1600,0.1795
ARRDC2,1567,0.1795
AFAP1-AS1,1524,0.1795
CERS4,1557,0.1795
SOX18,717,0.1795
HLTF,1592,0.1794
PLA2G12B,1497,0.1794
PRKY,1562,0.1794
CDKN2C,1512,0.1794
MOB3B,1559,0.1794
BEAN1,1522,0.1793
ZNF616,1551,0.1793
IFNLR1,1511,0.1793
CASC15,1585,0.1793
ZNF331,1553,0.1792
SLC35F2,1577,0.1792
KCND1,1474,0.1792
LDB2,1503,0.1792
CLDN6,1327,0.1792
CCDC169,1462,0.1791
CDYL2,1559,0.1791
FBXO22,1590,0.1791
CARD8,1578,0.1791
TAB2,1599,0.1791
SLC18B1,1533,0.1791
CAPN3,1512,0.1791
IDS,1594,0.1791
GUK1,1592,0.1791
TMEM184C,1579,0.179
ZNF28,1550,0.179
CLTA,1597,0.179
SYT8,803,0.179
ZFAND4,1538,0.1789
RIPOR2,1497,0.1789
PPP1R15B,1588,0.1788
VPS51,1586,0.1788
VIPAS39,1576,0.1788
FBXL8,1544,0.1788
ZNF850,1551,0.1787
TONSL,1514,0.1787
CRYM,1560,0.1787
UNC5B,1562,0.1787
EFNA1,1566,0.1787
MPDU1,1570,0.1786
LRRC28,1582,0.1786
ANKRD42,1564,0.1786
PIMREG,1529,0.1785
IL22RA1,1455,0.1785
POFUT1,1566,0.1784
PALLD,1597,0.1784
TRIM36,1576,0.1783
DHX15,1600,0.1783
MAGI2,1594,0.1783
ZNF415,1418,0.1783
ASIC4,1487,0.1782
TTC29,1389,0.1782
SRF,1565,0.1782
HES5,480,0.1782
LEPROTL1,1581,0.1781
UBE2U,1372,0.1781
IL26,398,0.1781
NOS1,1504,0.178
DDX51,1542,0.178
ABCF1,1595,0.178
ORC3,1591,0.178
FRRS1,1568,0.178
GEM,1576,0.1779
NDRG4,1500,0.1779
AK4,1584,0.1779
ABCD3,1592,0.1779
KIAA0753,1592,0.1779
VIPR2,1382,0.1779
UROS,1571,0.1779
AP1B1,1565,0.1779
TXK,1540,0.1778
RNPEPL1,1536,0.1778
RASSF4,1546,0.1778
TMX3,1571,0.1778
SPATA17,1537,0.1778
AK5,1503,0.1778
TK2,1561,0.1778
SLC29A1,1550,0.1778
SIX1,1546,0.1777
BAG4,1574,0.1777
PPWD1,1579,0.1777
TEX41,1589,0.1777
LMNTD1,1483,0.1777
LY75,1495,0.1777
SNCG,1338,0.1777
BST2,1544,0.1777
CSF3,1199,0.1777
MYCT1,664,0.1777
BANK1,1511,0.1776
VIPR1,1396,0.1776
CDH5,986,0.1776
LAG3,1472,0.1776
CSPG4,1494,0.1775
GLI4,1519,0.1774
B4GALNT4,1479,0.1774
ASB4,1396,0.1774
MYO1F,1489,0.1774
FA2H,1589,0.1774
SERPINE3,1451,0.1774
SATB1-AS1,1459,0.1774
ARL17B,1566,0.1773
PAQR5,1574,0.1773
MAP2K7,1578,0.1773
MAP3K15,1534,0.1772
PDCL,1554,0.1772
CCNE2,1540,0.1772
PPP2R3B,1539,0.1771
MAP3K6,1541,0.1771
RPIA,1565,0.1771
NUDT1,1532,0.1771
SLCO2B1,1479,0.1771
TAF5L,1568,0.1771
FAM135B,1375,0.1771
ELAVL3,1519,0.1771
UNC119B,1550,0.1771
MXD4,1567,0.1771
RPN2,1598,0.177
ANKRD10,1599,0.177
NGDN,1573,0.177
CATSPERD,1489,0.1769
ARL5C,1374,0.1769
SPX,1473,0.1769
PAX8-AS1,1596,0.1769
SLC4A11,1449,0.1769
VPS9D1-AS1,1426,0.1768
FLG-AS1,1534,0.1768
DCP1B,1572,0.1767
SPAG17,1514,0.1767
YBX3,1597,0.1767
VDAC1,1600,0.1767
DCC,1519,0.1767
METTL2B,1593,0.1766
NMNAT3,1548,0.1766
BOLA3,1556,0.1766
PECR,1576,0.1766
PECAM1,1503,0.1766
TPR,1600,0.1765
PIK3CD,1554,0.1765
ZNF140,1561,0.1765
PHYHD1,1527,0.1764
IPO9-AS1,1539,0.1764
EPB41L2,1600,0.1764
TPRA1,1571,0.1763
INHBA,1596,0.1763
EHD1,1581,0.1763
GNA14,1477,0.1763
RSPO3,1527,0.1763
COL12A1,1563,0.1762
ATP6V0D1,1569,0.1762
NALCN,1552,0.1762
MAK,1559,0.1761
ZNF514,1545,0.1761
PDC,1118,0.1761
CD302,1527,0.1761
COX20,1582,0.176
PRKCZ,1586,0.176
ONECUT1,1203,0.176
SRSF5,1595,0.176
SF3B1,1600,0.176
KBTBD8,1447,0.176
PRDM1,1570,0.176
YOD1,1578,0.1759
PLBD1,1524,0.1759
FAM171A1,1567,0.1759
CYP4F12,1355,0.1759
APOL4,1144,0.1759
SPRR1A,341,0.1758
DEAF1,1588,0.1757
SAMD12-AS1,1497,0.1757
BATF2,1472,0.1757
SUB1,1594,0.1757
PTPN21,1574,0.1757
CALCRL,1457,0.1757
LY6G6C,1374,0.1756
FGF2,1564,0.1756
MRPL39,1559,0.1756
PRMT1,1577,0.1756
DEPDC4,1526,0.1756
LSM14B,1562,0.1755
GINS2,1520,0.1755
PGS1,1565,0.1755
LRRC52,133,0.1755
FAM216A,1556,0.1754
ATAD3C,1404,0.1754
RFK,1566,0.1754
TLR2,1437,0.1754
VKORC1L1,1585,0.1753
ENTPD2,1342,0.1753
PTCHD4,1592,0.1753
RGS4,1479,0.1753
CCDC125,1571,0.1752
MLEC,1598,0.1752
XAB2,1554,0.1752
TAGLN2,1591,0.1752
EPHX1,1576,0.1752
SALL4,1501,0.1752
PRIMPOL,1558,0.1752
B3GAT2,1500,0.1752
RGMB,1568,0.1751
SLC7A11-AS1,1543,0.1751
STUM,1092,0.1751
COASY,1558,0.175
RAD54L2,1586,0.175
AEN,1562,0.175
RPA2,1552,0.175
C5AR1,1560,0.175
EPHA5,1540,0.175
LIMS2,1380,0.1749
ADGRE1,1103,0.1749
GSTA3,85,0.1748
AP1G2,1564,0.1748
KPNB1,1599,0.1748
DPF3,1530,0.1748
CD209,81,0.1748
RAB31,1590,0.1748
DNAJC16,1568,0.1748
NFYB,1565,0.1748
GPRC5C,1541,0.1747
RCC1,1594,0.1747
PLCD4,1530,0.1747
ZNF703,1531,0.1747
RBM20,1576,0.1746
TXNRD3,1560,0.1746
PM20D2,1556,0.1746
SH2D3A,1559,0.1746
ST3GAL5,1546,0.1746
ANXA6,1570,0.1745
BIVM,1584,0.1745
CCDC40,1552,0.1745
LGI3,350,0.1744
BHLHE40,1600,0.1744
CPB2-AS1,1528,0.1744
COPG2,1582,0.1744
BAMBI,1557,0.1744
ZNF740,1552,0.1743
ZNF211,1524,0.1742
EIF5,1595,0.1742
HLA-F-AS1,1538,0.1742
FAM110B,1516,0.1742
FAM234A,1578,0.1742
FAM102B,1571,0.1741
SMO,1518,0.1741
RNASEH2C,1542,0.174
RPUSD4,1559,0.174
DERL2,1566,0.174
GATC,1573,0.174
NEUROG2,253,0.174
NEO1,1593,0.1739
ARHGEF5,1465,0.1739
ZNF551,1575,0.1739
CTSS,1565,0.1739
GCNT2,1585,0.1739
SKA3,1540,0.1739
C1GALT1C1,1540,0.1739
PLEKHO2,1543,0.1738
ZNF468,1530,0.1738
SNTB2,1592,0.1738
ERI2,1577,0.1738
RNPC3,1579,0.1737
PROSER2,1573,0.1737
CYP2R1,1545,0.1737
ST8SIA1,1516,0.1736
WT1,1410,0.1736
SCD5,1574,0.1736
EGF,1497,0.1736
KIAA2012,1485,0.1736
TMEM245,1596,0.1736
LSR,1581,0.1735
ADGRL2,1599,0.1735
ENG,1540,0.1735
NR2F6,1540,0.1735
PRPF31,1562,0.1734
UGDH-AS1,1554,0.1734
ACTR3B,1560,0.1733
LRFN4,1523,0.1733
ADRA2A,485,0.1733
FGF11,1514,0.1733
TRIM29,1474,0.1733
COPS5,1584,0.1732
PKP4-AS1,1501,0.1732
PEMT,1556,0.1732
LYSMD3,1600,0.1732
MOCS2,1557,0.1731
GABRR2,1542,0.1731
SLC2A14,1522,0.1731
ENOX2,1571,0.173
COL16A1,1483,0.173
KNTC1,1581,0.173
ATP10A,1550,0.1729
HCN1,1541,0.1728
ZFHX4,1561,0.1728
LACTB,1567,0.1728
ZNF532,1582,0.1728
PAXIP1-AS2,1540,0.1728
TRPC6,1429,0.1728
ATP7B,1561,0.1727
ZNF587,1566,0.1727
ACOT11,1546,0.1727
TMEM132B,1537,0.1727
CCL28,1531,0.1727
FOXA3,1257,0.1727
TMED8,1571,0.1727
MFSD12,1582,0.1726
MLST8,1526,0.1726
TOMM70,1596,0.1726
ALPI,87,0.1726
PFDN5,1588,0.1726
CTDSPL2,1599,0.1726
KLF14,192,0.1725
AMPD2,1559,0.1725
C4BPB,1493,0.1725
PYY,1538,0.1725
PCGF1,1539,0.1724
MSRB3,1595,0.1724
HGD,1522,0.1724
ALAS1,1569,0.1723
BCL11B,1563,0.1723
ZNF287,1457,0.1723
ARPC5,1596,0.1723
WDR62,1549,0.1723
CLDND1,1593,0.1723
ENO2,1600,0.1723
NTRK2,1468,0.1722
ISG15,1590,0.1722
RBM26,1600,0.1722
ELOC,1596,0.1722
WASF3,1570,0.1721
CTSA,1590,0.1721
UBE2T,1539,0.1721
MGME1,1562,0.172
TRPV1,1561,0.172
CYP26A1,1003,0.172
PILRB,1587,0.172
SIM2,1554,0.172
PRSS22,1516,0.1719
VWA1,1519,0.1719
SLC30A10,1488,0.1719
MN1,1562,0.1718
TFEB,1544,0.1718
ITGA9,1552,0.1717
GAS6,1556,0.1717
ANXA11,1600,0.1717
LILRA2,197,0.1717
FAM182B,1519,0.1716
HERC3,1594,0.1716
TRMT112,1589,0.1716
KIF21B,1493,0.1716
EXTL2,1547,0.1716
SLC2A9,1531,0.1715
INO80E,1560,0.1715
ASPDH,427,0.1715
CBX3,1596,0.1715
ZNF775,1541,0.1715
SHC3,1563,0.1714
SLIT2,1593,0.1714
NDUFAF7,1576,0.1713
APBA2,1573,0.1713
DDA1,1553,0.1713
MED28,1586,0.1713
BUD31,1579,0.1713
SLC13A3,1555,0.1713
RAB21,1599,0.1713
FMO5,1516,0.1713
DCLK1,1546,0.1713
SLC26A9,1167,0.1713
CCNH,1599,0.1713
HELLPAR,1545,0.1713
RIOK1,1572,0.1712
MAN1A2,1600,0.1712
ECM1,1564,0.1712
ARSD,1547,0.1712
LIG1,1554,0.1712
HNRNPH2,1582,0.1712
KCTD12,1512,0.1712
TXNRD2,1548,0.1711
TFAP2C,1553,0.1711
SHQ1,1588,0.1711
TMEM92-AS1,1463,0.1711
LONRF2,1523,0.1711
MTERF3,1554,0.1711
GALM,1544,0.1711
LACC1,1532,0.1711
NRCAM,1593,0.171
VPS25,1544,0.171
TMEM217,1526,0.171
MRPS35,1584,0.171
UNC5C,1521,0.171
NBPF9,1554,0.171
DGKB,1541,0.171
ANGPT2,1511,0.1709
TFAP2A,1580,0.1709
ZNF16,1554,0.1709
PLA2G5,1175,0.1709
CD248,177,0.1709
ERCC8,1594,0.1709
SNX32,1545,0.1709
DSCAML1,1540,0.1708
UNC13B,1583,0.1708
PLSCR4,1522,0.1708
LYPD6B,1553,0.1707
GNPNAT1,1591,0.1707
RASSF5,1560,0.1707
PET100,1527,0.1707
GABRA3,1510,0.1707
APOBEC3F,1538,0.1707
CD40,1494,0.1707
GCGR,615,0.1707
TLDC2,1463,0.1707
OR2A7,1145,0.1707
GRIK4,1541,0.1706
ALKBH4,1541,0.1706
TXNDC16,1562,0.1706
GNG4,1575,0.1705
STPG4,1576,0.1705
CEPT1,1592,0.1705
DDX11,1552,0.1705
SMG8,1541,0.1705
EPS8L1,1518,0.1705
LCNL1,311,0.1705
BTBD17,97,0.1705
IL19,1403,0.1705
CDR2L,1555,0.1704
BDH1,1549,0.1704
GSN,1586,0.1704
ENTPD6,1574,0.1704
ZBTB2,1560,0.1704
DRAM1,1568,0.1704
PARD6G-AS1,1555,0.1704
CHEK1,1585,0.1703
COL5A1,1584,0.1703
DOC2B,1353,0.1702
ACSS1,1516,0.1702
DGKE,1558,0.1702
ATP6V1E1,1578,0.1701
CASS4,1537,0.17
COL15A1,1419,0.17
PCYOX1,1597,0.17
MAMDC2-AS1,1520,0.1699
POLE,1578,0.1699
RMDN1,1580,0.1699
MRPL1,1587,0.1699
NKAIN4,1376,0.1699
CBX2,1518,0.1699
ESM1,1529,0.1698
RSAD1,1559,0.1698
AHSG,1478,0.1698
KAT14,1551,0.1698
TPTE,1522,0.1698
SLC2A12,1533,0.1698
TMEM94,1567,0.1697
DDAH1,1587,0.1697
TM2D2,1543,0.1697
GRAMD2B,1584,0.1697
RNF125,1494,0.1696
MYPN,1540,0.1696
ZNF414,1523,0.1696
NNMT,1541,0.1696
LPCAT4,1563,0.1696
OTX1,1478,0.1696
HRH2,1191,0.1696
SUPT4H1,1578,0.1695
CPA1,116,0.1695
ACOX2,1285,0.1695
KISS1,1391,0.1695
EXD2,1568,0.1695
GRIN2A,1535,0.1695
FIGNL2,1087,0.1695
TRIM16L,1476,0.1694
AIFM2,1563,0.1694
ABHD5,1588,0.1694
SPANXA2-OT1,1554,0.1694
BARX2,1526,0.1693
SESN1,1578,0.1693
NAV2-AS4,200,0.1693
HNF1A-AS1,1511,0.1693
GABRB1,1423,0.1692
SIGLEC6,217,0.1692
ZNF503,1559,0.1692
AZU1,1424,0.1692
SNX16,1564,0.1692
ADAM33,592,0.1692
TNK2,1569,0.1691
CDAN1,1554,0.1691
MROH7,1480,0.1691
BAZ2A,1600,0.1691
NPIPA7,581,0.1691
SYT16,1512,0.1691
INTS3,1578,0.1691
CCNE1,1529,0.169
LILRB1,332,0.169
TTI2,1563,0.169
ATAD3B,1545,0.169
APBB1,1511,0.169
CH25H,562,0.169
GNG10,1554,0.169
SLFN12,1423,0.1689
DPAGT1,1531,0.1689
MCUB,1577,0.1689
FERMT3,1499,0.1689
KCNAB1,1523,0.1689
LY9,458,0.1688
SYT17,1558,0.1688
PYROXD1,1577,0.1688
KIFC2,1540,0.1688
MROH9,1296,0.1688
ANKRD31,1488,0.1688
SNRPN,1586,0.1688
PPP1R14C,1526,0.1688
GALNT12,1536,0.1688
SPAG16,1566,0.1688
JAG2,1534,0.1687
ARHGDIB,1406,0.1687
HBA1,441,0.1686
NTN1,1561,0.1686
BCAS1,1525,0.1686
ZNF225,1528,0.1686
PLA2G4A,1573,0.1686
RECQL5,1564,0.1685
THNSL1,1523,0.1685
CDC7,1541,0.1685
TRIM3,1566,0.1685
TBC1D9B,1597,0.1684
PINX1,1541,0.1684
PNCK,1519,0.1684
VKORC1,1572,0.1684
IL1RN,1323,0.1684
RBM43,1530,0.1683
CCND3,1578,0.1683
VIM-AS1,1531,0.1683
ZNF714,1558,0.1683
CD200R1,1497,0.1683
CHMP4C,1569,0.1682
DCXR,1543,0.1682
NUB1,1596,0.1681
B3GNT7,1284,0.1681
AAMDC,1586,0.1681
NEXN,1560,0.1681
DDIAS,1544,0.1681
FAM83B,1573,0.168
ZNF451,1596,0.168
OVOL1,1274,0.1679
HBA2,157,0.1679
SELENOT,1582,0.1679
FBXL19,1552,0.1679
PDIK1L,1532,0.1678
PADI3,1230,0.1678
CAPRIN1,1598,0.1678
TACO1,1539,0.1678
TTC38,1569,0.1678
RCVRN,248,0.1678
GNA15,1511,0.1677
ZNF695,1523,0.1677
IGHE,173,0.1677
AR,1534,0.1677
GPR143,1397,0.1677
FAM72B,1432,0.1677
APOBEC3C,1552,0.1676
YEATS4,1565,0.1676
DHRS9,1538,0.1675
AGTR1,1243,0.1675
PPY,113,0.1674
KDELR3,1560,0.1674
DEDD,1562,0.1674
CXCL6,950,0.1674
MYT1,1407,0.1674
CAT,1577,0.1674
HCK,1302,0.1674
TBL1XR1,1600,0.1673
PRPF4,1579,0.1673
ANO5,1526,0.1672
MYB,1440,0.1672
CRB1,1496,0.1672
TADA2B,1541,0.1672
CCDC33,1441,0.1671
PSME3,1574,0.1671
TMPRSS9,1523,0.1671
KIAA1191,1586,0.167
TINAG,1085,0.167
RNPS1,1589,0.1669
SCAF1,1574,0.1669
SLC28A3,1342,0.1669
REPS2,1562,0.1669
CCDC180,1507,0.1668
ADRB2,1420,0.1668
RBM23,1578,0.1668
ANKAR,1570,0.1668
MIEF2,1508,0.1668
TCEAL4,1588,0.1667
MALL,1432,0.1667
EPB41L4B,1585,0.1667
ZNF319,1483,0.1667
SLC22A1,1545,0.1667
DCST1,1285,0.1667
EDARADD,1518,0.1667
CD226,1528,0.1667
CSTF3,1599,0.1666
MCOLN3,1496,0.1666
PADI2,1378,0.1666
ATP6V1A,1596,0.1666
MIA,1479,0.1666
GPR146,1535,0.1666
MMP23B,153,0.1666
QPRT,1535,0.1666
TTC24,215,0.1666
PTPRG-AS1,1548,0.1666
PIGL,1583,0.1666
IFT74,1568,0.1666
ADAM22,1559,0.1666
GNG2,1527,0.1665
UBE3B,1561,0.1665
FGFR2,1563,0.1665
FHDC1,1550,0.1665
PTGES2,1554,0.1665
SAE1,1578,0.1665
MSI2,1599,0.1665
EOMES,681,0.1664
MDN1,1592,0.1664
EXOG,1576,0.1664
UGDH,1598,0.1664
NKD2,1517,0.1663
MLPH,1588,0.1663
KIAA0930,1554,0.1663
MAGEA8-AS1,32,0.1662
MIR2052HG,1539,0.1662
CABYR,1527,0.1662
LRRIQ1,1414,0.1661
SLC13A4,1493,0.1661
TATDN2,1565,0.166
EPB41L4A,1569,0.166
KLF3-AS1,1526,0.1659
MRPS27,1588,0.1659
ABCA9,1254,0.1659
TTLL10,1149,0.1659
G2E3-AS1,1512,0.1659
ST6GAL1,1571,0.1659
ATP6V0C,1579,0.1659
PHF19,1544,0.1658
NFKBIB,1572,0.1658
ADAMTS17,1546,0.1658
RNASE7,188,0.1658
LUM,1295,0.1658
SLC38A10,1587,0.1657
ABCA3,1541,0.1657
CLNS1A,1596,0.1656
ZNF682,1478,0.1656
FGD2,835,0.1656
KCND2,1537,0.1656
GOLGA8R,740,0.1655
VARS2,1543,0.1655
SMOC2,1453,0.1655
TTF1,1583,0.1655
STIM1,1581,0.1655
DNAH14,1596,0.1654
GPR162,869,0.1654
GTF2F2,1595,0.1653
BIN1,1564,0.1653
EXOSC9,1564,0.1653
UQCRC1,1581,0.1653
CBFB,1596,0.1652
MED20,1545,0.1652
PLAGL1,1571,0.1652
ACOXL,1502,0.1652
GJC2,1440,0.1651
TMC6,1559,0.1651
EPM2A,1545,0.1651
CC2D1A,1580,0.1651
YTHDC2,1590,0.1651
PXN-AS1,1531,0.1651
KIF26A,1445,0.1651
KIAA0513,1551,0.165
C2CD6,1507,0.165
ASB8,1559,0.165
PDCL2,1350,0.165
TSEN15,1563,0.165
YY1,1597,0.165
ADAT2,1548,0.1649
CAMK2N1,1576,0.1649
B3GNT3,1454,0.1649
CLDN23,1081,0.1649
GEMIN4,1529,0.1649
COLEC11,1508,0.1649
SNX19,1570,0.1648
ZNF624,1550,0.1647
MYO3B,1485,0.1647
LMOD1,1284,0.1647
EVX1-AS,114,0.1647
ARNT2,1555,0.1647
LDHD,1196,0.1646
EXPH5,1591,0.1646
DIO3OS,1349,0.1646
BLVRA,1569,0.1645
DMTN,1487,0.1645
PTP4A3,1484,0.1645
XKR6,1585,0.1645
B2M,1600,0.1645
PARN,1594,0.1645
MMP25-AS1,1538,0.1644
EBPL,1548,0.1644
EYA1,1576,0.1644
MSI1,1323,0.1644
OPRM1,1415,0.1643
PYCR2,1553,0.1643
ZNF883,1412,0.1643
FOXA2,1509,0.1643
CACNG7,1336,0.1643
ZNF672,1532,0.1643
ERI1,1582,0.1643
ACVR1C,1552,0.1643
RNFT2,1543,0.1642
COQ8B,1559,0.1642
RAB7B,1210,0.1642
HNF4G,1559,0.1642
CCDC47,1600,0.1642
ALG5,1578,0.1641
ZBTB46,1569,0.1641
TMEM232,1542,0.1641
HCG18,1598,0.1641
FAM149B1,1579,0.1641
HAND2,1177,0.1641
GTF2I,1591,0.164
CACNA1E,1414,0.164
SLC37A2,1480,0.164
NCDN,1535,0.1639
LRG1,1366,0.1639
ZBTB40,1578,0.1639
FREM1,1399,0.1639
VPS35,1597,0.1639
PTPN7,966,0.1638
SCFD1,1600,0.1638
EDC3,1572,0.1638
TSPO2,159,0.1638
UNC13A,1569,0.1637
PYGM,1543,0.1637
SMC3,1600,0.1637
TRAK2,1588,0.1636
TMEM154,1499,0.1636
EDNRB,1269,0.1636
TEC,1578,0.1636
HDAC10,1538,0.1636
ZNF223,1494,0.1635
SLC6A3,1194,0.1634
RIMS1,1491,0.1634
UQCC2,1556,0.1634
CLPB,1580,0.1634
CPNE4,1546,0.1634
TNFRSF11B,1505,0.1634
CDH24,1515,0.1634
ONECUT2,1550,0.1633
GHR,1582,0.1633
PROX1,1589,0.1633
FADS1,1577,0.1632
LMLN-AS1,607,0.1632
CD276,1582,0.1632
DOCK11,1565,0.1632
PHF1,1565,0.1632
CHRNA10,1458,0.1632
NCAPD3,1577,0.1632
STRADB,1542,0.1631
GSTO1,1587,0.1631
CXCR3,232,0.1631
EXOC8,1557,0.1631
TBC1D2,1568,0.1631
ALDH1A2,1546,0.163
LCN15,562,0.163
SLC47A1,1514,0.163
BPGM,1545,0.1629
LHX4,1437,0.1629
JPT1,1595,0.1629
ABHD6,1537,0.1629
NOL9,1578,0.1629
JPH1,1513,0.1629
MUC13,1578,0.1629
PER1,1587,0.1629
GGA2,1594,0.1629
DENND6A-AS1,1517,0.1629
HAGLR,1348,0.1628
SF3B6,1580,0.1628
CABLES2,1558,0.1628
LHFPL5,1545,0.1628
WDR45,1546,0.1628
CTSK,1565,0.1628
ACOT13,1578,0.1628
FNDC7,1474,0.1628
NUTM2A-AS1,1589,0.1627
TAF4B,1590,0.1627
ACTR5,1566,0.1627
MEI1,1510,0.1627
CORO1B,1556,0.1627
SLC6A16,1526,0.1627
MOGAT3,1322,0.1626
FOXJ1,715,0.1626
SCEL,1556,0.1626
CBR1,1544,0.1626
SERINC1,1599,0.1625
VWA5A,1503,0.1625
MORC4,1591,0.1625
OGFOD1,1569,0.1625
SH2D4B,1440,0.1625
TXNDC17,1574,0.1625
M6PR,1576,0.1625
COL4A3,1545,0.1625
ULK3,1528,0.1624
MIER2,1548,0.1624
LANCL1,1592,0.1623
MELTF,1568,0.1623
INO80D,1598,0.1622
TREM1,1369,0.1622
CITED4,1325,0.1622
SLC30A1,1584,0.1621
TDO2,1456,0.1621
RSPH6A,1472,0.1621
DLX2,1468,0.1621
SNX21,1540,0.1621
MOK,1557,0.1621
CCDC39,1504,0.162
FAM13A-AS1,1539,0.162
CHMP4A,1573,0.162
TMED9,1595,0.162
FJX1,1439,0.162
TMEM200A,1493,0.162
PSMB6,1564,0.1619
PITPNB,1596,0.1619
PHGR1,1087,0.1619
LPCAT3,1578,0.1619
NEK9,1583,0.1619
FYB1,1422,0.1618
FAM78B,1533,0.1618
LIX1L,1575,0.1618
SRPX2,1494,0.1618
ARHGEF38,1569,0.1618
DNPH1,1538,0.1618
PCOLCE2,1542,0.1617
FAM174B,1567,0.1617
PRLR,1489,0.1617
MUC4,1532,0.1617
ALPK3,1557,0.1617
RNASEH2B,1554,0.1617
COX6B2,1365,0.1616
VAT1L,1451,0.1616
OGFOD2,1522,0.1616
EGLN2,1548,0.1616
XDH,1558,0.1616
SNX27,1595,0.1616
CRTAC1,1533,0.1615
MSANTD1,1486,0.1615
HECW2,1563,0.1615
CLIC3,1062,0.1615
PAK3,1563,0.1614
COG1,1572,0.1614
KAT5,1557,0.1614
CUBN,1555,0.1614
GABPB2,1567,0.1614
IRF3,1584,0.1614
ZNF93,1526,0.1613
KIF3C,1548,0.1613
CBY1,1547,0.1613
PARVA,1591,0.1612
DIMT1,1568,0.1612
GPANK1,1542,0.1612
GUCA1B,1544,0.1612
APH1B,1556,0.1612
SLFN12L,1230,0.1612
RETREG1,1566,0.1611
PURG,1178,0.1611
KLK8,979,0.1611
RBM34,1443,0.1611
CPNE2,1552,0.1611
VPS13A,1599,0.161
GKN2,494,0.161
ZNF57,1513,0.161
PDZD8,1600,0.161
BUB3,1596,0.161
CAPS2,1566,0.1609
DCAF7,1600,0.1609
CHD4,1600,0.1609
FLRT3,1444,0.1609
TSPAN10,1412,0.1609
CSMD2,1517,0.1609
USP9X,1600,0.1609
ANKRA2,1571,0.1608
CORO1C,1600,0.1608
GOLGA1,1580,0.1607
GID4,1555,0.1607
CA5B,1596,0.1607
UPK2,1489,0.1607
AP1M2,1486,0.1607
SLIT3,1533,0.1606
METTL21A,1575,0.1606
PPFIA2,1464,0.1606
LGR6,1478,0.1606
LRRC2,1315,0.1605
NNT-AS1,1565,0.1605
AZIN2,1558,0.1605
SUN3,1468,0.1605
FAM229A,1505,0.1605
NCF2,1490,0.1605
TRMT10C,1559,0.1604
AP5B1,1539,0.1604
PAXBP1-AS1,1502,0.1604
TGFB1I1,1494,0.1604
ASB16,1487,0.1603
SERPINI1,1565,0.1603
MMGT1,1562,0.1602
MRPL47,1556,0.1602
FAN1,1587,0.1602
RHOBTB3,1596,0.1602
GPC5-AS1,415,0.1601
TMEM43,1575,0.1601
NFE2L3,1574,0.1601
FGF13,1577,0.1601
ASIC2,1559,0.1601
NLGN4X,1520,0.1601
CNTFR-AS1,262,0.1601
TMEM61,826,0.16
RNF5,1539,0.16
HSD17B11,1581,0.16
MATN1,1302,0.1599
NR1H2,1564,0.1599
FZD2,1408,0.1599
DENND2A,1534,0.1599
FBXO7,1584,0.1599
GAD1,1541,0.1598
NEIL2,1521,0.1598
CDH11,1597,0.1598
GMFG,1463,0.1598
SPON2,1514,0.1597
GJA3,1457,0.1597
METTL1,1521,0.1597
SNHG17,1566,0.1597
SLC2A5,1410,0.1596
SLC25A25,1586,0.1596
NFKBID,1550,0.1596
MCM3AP-AS1,1538,0.1596
INPP5D,1536,0.1596
FGF7,1346,0.1595
A1BG-AS1,1510,0.1595
UCKL1-AS1,1530,0.1595
SLC35G1,1539,0.1595
DERL1,1590,0.1595
ICA1,1593,0.1594
SOCS2,1534,0.1594
HOXB2,1443,0.1594
NDUFA3,1564,0.1594
ZNF574,1532,0.1594
SAXO1,1478,0.1593
DACT1,1320,0.1593
TMEM19,1538,0.1593
LRRC4C,1522,0.1593
SH2D3C,1442,0.1593
IQCM,1450,0.1592
PIGO,1537,0.1592
B3GAT1,997,0.1592
CYP27A1,1549,0.1592
WNT5A,1577,0.1592
ADA,1553,0.1592
DSG3,1496,0.1592
UGT2B7,1418,0.1591
ABLIM2,1560,0.1591
THBS2,1536,0.1591
SERPINF2,1425,0.159
SPNS2,1556,0.159
IL12RB2,1494,0.159
IGSF5,1085,0.159
PPP1R3C,1581,0.159
CARD18,1533,0.1589
PRPF38B,1594,0.1589
TMEM127,1572,0.1589
RC3H2,1596,0.1589
ZNF853,1303,0.1589
GABARAPL2,1587,0.1589
CCDC17,1481,0.1588
TIMM50,1551,0.1588
ADAM23,1555,0.1588
CSF2,1394,0.1587
CCDC73,1488,0.1587
USH1G,263,0.1587
SIAH2-AS1,1476,0.1586
NOSTRIN,1547,0.1586
PLA2R1,1562,0.1586
POLR3GL,1555,0.1586
IL12RB1,1183,0.1586
CPS1,1597,0.1586
SLC46A1,1525,0.1585
ZNF570,1532,0.1585
ADAM8,1551,0.1585
MFSD6,1570,0.1585
FBXO45,1575,0.1585
SLC4A3,1506,0.1585
GSTCD,1584,0.1584
PLEKHG5,1564,0.1584
ABCC6,1492,0.1584
SLC8A1-AS1,1522,0.1584
NMI,1559,0.1584
LSAMP-AS1,990,0.1584
ICMT,1554,0.1584
HEXA,1594,0.1583
AMPD1,1282,0.1583
TMEM230,1579,0.1582
DAB1,1546,0.1582
SLC2A7,688,0.1582
FGF21,134,0.1582
CSF1R,1404,0.1582
SETDB2,1562,0.1581
RETSAT,1569,0.1581
PGF,1517,0.1581
PGAM4,769,0.1581
VWA3A,1495,0.1581
CCDC141,1261,0.158
TTC6,1554,0.158
TERF2,1579,0.158
STK32B,1549,0.158
PNPLA1,1461,0.158
SIRPB2,560,0.158
ASCC2,1569,0.1579
FOXO4,1506,0.1579
SLC9B2,1556,0.1579
ZBTB37,1573,0.1579
KANK4,1304,0.1579
PPM1M,1492,0.1579
THEM4,1572,0.1579
MANSC1,1434,0.1579
SEMA3D,1590,0.1578
CLNK,1286,0.1578
ZNF470,1536,0.1576
PREX1,1531,0.1576
KCTD18,1548,0.1576
LRRN3,1500,0.1576
CREBL2,1557,0.1576
EBF2,1361,0.1576
AMH,1330,0.1576
SEC22C,1564,0.1576
COL9A2,1192,0.1575
SORL1,1583,0.1575
KLC1,1600,0.1575
ADAT1,1541,0.1575
CHSY3,1561,0.1574
FOXQ1,1553,0.1574
ZNF528-AS1,1473,0.1574
SNAPC1,1591,0.1573
HEPH,1442,0.1573
SLITRK5,1433,0.1573
SDHAF3,1534,0.1572
WDR97,1480,0.1572
THEMIS,1279,0.1572
CSMD1,1530,0.1572
CAMKK2,1572,0.1572
CD81-AS1,1418,0.1572
EFHC2,1215,0.1571
CEACAM19,1536,0.1571
DCLRE1A,1532,0.1571
CIB3,1370,0.1571
PTPRF,1597,0.1571
HDAC2-AS2,1535,0.1571
RAD23A,1585,0.157
MIR3142HG,1536,0.157
P3H2,1594,0.157
ALOX5,1487,0.157
SGK2,1528,0.1569
SLC45A2,1404,0.1569
KCNMA1-AS1,1446,0.1569
STEAP2-AS1,1501,0.1569
ARHGEF19,1491,0.1569
SIM1,1283,0.1569
TUBB4A,1134,0.1569
NKPD1,1320,0.1568
PRDM16,1551,0.1568
HCN2,1531,0.1568
PTX3,1521,0.1568
SPC24,1547,0.1568
DNAH8,1475,0.1568
PADI1,1502,0.1568
RWDD3,1571,0.1568
SNX31,1524,0.1567
ZNF625,1496,0.1567
GRID1,1511,0.1567
TMOD1,1563,0.1567
PRR14,1545,0.1567
GPA33,1357,0.1567
CFTR,1518,0.1567
SLC22A14,1533,0.1567
ANKMY1,1582,0.1566
SPRR2D,525,0.1566
RTL6,1531,0.1565
HAUS3,1552,0.1565
HSH2D,1565,0.1565
RBBP8NL,631,0.1565
ENTPD1-AS1,1590,0.1565
TMEM63A,1583,0.1564
MED19,1559,0.1564
NOM1,1578,0.1564
TRA2B,1600,0.1564
ARL4D,1537,0.1564
ROR2,1565,0.1564
SLFN11,1555,0.1563
RBMS3-AS3,1519,0.1563
KRT4,497,0.1563
STARD3NL,1571,0.1563
TSPO,1576,0.1563
GUCY1A2,1518,0.1562
QPCT,1497,0.1562
BTN3A2,1556,0.1562
CAVIN3,1399,0.1562
PANX1,1572,0.1562
PKDREJ,121,0.1561
WDR55,1565,0.1561
NBPF20,1542,0.1561
SIX5,1532,0.1561
YRDC,1553,0.1561
C1QTNF3,1507,0.1561
LSM11,1557,0.156
CACNA1H,1476,0.156
COCH,1537,0.156
TMEM200B,1238,0.156
OSR2,1488,0.156
ERVK13-1,1550,0.1559
RAD1,1564,0.1559
F2RL1,1553,0.1559
PINCR,1349,0.1558
OPA1-AS1,1444,0.1558
NME9,1515,0.1558
SMIM5,1109,0.1558
LSMEM2,1499,0.1558
ZNF786,1538,0.1558
FAM117A,1574,0.1557
MPPED2,1249,0.1557
CLYBL,1582,0.1557
GPR160,1546,0.1557
S100A9,1370,0.1556
SLC6A14,1493,0.1556
CABLES1,1565,0.1556
YPEL3,1496,0.1556
MTA3,1594,0.1556
IL17B,1113,0.1556
MAN1A1,1597,0.1555
CCNB2,1557,0.1554
HCLS1,1521,0.1554
MRM1,1480,0.1554
RAB11A,1594,0.1554
KREMEN1,1570,0.1554
PPIL2,1580,0.1553
CCDC6,1596,0.1553
TYK2,1577,0.1553
ITGB6,1562,0.1553
CYB5R2,1374,0.1553
EFCAB10,1541,0.1552
LZIC,1570,0.1552
GNAO1,1517,0.1552
WSCD1,1358,0.1552
MYO1H,1501,0.1551
LRRC17,1476,0.1551
NACA,1600,0.1551
GRM8,1526,0.1551
TMCO1,1592,0.1551
PLS1,1584,0.1551
ZDHHC11B,1539,0.155
TTN,1537,0.155
EML1,1547,0.1549
TWIST1,1524,0.1549
FGF1,1484,0.1549
WDR31,1533,0.1549
KIF5B,1600,0.1549
DSCAS,1315,0.1549
PTPRT,1498,0.1549
ADAMTSL4,1534,0.1549
RNASEL,1519,0.1549
MTOR,1587,0.1549
LFNG,1441,0.1549
ZNF721,1600,0.1548
ST14,1589,0.1548
CDH12,1554,0.1548
EPSTI1,1592,0.1548
HPS6,1511,0.1548
GOLGA8A,1569,0.1547
IGSF9,1331,0.1547
RAB13,1579,0.1547
CACNA2D1,1591,0.1547
MYBPC1,1263,0.1547
SULT1B1,881,0.1547
CYBRD1,1559,0.1547
LHX8,457,0.1546
SUPT20H,1589,0.1546
LTBR,1570,0.1546
DPYS,1399,0.1546
NPPB,899,0.1546
SCN3A,1525,0.1546
FDXR,1549,0.1546
MAPK1,1596,0.1546
SLC38A4,1506,0.1545
EIF5B,1600,0.1545
ANAPC15,1529,0.1545
ZC2HC1B,1191,0.1545
EAF2,1562,0.1545
RHOJ,1483,0.1545
IL6R,1575,0.1545
GATAD2A,1599,0.1545
PTGS1,1500,0.1545
ZBTB39,1535,0.1545
SCARA3,1482,0.1545
MEF2B,1557,0.1545
SERINC2,1575,0.1544
COX19,1593,0.1544
NUDT21,1593,0.1544
FAM30A,47,0.1543
BTG3,1585,0.1543
KCNQ3,1528,0.1543
MYH7B,1474,0.1542
MFSD9,1555,0.1542
HSD17B2,1487,0.1542
MYSM1,1598,0.1542
SYTL4,1527,0.1541
NTNG2,1466,0.154
SHANK1,1536,0.154
WNT7B,1550,0.154
MEOX1,923,0.154
XXYLT1,1582,0.154
CTSE,1093,0.1539
UBE2E3,1593,0.1539
SNHG10,1525,0.1539
PROCR,1547,0.1539
PJA1,1558,0.1538
HORMAD1,1415,0.1538
ZSWIM3,1543,0.1537
TMC4,1557,0.1537
BNC1,1154,0.1537
GTF3C6,1554,0.1537
STON2,1546,0.1536
MNX1-AS1,1077,0.1536
CGB7,968,0.1536
CAV3,1482,0.1536
ANK1,1520,0.1536
GDPD1,1536,0.1535
CHST2,1023,0.1535
HLX,1127,0.1535
TCN1,1409,0.1535
XRCC3,1537,0.1535
PDGFD,1411,0.1535
OLFM4,326,0.1534
CHCHD3,1597,0.1534
ARF4-AS1,1464,0.1534
PUM3,1600,0.1534
ELFN1-AS1,1032,0.1534
SUN2,1579,0.1534
ZBTB8A,1568,0.1534
HOXD3,1467,0.1534
ACE2,1275,0.1533
NPTX2,1139,0.1533
SEC23B,1595,0.1533
DSCAM,1518,0.1533
SPATA6,1579,0.1533
ELK4,1596,0.1533
SH3BGRL2,1557,0.1533
JAM2,1510,0.1533
CD36,1566,0.1533
ENOSF1,1596,0.1533
SLC25A5,1594,0.1533
TMEM50B,1580,0.1533
PLA2G2A,1367,0.1532
ERCC6L,1534,0.1532
WNT7A,1221,0.1532
FAM83H,1542,0.1531
SYT14,1535,0.1531
PPIP5K1,1563,0.1531
R3HCC1,1545,0.153
TOMM34,1571,0.153
BCL6B,409,0.1529
HCRTR1,1100,0.1529
PPP1R3E,1559,0.1529
TAC1,217,0.1528
NRXN1,1546,0.1528
EPHA5-AS1,1186,0.1528
UCK1,1528,0.1528
PKDCC,1435,0.1528
C1QTNF6,1550,0.1528
SRSF4,1600,0.1527
ZFP69B,1519,0.1527
MLXIPL,1521,0.1527
SLC22A18,1563,0.1527
SUMO2,1582,0.1527
SPOCK2,1487,0.1527
DDX3X,1599,0.1526
ATXN7L3B,1581,0.1526
PAPPA2,1532,0.1526
PLXNA4,1507,0.1526
TMEM97,1540,0.1526
MIAT,1510,0.1526
SLC39A4,1496,0.1525
ERLIN1,1573,0.1525
ZNF222,1510,0.1525
NMUR1,374,0.1525
TBC1D17,1556,0.1525
TMLHE-AS1,1498,0.1525
HLA-DQA1,601,0.1525
ING3,1582,0.1524
PSG8-AS1,1092,0.1523
MECR,1545,0.1523
SYPL1,1595,0.1523
NCKAP5L,1547,0.1522
VCAM1,1476,0.1522
IMPA1,1592,0.1522
LAD1,1483,0.1522
FOXJ2,1550,0.1522
TRMT61B,1565,0.1522
MAP3K20-AS1,1550,0.1521
IL20RA,1504,0.1521
FBXO41,1550,0.152
CST6,1150,0.152
RBM10,1593,0.152
EYS,1549,0.152
DHDH,1501,0.152
KLHL21,1565,0.152
LRRC8E,1513,0.152
ISM1,1490,0.1519
DMD,1566,0.1519
SHC1,1591,0.1519
FAM43A,1521,0.1519
SLCO1C1,1461,0.1519
NUDT5,1572,0.1518
SLC25A24,1585,0.1518
MME-AS1,1487,0.1518
NUDT14,1517,0.1518
FAM181B,102,0.1517
EPHX2,1518,0.1517
UBTD1,1559,0.1517
MIR646HG,1554,0.1517
PCSK4,1472,0.1517
LVRN,1562,0.1517
SLC6A20,1506,0.1516
PSMB1,1594,0.1516
ACBD7,1508,0.1516
DTX1,1169,0.1516
CPLX1,1475,0.1516
DAPL1,950,0.1516
QRICH2,1538,0.1515
TMEM25,1528,0.1515
MYO3A,1445,0.1515
LGR5,1544,0.1515
ZNF285,996,0.1515
RNF141,1567,0.1514
CLEC4E,510,0.1514
ZSCAN32,1547,0.1514
U2AF1,1541,0.1514
HSDL1,1564,0.1513
UPB1,1251,0.1513
FAM169A,1574,0.1513
TMUB1,1555,0.1513
B3GLCT,1556,0.1513
LTB4R2,1376,0.1512
HNRNPLL,1593,0.1512
IL3RA,1533,0.1512
DMC1,1476,0.1512
VPS36,1578,0.1511
PRSS48,1481,0.1511
SLC25A25-AS1,1511,0.1511
ASB9,1345,0.151
TSIX,1461,0.151
TRPM3,1544,0.151
DENND3,1582,0.151
CYP39A1,1466,0.151
CD7,990,0.151
ANO3,1484,0.151
STT3A,1589,0.151
FASTK,1549,0.1509
ST8SIA6,1519,0.1509
RNF26,1533,0.1509
PLEKHH2,1565,0.1509
FER1L6,1464,0.1509
EFR3A,1598,0.1509
FEZ2,1599,0.1508
TMEM71,1294,0.1508
MAP3K21,1584,0.1508
KRCC1,1574,0.1508
CD163L1,1576,0.1508
CATSPERE,1544,0.1508
ADD3-AS1,1481,0.1508
ZNF577,1538,0.1508
SURF4,1598,0.1508
PLCG1-AS1,1543,0.1508
FIRRE,1564,0.1507
CMTM7,1584,0.1507
HLA-DQB2,63,0.1507
SNAI2,1501,0.1507
ANXA10,1407,0.1506
LRFN2,1307,0.1506
MYT1L,1454,0.1506
BCAM,1553,0.1506
TCTA,1539,0.1506
PCIF1,1541,0.1506
GMPPB,1535,0.1505
ATP1B2,928,0.1505
ZC3H8,1578,0.1505
AHCYL1,1596,0.1505
CD96,1518,0.1505
NDNF,1427,0.1505
EPB41L4A-AS1,1569,0.1505
PTOV1-AS2,1384,0.1505
PEAR1,1475,0.1505
TNNI2,446,0.1504
NIFK-AS1,1558,0.1504
KATNAL2,1526,0.1504
HYAL3,1484,0.1504
PTCSC3,1075,0.1504
ZNF727,1287,0.1504
GPR161,1547,0.1504
COX5A,1593,0.1504
NCSTN,1573,0.1503
AXDND1,1494,0.1503
RAB3A,1525,0.1503
ZNF34,1521,0.1503
TNS2,1549,0.1503
RASEF,1584,0.1503
SLC22A12,55,0.1502
ZNF511,1568,0.1502
CBX8,1541,0.1502
SPEN,1600,0.1502
TSPAN1,1503,0.1501
SLC16A7,1551,0.1501
IGHV3-43,68,0.1501
KRT19,1599,0.1501
SSPN,1526,0.1501
TLL2,1540,0.1501
CLDN14,1511,0.15
DYNC1I2,1598,0.15
CD101,1419,0.15
GNG12-AS1,1581,0.15
DXO,1526,0.15
XYLT1,1586,0.15
EFNA4,1520,0.1499
ZNF628,1503,0.1499
ZNF585A,1545,0.1499
POU3F1,944,0.1499
LACTB2,1536,0.1499
PCYT2,1515,0.1499
RMI2,1542,0.1499
HBQ1,334,0.1499
TRPM8,1343,0.1498
XCR1,701,0.1498
PITRM1-AS1,1552,0.1498
ZNF529,1564,0.1498
GALNT7,1596,0.1498
TFF2,1367,0.1498
FAHD1,1545,0.1498
FLT1,1500,0.1497
ITGA9-AS1,1559,0.1497
LRRK2,1421,0.1497
GPX2,1517,0.1496
CPLX4,1308,0.1496
PHF21B,1550,0.1496
ZNF823,1550,0.1495
CTXN1,1471,0.1495
GSPT2,1485,0.1495
ARHGAP31-AS1,1308,0.1495
ZAN,1408,0.1495
OSCAR,1491,0.1494
RBM8A,1587,0.1494
SPON1,1544,0.1494
OGG1,1562,0.1494
FMNL1,1551,0.1494
FZD3,1571,0.1494
ING4,1575,0.1494
PTK7,1573,0.1494
TCTN3,1569,0.1493
ADAMTSL3,1508,0.1493
SH2B1,1564,0.1493
NRN1,1558,0.1493
GABRG3,1476,0.1493
SEMA4G,1520,0.1492
TCEAL8,1570,0.1492
SLC25A6,1597,0.1492
FCF1,1579,0.1491
ARL6,1565,0.149
CLSTN2,1541,0.149
ZSCAN16-AS1,1553,0.149
DLX1,1428,0.149
KLK10,1549,0.149
TCF7,1561,0.1489
FBRS,1588,0.1489
SERPING1,1304,0.1489
ADAMTS18,1476,0.1489
IPO8,1594,0.1489
TNFSF15,1428,0.1489
COL24A1,1499,0.1489
F8A1,918,0.1488
NWD1,1500,0.1488
CYP19A1,1451,0.1488
ZNF441,1549,0.1488
IGDCC3,1342,0.1488
CCR1,907,0.1487
EMX2,800,0.1487
PDGFRA,1474,0.1487
SEC13,1593,0.1487
BEX3,1573,0.1487
COL4A4,1554,0.1486
MRPL33,1577,0.1486
KLHDC4,1578,0.1486
PRKCI,1599,0.1486
GTF2A1,1584,0.1486
PRSS8,1453,0.1486
CCNK,1600,0.1486
TMEM163,1558,0.1486
DNAI2,1137,0.1486
LRAT,1555,0.1485
CCNC,1592,0.1485
PLXNA2,1569,0.1485
AMOT,1535,0.1485
ZNF629,1542,0.1485
FPR1,1233,0.1484
CCDC71,1505,0.1484
TMC3-AS1,1509,0.1484
CYB561D1,1535,0.1484
INPP5F,1586,0.1484
AP3S1,1597,0.1483
TRIML2,1482,0.1483
TBCC,1525,0.1483
ST6GALNAC1,1194,0.1483
EMC7,1584,0.1483
LCT,1426,0.1483
SLC25A40,1582,0.1483
OPN3,1563,0.1482
FOLR1,771,0.1482
CALN1,1544,0.1482
PAH,1287,0.1482
PPP6R1,1591,0.1481
ESR1,1506,0.1481
FZD9,529,0.1481
TMEM181,1599,0.1481
OXT,109,0.1481
BAZ1A,1599,0.1481
KMT5A,1556,0.1481
AMER1,1513,0.148
SLC6A5,344,0.148
LANCL1-AS1,1523,0.1479
IQCH,1564,0.1479
GNRH1,1535,0.1479
PMF1,1578,0.1479
RECK,1554,0.1479
CTSO,1524,0.1479
HES2,1337,0.1479
PLCG2,1563,0.1479
COQ10B,1591,0.1478
TEX30,1543,0.1478
ADGRG7,1508,0.1478
NRGN,1416,0.1478
NRM,1510,0.1478
RRP7A,1571,0.1478
PRKAA2,1596,0.1477
YIPF6,1597,0.1477
FIS1,1566,0.1477
CELF2,1587,0.1477
PLA2G4F,848,0.1476
ASS1,1579,0.1476
EHD3,1467,0.1476
ZNF260,1563,0.1476
MAP3K20,1599,0.1476
UBE2M,1584,0.1476
BUB1,1573,0.1475
ARMCX1,1380,0.1475
LRRCC1,1558,0.1475
SLC24A3,1539,0.1475
ADORA2A,1520,0.1475
DAZL,1099,0.1475
HGS,1583,0.1474
CCR7,540,0.1474
FAM161A,1545,0.1474
ANO2,1440,0.1474
MAPRE1,1577,0.1474
HCFC1R1,1556,0.1474
ZNF117,1573,0.1474
SPINK13,1426,0.1473
FGF5,1512,0.1473
VGLL3,1554,0.1472
RGS9,1544,0.1472
CEBPA,1254,0.1472
SPTBN2,1553,0.1472
SSTR1,438,0.1472
ASB6,1527,0.1472
EDA,1555,0.1471
TMEM191B,288,0.1471
SULT1C2,1391,0.1471
PSKH1,1547,0.1471
NXPE3,1549,0.1471
POLR2H,1568,0.1471
CUZD1,1444,0.147
IL18,1550,0.147
TRMT2B,1576,0.147
TUBA4A,1538,0.1469
FLRT2,1549,0.1469
QRSL1,1567,0.1469
CIITA,1411,0.1468
MORF4L2-AS1,1408,0.1468
ADAMTS14,1512,0.1468
COL23A1,1520,0.1468
PPP2R1B,1585,0.1468
TTC39A,1527,0.1468
FAM149A,1477,0.1468
SAMD1,1555,0.1468
MOCS1,1373,0.1468
ADD1,1598,0.1467
COL19A1,1561,0.1467
ACTR1A,1555,0.1467
QDPR,1556,0.1467
STAC2,1361,0.1466
CLHC1,1572,0.1466
PPFIA2-AS1,975,0.1466
SAMD10,1413,0.1466
ASB13,1520,0.1466
CHRM3,1588,0.1466
CCDC85A,1468,0.1466
DRAXIN,1304,0.1465
MROH6,1510,0.1465
FBXW10,1305,0.1465
EIF3L,1598,0.1465
REG4,1186,0.1465
PIGT,1580,0.1465
SNRPE,1567,0.1464
FBN3,1331,0.1464
SLC10A1,1460,0.1464
BTBD1,1594,0.1464
MST1R,1497,0.1464
DDX42,1595,0.1463
CAMK4,1552,0.1463
CGRRF1,1544,0.1463
L3MBTL4,1574,0.1463
FUT9,1441,0.1463
INHBB,1490,0.1463
POMK,1568,0.1463
ESR2,1548,0.1462
GPR142,25,0.1462
FAM185A,1550,0.1462
ALDH3B2,1224,0.1462
ZNF730,1461,0.1462
APOA4,49,0.1462
GLRA1,1438,0.1461
ACSM3,1534,0.1461
DPY19L2,1495,0.1461
GUCY2D,702,0.1461
DGKA,1552,0.1461
METTL6,1572,0.1461
CPEB1,1492,0.1461
SEMA6B,1533,0.1461
PRSS16,1352,0.1461
UPF3B,1594,0.146
COX4I1,1599,0.146
SGCD,1489,0.146
BAG2,1566,0.146
PRR9,148,0.146
TICAM2,1575,0.146
ADGRG1,1577,0.1459
LLGL2,1597,0.1459
IMPA2,1541,0.1459
PRUNE2,1546,0.1459
TCF4-AS2,156,0.1459
GNB1,1600,0.1459
DOCK2,1478,0.1458
CPVL,1495,0.1458
CDHR2,1495,0.1458
PPP1R12A-AS1,1488,0.1458
ELANE,935,0.1458
ZNF135,1103,0.1458
GSDMD,1490,0.1458
ZNF566,1565,0.1458
ARHGEF26,1556,0.1457
ZNF860,1448,0.1457
COLEC10,1493,0.1457
GPRC5D,1497,0.1457
ZNF549,1542,0.1457
ASB14,1501,0.1457
ZNF142,1562,0.1457
BBS2,1576,0.1457
HASPIN,1511,0.1457
IL2RB,1149,0.1456
POSTN,1518,0.1456
ZNF433,1549,0.1456
BAG1,1572,0.1455
TYW5,1578,0.1454
CYP2B6,812,0.1454
CCDC34,1567,0.1454
VASH1,1447,0.1453
STAG2,1600,0.1453
VSNL1,1523,0.1453
F11R,1590,0.1453
FAM171B,1577,0.1453
GDPD4,1410,0.1452
GFOD2,1583,0.1452
ACTL6B,1036,0.1452
TBC1D3B,509,0.1452
KLHL25,1547,0.1452
PIGZ,1539,0.1451
GPBAR1,1114,0.1451
NIN,1594,0.1451
ZCCHC14,1585,0.1451
ZDHHC7,1588,0.1451
ACOT12,1485,0.1451
PHF7,1542,0.1451
SAA1,1484,0.145
EVI2A,1435,0.145
ROS1,1363,0.145
COX6C,1590,0.145
ESRRG,1550,0.145
NFE2,925,0.145
DPH3,1543,0.145
POGLUT1,1544,0.1449
TNFRSF19,1587,0.1449
GNPAT,1585,0.1449
PLEKHH1,1572,0.1449
DIDO1,1595,0.1449
FXYD2,1372,0.1449
TMEM126B,1558,0.1448
ILDR2,1323,0.1448
P4HTM,1535,0.1448
PHF23,1543,0.1447
ZNF114,1459,0.1447
PNKD,1563,0.1447
CXXC4-AS1,1383,0.1446
GEMIN8,1562,0.1446
SLC8A2,1484,0.1446
ZNF250,1547,0.1446
IFI27,1586,0.1445
ZNF555,1535,0.1445
CASC11,1478,0.1444
SMS,1597,0.1444
POLR3H,1530,0.1443
GAL3ST2,1484,0.1443
UQCRC2,1596,0.1443
ARMCX4,1540,0.1443
HACD1,1553,0.1443
HOGA1,1391,0.1443
TNFRSF8,1346,0.1443
ZNF302,1556,0.1442
FALEC,1477,0.1442
FBF1,1544,0.1442
ZNF583,1520,0.1441
MRPL10,1544,0.1441
CACNG3,1222,0.144
TLL1,1367,0.144
AGGF1,1572,0.144
LYPD3,1421,0.144
SLX4,1557,0.1439
RHOU,1516,0.1439
GAS2L1,1540,0.1439
CUX2,1488,0.1439
SERPINB4,1046,0.1439
EBI3,1484,0.1439
RTL3,79,0.1438
DTWD2,1552,0.1438
KBTBD4,1540,0.1438
RNF175,1351,0.1438
GALNT17,1529,0.1437
PTGIS,1421,0.1437
MIXL1,390,0.1437
RPGR,1589,0.1437
SNX12,1556,0.1437
MLH3,1583,0.1436
GLTPD2,228,0.1436
AK1,1533,0.1436
CLEC2B,1575,0.1436
GNG8,364,0.1436
DYSF,1545,0.1436
RBKS,1544,0.1436
SNHG27,772,0.1435
MS4A8,298,0.1435
FXYD3,1476,0.1435
FGF9,1442,0.1435
CTNNA1,1600,0.1434
HNF1A,1278,0.1434
CRELD1,1558,0.1434
KRTAP5-11,258,0.1434
SUV39H1,1518,0.1433
NUS1,1596,0.1433
SCN9A,1547,0.1433
PCSK7,1568,0.1433
COPZ2,1466,0.1433
DRICH1,1420,0.1432
DONSON,1578,0.1432
TMEM14A,1547,0.1431
SLC8B1,1581,0.1431
JOSD1,1583,0.1431
MUC17,1517,0.1431
NIPAL2,1541,0.1431
PROSER1,1557,0.1431
TYMSOS,1528,0.1431
KLK2,467,0.1431
TSSC4,1529,0.143
ZNF324B,1478,0.143
SPEF2,1551,0.1429
CNTRL,1587,0.1429
AP4B1,1538,0.1429
RIPOR3,1505,0.1429
RCBTB1,1547,0.1429
CDC16,1598,0.1429
CFLAR-AS1,1523,0.1428
BECN1,1581,0.1428
DNAJB14,1598,0.1428
GFOD1,1546,0.1427
ZBED5-AS1,1513,0.1427
NDUFAF5,1567,0.1427
MYRFL,1552,0.1427
APOD,1372,0.1427
BEND6,1512,0.1426
CBLC,1481,0.1426
EYA4,1571,0.1426
TMEM9B-AS1,1557,0.1426
MYOM3,1397,0.1426
FHL1,1554,0.1425
RHCG,1457,0.1425
UBTF,1582,0.1425
DACT2,464,0.1425
DNER,1592,0.1425
FBXO8,1549,0.1425
SALL1,1278,0.1424
CCDC88B,1439,0.1424
ANKRD55,1412,0.1424
SEMA6A-AS1,1526,0.1424
NTNG1,1520,0.1424
FAIM2,600,0.1424
HOXB-AS3,1537,0.1424
MTIF3,1579,0.1423
IQCE,1567,0.1423
MC1R,1523,0.1423
FBXO6,1486,0.1423
CYP11A1,1166,0.1423
SMYD2,1569,0.1423
ADCY7,1569,0.1423
APOH,1382,0.1423
RORB,1418,0.1422
ZNF471,1445,0.1422
FGG,1353,0.1422
IL31RA,1468,0.1422
EHHADH,1550,0.1422
EN1,734,0.1421
TAGLN,1538,0.1421
PORCN,1558,0.142
TAF1A,1561,0.142
MTA2,1560,0.142
VEZF1,1591,0.142
TFE3,1576,0.142
SH3BGRL3,1589,0.142
SULF1,1551,0.142
FCRL5,215,0.142
DCHS1,1357,0.142
SMIM31,1470,0.142
RFPL1,115,0.1419
GSTO2,1558,0.1419
SEMA4C,1552,0.1419
PSMG1,1543,0.1419
ADGRF1,1550,0.1419
ZNF337-AS1,1574,0.1418
NLN,1587,0.1418
RSPH9,1503,0.1418
TAPBPL,1516,0.1418
DPYD-AS1,1502,0.1418
CLCNKA,611,0.1418
TH,437,0.1418
GPR137C,1532,0.1418
SLC19A1,1536,0.1418
CYP1A2,175,0.1418
RNF123,1550,0.1418
LRRC20,1520,0.1417
FAM230C,1498,0.1417
MAGI1-AS1,1450,0.1417
ZNF439,1499,0.1417
PLA2G12A,1567,0.1417
HSD3B7,1479,0.1416
TIE1,1000,0.1416
CUEDC1,1580,0.1415
EDN2,1260,0.1415
ZNF43,1520,0.1415
NCR2,112,0.1415
NKAIN3,1541,0.1414
CREG2,1522,0.1414
DRC3,1525,0.1414
RAB3D,1549,0.1414
ST6GALNAC6,1549,0.1414
HS6ST3,1558,0.1413
ASIC3,1426,0.1413
HGF,1526,0.1413
PPFIA3,1548,0.1412
AK9,1556,0.1412
KCNMB3,1534,0.1412
EPHA7,1431,0.1412
IRF4,1329,0.1412
ZNF543,1544,0.1412
SMIM10L2A,803,0.1411
IL36B,1182,0.1411
BRMS1,1538,0.1411
MAEA,1569,0.1411
FBXO4,1541,0.1411
CTHRC1,1504,0.1411
MYL3,1089,0.141
IGSF8,1542,0.141
KCNJ2,1237,0.141
SLC9B1,1541,0.141
TTLL9,1495,0.141
CD69,783,0.141
ZNF792,1475,0.141
COL26A1,1503,0.141
MEGF10,1237,0.141
RNLS,1524,0.1409
F8,1526,0.1409
ZNF626,1438,0.1409
SLCO6A1,1430,0.1408
UBXN10,991,0.1408
MIR99AHG,1593,0.1408
TRPC4,1542,0.1408
MFSD4B,1581,0.1408
GRM1,1391,0.1408
GREM2,1556,0.1408
ZNF726,1432,0.1408
STAC,1548,0.1408
KCNK5,1483,0.1408
ADM2,1444,0.1407
A2ML1,1311,0.1407
ZNF492,778,0.1407
DOLK,1486,0.1407
SLC35E2B,1566,0.1407
MSH4,1526,0.1407
ZNF407,1595,0.1407
ALG3,1547,0.1407
CYB561A3,1538,0.1406
DKK4,403,0.1406
DMBT1,1170,0.1406
FAM13C,1411,0.1406
CPT1C,1492,0.1406
ELK1,1567,0.1406
PRRX2,1472,0.1406
CAMK2A,1231,0.1405
PPARGC1A,1551,0.1405
SLC1A7,727,0.1405
DAGLA,1511,0.1405
HCG22,292,0.1405
CLRN3,1309,0.1405
PIGR,1444,0.1404
PHF8,1591,0.1404
NTM,1554,0.1404
SLC25A27,1554,0.1404
MALRD1,1537,0.1404
MEX3B,1510,0.1403
B9D1,1557,0.1403
CALCA,1492,0.1403
TAF5,1549,0.1403
TRPV2,1453,0.1402
IFNB1,448,0.1402
CCNA1,813,0.1402
CRYGS,1521,0.1402
HLA-B,1600,0.1402
PDZD4,1462,0.1402
CCDC170,1481,0.1402
CAB39L,1589,0.1402
ZFY,1505,0.1401
RAB38,1482,0.1401
VAC14-AS1,1310,0.1401
POLE4,1540,0.14
PHKG1,1546,0.14
OTOG,610,0.14
FLI1,1523,0.14
CEBPD,1561,0.14
SNHG12,1563,0.14
BEX5,1152,0.14
NOS2,875,0.14
SALL2,1085,0.14
RGL3,1585,0.1399
ST6GALNAC4,1521,0.1399
ATF4,1600,0.1399
SPAST,1591,0.1399
KLHL3,1529,0.1398
AATK,1531,0.1398
NGFR,1525,0.1398
TMEM243,1571,0.1398
BCL11A,1553,0.1398
ACKR3,1329,0.1398
POF1B,1589,0.1398
DNAJC11,1584,0.1398
LDAH,1583,0.1397
CCDC66,1590,0.1397
PRSS33,278,0.1397
ZNF746,1567,0.1397
CFH,1548,0.1397
ZMAT2,1597,0.1397
KCTD15,1528,0.1397
IGDCC4,1446,0.1397
CGB2,182,0.1397
SIAH1,1584,0.1396
CYP4F22,1068,0.1396
PACERR,855,0.1395
PDGFRB,1490,0.1395
ADGRD1,1563,0.1395
SNHG1,1573,0.1395
NEXMIF,1483,0.1395
MLC1,689,0.1395
RABIF,1543,0.1395
DMKN,1523,0.1395
IGSF1,1563,0.1394
NBL1,1592,0.1394
SIDT1,1521,0.1394
AAGAB,1579,0.1394
PRSS2,646,0.1394
CLDN7,1587,0.1394
PISD,1583,0.1393
PCDH1,1561,0.1393
ZFYVE27,1575,0.1393
FGL2,953,0.1393
HEATR3,1546,0.1393
PRTFDC1,1536,0.1393
TSTD2,1565,0.1393
UBL4A,1537,0.1392
TM4SF19-AS1,1482,0.1392
XKR9,1540,0.1392
SIGIRR,1528,0.1391
SLC9A3,1523,0.1391
CXCL13,1514,0.1391
GPR156,1542,0.1391
FNDC4,1237,0.1391
TMEM202-AS1,1528,0.1391
DERA,1587,0.1391
MOB3A,1584,0.139
DSEL,1498,0.139
IDH2,1570,0.1389
HCCS,1547,0.1389
ELFN1,1507,0.1388
BCHE,1530,0.1388
CYB5R4,1584,0.1388
GLOD4,1576,0.1388
PELI3,1469,0.1388
TICAM1,1583,0.1387
YWHAQ,1600,0.1387
TMEM242,1565,0.1387
KIF7,1544,0.1387
BHMT2,1234,0.1386
CARD14,1482,0.1386
KLHDC1,1522,0.1386
FCGR2A,1183,0.1386
VANGL2,1165,0.1386
RANBP3L,1374,0.1386
CWC25,1583,0.1386
ADAMTS4,1415,0.1385
HMGN5,1564,0.1385
TIGD7,1529,0.1384
SYDE1,1538,0.1384
CPA5,653,0.1384
KCNAB3,1483,0.1384
RAET1E,1189,0.1384
CCL14,233,0.1384
TBX18,1510,0.1384
TMC5,1581,0.1383
DPY19L1,1600,0.1383
SRD5A3,1555,0.1383
NUDT17,1448,0.1383
FNDC5,1267,0.1383
FSTL5,1557,0.1383
RILPL2,1550,0.1383
GFRA1,1348,0.1382
XPO5,1577,0.1382
TMEM132D,1523,0.1382
TMEM248,1596,0.1382
TBXAS1,1539,0.1382
FHAD1,1549,0.1382
SHH,1303,0.1382
LKAAEAR1,262,0.1381
HACD4,1318,0.1381
IKZF3,1494,0.1381
STYXL1,1585,0.1381
RAB19,1343,0.1381
EPHB3,1520,0.138
PCDH10,1467,0.138
SLC27A5,1527,0.138
LRFN5,1519,0.138
ATG9B,1469,0.138
ARL4A,1581,0.138
ZNF878,1182,0.138
KRT79,827,0.138
ZNF85,1481,0.1379
TTPAL,1545,0.1379
PAPPA-AS1,1398,0.1379
CDC23,1565,0.1379
SEMA5A-AS1,454,0.1379
CMTM1,1548,0.1379
CA8,1578,0.1379
ZNF879,1245,0.1379
CNTN6,1431,0.1378
PDCD2L,1546,0.1378
SNAI1,1521,0.1378
NXPH4,1534,0.1378
SYNDIG1,1443,0.1378
ALDH7A1,1589,0.1377
HLA-DQA2,61,0.1377
KRTAP4-1,244,0.1377
ABHD8,1541,0.1377
PTCRA,870,0.1377
NSA2,1587,0.1377
MTX3,1572,0.1377
SRSF9,1593,0.1377
IL5RA,1395,0.1376
TMEFF1,1572,0.1376
HS6ST2,1566,0.1376
TCL1B,116,0.1376
UGT2A3,490,0.1376
RTL8B,1176,0.1375
ZNF214,1446,0.1375
PPP2R3C,1589,0.1375
ATG2B,1586,0.1375
GCAT,1548,0.1374
HLA-F,1561,0.1374
IKBKG,1493,0.1374
LBHD1,1547,0.1374
CHRAC1,1564,0.1374
PPP1R26-AS1,1562,0.1374
RAB40B,1557,0.1373
EDAR,1465,0.1373
SEC31B,1554,0.1373
PPP1CB,1599,0.1373
HSD17B14,1530,0.1373
DCK,1560,0.1373
PLAC9,1397,0.1373
HID1,1478,0.1373
SMARCA4,1599,0.1373
NDOR1,1547,0.1373
PRR22,1027,0.1372
DNAH10,1522,0.1372
TM9SF3,1600,0.1372
MSX1,1504,0.1372
MRPL16,1563,0.1372
LRRC34,1438,0.1372
CYP2U1,1500,0.1371
ELF3-AS1,1506,0.1371
SCYL1,1577,0.1371
ANKRD18A,1567,0.1371
SOX15,1031,0.1371
ADRA1B,1438,0.1371
ZNF333,1566,0.1371
MAP1LC3B2,1525,0.137
XKR5,683,0.137
SPEG,1486,0.137
EGOT,1161,0.137
XRCC1,1563,0.137
CYGB,1507,0.137
HPD,1328,0.137
PSCA,1316,0.137
CDC42BPG,1506,0.137
ESRRB,1509,0.137
CC2D2A,1556,0.1368
CCR3,1392,0.1368
NMRK1,1544,0.1367
SYNGR2,1566,0.1367
HSD17B6,1395,0.1367
CCDC181,1530,0.1367
RCAN2,1450,0.1367
ARRDC3-AS1,1554,0.1367
RGS22,1467,0.1367
TIFA,1552,0.1367
FHL3,1528,0.1367
TBX20,1416,0.1367
IK,1599,0.1366
NEDD8,1582,0.1366
MYOCD,1352,0.1366
KIAA1755,1244,0.1366
KLRC2,1410,0.1365
PLS3-AS1,1512,0.1365
NAPB,1569,0.1365
P2RX6,1270,0.1364
SEMA6A,1551,0.1364
HECW1,1545,0.1364
FAM184A,1524,0.1363
ENGASE,1541,0.1363
SMIM15,1575,0.1363
CHRNB4,1398,0.1362
PDGFRL,1500,0.1362
NCAM2,1571,0.1362
OLFM2,1537,0.1362
LYG1,1533,0.1362
TRO,1031,0.1361
KCTD2,1562,0.1361
PWRN1,1446,0.1361
FAM216B,365,0.1361
RHAG,735,0.1361
SNX3,1592,0.136
RGS5,1566,0.136
TNFRSF17,148,0.136
ZNF490,1566,0.136
SHC2,1533,0.136
CAMK1,1516,0.1359
SERPINA1,1579,0.1359
OXTR,1529,0.1359
LHFPL3,1547,0.1359
ZNF525,1555,0.1359
FMNL3,1564,0.1359
GLIS2,1543,0.1358
EBAG9,1574,0.1358
DHX9,1600,0.1358
RBM11,1207,0.1358
SOCS1,1419,0.1358
AOC2,1510,0.1358
IMPACT,1556,0.1358
APOA2,1459,0.1358
SLC23A1,1504,0.1358
TECTA,1449,0.1358
CRYBG2,1480,0.1357
SLFN13,1386,0.1357
PACSIN3,1537,0.1357
BSN,1523,0.1357
NIM1K,1541,0.1357
SETD4,1561,0.1357
CDK18,1548,0.1356
MST1,1424,0.1356
HNF4A,1560,0.1356
ZNF773,1518,0.1356
SETMAR,1510,0.1356
GRINA,1580,0.1356
TMEM88,1409,0.1356
PEX5,1556,0.1355
CIZ1,1581,0.1355
IRF5,1368,0.1355
DPH5,1545,0.1355
NFU1,1562,0.1354
PNPLA5,134,0.1354
NLRC4,1488,0.1354
CDH26,1500,0.1353
DSCR9,1471,0.1353
TRPV3,1443,0.1353
AAAS,1548,0.1353
VCAN-AS1,1480,0.1353
CA10,1462,0.1352
TTC39B,1559,0.1352
DKK3,1559,0.1352
AGER,1493,0.1352
C1QL2,128,0.1352
TPSD1,261,0.1351
KLHL17,1517,0.1351
TENM1,1580,0.1351
TAF3,1596,0.1351
RNF207,1530,0.1351
BPIFB4,595,0.1351
SMARCA5,1592,0.1351
ARHGEF39,1512,0.135
RAB9B,1152,0.135
RAX,64,0.135
EMC8,1563,0.135
MRPS9,1584,0.135
CLN6,1558,0.135
SLC1A2,1366,0.1349
MSLN,1249,0.1349
WIPI2,1589,0.1349
CRLF2,1526,0.1349
TTLL1,1532,0.1349
NKRF,1548,0.1348
GRIK2,1595,0.1348
EFCAB3,1475,0.1348
COPS7B,1549,0.1348
STAU2-AS1,1121,0.1348
PLGRKT,1539,0.1348
SLC25A21,1540,0.1348
KBTBD3,1537,0.1348
ESS2,1532,0.1348
LIG3,1561,0.1347
ZNF763,1454,0.1347
NME5,1388,0.1347
HSPA2,1508,0.1347
LNX1,1551,0.1347
METAP1D,1556,0.1347
MB,1090,0.1347
ZNF561,1574,0.1346
GPR65,580,0.1346
IL1RL2,1257,0.1346
HSD11B1,1400,0.1346
IFT27,1542,0.1346
ITGA2B,1526,0.1346
PDE6A,1327,0.1345
CHRNA3,1280,0.1345
AIM2,1497,0.1345
TTC22,1187,0.1345
PCDH9,1588,0.1345
PIP5K1B,1572,0.1345
ABCC9,1460,0.1345
ZNF836,1530,0.1344
SGSH,1532,0.1344
CPN2,322,0.1344
SLC30A9,1599,0.1344
FNDC10,1105,0.1344
KIR2DL4,199,0.1344
MIB2,1534,0.1344
CERNA1,1459,0.1344
DNAJC17,1567,0.1343
DLEU7,1536,0.1343
NTN5,1361,0.1343
ZNF506,1561,0.1343
UBR7,1557,0.1343
FARSA,1555,0.1343
CDK11B,1580,0.1343
AARSD1,1569,0.1343
PHF2,1576,0.1342
SSUH2,1530,0.1342
AKR1D1,1336,0.1342
SAPCD2,1558,0.1342
BORCS8,1517,0.1342
PROM1,1470,0.1342
C1R,1536,0.1342
FAM228A,1320,0.1342
SMAD7,1556,0.1342
ANKRD52,1573,0.1342
ABI3,624,0.1341
FCRLA,1164,0.1341
CRB2,1040,0.1341
FUT1,1256,0.1341
SDHAF1,1511,0.134
TLX1,322,0.134
COPRS,1548,0.134
MEIKIN,1315,0.1339
ACY3,775,0.1339
MYOD1,163,0.1339
ZNF322,1555,0.1339
CALHM3,376,0.1339
NKAIN2,1561,0.1339
TFAP2D,430,0.1339
MFSD11,1594,0.1338
TRIM31-AS1,1415,0.1338
TM4SF4,1451,0.1338
ATXN7L3,1567,0.1338
RDH10-AS1,1470,0.1338
STXBP5L,1551,0.1338
HSPB3,245,0.1338
MAPK11,1460,0.1337
SMC6,1594,0.1337
ADHFE1,1497,0.1337
ZNF341,1547,0.1337
AMPH,1424,0.1337
TSPAN15,1574,0.1337
ETV7,1453,0.1336
TNFSF14,1415,0.1336
GSDMA,1230,0.1336
ELOVL2,1502,0.1336
BICDL1,1579,0.1336
SELENOI,1595,0.1336
NR1H3,1539,0.1335
VASH2,1468,0.1335
TMEM236,1521,0.1335
TTL,1562,0.1335
SGSM3,1580,0.1335
GDF15,1578,0.1334
MED18,1535,0.1334
FAM9B,1386,0.1334
TBL3,1536,0.1334
PTGFR,1479,0.1334
RASGEF1C,1511,0.1334
SLC12A9-AS1,1427,0.1334
ZNF280B,1488,0.1334
NUTM2B-AS1,1598,0.1333
SLC14A2,1479,0.1333
MAMDC2,1489,0.1333
ALDH18A1,1588,0.1333
CCL24,974,0.1333
SPOCD1,1524,0.1333
MIF4GD,1517,0.1332
OVCH2,379,0.1332
CORO1A,674,0.1332
RHOG,1551,0.1332
MT1A,1250,0.1331
MUC3A,1404,0.1331
IL27RA,1546,0.1331
NAPEPLD,1548,0.1331
GABRQ,921,0.1331
ZNF169,1557,0.133
KCTD11,1551,0.133
DUOX2,1399,0.1329
NID2,1496,0.1329
CTNNA2,1558,0.1329
CLDN1,1586,0.1328
CPSF6,1598,0.1328
KLHL35,1450,0.1328
MIR3936HG,1579,0.1328
LDB3,1348,0.1328
SAMMSON,1539,0.1328
DGCR2,1593,0.1328
NPC2,1575,0.1328
ANKRD29,1468,0.1327
GML,1110,0.1327
CHRNE,1538,0.1327
WARS2-IT1,1140,0.1327
AKR7A3,1385,0.1327
TMEM52,1183,0.1327
PATL2,1536,0.1327
CERCAM,1548,0.1327
TMEFF2,1491,0.1327
ZNF233,1484,0.1327
NTMT1,1544,0.1327
TNFRSF25,1491,0.1327
CORO7,1547,0.1327
RHCE,1510,0.1327
SLC43A2,1558,0.1327
SAA4,1369,0.1326
FOXD1,1552,0.1326
LYZL2,39,0.1326
C8G,915,0.1326
SPINK5,1497,0.1326
LRWD1,1527,0.1326
THRB-AS1,1268,0.1326
BCL2,1549,0.1326
TMEM190,471,0.1326
LIN7C,1583,0.1325
ADAMTS19,1449,0.1325
CIRBP-AS1,834,0.1324
ATP8B2,1549,0.1324
ERICH6,1471,0.1324
DEFB1,1163,0.1324
SYT5,1412,0.1323
FGF3,844,0.1323
TEX15,1437,0.1323
HEATR4,1500,0.1323
BCL2L13,1595,0.1323
SLC16A14,1512,0.1322
CCDC89,888,0.1322
HSD17B8,1429,0.1322
IFT52,1571,0.1322
CCND2,1559,0.1322
MADCAM1,1400,0.1321
CAPN13,1179,0.1321
F7,844,0.1321
FRRS1L,1214,0.1321
CTH,1576,0.1321
PKD1L1,1528,0.1321
SYT13,1418,0.132
MOSPD1,1577,0.132
DFFB,1526,0.132
TRIM54,1254,0.132
UBAP1L,1538,0.132
RAD52,1568,0.1319
GCNT4,1510,0.1319
E2F2,1460,0.1319
MYOC,615,0.1319
CTNNBL1,1600,0.1319
OPN4,291,0.1319
KRT75,356,0.1319
SYNPO2,1514,0.1319
EXOSC5,1540,0.1318
GPR137B,1584,0.1318
ENTHD1,1468,0.1318
DDX39A,1556,0.1318
MYOSLID,1433,0.1318
IKZF4,1553,0.1318
ABHD12,1595,0.1318
PANX3,172,0.1318
GPR87,1199,0.1317
ZFPL1,1551,0.1317
TBCD,1591,0.1317
GMPR,1510,0.1317
GABPA,1587,0.1317
FAM124A,1482,0.1316
ALX1,899,0.1316
SERAC1,1549,0.1316
BTG4,1086,0.1316
ATP8B1,1592,0.1316
RBPMS2,1410,0.1316
CREB3L1,1541,0.1316
WDR19,1576,0.1316
RHPN1,1497,0.1316
VAV1,1450,0.1316
LRCH2,1487,0.1316
LRRTM2,1449,0.1316
SPDYE1,1479,0.1315
EDN3,359,0.1315
SLN,287,0.1315
TMPRSS5,1511,0.1315
CCDC15,1558,0.1315
DNAJC21,1598,0.1315
ZNF23,1547,0.1315
PODXL2,1517,0.1315
PKNOX2,1461,0.1314
NOL6,1540,0.1314
NSUN7,1528,0.1314
SULT2B1,1491,0.1314
ALKBH6,1519,0.1314
RCSD1,1225,0.1314
APOBEC3D,1406,0.1313
ZCWPW1,1547,0.1313
PNPLA2,1576,0.1313
IRX3,1527,0.1312
DNAJC28,1450,0.1312
MAFB,1470,0.1312
SHROOM1,1529,0.1312
AP2A2,1583,0.1312
DDX43,1465,0.1311
TMEM201,1519,0.1311
ANO4,1496,0.1311
PIAS3,1555,0.1311
ZNF382,1497,0.1311
ABCA4,1285,0.1311
ZBTB34,1547,0.1311
TMIGD1,577,0.131
SLC27A2,1478,0.131
ASPSCR1,1572,0.131
SYT3,972,0.131
CLDN2,1295,0.131
ZMAT3,1582,0.131
DACH1,1537,0.131
HGH1,1469,0.1309
MRPL43,1549,0.1309
TMPRSS13,1036,0.1309
PTCH2,1516,0.1309
TRAPPC4,1538,0.1309
TBC1D10A,1567,0.1309
IL36RN,513,0.1308
FPR3,998,0.1308
DNM3,1585,0.1308
P2RX4,1569,0.1307
REXO5,1536,0.1307
TAF10,1546,0.1307
ACY1,1510,0.1306
PITX2,1401,0.1306
PCDHB9,1326,0.1306
POPDC2,1480,0.1306
NAT8L,1287,0.1306
INTU,1571,0.1305
ANKFN1,1533,0.1305
SUSD2,1421,0.1305
EML2,1578,0.1305
SLC39A1,1575,0.1305
HM13-AS1,1475,0.1305
TSPYL5,1197,0.1305
P2RY2,1323,0.1304
RGL2,1553,0.1304
NRXN2,1401,0.1304
FOXN4,621,0.1304
ANP32A,1596,0.1304
ZBTB32,1245,0.1304
DNAAF5,1575,0.1304
CEACAM16,1071,0.1304
FMN2,1545,0.1303
MTMR2,1597,0.1303
EN2,1228,0.1303
RCN2,1583,0.1302
BUD13,1554,0.1302
STX3,1585,0.1302
GPR150,248,0.1302
ME3,1554,0.1302
ARRB2,1548,0.1302
CPNE5,1472,0.1302
DCT,1542,0.1302
PSG9,1337,0.1302
TP53I3,1538,0.1302
SERPINB7,1441,0.1302
ZNF804B,1431,0.1302
SLC36A1,1543,0.1302
SYT2,1421,0.1301
ZNF512B,1532,0.1301
ZNF597,1494,0.1301
ZNF778,1539,0.13
MARVELD1,1534,0.13
BRD7,1590,0.13
ST6GAL2,1455,0.13
ELAC2,1557,0.13
SPTLC3,1521,0.1299
FAM225B,832,0.1299
EPHB1,1524,0.1299
TMEM8B,1536,0.1299
PPP2R5C,1599,0.1298
AP3M1,1572,0.1298
LLPH,1576,0.1298
PCDHB5,990,0.1298
ZSCAN20,1551,0.1298
FOXJ3,1600,0.1297
RASGRF1,1384,0.1297
SLC34A3,556,0.1297
AK3,1591,0.1297
SFTA2,1069,0.1296
COL14A1,1488,0.1296
ISM2,1440,0.1296
GIPC1,1572,0.1296
HLA-DPA1,1152,0.1296
ATP12A,649,0.1296
RNF128,1560,0.1296
CDK10,1542,0.1296
TPD52L1,1586,0.1295
ITIH5,1464,0.1295
POC1B-AS1,1538,0.1295
TSPYL4,1531,0.1295
TRPM2,1446,0.1295
LBX1,87,0.1294
OTUD1,1548,0.1294
SOCS2-AS1,1511,0.1294
KCNH3,1448,0.1294
CD72,1535,0.1294
SBF2-AS1,1566,0.1294
SPCS2,1598,0.1294
MYOM2,1303,0.1294
CLIC5,1522,0.1294
PIP5KL1,1514,0.1294
CDHR4,1241,0.1293
SGCA,588,0.1293
PEX6,1543,0.1293
DDC-AS1,395,0.1293
RAP2C-AS1,1536,0.1292
DPM2,1561,0.1292
FAM90A26,97,0.1292
TMED6,1490,0.1292
IL13RA2,1452,0.1292
STPG2,1552,0.1292
DUS1L,1548,0.1292
GATA5,832,0.1291
GPATCH2,1600,0.1291
CYP26C1,1058,0.1291
SAP30L-AS1,1543,0.1291
IMPDH1,1555,0.1291
HEMK1,1543,0.129
B4GALT2,1544,0.129
ST8SIA6-AS1,1427,0.129
DNAH9,1454,0.1289
CCDC183-AS1,1368,0.1289
SLITRK6,1518,0.1289
SLC35B4,1549,0.1289
LRRC14,1508,0.1288
SPDYE3,1436,0.1288
S100A13,1561,0.1288
CSPG5,1502,0.1288
DTD2,1532,0.1288
ADGRL1,1567,0.1288
TMEM185A,1549,0.1288
TTC30A,1487,0.1288
KLHL32,1493,0.1288
CPPED1,1564,0.1287
TXNDC5,1584,0.1287
BRSK1,1534,0.1287
TMED5,1598,0.1287
GRXCR2,1165,0.1286
NDUFB3,1558,0.1286
SYNGR1,1492,0.1286
MIR210HG,1515,0.1286
HYDIN,1484,0.1285
HHLA2,1403,0.1285
SLC51A,1500,0.1285
PEX12,1519,0.1285
PYCARD-AS1,1436,0.1284
PROK2,213,0.1284
GPM6A,1467,0.1284
AQP4-AS1,1470,0.1284
CLEC4M,99,0.1284
MIR137HG,1471,0.1284
COMMD10,1599,0.1284
ACTR3C,1513,0.1284
SLC25A18,1363,0.1284
RHOBTB2,1538,0.1283
CYB5RL,1528,0.1283
ZDHHC21,1581,0.1283
MFSD2A,1531,0.1283
LRRC32,942,0.1283
URB2,1536,0.1283
RAD9B,1493,0.1283
MAPK4,1439,0.1283
NOS3,1327,0.1282
ACADSB,1588,0.1282
SRXN1,1315,0.1282
ZNF793-AS1,806,0.1282
HLA-DMB,711,0.1282
MYH3,1524,0.1281
VNN1,1412,0.1281
DEF8,1549,0.1281
ZNF365,1440,0.1281
CC2D1B,1554,0.1281
CROT,1549,0.128
OTUB2,1529,0.128
ZNF776,1550,0.128
PHTF2,1596,0.128
IL20RB-AS1,1452,0.128
NIT1,1556,0.128
CAMK1G,1272,0.128
CDH3,1546,0.128
CENPS,1536,0.128
ZNF354C,1470,0.128
GPAA1,1532,0.128
GPS1,1535,0.128
CNOT7,1589,0.1279
SIRPD,862,0.1279
MEIOB,1381,0.1279
PIFO,499,0.1279
ALG14,1561,0.1279
TDRD9,1414,0.1279
P2RY1,1389,0.1279
TNFSF12,1415,0.1279
NEU1,1571,0.1278
PPAT,1587,0.1278
TOP3B,1544,0.1278
DNM3OS,1130,0.1277
MIR205HG,400,0.1277
MSX2,1482,0.1277
CLRN1-AS1,1312,0.1277
SSC4D,1409,0.1277
IRAK3,1531,0.1277
TMEM249,1041,0.1277
PCBP1-AS1,1591,0.1276
PAK6,1533,0.1276
COL18A1,1583,0.1276
SGO1-AS1,1570,0.1275
WNT4,1363,0.1275
GPR37L1,1364,0.1275
GMEB2,1572,0.1274
ALG8,1578,0.1274
TRAF5,1584,0.1274
TRIM28,1569,0.1274
PDPK1,1579,0.1274
RNF113A,1548,0.1274
HFE,1503,0.1273
MSMB,443,0.1273
MEGF6,1556,0.1273
CUTA,1547,0.1273
GREM1,1544,0.1273
PCAT14,992,0.1273
SNX10,1575,0.1272
NEURL1,1454,0.1272
POLR2C,1564,0.1272
ZNF385B,1507,0.1272
KCNN1,1518,0.1272
FBXO15,1496,0.1272
HIF3A,1372,0.1272
DNALI1,1014,0.1271
TTTY10,1321,0.1271
CPSF4L,1447,0.1271
CDHR3,1588,0.1271
USH2A,1490,0.127
CYB5A,1546,0.127
PHLDB3,1555,0.127
KCNV1,914,0.127
ATP8A2,1520,0.127
RAB32,1511,0.1269
LIMK1,1565,0.1269
ZNF202,1543,0.1269
C1QL1,1439,0.1269
TRIM46,1376,0.1269
CASTOR2,1561,0.1269
TIMM21,1553,0.1269
OR56A3,148,0.1269
ABCB5,1317,0.1268
CDH18,1552,0.1268
POMT2,1556,0.1268
TMCO4,1566,0.1268
ITIH2,1454,0.1268
ATOH8,1355,0.1268
TMEM170B,1511,0.1268
BAALC-AS1,1556,0.1268
GCN1,1592,0.1267
MEIS1-AS3,1007,0.1267
NUTM2A,254,0.1267
CTNND2,1550,0.1267
ASIC1,1518,0.1267
SERF2,1595,0.1267
SLC52A2,1527,0.1267
KCNH1,1503,0.1267
ZMAT1,1496,0.1267
SMIM13,1566,0.1266
FAM222A-AS1,1465,0.1266
EXD1,1372,0.1266
PPP1R36,1503,0.1266
AKIRIN2,1580,0.1266
SLC25A42,1543,0.1266
IL1A,1513,0.1265
SLC7A6OS,1570,0.1265
TNFSF4,1330,0.1265
SLC26A4,1479,0.1265
SPSB4,1169,0.1265
PRRX1,1548,0.1265
ZSCAN23,1304,0.1264
FLT4,1126,0.1264
GOLGA7B,1521,0.1264
UBE2Q2,1589,0.1264
HNF4A-AS1,1427,0.1264
COBL,1595,0.1264
EDN1,1547,0.1264
TMEM102,1270,0.1264
MIR9-3HG,1439,0.1264
TIMM17B,1550,0.1263
GAK,1597,0.1263
GPC3,1542,0.1263
CYP2E1,1516,0.1263
SLC37A4,1522,0.1263
CLIP1-AS1,1393,0.1262
OTULIN,1593,0.1262
PAQR7,1536,0.1262
HPN,1492,0.1262
DDX24,1599,0.1262
CBLN3,1158,0.1262
SMIM17,1253,0.1262
UPF2,1600,0.1262
GNAZ,1507,0.1262
PRTN3,1411,0.1261
XKR7,1245,0.1261
MORN1,1543,0.1261
OXSM,1535,0.1261
NCOA7-AS1,1269,0.1261
IL9R,919,0.1261
RAB9A,1586,0.1261
ATF6,1600,0.126
OC90,224,0.1259
CDH6,1492,0.1259
IGFL2-AS1,1558,0.1259
DAND5,1288,0.1259
TBX2,1536,0.1259
PANK1,1533,0.1259
MAFTRR,1071,0.1258
ALG13,1600,0.1258
CA11,1523,0.1258
TEX264,1536,0.1258
RNF212,1361,0.1258
OCIAD1-AS1,1467,0.1257
NEURL1B,1548,0.1257
SLC5A1,1375,0.1257
KIF12,1053,0.1257
FOXP4-AS1,1531,0.1257
ADGRF5,1308,0.1257
MXRA5,1441,0.1257
ALOXE3,1433,0.1257
AMACR,1549,0.1257
GNAL,1555,0.1257
BOLA1,1529,0.1257
UNC93B1,1552,0.1256
CCL3,1006,0.1256
ID4,1504,0.1256
FAM98A,1576,0.1256
ALG10,1540,0.1256
OXER1,95,0.1255
BPI,697,0.1255
TMEM250,1529,0.1255
GSG1L,1486,0.1255
CCS,1559,0.1255
MRPS5,1589,0.1255
CHST10,1381,0.1255
PDXK,1599,0.1254
KCNG2,1433,0.1254
EBF4,1544,0.1254
DPH1,1549,0.1254
MS4A3,126,0.1254
TNK1,1407,0.1254
FOXF2,1057,0.1254
POLR1E,1552,0.1253
TADA3,1554,0.1253
PRRT1,1514,0.1253
TSSK3,1482,0.1253
DAW1,1361,0.1253
TOMM5,1575,0.1253
VPS16,1542,0.1252
CAPN11,1230,0.1252
CASTOR1,1475,0.1252
GAS6-AS1,1490,0.1252
FTCD,1400,0.1252
GNAS-AS1,1498,0.1251
DUS2,1543,0.1251
SUSD3,758,0.1251
SHROOM4,1519,0.1251
ZNF90,1415,0.1251
EPHB2,1599,0.1251
PMM1,1542,0.1251
PARM1,1516,0.125
ENDOV,1554,0.125
STPG3,355,0.125
POGK,1576,0.125
CKMT1B,1229,0.125
SUN5,339,0.125
SYT12,1429,0.125
RTN4RL1,1482,0.125
MAT2A,1568,0.1249
CERS3,1360,0.1249
CDKL2,1539,0.1249
ADAMTS2,1531,0.1249
APH1A,1572,0.1249
NHSL2,1508,0.1249
NSL1,1578,0.1249
OGN,1373,0.1249
SLC25A19,1535,0.1248
SLC6A12,1336,0.1248
MEP1A,623,0.1248
LIG4,1540,0.1248
FGL1,1381,0.1248
DCDC2,1514,0.1248
UBA3,1589,0.1247
GCNT3,1577,0.1247
FOXRED1,1554,0.1247
CAMK2B,1492,0.1247
SHTN1,1595,0.1247
PRICKLE1,1562,0.1247
ZNF830,1565,0.1247
BTNL9,1415,0.1247
CACNG5,1106,0.1247
FUOM,1282,0.1247
DGUOK,1593,0.1246
AGMAT,1397,0.1246
GAS8,1567,0.1246
ZBTB45,1518,0.1246
GNGT1,1597,0.1246
LHFPL4,1493,0.1246
BRPF3,1561,0.1245
GDF10,24,0.1245
ADGRG5,1363,0.1245
MRI1,1557,0.1245
DYNLT1,1571,0.1245
SPHK2,1532,0.1245
ARF5,1558,0.1245
GALK1,1535,0.1244
GLI1,1309,0.1244
SCNN1G,1133,0.1244
KCTD19,1434,0.1244
ANKRD30BL,1496,0.1244
SIK1,1227,0.1244
CCL20,1556,0.1244
PAGR1,1560,0.1244
PALM,1506,0.1243
EFR3B,1572,0.1243
GABBR2,1525,0.1243
MORC2-AS1,1351,0.1243
SH2D2A,1361,0.1243
RASSF2,1518,0.1243
STX1B,1386,0.1243
OPLAH,1372,0.1243
JMJD8,1510,0.1242
DGAT2,1482,0.1242
AARS2,1538,0.1241
PLEKHG3,1553,0.1241
ADAL,1547,0.1241
LRGUK,1544,0.1241
KCNS3,1536,0.1241
BORCS7,1558,0.124
TCL1A,40,0.124
LAT,1511,0.124
PLCL2,1554,0.124
CD81,1590,0.124
ZNF844,1533,0.124
ITGB7,1438,0.1239
ORM2,237,0.1239
TRIM74,1094,0.1239
DCAF17,1564,0.1239
RGS16,1464,0.1239
PTGER3,1427,0.1239
MPST,1544,0.1239
MELTF-AS1,1392,0.1239
KLRG1,1487,0.1239
KLF6,1600,0.1239
SPATA9,1418,0.1239
CD2,70,0.1239
MZT2B,1568,0.1239
S100Z,1372,0.1238
BDNF,1562,0.1238
DCUN1D2,1574,0.1237
FAM167A,1512,0.1237
OLFML3,1403,0.1236
NPHS1,1491,0.1236
ATP2A1,1538,0.1236
TEX45,1415,0.1236
LCN10,190,0.1236
SPNS1,1566,0.1236
XPO7,1597,0.1236
ACOT1,1092,0.1236
ALDH9A1,1575,0.1236
DOK1,1498,0.1236
ATP6V0E2,1536,0.1236
TOGARAM2,1429,0.1235
MAN1C1,1518,0.1235
PRSS21,698,0.1235
CYP4F3,1421,0.1235
PKIA,1573,0.1235
KCTD1,1568,0.1235
POU6F2,1508,0.1235
POU6F2-AS2,881,0.1235
ZNF691,1507,0.1235
SLC8A3,1347,0.1235
ARMCX6,1477,0.1234
MRPL35,1546,0.1234
NUPR1,1555,0.1234
LYPLAL1-AS1,1409,0.1234
WDR46,1543,0.1234
FBXO44,1533,0.1233
COL22A1,1554,0.1233
CRY1,1597,0.1233
CNBD1,1531,0.1233
SLPI,1457,0.1233
IRF7,1550,0.1233
FBXL13,1587,0.1233
THBS4,1525,0.1232
PAFAH1B2,1599,0.1232
GLB1,1576,0.1232
NCS1,1573,0.1232
CDH10,1517,0.1232
SGCZ,1484,0.1232
KRT20,1512,0.1232
C2-AS1,1343,0.1232
SKIDA1,1462,0.1232
AMZ1,1536,0.1231
PSMB5,1581,0.1231
HIC1,1421,0.1231
DLX5,540,0.1231
MRPL40,1542,0.1231
MRPS18A,1548,0.1231
MED30,1558,0.1231
SLC2A11,1550,0.123
MYRF,1560,0.123
NTF3,1452,0.123
RHBDL2,1518,0.123
DCDC2C,1335,0.1229
CGA,1396,0.1228
ERMN,344,0.1228
MYO1A,1352,0.1228
DDX1,1595,0.1228
CNGA4,1322,0.1228
FAM161B,1538,0.1227
LCN2,1579,0.1227
DMBX1,1398,0.1226
NEURL4,1527,0.1226
SLC35F4,1526,0.1226
TMEM38B,1582,0.1225
ZNF550,1546,0.1225
PIWIL3,790,0.1225
ADCY10,1538,0.1225
KCNJ6,1542,0.1225
LIMD1-AS1,1505,0.1225
ELMO3,1438,0.1225
HOXB-AS1,1526,0.1225
KIF3B,1593,0.1225
TMEM139,1402,0.1224
ITGAM,1386,0.1224
SDHAF2,1560,0.1224
RHOT2,1557,0.1224
DTYMK,1555,0.1224
ALDH8A1,1522,0.1224
IL17RE,1508,0.1224
ASAH2,1380,0.1224
JRKL,1545,0.1224
TLNRD1,1570,0.1223
ARG2,1575,0.1223
CDC123,1590,0.1223
ACAD8,1539,0.1223
HOXA10-AS,1359,0.1223
ABR,1598,0.1223
ACKR4,1414,0.1222
SCN5A,1537,0.1222
PTPRN,1485,0.1222
CMYA5,1568,0.1222
SLC25A48,1492,0.1222
IGSF11,1526,0.1222
ST18,1520,0.1221
RELN,1464,0.1221
ANAPC13,1542,0.1221
ENDOU,1256,0.1221
ERN2,1161,0.1221
PRICKLE4,313,0.1221
PCDH15,1562,0.122
TMBIM6,1600,0.122
PASK,1526,0.122
ATP2A3,1488,0.122
FADS3,1548,0.1219
ZNF354B,1558,0.1219
CALCR,1333,0.1219
SCN1B,1492,0.1219
LCK,1402,0.1219
HCAR2,452,0.1219
SLC10A5,1175,0.1218
MAP1LC3C,317,0.1218
SERPINF1,1460,0.1218
WASHC2C,1567,0.1218
SPRTN,1557,0.1218
PTCSC2,1426,0.1218
ACO2,1594,0.1218
UQCRB,1599,0.1218
SLC22A5,1539,0.1218
NDUFAF3,1540,0.1218
DICER1,1600,0.1218
NDRG2,1520,0.1218
CXCL16,1540,0.1217
KBTBD11,1459,0.1217
DPYSL2,1599,0.1217
ZSCAN18,1514,0.1217
LDLRAD1,769,0.1217
ANKRD30A,1356,0.1217
MAGEH1,1199,0.1217
GMNC,926,0.1216
MAPK12,1528,0.1216
PSMB9,1548,0.1216
TMEM213,1419,0.1216
JAKMIP2-AS1,1489,0.1216
KRT5,1344,0.1216
CORO2A,1570,0.1216
CENPC,1595,0.1216
PRPF8,1600,0.1216
TLE2,1524,0.1215
NELL1,1524,0.1215
MCPH1,1591,0.1215
PIK3R2,1548,0.1215
RIPPLY3,1063,0.1215
VPS9D1,1555,0.1215
NFKB1,1600,0.1214
FAM89A,1532,0.1214
ALDH1B1,1522,0.1214
TRIM68,1470,0.1214
THEM6,1501,0.1213
SPDEF,1220,0.1213
SPINT2,1585,0.1213
POU4F1,1196,0.1213
GMFB,1572,0.1213
TMEM72-AS1,1535,0.1212
AFAP1L2,1540,0.1212
IL16,1394,0.1212
DNAH2,1481,0.1212
ANKRD23,1557,0.1212
CASC16,1022,0.1212
MTMR7,1520,0.1212
EIF5A2,1553,0.1212
BAG5,1578,0.1212
ANKRD30B,1427,0.1211
AK8,1527,0.1211
FAM209A,1514,0.1211
FAM78A,1228,0.1211
SCGB2A1,139,0.1211
ISYNA1,1522,0.1211
CHODL,1478,0.1211
CNTN4,1509,0.1211
NECAB1,1482,0.1211
ZNF615,1529,0.1211
CCDC97,1566,0.121
ACOT2,1529,0.121
PIH1D2,1455,0.121
MRPL34,1542,0.121
ASGR2,945,0.121
ARMC10,1580,0.121
PALMD,1344,0.121
TSPEAR-AS2,1154,0.121
MFN2,1580,0.121
CCDC88C,1570,0.121
NTRK1,1455,0.121
MIS12,1547,0.121
ZNF630,1509,0.1209
PTER,1593,0.1209
KCNH5,1506,0.1209
BABAM1,1549,0.1209
SPTBN4,1531,0.1209
ADGRG3,1247,0.1208
ITGA4,1491,0.1208
ARAF,1552,0.1208
STX2,1578,0.1208
TESC,1507,0.1208
OTOL1,166,0.1208
FBXO46,1552,0.1208
OLIG1,337,0.1208
SLC26A5,1515,0.1207
VRTN,1290,0.1207
SUV39H2,1547,0.1207
ADD2,1546,0.1207
DLGAP4-AS1,1550,0.1206
GLYATL1,1179,0.1206
TARM1,400,0.1206
NLRX1,1523,0.1206
OSGEPL1-AS1,1363,0.1205
OLFML2B,1241,0.1205
KHDC1,1532,0.1205
TCERG1L,1164,0.1205
ARSI,1016,0.1205
DHX33,1566,0.1205
ZNF669,1531,0.1205
TOX,1579,0.1205
DYRK2,1565,0.1204
SPINK1,1407,0.1204
AGBL4,1533,0.1204
SMIM7,1582,0.1204
SLC7A7,1469,0.1204
SLC35A4,1536,0.1204
LZTR1,1537,0.1203
MYH11,1517,0.1203
UBE4A,1599,0.1203
ZBTB8OS,1585,0.1203
NR2E3,1489,0.1203
PAQR8,1490,0.1203
STK31,1468,0.1203
SNTA1,1552,0.1203
GIGYF1,1577,0.1202
GOLGA8H,1166,0.1202
RIC3,1030,0.1202
PCED1B-AS1,992,0.1202
SAYSD1,1525,0.1202
PITPNM3,1547,0.1202
ART4,1084,0.1202
CSTF2,1555,0.1201
ZNF710-AS1,1521,0.1201
VIT,1322,0.1201
HLA-DMA,1536,0.1201
GLDN,1443,0.1201
RINL,1493,0.1201
LRRC73,1449,0.1201
TNNT2,1330,0.1201
NAGPA,1524,0.1201
CSK,1549,0.1201
SMARCD2,1574,0.1201
HRH4,1328,0.1201
DOK6,1552,0.12
TBX15,1477,0.12
LAMB4,1354,0.12
KRT34,789,0.12
TMEM72,229,0.12
MORN3,1422,0.1199
CCDC113,1543,0.1199
PPCS,1573,0.1199
BBOX1,1372,0.1199
MUC15,1000,0.1199
ST7-AS2,1499,0.1199
LMAN1,1600,0.1199
PDCD1,120,0.1199
FLG2,202,0.1199
KHDRBS1,1599,0.1198
DPH2,1491,0.1198
AADAT,1529,0.1198
ZNF518B,1516,0.1198
ADIRF-AS1,1084,0.1198
MIR155HG,1455,0.1198
TBL1XR1-AS1,1388,0.1198
RERGL,1417,0.1198
C1QTNF1,1518,0.1197
MAPK13,1568,0.1197
CIB2,1489,0.1197
ZBTB48,1537,0.1197
TMC8,1306,0.1197
DDX59,1566,0.1196
OPCML,1491,0.1196
S100A1,1358,0.1196
CXCL3,1556,0.1196
GABRB3,1545,0.1196
PABPN1,1600,0.1195
FCMR,1089,0.1195
GRIN2C,1456,0.1195
DLEC1,1423,0.1195
GPRIN1,1527,0.1195
RBM28,1588,0.1195
FKBP1C,704,0.1195
PLXDC2,1551,0.1195
LYNX1,838,0.1195
EWSR1,1599,0.1195
PPP1R17,206,0.1195
RTN1,1563,0.1194
SHCBP1L,1237,0.1194
PIK3CD-AS2,1325,0.1194
BLOC1S6,1590,0.1194
EVI5L,1547,0.1194
MPRIP-AS1,1225,0.1194
FEM1A,1538,0.1194
SRSF8,1523,0.1194
RDH5,1495,0.1194
LIN28B,1498,0.1194
B3GNT8,763,0.1194
MYEF2,1575,0.1194
KLB,1232,0.1194
EBF1,1565,0.1194
BBOF1,1556,0.1194
NEK1,1598,0.1194
ZNF692,1561,0.1193
LRFN1,1307,0.1193
IL11RA,1522,0.1193
DNAJB13,1473,0.1193
TDRKH,1545,0.1193
ZNF366,570,0.1193
UBA5,1588,0.1193
CCDC85C,1572,0.1193
CSF2RA,1516,0.1192
SLC7A10,423,0.1192
DNMT3B,1533,0.1192
INPP5E,1538,0.1192
GRIA2,1301,0.1192
SH3BP5-AS1,1536,0.1192
WDR59,1596,0.1191
BCO1,1099,0.1191
HSD11B2,1454,0.1191
EDNRB-AS1,1061,0.119
ZNF37A,1599,0.119
ADAMTS5,1102,0.119
HBG2,1355,0.119
APOC1,1455,0.119
GOLGA6L9,1534,0.1189
ZNF180,1553,0.1189
PLXNC1,1512,0.1189
MUCL1,1176,0.1189
MYCL,1392,0.1189
FAM210A,1588,0.1189
NCAM1,1571,0.1189
GNAI2,1593,0.1188
TMEM17,1418,0.1188
PPP1R1B,1364,0.1188
NAALAD2,1437,0.1188
HSPA1L,1390,0.1188
WAC-AS1,1554,0.1188
TAB3,1594,0.1187
ZNF295-AS1,1343,0.1187
TTC32,1542,0.1187
HORMAD2,1321,0.1186
HULC,1512,0.1186
PEX5L,1553,0.1186
PSD4,1526,0.1185
SLC19A2,1579,0.1185
RNF39,1296,0.1185
AVEN,1570,0.1185
RBM42,1570,0.1185
HLA-DRB1,1341,0.1185
GRIK5,1467,0.1185
BICD2,1582,0.1185
IRGM,1398,0.1184
INPP5K,1563,0.1184
LRRC36,1416,0.1184
LRRC25,597,0.1184
FOXRED2,1535,0.1183
EDNRA,1404,0.1183
SUCNR1,1313,0.1183
ASPHD1,1558,0.1183
NAGLU,1535,0.1182
ENO4,1534,0.1182
NT5DC1,1596,0.1182
SPTSSB,1194,0.1182
DICER1-AS1,1543,0.1182
HHEX,1310,0.1182
LRRK1,1574,0.1181
SFT2D2,1583,0.1181
NIFK,1576,0.1181
DHRS1,1529,0.1181
RET,1319,0.1181
ZC3H14,1599,0.1181
LILRB5,141,0.1181
CAPS,1428,0.1181
BRI3,1598,0.118
BCDIN3D-AS1,1436,0.118
PAX8,1558,0.118
FAM180A,1080,0.118
SYCE2,1541,0.118
BHLHE22,20,0.118
ZNF829,1499,0.118
TINCR,1540,0.1179
GRIK1-AS1,974,0.1179
CD6,1170,0.1179
DENND4B,1566,0.1179
STAB2,1382,0.1179
GPRIN2,1282,0.1179
NELL2,1510,0.1179
RASL12,1155,0.1178
GPRC5B,1532,0.1178
CD274,1532,0.1178
ZNF865,1545,0.1178
RAB36,1409,0.1178
CNGA1,1452,0.1177
PLIN5,1303,0.1177
RALY,1600,0.1177
ANKRD62,1030,0.1177
BATF,1336,0.1176
KLHL14,1227,0.1176
SETD9,1539,0.1176
SV2C,1392,0.1176
STARD13-AS,1505,0.1176
ZNF418,1419,0.1176
RASD2,1227,0.1175
SELENOW,1582,0.1175
ETF1,1600,0.1175
UNC79,1547,0.1174
CHI3L1,864,0.1174
SCRG1,1466,0.1173
SHANK3,1531,0.1173
FAM76B,1585,0.1173
MSANTD2,1579,0.1173
PPID,1582,0.1173
KDM1B,1575,0.1173
FAM156A,1541,0.1173
SH3GL3,1523,0.1172
PAM16,1565,0.1172
ANKRD22,1421,0.1172
PRKCB,1459,0.1172
TMPRSS11A,1202,0.1172
DIO2-AS1,1391,0.1172
DPF1,1488,0.1172
NKX2-8,460,0.1172
GLIS1,1536,0.1172
HAL,1523,0.1172
KIF1A,1558,0.1172
IGF1,1243,0.1171
TMEM35B,1560,0.1171
KLHL31,1267,0.1171
SLC25A53,1569,0.1171
MAPK9,1574,0.1171
ZNF891,1541,0.117
METTL7B,1112,0.117
AGA,1548,0.117
FZD1,1508,0.117
TMEM184A,1523,0.1169
MEGF11,1529,0.1169
CLCN3,1599,0.1169
SLC14A2-AS1,1376,0.1168
HOXD1,1031,0.1168
LRRN4,1190,0.1168
GEMIN2,1541,0.1168
WBP2NL,1489,0.1168
ZNF582,1200,0.1168
MRPL2,1546,0.1168
ZDHHC3,1585,0.1167
ABCC11,1441,0.1167
GJA9,1320,0.1167
FAM106A,1464,0.1166
CCKBR,242,0.1166
COX18,1538,0.1166
UBE2A,1587,0.1166
EIF2B3,1580,0.1166
ZNF536,1500,0.1165
RTN2,1526,0.1165
HHLA3,1527,0.1165
HS3ST6,535,0.1165
GPRIN3,1578,0.1165
AMMECR1L,1575,0.1164
ZBTB24,1548,0.1164
TIMMDC1,1578,0.1164
LDHAL6A,1426,0.1164
ALG10B,1527,0.1164
SEMA3F-AS1,1437,0.1163
DLAT,1581,0.1163
WDR86,1419,0.1163
TCHH,1101,0.1163
TMBIM1,1595,0.1163
SLC9A3R2,1563,0.1163
ZDHHC6,1561,0.1163
TMSB15B,1393,0.1163
SLC26A7,1517,0.1163
PDZD3,1232,0.1163
GPR37,1293,0.1163
TUBB8,1357,0.1163
TMEM254-AS1,1479,0.1162
ARPC5L,1573,0.1162
CAPN14,1417,0.1162
WNT10A,1278,0.1162
ARF1,1600,0.1162
TRPC3,1170,0.1161
DIRAS3,1381,0.1161
EWSAT1,1050,0.1161
CLDN15,1533,0.1161
ZSCAN2,1525,0.116
CCDC78,1326,0.116
TM9SF4,1599,0.116
CCDC3,1539,0.116
NRDC,1599,0.116
PCSK1,1537,0.116
ABHD11,1510,0.1159
MYL1,285,0.1159
ESPN,1466,0.1159
RHD,1431,0.1159
S1PR3,1435,0.1159
UNC13C,1414,0.1159
GNL3,1597,0.1158
KDELR1,1594,0.1158
ASCC3,1600,0.1158
VLDLR-AS1,1526,0.1158
MTFMT,1564,0.1157
BNIPL,1533,0.1157
TRAF1,1553,0.1157
PAPLN,1496,0.1157
PROCA1,1523,0.1156
IL18R1,1506,0.1156
TMEM143,1529,0.1156
SRRM5,1516,0.1156
HCN3,1515,0.1156
LCA5L,1518,0.1156
CRYBB2,1474,0.1156
CAPN15,1567,0.1155
GPSM3,1450,0.1155
GALNT13,1599,0.1155
CATSPER2,1567,0.1155
ABCB1,1540,0.1155
SKOR2,382,0.1154
MIS18A,1551,0.1154
MARK1,1545,0.1154
SH3PXD2A-AS1,1253,0.1154
PRCD,1319,0.1154
YBX2,1185,0.1154
LURAP1L-AS1,1562,0.1154
KLF8,1230,0.1154
INHBE,1133,0.1154
IFNG-AS1,1340,0.1153
KAT8,1560,0.1153
ADRA1D,1328,0.1153
SYK,1570,0.1153
HSPB6,1270,0.1153
PTPRZ1,1513,0.1152
WDR38,82,0.1152
ERBB3,1580,0.1152
RNF32,1513,0.1152
ADGRB2,1494,0.1152
FAM174A,1569,0.1152
SLC40A1,1483,0.1152
CCDC83,1343,0.1151
MRPL3,1589,0.1151
ZNF71,1493,0.1151
TACSTD2,1512,0.1151
GPLD1,1486,0.1151
ZNF716,1038,0.1151
FZD4,1537,0.1151
ZNF839,1552,0.115
SLC9A5,1543,0.115
VSIR,1493,0.115
UBL5,1587,0.115
FOXB1,1231,0.115
CCDC157,1516,0.115
UBE2F,1569,0.115
SNX22,1491,0.115
FRMD7,542,0.115
JMJD6,1583,0.1149
PRKAR2B,1544,0.1149
KCNH4,1307,0.1149
MIR4300HG,1504,0.1149
ANGPTL1,1477,0.1149
PAQR6,1493,0.1148
BAALC,1506,0.1148
MUC22,900,0.1148
HTRA4,1411,0.1148
SNTG1,1560,0.1148
L3MBTL3,1536,0.1147
SLC25A15,1531,0.1147
DSCAM-AS1,792,0.1147
CERS6-AS1,1476,0.1146
PET117,1517,0.1146
SRA1,1586,0.1146
GRB14,1548,0.1146
CCDC136,1534,0.1146
GLIPR2,1517,0.1146
PLPPR5,1384,0.1146
FAM85B,1521,0.1145
YEATS2-AS1,1375,0.1145
TSPAN18,1409,0.1145
KIAA0825,1579,0.1145
DPYSL4,1413,0.1145
TSPAN11,1401,0.1144
ZNF513,1483,0.1144
ELOA,1579,0.1144
FAM110C,1532,0.1144
IDH3G,1555,0.1144
SLC24A2,1441,0.1144
STAG3,1506,0.1144
GAMT,1447,0.1144
RUNX3,1529,0.1144
TBX1,1416,0.1144
ANKRD34B,917,0.1144
ENTPD3,1342,0.1143
SUPT7L,1576,0.1143
QRFPR,1079,0.1143
ATP6V1H,1596,0.1143
RNASE1,782,0.1143
HMX3,617,0.1143
KCNMB1,253,0.1143
ZFX-AS1,992,0.1143
LMNTD2,1443,0.1143
ARHGEF26-AS1,1488,0.1143
PIK3C2G,1470,0.1143
FAM110A,1539,0.1143
CXCL10,1337,0.1142
AGK,1571,0.1142
ZNF764,1524,0.1142
SORCS3,1472,0.1142
CALML3-AS1,861,0.1142
BAZ1B,1600,0.1142
MRPS7,1551,0.1142
CFI,1475,0.1141
PARVG,1363,0.1141
GFRA2,1367,0.1141
SLAMF7,1132,0.1141
DEF6,1512,0.1141
CNGB1,1369,0.1141
RTL5,1347,0.114
ABHD14B,1546,0.114
KPNA7,1514,0.114
CCL2,1525,0.114
CCDC167,1538,0.1139
F2RL2,1213,0.1139
NETO1,1442,0.1139
TMEM141,1544,0.1139
MLIP-AS1,1275,0.1139
UBL3,1596,0.1139
FGFR4,1477,0.1138
CHDH,1425,0.1138
PRKAG2-AS1,1257,0.1138
LAMC3,1469,0.1138
SHOX2,1547,0.1138
RNF41,1547,0.1138
EFHD1,1492,0.1138
CPAMD8,1527,0.1138
EIF6,1573,0.1137
PCF11,1597,0.1137
ST8SIA5,1512,0.1137
ALG6,1554,0.1137
RASGEF1B,1543,0.1137
SELENOK,1583,0.1137
PP2D1,1532,0.1136
TOR2A,1475,0.1136
STOML3,351,0.1136
CUL5,1598,0.1136
IL24,917,0.1136
COX5B,1581,0.1136
IMMT,1589,0.1136
HNF1B,1469,0.1136
F10,1408,0.1135
RGS11,1147,0.1135
SMIM10L2B-AS1,1096,0.1135
TSPAN2,1356,0.1135
B4GAT1,1528,0.1135
KIF27,1561,0.1135
CENPV,1539,0.1135
EIF5AL1,1512,0.1135
ANXA8,1121,0.1135
BDKRB1,1263,0.1134
SMIM20,1544,0.1134
PDCD2,1548,0.1134
SNX20,417,0.1134
PAK5,1362,0.1134
COMMD8,1541,0.1134
GOLGA7,1581,0.1134
CDCA3,1535,0.1134
CS,1593,0.1134
TBCE,1586,0.1134
GRK6,1553,0.1133
PPM1J,1367,0.1133
EPHA3,1545,0.1133
MIR7-3HG,1054,0.1133
CBLN1,469,0.1133
ZBTB20-AS1,1428,0.1133
ZNF423,1472,0.1132
APRT,1539,0.1132
GFRA3,1462,0.1132
TNFRSF18,823,0.1132
INO80-AS1,1348,0.1132
IGLON5,952,0.1132
WAS,1301,0.1132
CCDC190,1362,0.1132
TMEM60,1555,0.1131
MFGE8,1576,0.1131
ANKRD18B,1493,0.1131
GLP2R,1385,0.1131
ROBO3,1505,0.1131
ETFA,1599,0.1131
TMEM130,1035,0.1131
HSF5,1450,0.1131
IL23R,1212,0.1131
U2AF1L4,1524,0.113
UNC5D,1536,0.113
ESYT3,1427,0.113
STYK1,1565,0.113
CCER2,1226,0.113
FANCD2OS,1488,0.113
NUCB2,1600,0.1129
WNK4,1527,0.1129
SPATA6L,1561,0.1129
ELOVL4,1490,0.1129
MAGI2-AS3,1492,0.1129
SUMO1,1578,0.1129
PSG6,465,0.1128
ZBTB3,1522,0.1128
SLC34A2,1209,0.1127
SAMD11,1522,0.1127
SLC29A4,1531,0.1126
RND1,1528,0.1126
OTOR,370,0.1126
ZNF534,832,0.1126
OVAAL,1128,0.1125
RUFY1,1593,0.1125
CYTH4,1234,0.1125
PHPT1,1569,0.1125
PICSAR,592,0.1125
PEX11A,1520,0.1125
ZNF330,1574,0.1125
RFC4,1551,0.1124
FAM20B,1583,0.1124
SMOC1,1595,0.1124
TCTE1,1406,0.1123
SEC14L6,929,0.1123
CHGA,1062,0.1123
TMPRSS2,1508,0.1123
NPDC1,1552,0.1123
PACSIN1,1006,0.1123
WNT9B,725,0.1123
CAPN9,1006,0.1123
CACNA1F,1301,0.1123
EBF3,1237,0.1123
CELA2A,1193,0.1122
GGACT,1511,0.1122
ZNF814,1574,0.1122
ZNF770,1587,0.1122
RHBDD2,1558,0.1121
ERVMER34-1,1343,0.1121
SPATA22,1346,0.1121
RPUSD2,1511,0.1121
CCDC168,1475,0.112
CWC27,1599,0.112
PSMG3,1553,0.112
ZNF18,1532,0.112
AIFM3,1280,0.112
RYR1,1508,0.1119
KCNJ10,1425,0.1119
MAOB,1302,0.1119
PURB,1588,0.1119
YIPF7,1496,0.1119
KCNV2,877,0.1119
UPK3B,1379,0.1119
PPP2R2B,1537,0.1119
MGAT4C,1564,0.1118
HOXC6,1559,0.1118
NPPC,753,0.1118
IFI30,1547,0.1118
SLC29A2,1503,0.1118
PHYH,1547,0.1118
COL10A1,1458,0.1118
ZDBF2,1590,0.1117
RMI1,1562,0.1117
PDE6G,1377,0.1117
GALNT6,1561,0.1117
ACAN,981,0.1117
MAP3K7,1599,0.1117
BVES-AS1,1428,0.1116
ADGRF3,1497,0.1116
NHLRC2,1595,0.1116
COLQ,1533,0.1116
NDUFS7,1554,0.1116
SCN3B,1349,0.1116
OLR1,1433,0.1115
OTOF,1145,0.1115
DTX3,1442,0.1115
ZFYVE19,1552,0.1115
ADAMTS15,1358,0.1115
TXLNB,996,0.1115
KBTBD12,1309,0.1115
P2RX5,1435,0.1115
CES1,1549,0.1115
SPCS1,1571,0.1115
LPAR3,1438,0.1115
PPP1R16B,1384,0.1115
CXCR5,1394,0.1115
EHMT2,1559,0.1115
VWDE,1584,0.1114
CELF5,1465,0.1114
STK33,1547,0.1114
PLA2G4D,1021,0.1114
TMEM268,1547,0.1114
SCUBE1,1394,0.1114
IDO2,1155,0.1114
FXR2,1561,0.1114
LY96,1484,0.1113
PTGIR,990,0.1113
TLX3,127,0.1113
GABRG2,1414,0.1113
ZBED9,1446,0.1113
TLR5,1327,0.1112
MLANA,1446,0.1112
TAF11,1577,0.1112
HAGLROS,564,0.1112
SCRN3,1570,0.1112
SPR,1534,0.1112
HES4,1557,0.1111
SLC25A23,1563,0.1111
KIAA2013,1564,0.1111
TBX6,1410,0.1111
OR2Z1,303,0.1111
RHOBTB1,1537,0.1111
PAGE4,78,0.1111
HEY1,1488,0.1111
NDUFAB1,1554,0.111
FSD2,1341,0.111
MRPL37,1570,0.111
TMEM150A,1507,0.111
UNC5A,1367,0.111
POLA1,1593,0.111
DENND1C,1297,0.111
OPA1,1599,0.111
METTL27,1520,0.111
FAM167A-AS1,1292,0.1109
MRPS25,1568,0.1109
SLC3A1,1523,0.1109
SMCR5,1216,0.1109
PRR15,1351,0.1109
PKN2-AS1,1543,0.1109
NPNT,1541,0.1109
ZNF479,265,0.1108
COMT,1579,0.1108
SLC23A3,1524,0.1108
EMILIN1,1144,0.1107
TFCP2L1,1505,0.1107
CFHR3,625,0.1107
SYN1,1501,0.1107
PCDH11Y,1440,0.1107
ZNF467,1327,0.1107
ALPK2,1546,0.1106
PANK2,1593,0.1106
PDZRN4,1471,0.1106
LRRN2,1305,0.1106
TTLL6,1392,0.1106
KIAA1143,1574,0.1105
CAMK2N2,1273,0.1105
COX7A1,319,0.1105
ZNF681,1415,0.1105
NOP53-AS1,1449,0.1104
CTSF,1396,0.1104
ARL11,533,0.1104
NFATC1,1548,0.1104
SLC25A34,1389,0.1103
SH3GL2,1475,0.1103
MICAL1,1564,0.1103
PRR5L,1558,0.1103
SLC38A5,1462,0.1103
ZNF253,1526,0.1102
PTPRQ,1363,0.1102
ITIH4,1407,0.1102
METRNL,1554,0.1102
USP9Y,1588,0.1102
PAOX,1451,0.1102
ANO9,1518,0.1102
ZNF503-AS1,1486,0.1101
DRD4,1492,0.1101
AASS,1574,0.1101
SFTPC,89,0.1101
TNFRSF13C,1333,0.1101
KCNG3,1458,0.1101
INA,1422,0.11
GNLY,1185,0.11
LY86,622,0.11
RBX1,1588,0.11
ANKRD34C-AS1,1186,0.11
TADA2A,1569,0.11
TMEM209,1568,0.1099
LGALS1,1589,0.1099
MRPL22,1563,0.1099
CADM4,1524,0.1099
EGFLAM,1396,0.1099
TMOD2,1532,0.1099
RNF166,1537,0.1098
CRYL1,1558,0.1098
MGAM2,1458,0.1098
OTOA,1432,0.1098
NFASC,1536,0.1098
APC2,1513,0.1098
CELSR2,1518,0.1098
DNASE1L1,1558,0.1098
TMPO-AS1,1358,0.1098
EIF3F,1578,0.1098
SIRPA,1535,0.1097
GPX8,1544,0.1097
LPAR5,1387,0.1097
CLEC1A,388,0.1097
PLPPR4,1065,0.1097
BLVRB,1581,0.1097
CLCA2,735,0.1096
TGM4,1266,0.1096
NEK6,1588,0.1096
KPTN,1517,0.1096
PAX5,1445,0.1096
ZNF683,83,0.1096
CRACR2B,1485,0.1095
ASB2,1280,0.1095
SCNN1B,1362,0.1095
HOXA1,1300,0.1095
ARL14EPL,1439,0.1095
SLC22A13,1518,0.1095
NFKBIE,1547,0.1095
WDR90,1526,0.1095
GRAMD2A,1464,0.1095
CDC42,1599,0.1094
GYS2,1168,0.1094
KSR2,1538,0.1094
MORN2,1546,0.1094
RTL8A,1542,0.1094
DOC2A,1476,0.1093
FBXW5,1554,0.1093
ZNF843,1328,0.1093
MAMDC4,1512,0.1093
GSDMC,1242,0.1093
BBS12,1499,0.1093
ZDHHC23,1528,0.1092
KCTD17,1531,0.1092
MIR548XHG,1512,0.1092
HTR2C,1412,0.1092
RFPL3S,1519,0.1092
SMCO4,1543,0.1092
STAT4,1533,0.1092
SNCA,1576,0.1092
CPXM2,1369,0.1091
GAS1RR,796,0.1091
STOML2,1557,0.1091
SDF2L1,1549,0.1091
OR3A2,1380,0.1091
CNNM3,1546,0.1091
KRTAP1-5,224,0.1091
MEX3A,1541,0.109
ERICH6-AS1,1498,0.109
SAMD14,1485,0.109
MAGEA8,229,0.109
INHA,1456,0.109
TWSG1,1589,0.109
ICAM2,1307,0.109
SLC5A12,1223,0.1089
TMEM200C,345,0.1089
NT5M,1527,0.1089
ACSS3,1500,0.1089
KIAA0087,160,0.1089
KLK5,832,0.1089
SPTB,1472,0.1089
ABCA12,1493,0.1088
NKAIN1,1501,0.1088
ITGA10,1526,0.1088
GNAT1,634,0.1088
CLVS2,781,0.1087
KLK14,1215,0.1087
TMEM129,1530,0.1087
CHRM5,1476,0.1087
UBOX5,1566,0.1087
TMEM254,1549,0.1087
GDPD5,1544,0.1086
ADAMDEC1,396,0.1086
WDR88,1441,0.1086
CASKIN2,1532,0.1086
ZNF772,1429,0.1086
NDUFA11,1559,0.1086
LMO1,918,0.1086
NOVA1,1583,0.1085
ZCCHC3,1556,0.1085
MFSD4A,1429,0.1085
USH1C,1536,0.1085
CDS1,1570,0.1085
PSG4,1140,0.1084
PCDH19,1375,0.1084
ARSH,593,0.1084
GATA2-AS1,1548,0.1084
SLCO2A1,1460,0.1084
TRBC2,1098,0.1083
PHKA1,1567,0.1083
CFL2,1550,0.1083
RUVBL1-AS1,1357,0.1083
FAHD2A,1561,0.1083
TAC3,1306,0.1083
MPZL3,1559,0.1082
NPIPA8,236,0.1082
BSPRY,1488,0.1082
GRPR,1134,0.1081
CHPT1,1561,0.1081
GLT8D2,1501,0.1081
PLD6,1496,0.1081
MRPL49,1556,0.108
FN3K,1533,0.108
UCMA,248,0.108
MMRN1,1157,0.108
RRAGD,1564,0.108
KLHL13,1545,0.108
SMC1B,1443,0.1079
PRMT6,1405,0.1079
NLGN4Y,1534,0.1079
KIAA1210,466,0.1079
PYM1,1544,0.1078
AP1AR,1590,0.1078
SERPINA5,1297,0.1078
KRT32,555,0.1078
GCSH,1547,0.1078
BGN,1032,0.1078
CEACAM21,460,0.1078
HTR2B,1423,0.1077
DSC3,1392,0.1077
NRK,1141,0.1077
PCDHB8,744,0.1077
HOXD10,1512,0.1077
MT3,715,0.1077
TMC1,1508,0.1077
HADH,1547,0.1077
ACBD3-AS1,1504,0.1076
STK11,1562,0.1076
CDC20B,1515,0.1076
EFCAB5,1507,0.1076
NSUN5,1537,0.1076
ALMS1,1592,0.1076
FOXO6,1481,0.1076
CCDC69,1495,0.1076
FUT8-AS1,893,0.1076
POLM,1542,0.1076
MKKS,1564,0.1076
POLR2F,1574,0.1076
VSIG10L,1470,0.1076
ADCY8,1388,0.1075
ADGRF4,1323,0.1075
TUB,1385,0.1075
SDR42E1,964,0.1075
STPG3-AS1,610,0.1075
GOLGA6L4,485,0.1074
SMPX,805,0.1074
MSLNL,1424,0.1074
DNMBP-AS1,1498,0.1074
TMEM269,1538,0.1074
LOXL1,1488,0.1074
CACFD1,1502,0.1074
BRSK2,1471,0.1074
XRCC4,1590,0.1073
ADRB1,1102,0.1073
CREB3L3,989,0.1073
CPXM1,241,0.1073
SHBG,1437,0.1073
DLG3-AS1,352,0.1073
RARG,1536,0.1073
TFEC,1270,0.1073
SPIRE2,1568,0.1073
COL11A1,1537,0.1073
MACC1-AS1,1215,0.1072
ZNF219,1538,0.1072
DLK1,538,0.1072
ST6GALNAC3,1555,0.1072
ZNHIT2,1403,0.1071
SLC45A1,1447,0.1071
PANX2,1488,0.1071
KLK12,352,0.1071
FIBCD1,1527,0.1071
HAVCR2,1551,0.1071
CELA2B,1330,0.1071
SIRT6,1553,0.1071
DPH7,1560,0.1071
TWF2,1552,0.107
KRT78,582,0.107
HOMEZ,1535,0.107
TTYH2,1517,0.107
AOC3,1444,0.107
PPIL1,1540,0.107
LRRC63,1387,0.107
CBFA2T3,1393,0.107
GDPD3,1496,0.107
TM7SF2,1524,0.107
OLFML1,677,0.107
KCNK15-AS1,1491,0.1069
TMPRSS11D,1359,0.1069
HYAL4,712,0.1069
SLCO4A1-AS1,1300,0.1069
MDGA1,1515,0.1069
CACNA1G,1319,0.1068
GLT1D1,1339,0.1068
DNAAF3,1463,0.1068
SOX11,1465,0.1068
MGST2,1566,0.1068
ADAM11,1479,0.1068
TINAGL1,1571,0.1068
HRK,1403,0.1068
UNC80,1406,0.1067
MVK,1542,0.1067
GPR19,1485,0.1067
ELOVL2-AS1,1109,0.1066
PPIL6,1536,0.1066
PEX2,1576,0.1066
COL6A6,1388,0.1066
CCDC149,1562,0.1066
SP2-AS1,1520,0.1066
UPK1B,1371,0.1065
SPATA18,1369,0.1065
CLVS1,1534,0.1065
IDH3B,1579,0.1065
TMEM70,1547,0.1065
CCL18,52,0.1065
CCDC25,1578,0.1065
GDA,1589,0.1065
RUFY4,1197,0.1065
LINGO1,1334,0.1065
CD160,1412,0.1065
ZNF276,1553,0.1065
CGNL1,1529,0.1064
TMEM119,762,0.1064
CDHR1,453,0.1064
DERL3,973,0.1064
VWA2,1375,0.1064
EPHB4,1559,0.1064
CCNB3,1341,0.1064
SLC6A4,1383,0.1063
NOL7,1588,0.1063
ZNF780A,1550,0.1063
GLIPR1L2,1398,0.1063
CYP2C9,584,0.1063
XKRX,1424,0.1062
DYRK4,1544,0.1062
TMPRSS15,1510,0.1062
PLOD3,1582,0.1062
FLG,1099,0.1061
KCNN3,1498,0.1061
RERG,1460,0.1061
LY6G6D,405,0.1061
ZNF658,1505,0.1061
TCEANC,1498,0.1061
CCDC60,1402,0.1061
ACAA2,1578,0.1061
PSG8,632,0.1061
LRRD1,1488,0.106
GALR1,589,0.106
SPOCK3,1462,0.106
SLC14A1,1450,0.106
CLIC2,1476,0.106
KIAA1614,1503,0.1059
REXO4,1572,0.1059
KDR,926,0.1059
LIPC,1419,0.1059
PRAM1,1477,0.1058
HMGCLL1,1278,0.1058
ITFG1-AS1,1393,0.1058
GMPS,1596,0.1058
DOCK8,1510,0.1057
ANGPTL6,1282,0.1057
IMPG1,1371,0.1057
HMSD,1201,0.1057
TMEM52B,1298,0.1057
LBX2-AS1,1391,0.1056
ASRGL1,1520,0.1056
MLN,91,0.1056
TREML2,586,0.1056
ZNF784,1440,0.1056
SERINC3,1600,0.1056
UNC5B-AS1,1206,0.1056
CARD9,1416,0.1055
ZNF416,1453,0.1055
HOXC4,1515,0.1055
SLC16A12,1333,0.1055
UPK3A,451,0.1055
METRN,1539,0.1055
NDUFA13,1573,0.1055
IGSF22,746,0.1055
NCOA4,1587,0.1054
TRIM7,1477,0.1054
PPP1R3D,1531,0.1054
ADRA1A,1035,0.1054
FENDRR,1470,0.1054
KLRF2,287,0.1054
TMSB15A,1034,0.1053
LHFPL1,370,0.1053
ITGA8,1398,0.1053
CR2,672,0.1053
IGFBP7-AS1,1068,0.1053
SAMSN1,1459,0.1053
ZNF563,1519,0.1052
CLCN4,1507,0.1052
ISCU,1563,0.1052
LRRIQ3,1481,0.1051
RORC,1302,0.1051
HDHD2,1578,0.1051
SMPD3,1435,0.1051
GABRD,824,0.1051
ALOX15B,1006,0.1051
RAB44,1346,0.105
GINM1,1586,0.105
CST2,231,0.105
PHACTR2,1596,0.105
FBXL19-AS1,1528,0.1049
TMEM255A,1040,0.1049
UCHL5,1590,0.1049
GPS2,1573,0.1049
INMT,1078,0.1048
COX6A1,1591,0.1048
STOML1,1441,0.1047
LRRC24,1334,0.1047
CD99L2,1581,0.1047
RBM46,990,0.1047
SCARF2,1531,0.1047
SNRPG,1558,0.1047
ZKSCAN8,1578,0.1047
PRPH,1143,0.1047
MOB1A,1587,0.1047
RFTN1,1555,0.1047
RBM18,1566,0.1047
IGSF21,1183,0.1046
ALDH4A1,1513,0.1046
LILRA6,209,0.1046
RNF152,1534,0.1046
TMEM40,1394,0.1046
NOG,1534,0.1046
ZNF446,1513,0.1046
PLCL1,1522,0.1046
CHN1,1579,0.1046
SLCO4C1,1026,0.1045
GNB4,1576,0.1045
CCDC187,1097,0.1045
SYDE2,1552,0.1044
NKX6-2,274,0.1044
GDF9,1388,0.1044
FRMPD1,1324,0.1044
KCNG1,1481,0.1044
BCL2L14,1565,0.1044
GZMK,25,0.1044
E2F5,1532,0.1044
TMIE,1067,0.1043
TH2LCRR,1469,0.1043
SOD3,1172,0.1043
SLC35C1,1520,0.1043
RELL2,1454,0.1043
EPGN,1483,0.1043
NECAB3,1530,0.1042
LHX9,1134,0.1042
AS3MT,1538,0.1042
GLIPR1L1,1412,0.1042
ADRA2C,1357,0.1042
FSCN3,1498,0.1041
UBXN8,1520,0.104
DR1,1581,0.104
TSPAN7,1461,0.104
IL17F,251,0.104
MAB21L2,760,0.104
ELMO1-AS1,215,0.104
MUC19,1120,0.104
SYNPR,1376,0.1039
GLRX2,1544,0.1039
TNF,1181,0.1039
ZNF668,1534,0.1038
RIOX1,1427,0.1038
FAM166B,828,0.1038
BOC,1449,0.1038
BRD9,1590,0.1038
ATOH7,186,0.1038
PTAFR,1524,0.1037
FAM200A,1537,0.1037
EXOSC1,1574,0.1037
RAB25,1382,0.1036
ARHGEF6,1518,0.1036
MEFV,1100,0.1036
MYBPC3,713,0.1036
LOXL3,1547,0.1036
ERGIC1,1596,0.1036
ZNF491,1434,0.1036
SEL1L2,1337,0.1036
GJB6,277,0.1035
HTRA3,1106,0.1035
BAK1,1529,0.1035
SLC19A3,1266,0.1035
KCTD8,1514,0.1034
TDRD6,1207,0.1034
GPR153,1526,0.1034
FSTL4,1512,0.1034
ZNF385C,1514,0.1033
DMWD,1552,0.1033
NR1H4,1309,0.1033
TMEM203,1476,0.1033
IGSF3,1573,0.1033
ARSB,1552,0.1033
PRB1,117,0.1033
MUC21,382,0.1032
PLA2G7,682,0.1032
ZNF771,1534,0.1032
POLL,1553,0.1032
ZBTB18,1569,0.1031
MYOZ3,1286,0.1031
EAF1,1568,0.1031
TTC13,1553,0.1031
KHDRBS2,1518,0.1031
EVPLL,397,0.1031
TMEM225B,1457,0.103
KDM4D,1525,0.103
NLGN3,1532,0.103
DKK2,1509,0.103
KLHL10,946,0.1029
OGDHL,1179,0.1029
ZNF556,1373,0.1029
AGPAT3,1597,0.1029
MEX3C,1569,0.1029
TBC1D31,1564,0.1028
NATD1,1510,0.1028
KIF25,1230,0.1028
A2M,1541,0.1028
CD93,600,0.1028
EXTL1,459,0.1028
CA6,1028,0.1027
RFT1,1542,0.1027
ZNF257,1192,0.1027
MRPS33,1539,0.1027
COMMD4,1535,0.1027
ART3,1314,0.1027
MATN1-AS1,1502,0.1027
NECTIN3-AS1,1516,0.1027
ASMT,1364,0.1027
PDE1C,1568,0.1027
HOXA9,1513,0.1027
CSNK2A2,1589,0.1026
LAMTOR4,1573,0.1026
EVPL,1541,0.1025
RAD51,1537,0.1025
IGSF10,1260,0.1025
SAMD15,1447,0.1025
TRPM5,975,0.1025
PNPLA3,1538,0.1024
ABRACL,1561,0.1024
FLNC-AS1,1275,0.1024
SULT2A1,994,0.1024
B3GALT4,1411,0.1023
MIR1-1HG,584,0.1023
TMEM212-AS1,1182,0.1023
TXNL4B,1555,0.1022
SS18L2,1542,0.1022
NGEF,1541,0.1022
IZUMO4,1413,0.1022
ZNF334,1149,0.1022
PALM3,1284,0.1022
SESN3,1572,0.1021
WIPF1,1582,0.1021
CCDC144NL,504,0.1021
DIO1,1351,0.1021
MRS2,1560,0.1021
CARNS1,869,0.102
ZFAND1,1571,0.102
SELENOF,1598,0.102
UNG,1546,0.102
ENOPH1,1571,0.102
CACNB2,1575,0.102
ZFY-AS1,1261,0.1019
CPEB1-AS1,1320,0.1019
SERPINI2,1339,0.1019
ADAMTS19-AS1,535,0.1019
EDDM13,1492,0.1019
CEL,1477,0.1019
TEX48,989,0.1018
TMEM35A,759,0.1018
RNF186,208,0.1018
APOBEC3G,1416,0.1018
ZC3H7A,1596,0.1018
ZNF711,1531,0.1018
ISLR2,1006,0.1017
DPCD,1566,0.1017
VWF,1373,0.1017
IZUMO1,1202,0.1017
CPT1B,1524,0.1017
ABCB11,1234,0.1017
SNU13,1588,0.1017
NBN,1582,0.1017
ZNF677,1069,0.1017
SLC27A3,1492,0.1017
MBD1,1583,0.1016
FCGR3A,114,0.1016
ABO,1473,0.1016
CLCN1,1255,0.1016
OCA2,1479,0.1015
RARRES2,921,0.1015
ZIC1,1408,0.1015
KLC4,1570,0.1015
CLDN3,1438,0.1015
BAX,1543,0.1015
GALNT15,1196,0.1014
SLC15A1,1406,0.1014
CTAGE15,281,0.1014
LRRC75B,1460,0.1014
PART1,1463,0.1014
LAX1,1060,0.1014
GOLGA8B,1574,0.1014
PLEKHA7,1595,0.1014
P3H3,1501,0.1014
NAA15,1599,0.1014
NPL,1513,0.1013
IL21-AS1,823,0.1013
ZNF552,1535,0.1013
MARCKS,1597,0.1013
SCNM1,1561,0.1013
DLL3,1488,0.1012
ABHD12B,1512,0.1012
HOMER3,1530,0.1012
LGALSL,1525,0.1012
RAB14,1595,0.1012
APOBEC1,795,0.1012
ARHGAP11B,1514,0.1011
ATP2B1-AS1,1391,0.1011
LSM2,1544,0.1011
FSHR,1142,0.1011
CSTB,1592,0.1011
DLST,1579,0.1011
IRF8,952,0.1011
REXO2,1579,0.1011
MTRF1L,1565,0.1011
ULK2,1555,0.1011
UMOD,493,0.1011
FBLN2,1467,0.101
WDR73,1579,0.101
ZNF300,1410,0.101
COL4A2-AS2,758,0.101
GPR68,1397,0.101
APBA1,1533,0.101
ITPRIPL1,766,0.1009
ASB17,163,0.1009
SYPL2,843,0.1009
CFAP44-AS1,1394,0.1009
RPH3A,1444,0.1009
PARD6G,1526,0.1009
GLB1L2,1468,0.1008
SULT1E1,212,0.1008
PFN4,1258,0.1008
SEC16B,1456,0.1008
ABCB4,1316,0.1008
HNRNPA0,1592,0.1008
PAX9,1468,0.1008
IFNL1,910,0.1008
CTSH,1537,0.1008
GAS7,1562,0.1007
CRAT,1547,0.1007
SOAT2,1136,0.1007
COPS3,1579,0.1006
MYBPC2,1298,0.1006
CHRD,1134,0.1006
LATS2-AS1,1433,0.1006
ZNF284,1503,0.1006
LEMD1-AS1,1175,0.1005
FAM227A,1539,0.1005
HDDC3,1511,0.1005
PABPC3,1307,0.1004
ANKRD33B,1587,0.1004
GZMM,1398,0.1004
KTN1,1600,0.1004
ARMT1,1557,0.1004
THSD1,1540,0.1004
SERPINA6,680,0.1004
FGB,1486,0.1003
KCNH2,1290,0.1003
MED8,1562,0.1003
LYPD8,154,0.1003
ADGRF2,1070,0.1003
LBX2,1377,0.1002
COL25A1,1475,0.1002
ATL1,1552,0.1002
ATP4A,322,0.1002
PIN1,1545,0.1002
ESAM,1495,0.1001
ELMOD2,1573,0.1001
EPHA10,1356,0.1001
NT5DC4,1385,0.1001
PSENEN,1530,0.1001
SFTPA1,436,0.1001
TTC34,1267,0.1001
CGB8,53,0.1001
PSME2,1588,0.1
TSC2,1576,0.1
HAX1,1575,0.1
TRIM59,1548,0.1
TRMT6,1580,0.1
TSN,1580,0.1
GPC2,1498,0.1
NPEPL1,1548,0.1
WIPF3,1443,0.1
B4GALT3,1548,0.1
MDS2,1412,0.1
MGST3,1586,0.1
ZNF717,1576,0.1
PHKA1-AS1,1053,0.0999
COX7A2L,1582,0.0999
MAP1LC3A,1536,0.0999
COPZ1,1597,0.0999
SRRD,1532,0.0999
ITLN2,219,0.0999
LTK,1320,0.0999
ADGRE3,1481,0.0999
CHST13,684,0.0999
SOHLH2,1393,0.0999
GPR174,96,0.0999
TERF1,1576,0.0999
SLC17A8,1319,0.0999
FXN,1542,0.0998
KMO,1398,0.0998
PVR,1579,0.0997
PTH2R,1516,0.0997
NLGN1,1598,0.0997
NGF,1431,0.0997
AARD,473,0.0997
AP4M1,1543,0.0997
RBL2,1594,0.0996
APOE,1518,0.0996
WFDC5,600,0.0996
B3GAT3,1546,0.0996
SLC9A2,1543,0.0996
SRL,1369,0.0996
CCDC106,1490,0.0996
PGBD4,1504,0.0996
KANK3,1501,0.0995
RNF182,1476,0.0995
GZMB,199,0.0994
CITED1,1093,0.0994
ZC3H12D,1498,0.0994
CNTN3,1368,0.0994
HOXD8,1292,0.0994
SHD,1171,0.0994
TMCC2,1497,0.0994
DGKZ,1566,0.0994
MEOX2,1407,0.0994
ACTN2,1522,0.0993
BEST4,1026,0.0993
HEYL,1222,0.0993
EPN2-AS1,1383,0.0993
ARVCF,1519,0.0993
HNRNPA1L2,1275,0.0993
ANKRD20A1,1302,0.0993
TACR1,1440,0.0993
PLEKHS1,1440,0.0992
CTSV,1517,0.0992
FAM81B,1335,0.0992
ASB16-AS1,1549,0.0992
LIPN,379,0.0991
HIF1A-AS1,1436,0.0991
RAB3C,1447,0.0991
G0S2,1568,0.0991
PSG5,1195,0.0991
XIST,1559,0.0991
ZNF429,1541,0.0991
MCAM,1488,0.099
EEF1AKMT2,1590,0.099
PGBD5,1484,0.099
FAM186A,1413,0.099
AGFG2,1549,0.099
ALOX12B,1222,0.099
KIF17,1500,0.0989
CC2D2B,1425,0.0989
ZNF793,1496,0.0989
GLRB,1499,0.0989
ADAMTS13,1534,0.0989
MED6,1595,0.0989
AMTN,339,0.0989
ZNF236,1581,0.0989
PRDM5,1533,0.0988
SLFNL1,1410,0.0988
RAB34,1550,0.0988
OR2L3,462,0.0988
XAGE3,126,0.0988
HPN-AS1,1356,0.0988
PLEKHO1,1521,0.0987
ASPG,546,0.0987
CHRNA7,1527,0.0987
PAX3,1551,0.0987
PTPA,1581,0.0987
TMEM215,172,0.0987
TEX29,1519,0.0987
HTR3E-AS1,427,0.0987
ACSBG1,1442,0.0987
SLAMF1,509,0.0986
GSG1,1325,0.0986
CYC1,1568,0.0986
ZCCHC18,826,0.0986
P2RX7,1489,0.0986
PRRG2,1473,0.0986
APOL3,1494,0.0986
GABRR3,861,0.0985
PASD1,1186,0.0985
TTC30B,1407,0.0985
FGD1,1544,0.0985
FAM219B,1559,0.0985
POU3F2,1287,0.0984
PRDM6,1497,0.0984
ZNF343,1546,0.0984
DUOXA2,835,0.0984
B3GNTL1,1556,0.0984
SYT10,1292,0.0984
AKR1C2,1558,0.0984
TMC2,1303,0.0983
TMEM216,1520,0.0983
PRR5,1544,0.0983
EFCAB12,1508,0.0983
MIRLET7BHG,1595,0.0983
LDOC1,1518,0.0983
FAU,1593,0.0983
DDX25,1232,0.0982
AKR1C3,1548,0.0982
FCHO1,1498,0.0982
FEZF1,779,0.0982
TF,1505,0.0982
MAP3K10,1558,0.0982
HSD17B1,1399,0.0982
PTRHD1,1517,0.0982
GYG2,1393,0.0981
RASL11A,1366,0.0981
ACE,1318,0.0981
RRAS,1552,0.0981
KLHL26,1539,0.0981
FBXL22,1329,0.0981
TRPC5,1421,0.098
HS3ST2,1249,0.098
PTCHD1-AS,823,0.098
TMED1,1529,0.098
ZNF165,1532,0.098
BLNK,1328,0.0979
KLHL2,1577,0.0979
KLF15,1051,0.0979
PNMT,1027,0.0979
LIPI,1161,0.0979
UBE2L3,1594,0.0979
NAT14,1523,0.0979
CLDN10,1466,0.0979
SLC22A2,1197,0.0979
FLT3LG,1495,0.0979
GALNT8,1470,0.0979
TCEAL2,348,0.0979
SERPIND1,1396,0.0978
ZDHHC19,1136,0.0978
GPR139,421,0.0978
PCAT7,1503,0.0978
ZBED2,969,0.0978
TSPAN12,1525,0.0978
ACBD4,1528,0.0978
HOXA11,1404,0.0978
EMID1,1414,0.0977
PLCD3,1561,0.0977
KCNE2,671,0.0977
F2,1426,0.0977
ESD,1575,0.0976
BMP8B,1459,0.0976
CHRM2,1422,0.0976
COL28A1,1476,0.0976
KCNK13,1454,0.0976
GRM7-AS3,1394,0.0976
NPIPB9,1151,0.0975
SPRR2A,269,0.0975
PLCB2,1101,0.0975
CPNE9,1465,0.0975
MYLK-AS1,1534,0.0975
FUT3,1491,0.0975
LRRN1,1341,0.0975
MT1M,1049,0.0974
DDIT4L,1142,0.0974
MKNK1,1579,0.0974
TTTY14,1511,0.0974
GINS3,1526,0.0974
MYO7B,1475,0.0974
MPV17L2,1498,0.0974
FUNDC1,1539,0.0973
AP5S1,1537,0.0973
AFF2,1445,0.0973
NOX1,1268,0.0973
THOC5,1571,0.0973
FGFR3,1432,0.0973
SLC26A1,722,0.0973
GRK2,1563,0.0973
CA3-AS1,925,0.0973
MGAT3,1332,0.0973
SDHC,1562,0.0973
PPM1E,1553,0.0972
BVES,1474,0.0972
ADCY4,1237,0.0972
EVL,1581,0.0972
MAP4K1,1297,0.0972
PIDD1,1527,0.0972
EIF4B,1600,0.0972
MAMSTR,1329,0.0971
P2RY6,1438,0.0971
ERICH2,1523,0.0971
NUP62CL,1488,0.0971
DYNLRB2,711,0.097
YIPF3,1567,0.097
HES6,1474,0.097
MPPE1,1540,0.097
SFT2D3,1489,0.097
ASPA,667,0.097
HORMAD2-AS1,1522,0.097
ZBTB6,1558,0.0969
ZNF442,1521,0.0969
RTEL1,1547,0.0969
BEGAIN,1503,0.0969
OR2A42,358,0.0968
KLF1,128,0.0968
EMILIN2,1450,0.0968
SLC12A3,1263,0.0968
ZBTB22,1497,0.0968
RB1,1598,0.0967
NPIPB8,1400,0.0967
ATOX1,1553,0.0967
NAGS,1316,0.0967
GJB7,1465,0.0967
ZNF74,1532,0.0967
FGD5,1509,0.0967
ATP10B,1545,0.0967
PRSS51,1394,0.0966
CDIPT,1539,0.0966
MAGEA4,1528,0.0966
CD70,1541,0.0966
PRAME,1562,0.0965
TMEM134,1545,0.0965
CYP46A1,1513,0.0965
BEX4,1278,0.0965
CDNF,1489,0.0965
HLCS,1594,0.0965
TSACC,1397,0.0965
MIR503HG,1352,0.0965
ATP6V0A4,1467,0.0965
ORMDL2,1546,0.0965
AOC1,993,0.0965
RSPH1,1444,0.0965
ZBTB9,1506,0.0965
CDKN2A,1583,0.0964
VSX1,496,0.0964
HAO1,716,0.0963
MAP3K4,1596,0.0963
FLT3,1382,0.0963
SHMT1,1533,0.0963
MAL,563,0.0963
LRRC26,1007,0.0963
PRKAB2,1597,0.0963
TBC1D13,1550,0.0962
LIME1,1499,0.0962
IL17RD,1556,0.0962
TMEM101,1561,0.0962
FGF8,1231,0.0962
TPTE2,1536,0.0962
GLRA2,1432,0.0962
RNF208,1388,0.0962
BAAT,1485,0.0962
BTBD16,1485,0.0962
SHISA9,1504,0.0962
SUDS3,1590,0.0961
ECH1,1566,0.0961
ZBTB10,1594,0.0961
NDUFB10,1562,0.096
GRAMD4,1577,0.096
CDH19,1528,0.096
HACD2,1599,0.096
SMIM19,1553,0.096
FAM209B,1353,0.096
LPL,1194,0.096
TTC5,1554,0.096
CDK5,1525,0.096
KREMEN2,1424,0.096
RECQL,1593,0.096
CWC15,1588,0.0959
DDO,1221,0.0959
CDKN2D,1550,0.0959
RTN4RL2,1496,0.0959
EGFL7,1514,0.0959
SPATA2,1535,0.0959
NAPA-AS1,1495,0.0958
TMEM132C,1389,0.0958
TREH,1202,0.0958
PRMT8,1297,0.0958
APLN,1439,0.0957
CLN3,1553,0.0957
IL17RB,1485,0.0957
CST1,434,0.0957
GRK4,1541,0.0957
CDHR5,1328,0.0957
HRAS,1536,0.0957
ROBO4,1173,0.0957
CNTN4-AS2,341,0.0956
KCNN2,1488,0.0956
CNKSR1,1488,0.0956
LY6K,1373,0.0956
TWF1,1586,0.0956
ANAPC7,1581,0.0956
PHC1,1536,0.0956
NUPR2,115,0.0955
KCNC2,1033,0.0955
FCAR,610,0.0955
ATP2B2,1396,0.0955
CHUK,1587,0.0955
SPATC1L,1476,0.0955
ARMC12,1451,0.0955
CYYR1-AS1,1224,0.0954
RIMS3,1456,0.0954
TMEM169,1369,0.0954
ZNF346,1569,0.0954
JPH3,1480,0.0954
HBZ,1365,0.0954
NPW,1495,0.0954
VTCN1,1101,0.0954
SPHK1,1540,0.0954
TM6SF1,1498,0.0954
ST6GALNAC5,1475,0.0953
MRPL27,1552,0.0953
ZNF436-AS1,1450,0.0953
IRF6,1548,0.0952
SLC4A8,1540,0.0952
FRA10AC1,1590,0.0952
ZNF239,1459,0.0952
TMPRSS7,1124,0.0952
ITIH6,936,0.0952
APOBEC3H,744,0.0952
COL11A2,1488,0.0951
RCN3,1511,0.0951
MRPL11,1547,0.0951
DYRK1B,1545,0.0951
IL21R-AS1,1042,0.0951
F2RL3,1048,0.0951
DLX6-AS1,1421,0.0951
ZNF674,1570,0.0951
SRD5A3-AS1,1463,0.0951
SLC6A15,1475,0.095
CD44-AS1,1450,0.095
NAP1L5,1370,0.0949
HCG11,1429,0.0949
BST1,1355,0.0949
FAXC,1506,0.0949
ST3GAL5-AS1,325,0.0949
ZNF528,1492,0.0949
TNFRSF10A,1571,0.0949
CSF3R,766,0.0949
TRG-AS1,1118,0.0949
HTRA1,1536,0.0949
CDKL3,1582,0.0948
CHD5,1521,0.0948
ADPRHL1,1540,0.0948
SARS2,1526,0.0948
ZNF512,1573,0.0948
CYLC1,851,0.0948
SLC35C2,1578,0.0948
CCDC110,1454,0.0948
EMG1,1557,0.0948
CARMIL2,1463,0.0948
MAST1,1537,0.0947
CCL25,243,0.0947
C1QTNF9B,586,0.0947
MOXD1,1514,0.0947
SDC2,1593,0.0946
ZNF101,1550,0.0946
GDNF-AS1,1434,0.0946
LYSMD2,1506,0.0945
ZNF738,1541,0.0945
SDR39U1,1540,0.0945
TRAC,211,0.0945
SEZ6L,1356,0.0945
NELFE,1565,0.0945
FUZ,1462,0.0944
TTC16,933,0.0944
CADM3,567,0.0944
ARG1,1428,0.0944
PTHLH,1500,0.0944
SRSF3,1596,0.0944
PTCHD1,1343,0.0944
DLG3,1579,0.0944
KCNK2,1443,0.0943
SCN10A,1086,0.0943
ZNF737,1505,0.0943
QTRT1,1541,0.0943
LYRM9,1510,0.0943
CA13,1546,0.0943
CAPN10,1554,0.0943
PPIP5K2,1598,0.0943
MS4A4E,531,0.0943
ZYG11A,1491,0.0942
TNK2-AS1,877,0.0942
SLC1A3,1542,0.0942
SPATA20,1544,0.0942
TRIM47,1519,0.0942
P4HA2-AS1,1431,0.0942
ASB15,1220,0.0941
FREM2,1456,0.0941
GPAM,1561,0.0941
TMPRSS11F,884,0.0941
LHX5,715,0.0941
PRB4,82,0.0941
ADAMTS10,1448,0.0941
TAGLN3,1265,0.0941
HTN1,48,0.0941
SPINK2,602,0.094
CDH8,1498,0.094
FAM20A,1447,0.094
RUNX1T1,1516,0.094
HLF,1438,0.094
ATP8B3,1519,0.094
PCK1,1403,0.094
DYNC1LI2,1599,0.0939
MFAP3L,1493,0.0939
MYLK3,1522,0.0939
ACTA1,828,0.0938
GDNF,1413,0.0938
ZNF213,1515,0.0938
TMEM238,1304,0.0938
SCX,1291,0.0937
TRPA1,1503,0.0937
LANCL3,1391,0.0937
LIPK,1089,0.0937
TMEM176B,1001,0.0937
RHOD,1456,0.0937
STAT5A,1489,0.0937
EDRF1-AS1,1040,0.0936
GYG1,1547,0.0936
PAXX,1522,0.0936
MBLAC2,1529,0.0936
AMT,1451,0.0936
PRKG2,1463,0.0936
UXT-AS1,1473,0.0936
CLEC4A,1558,0.0935
AK7,1503,0.0935
MCHR2,905,0.0935
ASIC5,586,0.0935
MYH13,1198,0.0935
SYT9,1449,0.0935
FAM3B,1396,0.0935
ENSA,1597,0.0935
LPAR6,1522,0.0935
CCDC184,684,0.0934
CASKIN1,1496,0.0934
CDH7,1419,0.0934
LCTL,1243,0.0934
SLAIN1,1491,0.0933
EP300-AS1,1440,0.0933
RCOR2,1422,0.0933
CD200,1347,0.0933
CROCC2,716,0.0933
TMEM247,81,0.0933
ADH1B,492,0.0933
BORCS6,1479,0.0933
NXT2,1523,0.0933
ST3GAL6-AS1,1198,0.0933
PREX2,1439,0.0932
HENMT1,1287,0.0932
RAB39A,1455,0.0932
GTF2H2,1535,0.0932
SNHG21,1503,0.0931
S100A12,39,0.0931
BCAR4,992,0.0931
NANOS1,1370,0.0931
ISLR,389,0.0931
DSC2,1588,0.0931
SPNS3,1317,0.0931
BRAT1,1548,0.0931
DACH2,1473,0.0931
GLYCTK-AS1,585,0.0931
SNRPA1,1589,0.093
RALYL,1527,0.093
ETFRF1,1561,0.093
ALG13-AS1,1396,0.093
MIR4527HG,1429,0.093
PPM1F,1560,0.0929
ABCC12,738,0.0929
CD244,409,0.0929
CYP4F8,162,0.0929
ZNF600,1555,0.0929
AGT,1411,0.0929
ANKRD45,1364,0.0929
GLYATL2,1384,0.0928
PLEKHM2,1581,0.0928
RHBDL1,1429,0.0928
CYSRT1,796,0.0928
RNF223,1304,0.0928
PGM5,1422,0.0928
VWCE,1540,0.0928
SLC6A7,1229,0.0928
SH3BGR,1525,0.0927
PACRG,1518,0.0926
NKAPL,910,0.0926
ZNF341-AS1,1448,0.0926
FAM72A,1477,0.0926
FBXO9,1583,0.0926
ZNF436,1537,0.0925
PAX2,1466,0.0925
RRAD,1489,0.0925
RFPL1S,1396,0.0925
SCNN1D,1404,0.0925
TOX3,1573,0.0925
SLC16A10,1553,0.0925
HS3ST4,1435,0.0925
C5,1527,0.0925
FUCA1,1559,0.0924
HDGFL3,1594,0.0924
SOX8,922,0.0924
AGR3,1369,0.0924
ZNF813,1504,0.0924
FAM3A,1544,0.0923
UBE2J1,1583,0.0923
PGC,977,0.0923
PON3,1434,0.0923
PHACTR3,1357,0.0923
FTSJ3,1579,0.0923
MAP3K7CL,1541,0.0923
EXOC3L2,1310,0.0923
ZNF667-AS1,1255,0.0922
GBGT1,705,0.0922
ZNF213-AS1,1532,0.0922
ZNF503-AS2,1396,0.0922
PYURF,1565,0.0922
CLGN,1475,0.0922
IQCG,1567,0.0922
DHFR2,1525,0.0922
ACTL10,540,0.0921
CD3E,146,0.0921
DMRTA2,1296,0.0921
ZNF98,1389,0.0921
MUSK,1413,0.0921
SEMA3E,1525,0.0921
MAF,1540,0.092
KLRC1,615,0.092
MRC1,1407,0.092
CNFN,1341,0.092
CGB1,62,0.092
CCAR1,1600,0.092
RWDD2A,1529,0.092
CACTIN-AS1,902,0.092
CHST9,1422,0.092
SMIM4,1569,0.092
GPR22,1317,0.092
HOXA-AS2,1491,0.0919
DNAJC14,1539,0.0919
USP12-AS1,1424,0.0919
FAM162A,1598,0.0919
CNTN1,1524,0.0919
NIPSNAP3B,1423,0.0918
PTRH1,1529,0.0918
B3GALT6,1492,0.0918
SNPH,1533,0.0918
LRRC3,1418,0.0918
NDUFB2-AS1,1502,0.0917
PCDHB3,1089,0.0917
TOR1A,1532,0.0917
NTHL1,1535,0.0917
SEC14L3,1101,0.0917
IL23A,1474,0.0916
ATXN7L2,1514,0.0916
ADCY2,1464,0.0916
ENTPD1,1449,0.0916
PKHD1L1,1346,0.0916
DCAF13,1585,0.0915
ZNF747,1471,0.0915
THOC2,1600,0.0915
SNX7,1561,0.0915
MDGA2,1599,0.0915
SLA2,1493,0.0915
LPP-AS2,1358,0.0915
CALHM2,1365,0.0915
NAPSA,1094,0.0914
KCNA3,302,0.0914
HEY2,1310,0.0914
TIGD2,1488,0.0914
TUG1,1595,0.0914
SLC26A8,1398,0.0914
LRRC4B,1477,0.0914
TTYH1,1414,0.0914
SOST,357,0.0913
PTDSS1,1581,0.0913
DENND5B-AS1,1468,0.0913
SCGB3A1,83,0.0913
MRE11,1580,0.0913
EPHA1-AS1,1488,0.0913
TTC33,1589,0.0913
ISL1,1338,0.0913
GLB1L,1487,0.0913
FAM183A,1184,0.0913
ADA2,1377,0.0913
TRPM6,1393,0.0913
FCER1A,111,0.0912
KPNA1,1598,0.0912
SLC43A3,1547,0.0912
MMAB,1547,0.0912
ADGRA2,1504,0.0912
KDF1,1208,0.0912
ADAM2,1000,0.0911
CNPY4,1523,0.0911
TNR,1349,0.0911
SEZ6L2,1573,0.0911
TUT1,1536,0.0911
SBSPON,1329,0.0911
MZF1-AS1,1541,0.0911
CACNG4,1507,0.0911
BAIAP2L2,1518,0.091
ALB,1502,0.091
ABHD15,1501,0.091
OSGEPL1,1543,0.091
LZTS1,1318,0.091
GOLGA8M,1297,0.091
TRDMT1,1544,0.091
TMEM218,1532,0.091
CAVIN2,1459,0.091
SOX17,254,0.0909
MAOA,1497,0.0909
CTNS,1546,0.0909
CCDC195,830,0.0908
POLD4,1569,0.0908
DLD,1584,0.0908
PPP1R32,1525,0.0908
LDLRAD2,1266,0.0907
GNPDA1,1566,0.0907
MUSTN1,416,0.0907
CYBA,1575,0.0907
ZNF32,1532,0.0907
DRD2,1314,0.0906
APOBEC3A,1526,0.0906
ICAM5,1528,0.0906
RPRD1B,1597,0.0906
COL4A2-AS1,1041,0.0906
CCDC154,1389,0.0906
CACNB1,1536,0.0906
ROPN1L,1521,0.0905
DGCR6L,1478,0.0905
HAGHL,1500,0.0905
RAVER1,1572,0.0905
PIM3,1582,0.0904
SEMA6A-AS2,1054,0.0904
NUDT18,1398,0.0904
ADGB,1349,0.0904
ZNF2,1527,0.0903
DNAJA3,1564,0.0903
FAM3D,1269,0.0903
CYB5R1,1556,0.0903
TSPAN6,1525,0.0902
EIF1AY,1500,0.0902
COQ7,1539,0.0902
INSL4,337,0.0902
SLC9C2,1370,0.0901
CD300C,424,0.0901
TIMM23,1591,0.0901
ZNF273,1544,0.0901
ACOT6,909,0.0901
HBB,101,0.0901
ZMYND10,1434,0.0901
GPR17,514,0.0901
EIF2S1,1595,0.09
ZNF419,1526,0.09
APOB,1506,0.09
PWWP2B,1527,0.0899
DCHS2,1360,0.0899
TMEM147,1540,0.0899
ERBB4,1588,0.0899
NEK3,1554,0.0898
SEMA3G,1163,0.0898
ZCCHC12,195,0.0898
PPP1R16A,1543,0.0897
IFFO1,1425,0.0897
VWA5B2,1203,0.0897
HVCN1,1488,0.0897
SLC16A8,726,0.0897
RGPD2,1293,0.0896
LPO,1382,0.0896
PCDHB4,856,0.0896
PPM1N,1501,0.0895
RASA4B,1526,0.0895
PRSS41,678,0.0895
SPATA16,1355,0.0895
GPR55,1047,0.0895
RNF187,1567,0.0894
TMPRSS12,1312,0.0894
SUCLG1,1580,0.0894
PCSK2,1440,0.0894
GATD1,1549,0.0894
TPGS2,1585,0.0894
NXPH1,1460,0.0894
GLOD5,1238,0.0894
MAP3K14-AS1,1526,0.0893
SNAPIN,1547,0.0893
PPEF2,1272,0.0893
MXD3,1533,0.0893
ISL2,1282,0.0893
MSL3,1544,0.0893
SRRM3,1536,0.0893
SPA17,1534,0.0893
FBN2,1532,0.0893
CCDC85B,1566,0.0893
FAM27E3,489,0.0893
SYT4,1345,0.0893
RAPGEFL1,1545,0.0892
TFAP2A-AS1,1475,0.0892
FDXACB1,1380,0.0892
CNR2,1133,0.0892
ELAC1,1470,0.0891
DAO,1086,0.0891
LMOD3,810,0.0891
VSTM2L,1409,0.089
DLG1-AS1,862,0.089
PON1,1221,0.089
TXLNA,1587,0.089
CD4,1228,0.089
IPO9,1588,0.089
PTGDR,249,0.089
AP3B2,1528,0.089
DOCK9-AS1,270,0.089
MEG3,1575,0.089
DNAJC13,1597,0.089
ELAVL1,1595,0.089
NEURL1-AS1,1154,0.089
NHLH1,1423,0.089
RNF17,1326,0.0889
PCYOX1L,1519,0.0889
TEX10,1596,0.0889
ST6GALNAC2,1467,0.0889
KLKB1,1140,0.0889
NTS,1215,0.0889
SLC5A10,1467,0.0889
FAM171A2,1458,0.0888
NGB,1016,0.0888
GSEC,1475,0.0888
RGS14,1455,0.0888
OPTC,336,0.0888
NUDT16,1546,0.0887
MYL2,182,0.0886
TIGD5,1474,0.0886
FOLR3,968,0.0886
KLRC3,1356,0.0886
BOK,1510,0.0886
MDFIC,1575,0.0886
NPIPB2,1514,0.0886
ARHGEF37,1547,0.0885
CMTM2,1266,0.0885
CFD,1554,0.0885
PYCARD,1173,0.0884
AWAT2,81,0.0884
CHST8,1510,0.0883
PPP1R14A,1190,0.0883
CYP3A4,739,0.0883
BCL2L15,1456,0.0883
RAD51D,1540,0.0883
ZNF486,1453,0.0883
LPP-AS1,765,0.0882
KRTAP4-12,57,0.0882
AKR7A2,1545,0.0882
ANKRD53,1090,0.0882
CLEC18A,846,0.0882
LRRC56,1415,0.0882
TEF,1540,0.0882
FKBPL,1473,0.0882
TEX22,1542,0.0881
PDLIM3,1522,0.0881
ZNF565,1574,0.0881
DLX3,1242,0.0881
SYS1,1552,0.0881
BACE1-AS,1535,0.0881
ZMAT4,1538,0.0881
SMPD1,1538,0.0881
IPCEF1,1513,0.0881
SLC16A4,1558,0.0881
FAM218A,738,0.088
ABCD2,895,0.088
COQ4,1547,0.088
STYX,1572,0.088
MKRN2OS,1480,0.088
FAT3,1464,0.0879
MTOR-AS1,650,0.0879
ASB11,1091,0.0879
UGGT1,1594,0.0879
CCNI,1598,0.0879
TAS2R1,1358,0.0879
USP27X,1528,0.0879
LZTS1-AS1,647,0.0879
TUBA3C,189,0.0879
ETHE1,1561,0.0879
ZNF674-AS1,1469,0.0878
CLEC12A,1496,0.0878
SYTL1,1502,0.0878
PNMA2,1534,0.0878
SC5D,1557,0.0878
CA5A,1299,0.0878
FIZ1,1526,0.0878
PLIN1,1397,0.0878
PMEL,1511,0.0877
HIP1R,1567,0.0877
THYN1,1534,0.0877
NEFM,1337,0.0877
TMEM178A,1494,0.0877
SH3GLB1,1597,0.0877
PKIA-AS1,1538,0.0877
NDUFAF4,1531,0.0877
ZNF230,1531,0.0876
GGN,1069,0.0876
WFDC9,672,0.0876
MOV10L1,1302,0.0875
SUSD1,1576,0.0875
SATL1,1415,0.0875
CR1L,1338,0.0875
TMEM98,1378,0.0875
TGM5,723,0.0875
SAPCD1,1459,0.0875
GYPC,1418,0.0874
SEC63,1600,0.0874
STT3B,1599,0.0874
EPHA1,1449,0.0874
CELF2-AS2,1251,0.0874
PCDH9-AS1,295,0.0874
PPP1R42,1503,0.0873
LAMTOR3,1572,0.0873
SRCIN1,1540,0.0873
MAGOH,1565,0.0872
TXNL4A,1581,0.0872
PHKA2-AS1,1035,0.0872
INTS6-AS1,1510,0.0872
ZNF205,1523,0.0872
LRTM1,906,0.0871
RNF11,1592,0.0871
PTPRO,1517,0.0871
OPRD1,1410,0.0871
ADPRM,1550,0.0871
ZNF578,1328,0.0871
ILDR1,1269,0.087
LAMA1,1567,0.087
RASAL2,1599,0.087
TRAPPC1,1558,0.087
PHOX2B,534,0.0869
MTCH2,1583,0.0869
MATK,1313,0.0869
SAC3D1,1518,0.0869
SLC28A2,1027,0.0868
ZG16,109,0.0868
GHRHR,811,0.0868
OPRL1,1299,0.0868
FCRLB,1082,0.0867
GACAT2,1031,0.0867
UBFD1,1574,0.0867
FLNB-AS1,1476,0.0867
NPHS2,583,0.0867
ATP8B4,1499,0.0867
MYOT,1180,0.0867
PROC,1060,0.0867
ALPL,1122,0.0867
FAM151A,1056,0.0866
XCL2,93,0.0866
SPINT1,1568,0.0866
INSC,1188,0.0866
MSC,1071,0.0866
TMEM147-AS1,1480,0.0866
IHH,820,0.0866
EXOSC6,1546,0.0865
GRIA1,1392,0.0865
NLE1,1528,0.0865
TAF6L,1531,0.0865
PAX6,1470,0.0865
TLR4,1290,0.0864
NPFFR1,1203,0.0864
SCN1A,1262,0.0864
IL31,86,0.0864
PRKCQ,1508,0.0864
VPS4A,1576,0.0864
GALNT16,1481,0.0864
GPER1,1445,0.0864
KLK3,576,0.0864
LMO7-AS1,1507,0.0864
CYP2C18,1358,0.0864
TFF3,1509,0.0864
MCHR1,300,0.0864
ASB18,1303,0.0864
SIGLEC1,1001,0.0863
C4B,392,0.0863
OPALIN,406,0.0863
PCSK1N,1314,0.0863
RNH1,1565,0.0862
SHROOM2,1537,0.0862
MEST,1570,0.0862
NMNAT2,1538,0.0862
ISOC2,1541,0.0862
SLC10A2,153,0.0862
KCTD21-AS1,1509,0.0861
RNF217-AS1,1537,0.0861
SRSF12,1487,0.0861
GCM1,966,0.0861
TSPAN19,709,0.0861
MID1IP1-AS1,1363,0.0861
RAB37,1419,0.086
TP53TG5,1510,0.086
PSKH2,512,0.086
BPIFC,1060,0.086
ABHD15-AS1,1550,0.086
NDN,575,0.086
MPO,333,0.086
FRG1,1566,0.0859
ANGPTL5,933,0.0859
GRAPL,686,0.0859
APBA3,1548,0.0859
XKR4,1472,0.0858
GATA3,1530,0.0858
SSB,1593,0.0857
WDR72,1532,0.0857
LYVE1,950,0.0857
CCK,1167,0.0857
DCLRE1B,1517,0.0857
SYNPR-AS1,1225,0.0857
ING1,1570,0.0857
CPSF4,1561,0.0857
SFXN2,1535,0.0856
MBD2,1593,0.0856
FLVCR2,1527,0.0856
ADAMTSL2,1065,0.0856
ORC1,1540,0.0855
ACMSD,1143,0.0855
CT62,790,0.0855
GNG13,127,0.0855
TEFM,1564,0.0854
GABRB2,1259,0.0854
AMY2B,1535,0.0854
SLC25A31,1214,0.0853
GAS1,867,0.0853
PCDH11X,1497,0.0852
FNDC11,1304,0.0852
STARD4-AS1,1523,0.0852
KCNJ5,1035,0.0852
FBXO47,1046,0.0852
CD3G,1095,0.0851
PCDH20,84,0.0851
ZBTB12,1254,0.0851
CASC17,1204,0.0851
ITGB2,1382,0.0851
PRF1,647,0.0851
SLC17A7,1428,0.085
GCNT7,1522,0.085
RAB23,1553,0.085
SNTG2,1462,0.0849
SLC12A5-AS1,996,0.0849
CHI3L2,1313,0.0849
WWTR1-AS1,1108,0.0849
LTA4H,1594,0.0849
SGF29,1550,0.0849
FAM76A,1539,0.0848
BCOR,1593,0.0848
KCNJ12,1255,0.0848
EIF4A3,1591,0.0848
MSR1,1559,0.0848
PLA1A,1157,0.0847
PHF6,1586,0.0847
CRYBA1,1011,0.0847
MAP4K2,1539,0.0847
RPF1,1583,0.0847
RASSF9,1151,0.0847
ANKK1,1231,0.0847
MANEA,1544,0.0847
OTX2-AS1,1410,0.0847
DUOX1,1458,0.0847
BOK-AS1,1448,0.0847
FGF10-AS1,933,0.0846
DNASE1L3,1162,0.0846
ZMYND12,1285,0.0846
CD5,1157,0.0845
SOX10,1425,0.0845
VAV3-AS1,311,0.0845
CCDC102A,1520,0.0845
CD5L,1322,0.0844
CHRNA1,1003,0.0844
RARA-AS1,1256,0.0844
GLDC,1492,0.0844
FES,1436,0.0844
PPEF1,1512,0.0844
CD8B2,765,0.0843
NADSYN1,1583,0.0843
TPGS1,1523,0.0843
MACROD1,1554,0.0843
PBRM1,1599,0.0843
CD164L2,677,0.0843
SEC11C,1572,0.0843
ZNF358,1523,0.0843
CHRNA6,874,0.0843
FGFR1,1594,0.0842
GSTM5,1376,0.0842
SMPDL3B,1404,0.0842
GPR132,1384,0.0842
GPR15,1007,0.0842
SH2D5,1374,0.0842
AP2S1,1574,0.0842
MMEL1,1223,0.0841
CNBD2,1531,0.0841
IZUMO2,610,0.0841
TTPA,1280,0.0841
NRDE2,1578,0.0841
FAM177B,1497,0.0841
CCDC158,953,0.0841
NUDT9,1569,0.0841
IL4I1,1549,0.0841
CD300LB,275,0.084
PNPLA4,1435,0.084
RAB42,1015,0.084
SMARCD3,1540,0.084
TMEM185B,1535,0.084
TSPAN16,1472,0.0839
OAT,1581,0.0839
MVB12A,1570,0.0839
TMEM88B,929,0.0839
REC114,1471,0.0839
ALDH1L1,1401,0.0839
LGALS2,1300,0.0839
SIVA1,1554,0.0839
BEX2,1424,0.0838
WNT6,1037,0.0838
LGI4,1371,0.0837
MAPKAPK5,1572,0.0837
LCE3E,82,0.0837
CTDSPL,1592,0.0837
ARHGEF33,1449,0.0837
ABCG2,1444,0.0837
PROSER2-AS1,1474,0.0837
LENG8-AS1,1538,0.0836
MRGPRX2,162,0.0836
SBK1,1518,0.0836
TGM1,1421,0.0836
BEX1,966,0.0836
LCMT2,1419,0.0835
SEMA3B-AS1,339,0.0835
SCN4B,1326,0.0835
SRRM2-AS1,1486,0.0835
TACR2,1221,0.0835
C3AR1,843,0.0835
PTGES3L,1439,0.0835
PTCD1,1560,0.0835
EPB42,984,0.0835
YIF1A,1555,0.0834
GSTM3,1533,0.0834
PRSS1,493,0.0834
ATP6V1D,1593,0.0834
HTR3A,242,0.0834
TNNI1,856,0.0833
OLFM3,1337,0.0833
MXRA8,1406,0.0833
HAPLN3,1534,0.0833
NEIL1,1471,0.0833
MNX1,1538,0.0833
FANCE,1528,0.0833
BARX1,1070,0.0833
GDF5,1419,0.0833
SEC14L5,1358,0.0833
TPRKB,1555,0.0832
CTAGE9,885,0.0832
OR8A1,547,0.0832
SRPX,1548,0.0832
TTC21B-AS1,1376,0.0832
SYCE1L,1522,0.0832
CETN2,1558,0.0832
TIPARP-AS1,1302,0.0832
NPR2,1510,0.0832
TLN1,1598,0.0832
CCL5,1576,0.0832
ANOS1,1368,0.0831
SLC2A6,1522,0.0831
ADNP-AS1,1518,0.083
SH2D6,1104,0.083
EMCN,1361,0.083
RP1L1,1313,0.083
FGD3,1437,0.0829
JRKL-AS1,525,0.0829
NPTXR,1519,0.0829
DDB1,1598,0.0829
IL6,1575,0.0829
FRG2C,134,0.0829
ECHDC3,1270,0.0829
RUSC1,1545,0.0829
SLC35B2,1542,0.0829
ARHGEF15,399,0.0829
DHRS12,1532,0.0828
FCN3,967,0.0828
ZNF30,1521,0.0828
SPTA1,781,0.0828
PYCR3,1476,0.0828
TSHR,1401,0.0828
SEMA5B,1281,0.0828
DQX1,1339,0.0828
CYP2J2,1393,0.0828
KRT27,124,0.0827
ADGRG6,1595,0.0827
SYT11,1505,0.0827
INO80C,1549,0.0827
SFTPB,733,0.0827
RHEBL1,1531,0.0826
SLC6A11,1266,0.0826
AANAT,1323,0.0826
GRIN1,1190,0.0826
TCL6,599,0.0826
CDH23,1498,0.0826
HPSE,1492,0.0826
LRRC46,1037,0.0825
GNB2,1578,0.0825
DPYSL5,1424,0.0825
TMEM59L,1368,0.0825
ST20-AS1,1241,0.0825
SMG7-AS1,1257,0.0824
SLC6A1-AS1,155,0.0824
FGF17,811,0.0824
NPR1,772,0.0824
EPHX3,1511,0.0824
ADAMTS8,630,0.0824
RAD51C,1550,0.0824
KCNJ13,1454,0.0823
CDKL1,1588,0.0823
ALKBH2,1530,0.0823
MINDY1,1530,0.0823
AGL,1574,0.0822
FRZB,1523,0.0822
RXRG,591,0.0822
TMEM100,927,0.0822
IQANK1,1545,0.0822
RIDA,1546,0.0822
AGXT2,827,0.0822
FBXL16,1529,0.0822
GLP1R,336,0.0821
F11-AS1,1487,0.0821
YDJC,1530,0.0821
CHCHD10,1556,0.0821
ZBED8,1518,0.0821
SMPD4,1580,0.0821
ORAI2,1572,0.0821
TNFSF13,1324,0.082
EXTL3,1580,0.082
ZNF480,1576,0.082
POLR2K,1547,0.082
NALT1,1016,0.082
EDEM2,1559,0.082
PCBD1,1546,0.082
ODF3L1,374,0.082
RIBC1,1372,0.082
NECTIN4,1526,0.0819
MRPL12,1528,0.0819
PLEKHN1,1539,0.0819
PITX1,1528,0.0819
FAM163A,886,0.0819
PSMG3-AS1,1530,0.0819
SLC6A19,61,0.0819
BSND,378,0.0818
ATP6V0A2,1577,0.0818
LIFR-AS1,1413,0.0818
NICN1,1488,0.0818
SCAMP1-AS1,1524,0.0818
ESPNL,1277,0.0817
STARD5,1473,0.0817
EDEM1,1584,0.0817
OSTN,907,0.0817
PCDHB2,1335,0.0817
TRIM45,1463,0.0817
MPL,1082,0.0816
PLG,804,0.0816
ZNF501,1307,0.0816
MRPS21,1576,0.0816
TEN1,1541,0.0816
FBXO24,1460,0.0816
PGM5P4-AS1,341,0.0816
OVCH1-AS1,1365,0.0815
GABRR1,968,0.0815
SLC24A5,1424,0.0815
ZNF888,1533,0.0815
ABT1,1535,0.0815
ITGAL,1337,0.0814
MOCS3,1511,0.0814
HPSE2,1489,0.0814
FRAT2,1496,0.0814
EMX1,868,0.0813
APOA1,1316,0.0813
ZNF488,1137,0.0813
MICALL1,1570,0.0813
COA5,1555,0.0813
SEMA3F,1523,0.0812
F13A1,1252,0.0812
ZNF304,1515,0.0812
RPUSD1,1495,0.0812
FMOD,374,0.0812
PROX1-AS1,1527,0.0812
SLC17A9,1446,0.0811
CCDC175,1350,0.0811
ANXA9,1305,0.0811
CENPW,1540,0.0811
SRGAP2-AS1,1389,0.0811
LY6G5B,1504,0.081
ERCC2,1554,0.081
APCDD1,1430,0.081
FAM83C-AS1,155,0.081
MAJIN,1342,0.081
TP53RK,1541,0.081
RBM38,1556,0.0809
A1CF,1410,0.0809
NDST3,1360,0.0809
CCDC74B,1164,0.0809
LYSMD1,1537,0.0809
FRMPD3,1417,0.0808
RASAL1,1467,0.0808
GATA4,1467,0.0808
ATP1B3-AS1,1145,0.0808
EEF1AKMT1,1550,0.0808
HYAL1,1490,0.0808
KCNQ4,1466,0.0808
ERG,1443,0.0807
ZNF709,978,0.0807
BRDT,1243,0.0807
NFIX,1585,0.0807
BCAN,1378,0.0807
PSG11,677,0.0806
SMIM9,683,0.0806
ZNF561-AS1,1549,0.0805
IFT81,1587,0.0805
FAM66B,983,0.0804
NXPH2,1032,0.0804
NGRN,1571,0.0804
HMMR-AS1,1405,0.0804
POLB,1573,0.0804
DOK4,1544,0.0804
P3H2-AS1,1395,0.0804
BTBD18,1423,0.0804
TEX33,179,0.0804
ERICH5,1208,0.0803
SH2D1B,953,0.0803
ZDHHC1,1529,0.0802
SHISA3,729,0.0802
ANKRD2,1358,0.0802
ABHD14A,1483,0.0802
ATP11A-AS1,1230,0.0801
GRIN3B,1383,0.0801
BEST3,1246,0.0801
ADGRL3,1557,0.0801
EAF1-AS1,1505,0.0801
SORD,1541,0.08
JAML,1001,0.08
TAC4,1340,0.08
STPG1,1545,0.0799
LGALS4,1537,0.0799
INCA1,1330,0.0799
SLIT1,1519,0.0799
SULT1A4,878,0.0799
SMIM1,1116,0.0798
RTL1,1110,0.0798
WDR5B,1494,0.0798
ARHGEF3-AS1,1257,0.0798
ITGAE,1556,0.0798
PRRT3,1504,0.0797
ANKRD7,1540,0.0797
MCOLN1,1527,0.0797
TMIGD3,1065,0.0797
HIPK4,1372,0.0796
TAF1A-AS1,1378,0.0796
NUDT8,1444,0.0796
SPATA32,1482,0.0796
PLCXD3,1340,0.0796
CNN1,1194,0.0795
TECRL,668,0.0795
BRCA1,1585,0.0795
NAALADL1,978,0.0795
KCTD14,1486,0.0795
FER1L6-AS2,1379,0.0795
SLC1A6,1102,0.0795
TMEM171,1416,0.0795
MROH2B,646,0.0795
GSTM2,1502,0.0795
RAB26,1423,0.0794
MFF,1597,0.0794
TTR,1089,0.0794
MCMDC2,1442,0.0794
GP1BB,978,0.0794
SULT4A1,1173,0.0794
ROM1,1282,0.0793
KRBA1,1399,0.0793
FUT6,1111,0.0793
LAYN,1428,0.0793
ELAVL4,1276,0.0793
PITHD1,1569,0.0793
LGMN,1590,0.0793
MSRB1,1515,0.0792
BCS1L,1517,0.0792
CHST1,916,0.0792
PDIA2,852,0.0792
CELF2-AS1,218,0.0792
LPXN,1560,0.0791
GK5,1587,0.0791
WDR81,1544,0.079
HOXA11-AS,1300,0.079
NUAK2,1548,0.079
HECA,1575,0.079
PEX11B,1539,0.079
NCBP2-AS1,1424,0.0789
BTK,1126,0.0789
ZNF808,1559,0.0789
SERPINB11,1421,0.0789
NTRK3,1423,0.0789
RMST,1467,0.0788
SLC30A4,1550,0.0788
MBNL1-AS1,1372,0.0788
ZNF610,1470,0.0787
FAM133A,1320,0.0787
TBXA2R,1266,0.0787
CELA3B,1122,0.0787
GSN-AS1,987,0.0787
PHB2,1571,0.0787
CRYGB,56,0.0787
SMIM2-AS1,1555,0.0787
KCNJ3,1294,0.0786
PROM2,1349,0.0786
UBN1,1592,0.0786
SPIB,670,0.0786
SPATA13-AS1,560,0.0786
RING1,1552,0.0786
CPB2,1015,0.0786
ABCG8,940,0.0785
LRRC9,1266,0.0785
CIAO1,1579,0.0785
EVC2,1434,0.0785
IGBP1-AS2,200,0.0785
NOX5,1095,0.0785
SPARCL1,1355,0.0784
ADAMTS20,1375,0.0784
LMAN1L,1254,0.0784
PTGR1,1592,0.0784
KCTD3,1596,0.0784
NUTM2F,145,0.0784
LEFTY1,1309,0.0784
ACOT9,1579,0.0784
FAM166A,1104,0.0784
TRIM71,1258,0.0783
NPFF,1200,0.0783
HCG25,1495,0.0783
TINF2,1539,0.0783
ITPKB,1538,0.0783
DBNDD2,1539,0.0783
ATP1A3,1465,0.0782
ZNF500,1539,0.0782
GCHFR,1464,0.0782
SSH3,1539,0.0782
THEG,779,0.0782
GABRA4,331,0.0782
PCDHB15,1032,0.0782
MRPL21,1569,0.0781
LIM2,272,0.0781
ACSF3,1562,0.0781
SEC61B,1592,0.078
HPF1,1555,0.078
P2RX1,988,0.0779
MUC12,1438,0.0779
GBX1,1425,0.0779
BEND2,918,0.0779
TRIM55,1368,0.0779
SHISA6,1343,0.0779
MAD2L2,1542,0.0779
FFAR4,1162,0.0779
KHK,1405,0.0778
POLR2G,1543,0.0778
CCDC59,1590,0.0778
HMCES,1565,0.0778
SERINC4,1450,0.0778
SLC34A1,585,0.0778
DNAJC15,1588,0.0778
TYRO3,1544,0.0777
GPR34,1095,0.0777
CHRNA2,216,0.0777
TDRD10,1128,0.0777
AKR1C4,581,0.0777
GEMIN6,1537,0.0776
DNAJC5B,1013,0.0776
ZSCAN12,1507,0.0776
JAK3,1493,0.0776
GAST,805,0.0776
TRMT10A,1539,0.0776
TAL2,579,0.0776
LRFN3,1537,0.0775
ART5,740,0.0775
BICRA-AS1,1378,0.0775
RASSF1-AS1,813,0.0775
ADCY1,1549,0.0775
CCDC163,1440,0.0775
OMD,1265,0.0774
CLEC3A,866,0.0774
PLD5,1481,0.0774
SGCG,1378,0.0774
PSMD6-AS1,1515,0.0774
PTGER1,1042,0.0774
NUDT12,1548,0.0773
ROR1-AS1,1487,0.0773
SERPINA9,565,0.0773
RSPO2,1363,0.0773
LOH12CR2,1152,0.0772
ZNF396,1409,0.0772
PRC1-AS1,1545,0.0772
NXPE1,920,0.0772
CD300A,977,0.0772
DGKQ,1517,0.0771
DENND5B,1600,0.0771
SNN,1504,0.0771
OR2V2,203,0.0771
GRIA3,1464,0.0771
CCDC188,364,0.0771
LRRIQ4,1137,0.077
ZNF316,1562,0.077
MKX-AS1,486,0.077
SEMA6D,1492,0.077
ZNF35,1542,0.077
DLL4,1371,0.077
PLCZ1,889,0.0769
SULT1A2,1116,0.0769
SAG,1395,0.0769
TMEM37,996,0.0769
MSS51,1527,0.0769
TMEM151B,1358,0.0769
ACSM1,1145,0.0769
ZNHIT3,1553,0.0769
SLC39A8,1587,0.0768
CADM2-AS1,639,0.0768
KCNJ8,698,0.0768
ZNF66,1515,0.0768
PAN3-AS1,1303,0.0767
CYP7B1,1252,0.0767
CEBPB-AS1,1415,0.0767
ELOB,1568,0.0766
TMEM63C,1539,0.0766
F5,1366,0.0766
OR10H1,717,0.0765
PLGLB1,1143,0.0765
VPREB3,366,0.0765
CHCHD7,1581,0.0765
PI16,882,0.0765
HDAC11,1545,0.0764
CYYR1,846,0.0764
CNGA3,450,0.0764
FGF19,1250,0.0764
NNAT,1261,0.0764
CLIC6,923,0.0763
TMEM69,1549,0.0763
SOWAHB,960,0.0763
TTC3-AS1,1410,0.0763
PCAT4,562,0.0763
NAA11,1444,0.0762
LPAR4,412,0.0762
PKD2L1,1076,0.0762
HMBS,1521,0.0762
FAM131A,1556,0.0761
CNR1,762,0.0761
CLPSL2,240,0.0761
KCNJ15,1299,0.0761
ASCL2,1061,0.076
PLCL2-AS1,61,0.076
KLRG2,1369,0.076
MGAT4D,768,0.076
ZDHHC16,1548,0.076
PBLD,1535,0.076
GPR78,905,0.076
PLCD1,1534,0.076
TIMD4,1181,0.076
JUND,1573,0.0759
LTV1,1571,0.0759
SMIM24,1054,0.0759
FBXW12,1264,0.0759
PLEKHD1,1445,0.0758
MPC2,1557,0.0758
PM20D1,1122,0.0758
KLK13,253,0.0758
SEC14L1,1595,0.0758
ARIH2OS,1368,0.0758
RFXANK,1541,0.0758
THEM5,301,0.0758
TBX2-AS1,1310,0.0758
KIZ-AS1,1536,0.0757
ALG12,1541,0.0757
EIF1B,1565,0.0756
NDUFA4L2,1489,0.0756
IGSF6,1361,0.0756
VSTM1,985,0.0755
ACOT4,975,0.0755
MRPS16,1565,0.0755
SIGLECL1,447,0.0755
NDUFB2,1573,0.0755
ADPRH,1013,0.0754
SPATA1,1533,0.0754
MYH6,253,0.0754
PCAT6,1326,0.0754
GAS5-AS1,1212,0.0754
SVOPL,1383,0.0754
BPIFB1,707,0.0753
CCL15,778,0.0753
LCE3D,122,0.0753
P3H1,1563,0.0753
DCDC2B,1389,0.0752
MS4A15,329,0.0752
DENND6B,1543,0.0752
DGUOK-AS1,1501,0.0752
LETM2,1538,0.0752
HIGD1B,1050,0.0751
PSMD9,1573,0.0751
GPX7,736,0.0751
ZNF649,1463,0.075
GPNMB,1550,0.075
RTN4R,1438,0.075
EIF2AK1,1596,0.075
FOXG1,1221,0.075
B4GALT4-AS1,1426,0.075
SV2B,1282,0.075
TMEM74B,1459,0.0749
HLA-DRA,1367,0.0749
ABHD16B,25,0.0749
IFITM3,1590,0.0748
MCM8-AS1,1362,0.0748
GJC3,382,0.0748
MYO1G,1175,0.0748
GAR1,1569,0.0748
ATP11C,1597,0.0747
NXT1,1543,0.0747
EIF2AK4,1582,0.0747
CISH,1414,0.0747
PRG2,718,0.0746
ZXDA,1473,0.0746
NAP1L4,1599,0.0746
ADAM29,1030,0.0746
GPR35,1435,0.0745
IGF2BP2-AS1,1499,0.0745
CYP8B1,416,0.0745
MYO15A,1496,0.0745
TMCO6,1509,0.0745
ZKSCAN3,1511,0.0745
PPT2,1534,0.0745
GAS2L2,367,0.0745
TMEM86B,1419,0.0744
ZMYND15,1246,0.0744
GYPE,676,0.0744
CLEC17A,950,0.0744
HERC2,1595,0.0744
CNPY2,1566,0.0744
IL32,1578,0.0744
SPAG5-AS1,1538,0.0744
ZRANB2,1600,0.0743
MAFA,1328,0.0743
SHOX,494,0.0743
ITK,1262,0.0743
PNOC,983,0.0742
ZNF296,1305,0.0742
ABHD13,1559,0.0741
SYNE4,1348,0.0741
SLC38A8,1461,0.0741
NUDT6,1529,0.0741
PRKG1-AS1,1482,0.074
CLEC4C,854,0.074
MTMR1,1592,0.074
VMO1,698,0.0739
GPR63,1494,0.0739
UQCRFS1,1562,0.0739
PRPF19,1561,0.0738
ZNF79,1542,0.0738
LUADT1,188,0.0738
TNFRSF10A-AS1,1014,0.0737
ST8SIA4,1492,0.0737
TRIM58,1252,0.0737
FGA,1380,0.0737
ECT2L,1543,0.0737
FAM131C,1365,0.0736
SLC39A5,924,0.0736
DBNDD1,1504,0.0736
IFIT1B,468,0.0736
PSG3,447,0.0735
GCG,1213,0.0735
SMDT1,1542,0.0735
NDUFAF1,1547,0.0735
HCST,949,0.0735
CLUL1,1316,0.0734
HDAC11-AS1,1016,0.0734
LRRC39,1532,0.0733
ASH1L-AS1,574,0.0733
TUBA4B,980,0.0733
CREB3L4,1522,0.0733
RPA3,1555,0.0733
PCDHGA1,1359,0.0733
DHRS7C,347,0.0732
PLPPR3,1422,0.0732
TNFSF8,1073,0.0732
FAM86B2,1159,0.0732
DTHD1,590,0.073
TMEM44-AS1,1511,0.073
TEK,1452,0.073
TMEM266,1508,0.0729
FBLN5,1388,0.0729
AP1S1,1571,0.0729
VENTX,226,0.0728
OPRK1,275,0.0728
APOA1-AS,1425,0.0728
DHRS13,1530,0.0727
DRD3,1183,0.0727
COX7B2,1335,0.0727
DAAM2,1418,0.0727
EFNB3,1232,0.0727
RASL10A,1242,0.0726
NUDT16L1,1516,0.0726
CHRDL1,1229,0.0726
HOXA2,1293,0.0725
GAREM2,1370,0.0725
TKTL1,719,0.0725
PTN,1498,0.0725
INTS9-AS1,590,0.0725
B3GNT6,1235,0.0725
SLC30A8,1364,0.0725
GNG5,1580,0.0724
KIR3DL2,142,0.0724
TCF24,992,0.0724
ANKDD1A,1553,0.0724
SPON1-AS1,1527,0.0724
ZNF564,1525,0.0723
STK36,1541,0.0723
TTC36,1489,0.0723
LRRTM3,1382,0.0723
GSK3A,1557,0.0722
GLYCTK,1452,0.0722
CD38,1307,0.0722
FER1L6-AS1,1066,0.0722
SLC25A30,1544,0.0722
CASQ1,372,0.0722
GUCA1C,572,0.0722
SAT2,1561,0.0721
KDM5D,1524,0.0721
ZNF676,754,0.0721
LRRC3B,644,0.0721
CD79A,922,0.0721
FLRT1,1489,0.0721
GYPB,252,0.0721
FCGR2B,138,0.072
CASK-AS1,395,0.072
RSPH10B2,1352,0.072
LMO3,1281,0.0719
SCCPDH,1577,0.0719
GUCY2C,1316,0.0719
BSCL2,1573,0.0719
GABRG1,782,0.0718
GOLGA8N,1458,0.0718
ACAA1,1552,0.0718
SPINT1-AS1,1296,0.0718
RBM26-AS1,1515,0.0717
MATN4,1307,0.0717
ALG1L2,1362,0.0717
NUDT11,1311,0.0717
MS4A12,219,0.0717
MKX,1483,0.0717
POMGNT2,1538,0.0716
KCNE3,1176,0.0716
MMAA,1519,0.0716
PSG7,508,0.0715
EPS8L2,1569,0.0715
PCA3,1432,0.0715
ZNF12,1587,0.0715
TEX2,1574,0.0715
SLC44A4,1415,0.0715
ZFAS1,1599,0.0715
PPP1R3A,1261,0.0715
ODF3L2,1019,0.0714
CARD16,1353,0.0714
TIGD6,1510,0.0714
RHOV,1527,0.0714
ACTN3,1335,0.0714
CD28,525,0.0713
LHX2,1396,0.0713
FAM162B,365,0.0713
SLC10A6,1290,0.0713
PPP1R27,1109,0.0713
ERG28,1550,0.0713
PRB3,290,0.0712
NOX4,1363,0.0712
MDFIC2,1090,0.0712
ESRRA,1569,0.0712
SKOR1,1377,0.0712
MDM2,1598,0.0712
CNTFR,1325,0.0712
AP4B1-AS1,1384,0.0712
KCNK10,1269,0.0711
CLEC2L,1199,0.0711
FRS3,1488,0.0711
MPHOSPH9,1593,0.071
GDF11,1537,0.071
PCDH18,1017,0.071
ADGRB1,1461,0.071
MLH1,1568,0.0709
CIDEB,1257,0.0709
SPIC,703,0.0709
SHE,874,0.0709
NMRAL1,1550,0.0709
BPIFB2,1019,0.0709
ENO3,1530,0.0708
TSEN34,1555,0.0708
ADGRD2,479,0.0707
RAB39B,1229,0.0707
FRAT1,1188,0.0707
HTR4,1422,0.0706
CACNA1I,1240,0.0706
SLC18A1,610,0.0706
GSC,350,0.0706
SLC35F1,1492,0.0706
RNASEH2B-AS1,1365,0.0706
PCAT18,338,0.0705
VSTM2A,574,0.0705
MMP2-AS1,435,0.0705
ACVRL1,843,0.0705
SLC25A35,1440,0.0705
PSMA8,1194,0.0705
HINT2,1533,0.0705
BRWD1-AS2,696,0.0704
WFDC1,1023,0.0704
RSPH14,1321,0.0704
PRAC1,28,0.0704
SPINK7,248,0.0704
RASSF8-AS1,1552,0.0704
RAPGEF4-AS1,1357,0.0704
UBASH3A,1123,0.0704
SLC47A2,1379,0.0704
KLC3,1478,0.0703
OTUD4,1582,0.0703
FITM1,1052,0.0702
TUBB1,1121,0.0701
NBAT1,1186,0.0701
CIDEC,585,0.0701
IL17REL,984,0.0701
ABALON,1280,0.0701
COMMD3,1553,0.07
LARGE2,1309,0.07
PPP1R11,1571,0.07
TNMD,301,0.07
OARD1,1574,0.07
RIIAD1,1003,0.07
SLC22A8,429,0.0699
PREB,1559,0.0699
EVA1B,1423,0.0699
SYCE3,1290,0.0699
RLN1,203,0.0699
REM1,172,0.0698
PLIN4,1178,0.0698
RFX4,1386,0.0698
CHAT,759,0.0698
OGT,1600,0.0697
BLK,814,0.0697
OSTN-AS1,322,0.0697
METTL7A,1324,0.0696
P2RY14,1331,0.0696
MDC1-AS1,1448,0.0696
PRPF4B,1598,0.0696
RITA1,1534,0.0696
PDZD7,1510,0.0696
NIPAL4,1046,0.0696
SPSB3,1552,0.0696
ELOVL3,814,0.0695
GOLGA6L2,642,0.0694
ZNF701,1561,0.0694
KCNU1,1291,0.0694
CHST6,1405,0.0694
ABCA9-AS1,1058,0.0694
CCND2-AS1,1105,0.0693
SCO1,1568,0.0693
KCND3,1456,0.0693
SLC22A16,586,0.0693
TNFRSF10C,1456,0.0693
JMJD4,1506,0.0693
COLGALT2,1534,0.0693
SATB2-AS1,1512,0.0693
MPND,1525,0.0692
CRHR2,984,0.0692
GRM2,1078,0.0692
HCRTR2,1230,0.0692
NMB,1508,0.0692
SENCR,454,0.0692
LIN28B-AS1,1138,0.0692
ZMYND19,1518,0.0692
FCN1,285,0.0692
CSDC2,1276,0.0692
TACR3,1387,0.0692
PEF1,1546,0.0691
ZNF705A,1085,0.0691
MTMR8,1497,0.0691
C1QTNF7,1500,0.0691
MTFR1L,1546,0.0691
TERB1,1499,0.069
CAPN6,274,0.069
HHIPL1,1283,0.069
ELL3,1429,0.0689
CTAGE4,378,0.0688
KDM8,1498,0.0688
SCN11A,1474,0.0688
UGT2B15,452,0.0688
KLHL1,1358,0.0687
CERKL,1210,0.0687
DHRS11,1517,0.0687
CPO,1150,0.0687
GRM5,1421,0.0686
ADH4,798,0.0686
HAND2-AS1,1485,0.0686
DNAJC12,1528,0.0686
PAK2,1599,0.0685
PHOSPHO1,433,0.0685
CELF4,1487,0.0685
CCR10,1445,0.0685
DLL1,1497,0.0685
WDR24,1511,0.0685
PIGQ,1535,0.0685
GPD1,1179,0.0684
GRM7,1489,0.0684
PPIC,1546,0.0684
ING2,1568,0.0684
CXCR6,531,0.0684
TTLL8,586,0.0684
LRRC57,1564,0.0684
AKT2,1586,0.0683
ZXDB,1548,0.0683
TMPRSS6,1161,0.0683
ATP13A5,1057,0.0683
FHL5,613,0.0683
SLC13A1,837,0.0682
IFNL2,616,0.0682
HOXD9,1175,0.0682
ENHO,384,0.0682
SFTPD,1169,0.0682
KCNH6,906,0.0682
RRP1B,1585,0.0681
DEPDC1-AS1,1326,0.0681
LMBRD2,1579,0.0681
LGSN,1412,0.0681
OCEL1,1536,0.0681
SMYD1,498,0.0681
LPA,910,0.0681
SMIM18,1256,0.0681
SLC16A9,1504,0.068
TVP23A,1203,0.068
GATM,1469,0.068
TMEM160,1531,0.068
HAVCR1,1366,0.0679
MED21,1585,0.0679
MYL6B,1568,0.0679
COQ5,1548,0.0679
TSPAN33,1499,0.0679
NUDT3,1594,0.0678
TMEM64,1561,0.0678
MRLN,1317,0.0678
UBE2I,1599,0.0677
CCDC144A,1468,0.0677
LRRC19,1325,0.0677
MTMR6,1566,0.0677
BRD1,1580,0.0677
MFSD14B,1583,0.0677
RASSF7,1549,0.0676
TBC1D10C,609,0.0676
STK32C,1551,0.0676
LYPD5,1401,0.0675
VWC2,1118,0.0675
GPC6-AS1,1188,0.0675
PLET1,1276,0.0674
TIMM8B,1535,0.0674
DNASE1,1582,0.0674
MRRF,1582,0.0673
SCARF1,1484,0.0673
IGFLR1,1315,0.0673
MTRF1,1567,0.0673
CRYZ,1554,0.0673
NSDHL,1555,0.0673
FGF14-AS2,639,0.0673
NOX3,917,0.0672
LY86-AS1,1304,0.0672
BTD,1561,0.0672
C2CD4C,1047,0.0672
APOM,1432,0.0671
DDT,1565,0.0671
ITGB5-AS1,1414,0.0671
PRDM14,1133,0.0671
SPATA12,1406,0.0671
TREX2,1532,0.0671
VGLL1,366,0.067
MAG,534,0.067
ZNF208,1203,0.067
RGS7,1568,0.067
P2RY8,1265,0.067
MRPS12,1538,0.0669
XAGE2,152,0.0669
ARX,719,0.0669
PDE1A,1533,0.0668
TYR,1339,0.0667
SNAPC2,1538,0.0667
SFTPA2,915,0.0667
PHYHIPL,1421,0.0666
SCO2,1498,0.0666
GFER,1537,0.0666
GAL3ST1,1494,0.0666
SLC4A1,914,0.0666
TMEM207,239,0.0666
TYSND1,1538,0.0666
IQCC,1447,0.0665
TMEM26,546,0.0665
TTC39C-AS1,878,0.0665
ZACN,1295,0.0665
ZDHHC12,1508,0.0664
CLCA1,699,0.0664
CCL17,586,0.0663
GLB1L3,1116,0.0663
DCN,1365,0.0663
MEIG1,1304,0.0663
SLC39A3,1524,0.0663
BTBD6,1447,0.0662
ANO7,1496,0.0662
LARGE-AS1,1180,0.0662
JOSD2,1545,0.0662
ITGAV,1600,0.0661
RAB6B,1539,0.0661
LIN7A,1517,0.0661
PTOV1-AS1,1501,0.0661
SAPCD1-AS1,924,0.0661
PDLIM2,1549,0.0661
GPR183,1430,0.066
GATA6-AS1,1125,0.066
TOMM22,1561,0.066
DNAJC4,1540,0.0659
TMEM244,772,0.0659
HOPX,1213,0.0659
EHD4-AS1,1293,0.0659
PRIMA1,1036,0.0659
WNT3,1492,0.0658
DLGAP1-AS4,851,0.0658
LIPT2,1167,0.0658
WNT2,635,0.0658
A1BG,1526,0.0658
LTC4S,1102,0.0658
ACTR8,1551,0.0657
ZNF689,1523,0.0657
CLEC6A,513,0.0657
INHBA-AS1,1423,0.0656
DPPA4,516,0.0656
GSTA4,1505,0.0656
NRN1L,1013,0.0656
GLYAT,1149,0.0656
ZSCAN22,1518,0.0656
TMX2,1596,0.0656
PLEKHF1,1447,0.0655
LPAR2,1519,0.0655
ACOD1,216,0.0655
MIR4458HG,1500,0.0655
SEPHS1,1558,0.0655
RHO,532,0.0655
DPP10-AS1,938,0.0655
SGMS1-AS1,1473,0.0654
URM1,1563,0.0654
TMPRSS3,1403,0.0654
CREB3,1556,0.0654
DOK7,1292,0.0654
TSTD1,1525,0.0653
SMN2,1516,0.0653
PSMB10,1527,0.0653
PCDHB14,1402,0.0653
HMGN3-AS1,1423,0.0653
F11,684,0.0652
SCN7A,1229,0.0652
DHX34,1577,0.0652
SYN2,1477,0.0652
GALNTL5,858,0.0651
CDSN,1197,0.0651
TMEM177,1507,0.0651
STARD6,1188,0.0649
ISY1,1584,0.0649
MPV17,1576,0.0649
LHB,463,0.0648
LRRC74B,787,0.0648
OPN5,781,0.0648
MEF2C-AS2,1428,0.0648
SCG3,1432,0.0648
NOXO1,1151,0.0647
MRPL19,1586,0.0647
PFKFB1,1440,0.0647
VSIG2,1027,0.0647
PAPSS2,1584,0.0646
PLAC1,1527,0.0646
GAPLINC,1493,0.0646
TMEM204,1309,0.0646
PLA2G4E,786,0.0646
FADS6,618,0.0646
CLDN18,1476,0.0646
NWD2,1294,0.0645
CALCB,1408,0.0645
C1QTNF12,1402,0.0645
PHLDA3,1534,0.0645
CDO1,1103,0.0645
PRSS56,177,0.0645
DEGS2,1313,0.0645
PIK3CG,812,0.0645
CCDC140,259,0.0644
MRPL46,1530,0.0644
NR0B2,172,0.0643
DVL3,1573,0.0643
DNAJB7,973,0.0643
KCNT1,937,0.0643
FOXD3-AS1,1187,0.0643
SLC24A4,1337,0.0642
SPAG7,1560,0.0642
OR11G2,118,0.0642
MEI4,1364,0.0642
PLEK,500,0.0641
CYP21A2,241,0.0641
CDH17,1515,0.0641
SULT1C4,714,0.0641
ZNF540,1528,0.064
KCNH7,1491,0.064
ATP6V1E2,1563,0.064
COX6B1,1574,0.064
PIGX,1553,0.064
ACHE,1408,0.064
PIGH,1558,0.064
SPINK4,1251,0.0639
STX10,1544,0.0639
MIR217HG,1070,0.0639
ELAVL2,1503,0.0639
LHX6,1354,0.0639
CWH43,539,0.0639
NUDT4,1598,0.0639
FAM178B,1371,0.0639
PTH,502,0.0638
RASSF6,1562,0.0637
FKTN,1584,0.0637
KCNMA1-AS3,1266,0.0637
CYP4Z1,1037,0.0636
HLA-DPB1,1078,0.0636
MYLK4,1502,0.0636
KCNJ11,1437,0.0636
CBLN2,816,0.0636
PRKAB1,1551,0.0636
PDLIM1,1575,0.0636
LEXM,1028,0.0635
CD37,1302,0.0635
ELN,1242,0.0635
RGSL1,1302,0.0635
FXYD4,307,0.0635
C1QL4,1003,0.0635
TMEM231,1537,0.0635
FEV,64,0.0634
TMEM212,1268,0.0634
RMDN3,1555,0.0634
PKHD1,1492,0.0634
FAM229B,1511,0.0634
DOK5,1466,0.0633
TRAPPC3L,915,0.0633
CHADL,1476,0.0632
CDH16,278,0.0631
ZBTB20-AS2,1081,0.063
TTC9B,752,0.063
PTPN5,790,0.063
MBD3L1,923,0.063
ATP1A1-AS1,1551,0.063
POTEH,767,0.0629
WDR93,1454,0.0628
RAB15,1518,0.0628
SOX21-AS1,1343,0.0628
EGFL6,805,0.0628
PLAC4,1490,0.0627
SDR42E2,1331,0.0627
SMCO3,1066,0.0627
WDR5,1557,0.0627
PRR3,1539,0.0627
MYH4,348,0.0627
CHRNB3,911,0.0627
DVL1,1552,0.0626
IL4,335,0.0626
LAIR1,348,0.0626
ZNF154,1413,0.0626
PNMA6A,790,0.0625
CDC42SE1,1583,0.0625
HMCN2,1379,0.0625
PLPPR1,1384,0.0625
TAS1R3,641,0.0625
VILL,1384,0.0624
CCM2L,1183,0.0623
GFI1,1332,0.0623
HLA-DRB5,747,0.0623
TRAPPC6A,1529,0.0623
PAMR1,1390,0.0623
SOX5-AS1,1121,0.0623
SLC2A2,905,0.0623
TMEM53,1509,0.0623
TMEM74,1370,0.0622
PAGE2,316,0.0622
HSD17B13,1478,0.0622
SF3B5,1560,0.0622
SUSD5,1435,0.0622
FAM66E,314,0.0622
MTFR2,1543,0.0622
SEMA6C,1509,0.0622
ROPN1B,880,0.0621
AKR1E2,1449,0.0621
PEX16,1532,0.0621
CLRN2,210,0.0621
ZNF410,1580,0.0621
TFR2,1463,0.0621
ZSCAN1,329,0.0621
CASC6,741,0.0621
SLC6A1,691,0.0621
PRDM11,1530,0.0621
GRIK3,1190,0.0621
UNC93A,875,0.062
TCF4-AS1,1120,0.062
VEGFB,1568,0.062
PIWIL2,1521,0.062
PPOX,1542,0.062
GSTZ1,1514,0.062
MS4A5,542,0.062
CARD8-AS1,1377,0.062
NEUROD2,283,0.0619
ZIC3,168,0.0619
PDCD4-AS1,1318,0.0618
SNAI3-AS1,1543,0.0618
DNM1,1571,0.0618
SGSM1,1556,0.0618
SLC22A31,668,0.0618
INE2,345,0.0617
SLC12A1,1234,0.0617
FGF14-AS1,134,0.0617
NHLRC1,730,0.0617
RGCC,1404,0.0617
JADE3,1579,0.0616
BIK,1523,0.0616
NMUR2,923,0.0616
DYTN,1070,0.0616
LIPE,1459,0.0616
CCDC115,1538,0.0616
MS4A2,398,0.0616
NPAS1,1548,0.0615
ELMOD1,1333,0.0615
LAMTOR1,1579,0.0615
ZNF780B,1583,0.0615
BBS10,1529,0.0615
RIPPLY2,387,0.0615
PEX5L-AS2,472,0.0615
PRDM12,725,0.0615
SNTN,949,0.0614
STPG2-AS1,1089,0.0614
ADAM7,957,0.0614
PSMD10,1574,0.0614
KCNQ5-AS1,474,0.0614
CNTN2,1031,0.0614
CHST7,1531,0.0613
GLIDR,852,0.0613
IQSEC3,1065,0.0613
RNASET2,1577,0.0612
C2CD3,1595,0.0612
ITGAD,1150,0.0612
MAGEE1,1006,0.0612
WNT16,1293,0.0612
IL13,1150,0.0612
CLMAT3,1321,0.0612
GLT6D1,349,0.0611
WDR64,1357,0.0611
RGMA,1277,0.0611
HCN4,793,0.0611
CD177,350,0.0611
HCG27,1505,0.061
PKMYT1,1519,0.0609
TRIM48,122,0.0609
UTS2,1133,0.0609
CYB561D2,1541,0.0608
EPB41L3,1590,0.0607
TIMM9,1556,0.0607
FAM153B,1236,0.0607
DHRS4-AS1,1549,0.0605
KIF6,1512,0.0605
RAB12,1595,0.0605
TMEM79,1529,0.0604
FRMPD3-AS1,439,0.0604
FOXN3-AS1,913,0.0604
PPP1R3F,1518,0.0604
TNN,1271,0.0604
BTNL8,1238,0.0603
RGPD8,1530,0.0603
RFNG,1522,0.0603
BTN1A1,599,0.0603
LTF,737,0.0603
FSD1,1419,0.0602
FRMPD2,943,0.0602
MT1F,1445,0.0601
MTX1,1477,0.0601
ITGA7,1496,0.0601
TNFSF11,624,0.0601
HTRA2,1533,0.0601
ZEB2-AS1,617,0.0601
RNF126,1570,0.06
ALDH16A1,1528,0.06
ZIK1,1068,0.06
NEK4,1566,0.06
ABCA8,1170,0.06
NOXRED1,1544,0.0599
NCKAP1L,1059,0.0599
OAZ2,1573,0.0599
PILRA,1560,0.0599
TPRX1,542,0.0599
SHISA4,1492,0.0599
NMRK2,1045,0.0598
GPHB5,617,0.0598
NDUFS2,1572,0.0598
KCNB1,1454,0.0598
FXYD7,935,0.0597
MOCOS,1570,0.0597
ZNF560,1191,0.0597
MIR3945HG,550,0.0597
MED14OS,986,0.0597
ANGPTL7,667,0.0597
NEK5,1520,0.0597
SPATC1,1512,0.0597
RGL4,1026,0.0596
ME2,1582,0.0595
GNA14-AS1,1284,0.0595
SCGB1D2,110,0.0595
SAAL1,1551,0.0595
MAB21L1,543,0.0595
DIAPH3-AS2,1214,0.0595
TEX101,864,0.0595
WDTC1,1576,0.0594
GNPTG,1565,0.0593
PDZD11,1540,0.0593
CACNA2D2,1384,0.0593
ABCC10,1546,0.0593
PAX7,1329,0.0593
TNFAIP8L3,1435,0.0593
ANGEL2,1576,0.0593
SLCO1A2,1253,0.0592
CRLF1,1537,0.0592
BBS7,1570,0.0592
TMEM121,1184,0.0591
XKR3,499,0.0591
SCGN,1018,0.0591
DNAJC9-AS1,1359,0.0591
TEX36,1424,0.0591
FAM3D-AS1,1085,0.059
PHF24,820,0.059
TMEM196,682,0.0589
SMIM10L1,1555,0.0589
UBAC1,1576,0.0589
NADK,1564,0.0588
CCDC51,1506,0.0588
NEBL-AS1,359,0.0588
GPR84,869,0.0587
CCDC28B,1498,0.0587
C7,1069,0.0587
PRSS12,1529,0.0587
NUCB1-AS1,1398,0.0586
STARD7-AS1,1546,0.0586
AIRE,171,0.0586
TCEAL1,1533,0.0586
CLDND2,1192,0.0586
ZBTB14,1543,0.0586
NEURL2,1481,0.0586
LINGO4,212,0.0585
DDN-AS1,1501,0.0585
MRPL52,1563,0.0585
MAGIX,1372,0.0585
ALOX15,855,0.0585
GABRA2,1424,0.0585
SPACA9,1509,0.0585
LACTB2-AS1,1436,0.0584
IGLL1,269,0.0584
SEC62,1599,0.0584
TRIM63,640,0.0584
TRDN,1297,0.0584
MIR4422HG,1292,0.0584
SERHL2,1495,0.0583
AMBN,323,0.0583
FYB2,1239,0.0583
SYT6,949,0.0583
TMIGD2,749,0.0582
SCOC-AS1,1450,0.0581
TOR3A,1533,0.0581
RUNDC3B,1499,0.0581
DPT,914,0.0581
SULT6B1,1168,0.058
STK35,1597,0.0579
FGF23,472,0.0579
LRRC71,1018,0.0579
RND2,1240,0.0578
AGAP2-AS1,548,0.0578
ENDOG,1486,0.0578
ZDHHC24,1547,0.0578
SEC62-AS1,1406,0.0577
ERICH3,1172,0.0577
FOXP1-AS1,1287,0.0577
MEDAG,865,0.0577
ZNF280A,946,0.0576
BATF3,1420,0.0576
DEFB119,143,0.0576
CHRNB1,1569,0.0575
IAH1,1559,0.0575
ZFR2,1336,0.0574
KCNC1,1475,0.0574
SUCLA2,1591,0.0573
HLX-AS1,1282,0.0572
PTPN20,1112,0.0572
TLCD1,1495,0.0572
OLFM1,1474,0.0572
HLA-DQB1,1020,0.0571
TCTN2,1562,0.0571
MRPL28,1541,0.0571
GTSF1,1329,0.0571
WFDC2,1443,0.057
KANSL1-AS1,1393,0.0569
STEAP3-AS1,1490,0.0569
C5AR2,842,0.0568
IDI2,1339,0.0567
B3GALT2,1435,0.0567
FAAH,1463,0.0567
EXOSC10,1587,0.0566
GKN1,252,0.0566
SLC25A41,1221,0.0566
MTURN,1580,0.0566
ALLC,1253,0.0565
TGFB3,1502,0.0565
DCTN3,1539,0.0565
GNG3,381,0.0564
SURF6,1577,0.0563
ATCAY,1435,0.0563
MYCNOS,920,0.0563
MIGA2,1555,0.0562
MDH1B,1223,0.0561
OLAH,1139,0.0561
DEFB131B,1053,0.0561
TUSC1,1122,0.0561
IL2RA,977,0.0561
SHANK2-AS1,928,0.0561
ORMDL1,1571,0.0561
TRAPPC2L,1539,0.056
CTXND1,1018,0.056
NALCN-AS1,1425,0.056
MBOAT4,952,0.0559
SUZ12,1592,0.0559
PINK1-AS,1522,0.0559
RSPH10B,1263,0.0558
GLRA4,325,0.0558
S100A8,977,0.0557
IGFBPL1,1042,0.0557
HES7,1476,0.0556
WDR18,1531,0.0556
ATF5,1570,0.0556
CACNA1S,921,0.0556
SLC2A8,1523,0.0556
CES3,1407,0.0556
RAB11B-AS1,1541,0.0556
SNX18,1553,0.0556
EIF3D,1598,0.0555
KCNK12,1280,0.0555
ACADL,876,0.0555
KL,638,0.0555
DDX20,1546,0.0555
TSPEAR,1454,0.0554
PCDH8,65,0.0554
SLC5A7,214,0.0554
MYCN,1187,0.0554
FAM182A,1362,0.0554
NPFFR2,1380,0.0554
CR1,1184,0.0553
FEZ1,1532,0.0552
PAGE5,835,0.0552
LHFPL3-AS1,1566,0.0552
TMEM38A,1546,0.0552
MIR200CHG,1018,0.0552
IL20,250,0.0551
TGM3,867,0.0551
RHBG,718,0.0551
DESI1,1559,0.0551
RFC1,1598,0.055
NT5C1B,867,0.055
PGM1,1582,0.055
IFT46,1535,0.055
CLEC19A,866,0.055
SPIN2B,1498,0.055
SDS,1248,0.0549
ACVR2B-AS1,1094,0.0549
CLEC11A,1470,0.0549
CALR3,41,0.0549
PRKX,1580,0.0548
CD27-AS1,1540,0.0548
ALAS2,1025,0.0548
SCARA5,1474,0.0548
HLA-DOA,188,0.0547
PRRG3,66,0.0547
THG1L,1537,0.0547
ANKRD33,183,0.0547
RHOXF1-AS1,1425,0.0546
CHAC2,1461,0.0546
HOXB13,1233,0.0546
NHLH2,92,0.0546
PCAT19,845,0.0545
DGKH,1599,0.0545
PAFAH1B3,1527,0.0545
ASZ1,718,0.0545
FPR2,351,0.0544
MRPL48,1583,0.0544
MAEL,1163,0.0544
ETFBKMT,1502,0.0544
SKAP1-AS1,1239,0.0544
SGPL1,1581,0.0544
FAM24B,1529,0.0543
GON7,1520,0.0543
PPA2,1598,0.0543
OSBPL11,1563,0.0543
SLITRK2,440,0.0542
FCER1G,1195,0.0542
FBXL6,1506,0.0542
CALML6,505,0.0542
PUSL1,1507,0.0542
BMX,1304,0.0541
KIF5A,1506,0.0541
TAT-AS1,943,0.0541
EFCC1,1175,0.0541
PPP1R2,1598,0.054
IFITM2,1574,0.054
UGT3A2,655,0.054
ZNF679,789,0.054
OXA1L,1568,0.054
REN,1177,0.054
DSG4,1176,0.054
MT1G,1373,0.0539
EGFL8,1531,0.0539
COQ3,1548,0.0539
ETNPPL,460,0.0538
ASTN2-AS1,1252,0.0538
CAMLG,1582,0.0538
VASH1-AS1,1388,0.0537
NFIA-AS2,1256,0.0537
ATP11AUN,1126,0.0536
TMEM128,1543,0.0536
DCUN1D2-AS,1163,0.0536
ZNF599,1434,0.0536
GPR85,541,0.0535
HOMER2,1568,0.0535
MIF-AS1,1376,0.0535
KNDC1,1512,0.0534
PDE4A,1547,0.0534
KCNK17,219,0.0534
DOHH,1539,0.0534
NPB,868,0.0534
HYKK,1513,0.0534
ZNF688,1488,0.0534
HARBI1,1503,0.0533
C1D,1567,0.0533
MYCNUT,1015,0.0533
KNG1,719,0.0533
ZNF256,1424,0.0533
SPINK9,350,0.0532
LSM6,1547,0.0532
CYSLTR1,932,0.0532
TOMM40L,1471,0.0531
CCDC142,1563,0.0531
TDRD1,432,0.0531
IQCH-AS1,1542,0.053
FAM53A,1526,0.053
IGF2-AS,780,0.0529
SLC15A5,1203,0.0529
ZIM2,638,0.0529
ERVV-2,346,0.0528
EFCAB6-AS1,730,0.0528
RGS10,1550,0.0528
SERTAD4-AS1,1116,0.0528
ADAM18,1004,0.0528
NPY1R,846,0.0527
STMND1,561,0.0526
GGT5,991,0.0526
KRTAP3-1,448,0.0526
CEACAM3,263,0.0526
MAST4-AS1,872,0.0526
HAPLN1,999,0.0525
SASH3,789,0.0524
RNF157-AS1,1036,0.0524
ADPGK-AS1,928,0.0524
THOC3,1548,0.0524
GDF7,738,0.0524
ERAS,872,0.0524
VPS52,1550,0.0523
NAALADL2-AS2,1320,0.0523
FBXO2,1501,0.0523
CECR3,393,0.0523
ALAD,1546,0.0523
CX3CR1,257,0.0522
SNAI3,1400,0.0522
WDR87,648,0.0522
GPR171,350,0.0522
TOPAZ1,1194,0.0522
GDE1,1569,0.0521
CD8B,716,0.0521
ZBBX,1268,0.052
MORN5,898,0.052
CIART,1466,0.052
SAMD7,712,0.052
PRKX-AS1,1089,0.0519
ZNRF3-AS1,1114,0.0519
S1PR5,854,0.0519
ZNF32-AS3,1395,0.0519
C1QTNF4,1225,0.0518
GGCX,1546,0.0518
KLF16,1541,0.0517
PTRH2,1586,0.0517
DNAJC5G,734,0.0517
ANKRD9,1499,0.0517
SOWAHD,674,0.0516
EID2,1539,0.0516
GPR18,1294,0.0515
LRP4-AS1,1470,0.0515
POU6F1,1539,0.0515
ZNF444,1558,0.0515
SLC43A1,1517,0.0515
CD84,441,0.0515
ZNF821,1561,0.0515
S1PR1,994,0.0514
POLR2I,1542,0.0514
IRX6,347,0.0514
POTEG,703,0.0514
ALKAL1,765,0.0514
LMX1B,1436,0.0514
GK-AS1,1348,0.0514
ARAP1-AS2,778,0.0513
MRPL51,1571,0.0512
COMMD9,1541,0.0512
YPEL5,1590,0.0512
PTDSS2,1551,0.0511
PRPH2,1361,0.0511
PTGDS,711,0.0511
LAGE3,1536,0.0511
MANBAL,1568,0.051
RFPL2,847,0.051
ARSF,945,0.051
SMARCA5-AS1,848,0.051
KCTD6,1527,0.0509
ITGB2-AS1,863,0.0509
CLEC1B,313,0.0509
BTAF1,1600,0.0508
CNKSR2,1517,0.0508
RWDD4,1540,0.0508
THAP7-AS1,1462,0.0508
SURF2,1518,0.0508
MORC1,1170,0.0508
DALRD3,1543,0.0507
STAB1,1042,0.0507
DNAI1,1520,0.0507
CNMD,1207,0.0506
EIF1,1600,0.0506
AIF1L,1511,0.0506
CCDC81,1482,0.0506
ARR3,1018,0.0505
P2RX3,516,0.0505
ADGRL3-AS1,1508,0.0505
PRKCQ-AS1,1324,0.0505
ST8SIA2,936,0.0504
STOX1,1508,0.0504
NCF1,1035,0.0504
SLC11A1,1212,0.0504
SOX30,1309,0.0504
RUNDC3A-AS1,1507,0.0504
ACCS,1485,0.0504
NINJ2,1442,0.0503
LARS2-AS1,1312,0.0503
FFAR2,565,0.0503
DIAPH3-AS1,1402,0.0502
PODN,1007,0.0502
CYBB,856,0.0502
MCUR1,1568,0.0502
EQTN,541,0.0502
TIMM13,1544,0.0502
ATP2A1-AS1,1431,0.0502
CD34,622,0.0502
ZDHHC15,1303,0.0502
PCDH17,1387,0.0501
CA7,811,0.0501
ZNF580,1533,0.0501
PRSS57,673,0.05
CCNO,1392,0.05
FMO1,1174,0.05
CYP3A7,1201,0.05
PSMG4,1544,0.0499
FAM153A,1070,0.0499
FXYD6,1403,0.0499
RUNDC3A,1117,0.0499
NMBR,1377,0.0498
SLITRK4,1313,0.0498
WDFY4,1151,0.0498
CRYBB1,226,0.0498
TPO,1262,0.0498
ECE2,999,0.0497
FAM167B,841,0.0497
WWC3-AS1,1087,0.0497
CRH,874,0.0496
SLC39A12,1111,0.0496
CRYBA2,416,0.0496
ETV3L,983,0.0496
SORCS1,1521,0.0495
KCNJ16,1218,0.0495
CRYBA4,269,0.0495
ASPHD2,1457,0.0495
QSOX2,1554,0.0494
MESD,1579,0.0494
LHCGR,1006,0.0494
BTBD9-AS1,259,0.0494
PANCR,777,0.0493
TBPL2,1066,0.0493
MIR4500HG,1537,0.0493
FMO2,336,0.0493
STX19,1465,0.0493
FAM66C,1462,0.0492
SOX7,1448,0.0491
AP4S1,1567,0.0491
TOB1-AS1,1442,0.0491
ZSCAN16,1458,0.049
FAM86B1,889,0.049
HAR1B,1150,0.049
GOLGA8O,314,0.049
STKLD1,1423,0.0489
CXCL14,478,0.0488
FUT7,245,0.0488
VSX2,375,0.0488
NYX,624,0.0487
FAM90A1,983,0.0487
ARL13A,1174,0.0487
VTN,848,0.0487
ZEB1-AS1,1523,0.0487
MMACHC,1530,0.0487
UBE2K,1600,0.0487
CSTA,1291,0.0486
TMPRSS11E,932,0.0486
ETFB,1567,0.0486
ABCG5,986,0.0486
ZBTB16,1098,0.0486
ANGPTL8,1033,0.0485
MOGAT1,1192,0.0485
EGFR-AS1,1220,0.0485
C2CD4D,516,0.0485
VWC2L,1322,0.0484
APOO,1553,0.0484
HSPA12B,722,0.0484
NDUFB7,1548,0.0483
FOXN1,399,0.0483
NAT16,1162,0.0483
ADGRG2,1490,0.0483
TSR3,1541,0.0483
ADCK2,1524,0.0483
SMIM6,983,0.0482
KRTAP5-9,20,0.0482
RIF1,1599,0.0482
TMEM251,1513,0.0482
UST-AS1,337,0.0482
APOBEC2,1356,0.0482
DKKL1,1229,0.0481
KISS1R,1062,0.0481
SLC9A4,384,0.0481
FMO4,1470,0.048
KCNE1,1479,0.048
FREM3,1316,0.048
CTAG2,254,0.048
ATPAF2,1553,0.048
BTLA,1332,0.048
MHENCR,1490,0.0479
BTNL2,295,0.0479
ANXA8L1,630,0.0479
KY,990,0.0479
TMED7,1591,0.0479
NDUFS3,1556,0.0479
ATP6V1G2,1486,0.0479
FAM66A,1049,0.0479
NOL4,1530,0.0479
CLEC14A,24,0.0478
CDK5R1,1500,0.0478
MCCC2,1581,0.0478
OR3A3,171,0.0478
CX3CL1,1406,0.0477
RNF212B,1335,0.0477
CCR8,27,0.0477
FAM107A,1041,0.0476
ZNF596,1504,0.0476
SELE,609,0.0476
TRIM6,1424,0.0475
GALNT9,1351,0.0475
LHX5-AS1,159,0.0475
ACSBG2,1317,0.0475
MFSD5,1528,0.0474
PSG2,635,0.0474
ACSM2B,260,0.0473
ADIPOR1,1583,0.0473
TRNT1,1575,0.0473
CCDC90B,1575,0.0473
MPZ,826,0.0472
EXO5,1431,0.0472
RPE65,1157,0.0471
SLC7A14,1181,0.0471
DLGAP1-AS3,529,0.0471
SLC25A38,1542,0.0471
INHBC,1104,0.047
CRX,549,0.047
ROMO1,1573,0.047
HAAO,1242,0.0469
MMD,1542,0.0469
TPH1,1337,0.0469
TM4SF20,1154,0.0469
IL21R,1077,0.0468
PCOLCE,1544,0.0468
MSTN,580,0.0468
ADH6,432,0.0467
STX16,1593,0.0467
SMIM15-AS1,1533,0.0467
CD300LF,437,0.0467
SLC52A1,1285,0.0466
TRMT13,1586,0.0466
IQCA1,1438,0.0466
ARRDC1,1535,0.0466
ZNF80,182,0.0466
PLD4,853,0.0465
ERAL1,1542,0.0465
GRHPR,1564,0.0465
CTRL,1276,0.0464
TRPV4,1433,0.0463
VIPR1-AS1,1186,0.0463
SCRN2,1532,0.0463
OTOGL,1359,0.0462
SPDYE16,723,0.0462
USP30-AS1,706,0.0462
HCRT,426,0.0462
IP6K3,617,0.0462
PTH1R,1052,0.0461
S100A5,832,0.0461
GPN2,1566,0.0459
HCG24,83,0.0459
PABPC5-AS1,432,0.0459
ING5,1573,0.0458
PSPC1-AS2,853,0.0457
TEX46,1291,0.0457
SNX11,1540,0.0457
URB1-AS1,1480,0.0456
CD163,462,0.0456
IQUB,1530,0.0456
DNAAF4,1536,0.0456
SERF1B,1126,0.0456
SMR3B,311,0.0456
SCML4,1302,0.0455
CES2,1571,0.0455
NDST4,1293,0.0454
TMEM262,1097,0.0454
LRRC37A,1424,0.0453
NUTM2G,1054,0.0453
MRPS15,1562,0.0453
SLC2A4,1065,0.0453
TUBB2B,1530,0.0453
FAM181A-AS1,146,0.0452
LRRC72,1029,0.0451
ZNF252P-AS1,842,0.0451
PRDX6,1586,0.0451
CLCA4,452,0.045
EID2B,1504,0.045
TOE1,1520,0.0449
CHRFAM7A,569,0.0447
PRSS27,1466,0.0447
HSBP1L1,1537,0.0447
VWA3B,1337,0.0447
LRRC38,847,0.0447
TEX11,1429,0.0447
NDUFC2,1557,0.0446
KLRB1,1010,0.0446
TRIM17,1243,0.0445
EPHX4,1374,0.0445
PGA5,105,0.0445
LYRM2,1557,0.0445
IL17D,1409,0.0445
TAS1R1,1191,0.0445
TBX21,697,0.0444
OTUD6B-AS1,1580,0.0444
ZBTB11-AS1,1372,0.0444
PRKAR2A-AS1,1110,0.0444
SLC22A10,475,0.0443
RSPO4,1274,0.0443
ACTRT3,1128,0.0443
APOA5,38,0.0441
LENG1,1531,0.0441
ALKBH3-AS1,1093,0.0441
COMMD6,1573,0.0441
CHL1,1558,0.0441
FUNDC2,1545,0.0441
WEE2,1081,0.044
NME3,1487,0.044
ACTL8,641,0.0439
RAC3,1515,0.0439
TSSK6,1440,0.0439
PLK5,1450,0.0438
PPIG,1598,0.0438
IFT20,1577,0.0437
TRAPPC5,1535,0.0437
SLC4A9,1257,0.0437
RDH16,1042,0.0436
SPDYE2,1077,0.0436
EHMT2-AS1,1059,0.0436
P2RY12,1058,0.0435
SDHAF4,1542,0.0435
MRGPRF,506,0.0435
DPP9-AS1,1248,0.0434
TMEM121B,885,0.0434
PEPD,1573,0.0434
WWC2-AS1,1092,0.0434
CCDC121,1470,0.0434
WWC2-AS2,1009,0.0433
ANKRD61,1268,0.0433
MIR3976HG,1285,0.0432
KLHDC8B,1404,0.0432
TSGA13,593,0.0431
ZFHX2-AS1,1536,0.0431
YBEY,1536,0.0431
DNAJC19,1543,0.0431
GHET1,1081,0.0431
WDFY3-AS1,1446,0.043
FBXO40,831,0.043
TMEM176A,804,0.043
PKD1L3,1488,0.043
KLHDC9,1078,0.0429
RBM17,1593,0.0429
SSTR2,1402,0.0429
EIF2B1,1554,0.0428
PCAT5,378,0.0428
C1QTNF8,127,0.0427
HOTAIRM1,1537,0.0426
COLCA1,849,0.0426
CYP51A1-AS1,1414,0.0425
PGR,1331,0.0424
RAB33A,1153,0.0424
SPATA45,911,0.0423
MRPL36,1547,0.0423
OSBPL10-AS1,1203,0.0423
TCEAL3,1554,0.0423
SAMM50,1551,0.0423
HMX1,701,0.0423
NDUFA2,1558,0.0423
TTBK1,887,0.0422
ZNF641,1523,0.0422
PSG1,1136,0.0422
GPC4,1535,0.0421
COL2A1,543,0.0421
SMIM29,1534,0.0421
ZNF831,986,0.0421
CDH9,1230,0.042
INSL3,891,0.042
REM2,1374,0.042
VCX3B,173,0.042
TESMIN,1526,0.0419
BLOC1S1,1549,0.0419
CCR2,111,0.0419
F12,1519,0.0419
IDNK,1537,0.0419
FCRL6,258,0.0419
PRSS35,446,0.0418
WNT5A-AS1,152,0.0418
RGR,473,0.0418
CDH20,1374,0.0417
SLC18A2,1391,0.0417
TMEM233,1250,0.0417
DLK2,1382,0.0416
MRPS18B,1579,0.0416
MED29,1577,0.0416
AFG3L2,1582,0.0416
CHRM3-AS2,1343,0.0415
ANAPC10,1598,0.0415
MYOZ1,806,0.0415
KCNB2,1514,0.0414
A2M-AS1,1007,0.0413
DGKK,731,0.0413
MFSD2B,1534,0.0413
PIK3R5,1164,0.0412
PLN,1273,0.0411
MAP2K2,1581,0.0411
CCR5,90,0.041
WDR86-AS1,159,0.041
TMSB4Y,510,0.0409
TMEM50A,1588,0.0409
SLC22A6,1047,0.0409
HPGDS,1119,0.0409
CACNA2D3-AS1,632,0.0409
CCR6,1255,0.0408
CTU1,1514,0.0408
CLEC2A,557,0.0407
ANGPTL3,1261,0.0407
ZBTB46-AS1,1035,0.0407
CASC18,1071,0.0407
CAHM,1038,0.0406
ITPKB-AS1,547,0.0406
RPAIN,1578,0.0406
ELF5,883,0.0405
ZBTB20-AS5,1512,0.0405
CCDC22,1536,0.0405
KLRC4,1030,0.0405
OR6C6,63,0.0405
ENKD1,1510,0.0405
ACER1,999,0.0405
ADAMTS9-AS1,1002,0.0404
ZNF530,1435,0.0404
TMEM208,1565,0.0403
VPS13A-AS1,219,0.0403
OR1L8,935,0.0402
PHOX2A,452,0.0402
ZNF671,1360,0.0402
LAIR2,793,0.0402
GALT,1546,0.0402
TMEM132E,543,0.0402
FMR1-AS1,889,0.0401
FOXD4L1,246,0.04
CD14,1079,0.04
SMIM10L2B,767,0.0399
ITPK1-AS1,1073,0.0399
PDZK1,1473,0.0399
IBA57,1559,0.0398
ZNF100,1529,0.0398
ATP13A4,1453,0.0398
L1TD1,816,0.0397
GUCA2A,254,0.0397
YPEL4,1269,0.0397
SLC25A30-AS1,870,0.0397
SAXO2,1475,0.0396
IL5,1072,0.0396
KLK4,541,0.0396
GAB3,1351,0.0395
TRUB2,1542,0.0395
ADORA2A-AS1,1374,0.0395
TMEM114,963,0.0394
DLG5,1591,0.0394
CYP3A43,1180,0.0394
C2CD4A,1105,0.0393
SELENOH,1575,0.0393
LST1,1080,0.0393
RAMP2-AS1,716,0.0393
WDR7-OT1,1319,0.0393
TECR,1556,0.0392
NUTM1,758,0.0392
FBXO48,1516,0.0392
GAPT,23,0.0391
ADAM32,1588,0.0391
ACTG2,1090,0.0391
PANO1,1261,0.039
LMO2,1287,0.039
LY6G5C,1313,0.0389
LYL1,781,0.0389
UBE2Q1,1571,0.0389
CAGE1,1320,0.0388
RIT2,1463,0.0388
PPP4R1-AS1,1090,0.0388
ERVH48-1,648,0.0388
THEGL,1333,0.0388
MRO,572,0.0387
EXOSC4,1516,0.0387
MAT1A,864,0.0387
ASPRV1,822,0.0386
ATP6V1C1,1594,0.0386
BHMT,715,0.0386
FANCF,1502,0.0386
PTPRC,1254,0.0386
NUDT7,1483,0.0386
TOMM7,1590,0.0385
CCDC152,1378,0.0385
TCN2,1379,0.0385
B3GALNT1,1436,0.0385
DMRT1,1038,0.0384
ATP6V1F,1560,0.0384
TOR1B,1565,0.0384
VSTM5,1233,0.0384
CLPSL1,674,0.0382
GACAT1,930,0.0382
KLHL34,79,0.0382
NREP-AS1,1085,0.0382
PXT1,1282,0.0381
EPO,425,0.0381
FCRL1,783,0.0381
AMHR2,630,0.038
PDCD5,1596,0.038
CRACR2A,1539,0.038
NDUFC1,1574,0.0379
RABL2A,1541,0.0379
PCDHB7,714,0.0379
NIPA2,1581,0.0379
TDRD12,1371,0.0378
R3HDM1,1599,0.0378
TESPA1,660,0.0377
CLEC7A,525,0.0376
GLRX5,1551,0.0376
WASHC5-AS1,1076,0.0376
FGF10,1063,0.0376
ZKSCAN4,1514,0.0375
STK32A-AS1,952,0.0375
NCAM1-AS1,198,0.0374
PCYT1B,1329,0.0374
DHODH,1527,0.0374
PGBD2,1514,0.0374
FKBP1B,1495,0.0374
FAM53B-AS1,664,0.0373
LCMT1-AS2,1066,0.0373
TLR7,508,0.0372
GRM4,1379,0.0372
PVT1,1600,0.0371
UNC45B,908,0.0371
CCDC178,1427,0.037
ZNF649-AS1,866,0.037
SNCA-AS1,320,0.037
CA14,929,0.037
KCNIP2-AS1,1457,0.037
GP1BA,847,0.037
GAPDHS,993,0.0369
GPR82,1269,0.0368
FGF12-AS1,776,0.0368
FBXW9,1523,0.0368
COL8A2,1098,0.0368
LRRC53,473,0.0368
TNNC1,951,0.0367
CXCL17,1367,0.0367
IL36G,833,0.0367
LEF1-AS1,1417,0.0366
ZNF157,1104,0.0366
ZMYM4-AS1,1389,0.0366
ZNF132,833,0.0364
ZNF774,1506,0.0364
NFYC-AS1,1444,0.0364
CBY3,925,0.0363
GABRG3-AS1,982,0.0363
MEX3D,1559,0.0363
CYP2C19,1115,0.0362
CHODL-AS1,681,0.0362
ZNF177,1513,0.0361
HIPK1-AS1,1256,0.0361
ADM5,1100,0.0361
VMAC,1436,0.036
ADO,1533,0.036
RCCD1,1538,0.036
DNAAF2,1540,0.036
UNC5CL,1488,0.036
NCR1,644,0.036
FAT2,1138,0.0359
OR7D2,990,0.0359
CYP4B1,585,0.0359
GFRAL,606,0.0359
POLR2M,1558,0.0359
SIX6,29,0.0359
ZBTB8B,809,0.0358
MR1,1544,0.0358
APOBR,679,0.0358
ZKSCAN2,1528,0.0358
AWAT1,468,0.0357
EFHB,1414,0.0357
GATA2,1528,0.0357
LGALS8-AS1,672,0.0356
CAND2,1276,0.0356
CYS1,1317,0.0356
TMEM253,1294,0.0356
NEFL,1535,0.0355
ZNF106,1594,0.0355
SLC51B,602,0.0355
FOXS1,134,0.0354
SLC12A5,1220,0.0354
CCNJ,1554,0.0354
BTBD2,1573,0.0353
FAHD2B,1525,0.0353
TCEAL5,332,0.0352
ART1,890,0.0352
RAI2,1224,0.0351
DOCK4-AS1,1118,0.0351
DRC7,874,0.035
SCN2A,1408,0.035
CELA3A,717,0.035
MIR133A1HG,1170,0.035
CD8A,1189,0.0349
C6,1027,0.0348
CD48,347,0.0348
HTR3B,771,0.0347
PLSCR3,1541,0.0347
SERPINA3,1578,0.0347
TLX1NB,777,0.0346
NPIPB12,1469,0.0346
DLG5-AS1,1044,0.0346
TONSL-AS1,516,0.0346
IL12B,369,0.0346
NEURL3,1475,0.0345
GHRL,1366,0.0345
ALKBH7,1540,0.0345
P2RY10,183,0.0343
OR5V1,625,0.0343
TGM6,894,0.0341
S1PR4,738,0.0341
TNFRSF4,429,0.0341
GABRA6,1141,0.0341
KBTBD11-OT1,354,0.034
PIK3R6,1092,0.034
TMEM199,1534,0.034
C1QL3,1089,0.0339
SIGLEC10,489,0.0339
SLC17A6,404,0.0338
WDR83,1524,0.0337
TEX26-AS1,860,0.0337
CCDC27,740,0.0337
PROB1,1275,0.0337
NOTCH4,1368,0.0337
SOSTDC1,1083,0.0336
SPATA3,752,0.0335
TIGD4,1411,0.0335
TIMM22,1543,0.0334
PSD,1476,0.0334
ABCC8,1275,0.0334
PRX,1523,0.0334
LYPLA2,1548,0.0333
PLA2G10,1315,0.0333
GAL3ST4,1441,0.0332
SPAG6,1438,0.0332
CRISPLD1,1482,0.0332
SAP30L,1550,0.0332
CEACAM8,331,0.0331
ASCL1,1350,0.033
SPIN2A,327,0.033
PRICKLE2-AS3,813,0.033
PARD6A,1234,0.0329
CDH22,1395,0.0329
COL9A1,1009,0.0329
FASTKD3,1537,0.0329
MT1B,235,0.0329
P2RY13,110,0.0329
STK19,1543,0.0328
TREML4,309,0.0328
CLDN20,1436,0.0328
MAP3K19,1404,0.0328
GRID1-AS1,392,0.0327
GC,452,0.0327
CXXC4,1412,0.0327
PWRN4,1308,0.0326
RGPD4,1307,0.0325
PCDH12,1290,0.0324
GTSCR1,345,0.0324
LIVAR,746,0.0324
MRM3,1530,0.0323
SLC26A3,1131,0.0323
CNTF,1427,0.0323
TEX49,1268,0.0323
MS4A6E,872,0.0322
HEATR9,1068,0.0322
CES4A,1267,0.0322
TEKT5,1333,0.0322
CYP2D6,1008,0.0321
MED24,1566,0.032
EXOC1L,135,0.032
DDX49,1542,0.0319
SLC17A3,604,0.0319
CCR9,1155,0.0318
ACD,1529,0.0317
NFE4,1099,0.0317
ZNF665,1433,0.0317
KBTBD6,1535,0.0317
MYBPHL,1151,0.0316
MIR3663HG,217,0.0316
LMOD2,1035,0.0315
EIF3CL,1516,0.0315
WFIKKN1,1287,0.0315
NUDT13,1528,0.0314
C4A,434,0.0314
GSG1L2,1270,0.0314
SPINK6,909,0.0313
PF4,311,0.0313
MRPL54,1526,0.0313
TRPT1,1550,0.0313
JCHAIN,1098,0.031
TMEM31,356,0.031
RDM1,1357,0.031
KCNA2,643,0.031
SLC13A5,695,0.031
GPC6-AS2,756,0.0309
CFHR4,758,0.0309
IL27,670,0.0309
PARS2,1485,0.0309
OR4N2,789,0.0307
MORC1-AS1,346,0.0307
NPAS4,577,0.0307
EIF4E1B,313,0.0307
NPHP3-AS1,1420,0.0307
UGT2A1,489,0.0306
TUSC2,1527,0.0306
ALDOB,694,0.0306
VTI1B,1591,0.0306
MRPL57,1551,0.0306
MRPL50,1533,0.0304
NAA40,1548,0.0304
CCL1,44,0.0304
DMAC2,1565,0.0303
CMTM4,1586,0.0303
WNT8A,183,0.0303
RUNX2-AS1,796,0.0302
CADM2-AS2,403,0.0302
NCK2,1573,0.0301
UGT2B17,382,0.0301
NLRC3,1355,0.03
NRL,1510,0.03
ZNF613,1482,0.0299
FDX1,1567,0.0298
GSTT2B,1048,0.0298
NLGN2,1573,0.0298
ATG4D,1543,0.0297
PRDM9,1120,0.0297
DPPA2,822,0.0297
MCRS1,1557,0.0297
TMEM150C,1503,0.0296
PDZD9,1123,0.0296
TCEAL7,603,0.0296
GJA4,95,0.0295
MDM4,1599,0.0294
CHRDL2,835,0.0294
OR6A2,1175,0.0294
TFAP2E,1531,0.0294
CNOT10-AS1,1093,0.0293
DES,338,0.0293
PCYT1B-AS1,140,0.0293
EHHADH-AS1,743,0.0292
VAX2,1533,0.0292
TPRN,1553,0.0292
HLA-DOB,664,0.0292
ASTN2,1597,0.0291
CNIH4,1578,0.0291
KBTBD7,1527,0.0291
WDR83OS,1563,0.029
CLEC9A,627,0.029
NPIPB7,893,0.029
B9D2,1521,0.0287
STMN4,764,0.0287
CHRNB2,1028,0.0286
PADI4,930,0.0286
FNDC1,948,0.0286
SEZ6,1316,0.0286
GFI1B,1146,0.0286
AKAIN1,384,0.0284
WIF1,952,0.0284
GUCY2F,974,0.0284
TEKT3,1432,0.0284
SEC11A,1596,0.0283
CPNE3,1591,0.0283
RAI1-AS1,1371,0.0282
SPRYD4,1529,0.0282
ITCH-AS1,929,0.0281
SLC38A11,794,0.0279
COL6A5,1041,0.0279
PYDC1,115,0.0279
CCDC63,999,0.0278
GADL1,1093,0.0278
ARHGAP26-AS1,1109,0.0278
LILRB4,281,0.0276
RCBTB2,1537,0.0275
AADACL2,338,0.0275
BCDIN3D,1524,0.0275
SCAND1,1535,0.0275
HEPACAM,413,0.0275
IFT22,1539,0.0275
CDK3,1505,0.0275
MPIG6B,1145,0.0274
PITPNA-AS1,1513,0.0274
TRGC2,275,0.0274
LMX1A,752,0.0274
FOLH1,614,0.0273
NRTN,1454,0.0273
MAPT-AS1,1151,0.0272
SLC6A2,755,0.0272
GLRA3,1445,0.0272
EFCAB9,992,0.0272
TLR10,764,0.0271
IKZF1,845,0.027
WNT3A,963,0.027
MAGI2-AS1,91,0.0269
MZB1,910,0.0269
KCNRG,1508,0.0269
ADCYAP1R1,588,0.0268
SLC13A2,285,0.0268
ALX3,935,0.0267
VSTM2B,726,0.0267
AVPR1B,231,0.0267
NPPA,981,0.0266
SMIM22,1121,0.0266
CCDC38,1348,0.0265
PNMA5,208,0.0265
CASR,972,0.0265
OR6N1,186,0.0264
DSG1-AS1,1170,0.0264
RMDN2,1535,0.0264
RBM5-AS1,1404,0.0263
NOTUM,1512,0.0263
MOG,988,0.0262
DNAAF1,1275,0.0262
HTR1E,1007,0.0262
CAPZB,1598,0.0262
MAGEB1,363,0.0261
SIGLEC12,83,0.026
GUCA1A,160,0.026
ANKRD49,1551,0.026
MORN4,1540,0.0259
GDAP1L1,1349,0.0259
TGFBR3L,1354,0.0259
AMDHD1,1428,0.0258
RAB29,1549,0.0258
JPH4,766,0.0258
ABCB10,1560,0.0257
FBL,1590,0.0257
CCDC172,588,0.0257
UXT,1558,0.0256
TNNI3,1386,0.0256
CCDC65,1539,0.0255
ANAPC11,1570,0.0255
CLEC4F,717,0.0255
TRIM40,462,0.0255
PCDH9-AS2,1272,0.0255
TRAM2-AS1,1547,0.0254
ACRV1,1182,0.0254
SNRPB2,1589,0.0254
SELENOM,1545,0.0254
XK,1376,0.0254
NUDT2,1545,0.0254
APOOL,1588,0.0253
TEX38,947,0.0253
UMODL1,879,0.0253
COG4,1576,0.0253
GRM3,1316,0.0253
SUCLA2-AS1,99,0.0252
SIGLEC7,73,0.0251
ABRA,1002,0.0251
ITM2A,384,0.0251
BAALC-AS2,527,0.0251
PVALB,128,0.025
NNT,1585,0.0249
SSNA1,1542,0.0249
DCUN1D1,1583,0.0249
HTR3E,654,0.0248
AICDA,368,0.0247
CCDC160,456,0.0246
CPB1,972,0.0246
KIT,1124,0.0246
WSCD2,916,0.0245
TMEM179,1133,0.0244
OPN1SW,1290,0.0244
PRRC2B,1600,0.0244
STEAP1B,1578,0.0244
LGI2,1008,0.0243
DCAF12,1576,0.0242
SEC24B-AS1,1523,0.0242
TUBA8,1516,0.0242
APOBEC4,295,0.0242
SIRPG,565,0.024
PHACTR2-AS1,1027,0.024
CST7,932,0.0239
SERPINC1,1194,0.0239
DROSHA,1594,0.0239
ZNF684,1540,0.0238
SEC61G,1596,0.0237
SCTR,1030,0.0237
PEX11G,1466,0.0237
MINCR,1478,0.0235
SMIM21,99,0.0235
TNNC2,1449,0.0235
CER1,20,0.0234
HAO2,390,0.0234
RASGEF1A,1365,0.0234
ZNF20,1530,0.0233
INSRR,542,0.0233
TIGIT,685,0.0233
POU2AF1,1173,0.0233
CST4,202,0.0232
GATA3-AS1,204,0.023
SNHG25,1573,0.023
ZNF630-AS1,756,0.023
LIN7B,1530,0.0229
DACT3-AS1,1336,0.0229
SPI1,1266,0.0229
CD247,1520,0.0228
METTL9,1585,0.0228
SYNPO2L,1001,0.0228
NACA2,1190,0.0227
SERPINB13,778,0.0226
ACCSL,287,0.0226
NAP1L2,849,0.0225
GRK7,1513,0.0225
SHISA8,701,0.0225
CYTL1,240,0.0225
GUF1,1572,0.0225
TAF7L,1166,0.0225
NKG7,29,0.0224
NUGGC,1182,0.0222
SI,774,0.0222
ASTN1,1294,0.0222
NFAM1,1346,0.0218
INAFM1,1539,0.0217
IGSF23,1305,0.0217
SPDYC,294,0.0216
GYPA,367,0.0216
TRIM61,601,0.0214
CALY,1024,0.0214
PI15,1405,0.0214
NTRK3-AS1,393,0.0214
MOSPD3,1539,0.0214
ETV2,1118,0.0213
KIF19,814,0.0213
TMEM205,1544,0.0213
TRMT2B-AS1,1042,0.0212
RAP2C,1572,0.0212
DGAT1,1538,0.0212
IL10RA,1019,0.0211
DCAF8L2,1063,0.021
MKLN1-AS,1526,0.021
KCNQ1-AS1,621,0.021
DNASE1L2,1126,0.0209
MIR663AHG,1136,0.0209
GAD2,836,0.0209
ATXN2-AS,561,0.0208
MAP6D1,1462,0.0207
SIX3,925,0.0207
SNHG9,1530,0.0207
CD19,203,0.0207
GLYATL3,1171,0.0206
MED11,1515,0.0206
ZNF732,1088,0.0206
NR2E1,463,0.0206
CYP4X1,727,0.0204
HDC,670,0.0204
PRADC1,1498,0.0204
CPSF3,1576,0.0204
TNFRSF13B,768,0.0203
DEFB124,130,0.0203
EMX2OS,1100,0.0203
SMTNL1,1044,0.0203
TSC22D1-AS1,1125,0.0202
NELFCD,1586,0.0201
COA3,1532,0.0201
ECEL1,694,0.0201
HINT1,1587,0.02
PRSS36,1097,0.02
ACSM6,1252,0.02
LIPF,165,0.0199
GTF3C2-AS1,1226,0.0198
FFAR1,382,0.0198
TDRG1,383,0.0196
SLC46A2,685,0.0195
FBXL15,1530,0.0195
NDST1-AS1,1355,0.0195
DUXB,474,0.0195
GGPS1,1577,0.0194
SIGLEC9,458,0.0193
SCN2B,424,0.0193
MTFR1,1585,0.0193
LYG2,1116,0.0192
ANGPT4,757,0.0192
TFPT,1542,0.0192
DSG1,477,0.0191
DSC1,662,0.019
CPA3,752,0.0189
SERF1A,690,0.0189
MPPED1,744,0.0189
PCDHB10,1126,0.0188
SPAAR,987,0.0187
ASPN,1333,0.0187
POTEI,494,0.0185
DPP10-AS3,81,0.0185
PDE1B,974,0.0185
PPP1R35,1523,0.0185
NAF1,1581,0.0184
VCPKMT,1551,0.0183
CATSPER4,734,0.0182
KRT12,284,0.0179
CHCHD1,1546,0.0178
PROX2,1162,0.0178
MIR762HG,1522,0.0178
RGPD5,762,0.0177
COPS9,1555,0.0177
LMF1-AS1,1061,0.0176
ENAM,384,0.0176
CD33,1035,0.0176
SNHG11,1508,0.0175
ANKRD35,1212,0.0175
GRM5-AS1,418,0.0174
SYMPK,1590,0.0174
MS4A1,115,0.0174
SMCO1,515,0.0173
ASXL3,1393,0.0173
APOC2,1071,0.0172
GLS2,1473,0.0171
CMKLR1,604,0.0171
SNRPC,1562,0.017
CYP2F1,674,0.017
SELL,807,0.017
SRRM4,1358,0.0169
FXYD1,854,0.0168
RAX2,131,0.0168
WDR53,1540,0.0167
PRG4,1138,0.0167
DSCR8,761,0.0167
PRRT3-AS1,1517,0.0166
RGS18,451,0.0166
CSF2RB,175,0.0166
TRPV6,678,0.0165
KCNG4,659,0.0164
HESX1,1498,0.0164
TNNT1,1562,0.0163
MZT2A,1573,0.0162
LTA,850,0.0162
GTF2H4,1529,0.0162
HOXB7,1548,0.0161
GNAT2,1394,0.016
HOXA-AS3,1425,0.0159
TMEM229B,1463,0.0159
RCC1L,1567,0.0158
UQCC3,1538,0.0158
PRDX4,1577,0.0157
CD27,1074,0.0156
FOXD4,288,0.0156
SPATS1,977,0.0153
MEIS1-AS2,791,0.0153
OSM,699,0.0152
ATP6V0B,1554,0.0152
CCDC153,1252,0.0151
AIRN,195,0.0151
KLHL41,1384,0.015
MCHR2-AS1,1090,0.0149
REXO1,1559,0.0148
MRPS34,1554,0.0147
CCDC197,326,0.0147
SPDYE17,1075,0.0147
CXCR2,265,0.0146
TRAM1L1,1028,0.0146
ACSL6,1053,0.0145
SLC5A8,538,0.0142
SARAF,1593,0.0142
SMAD1-AS2,529,0.0141
PRSS38,1011,0.014
GNAT3,1358,0.0139
TSPAN32,586,0.0139
LGALS12,213,0.0138
HIC2,1565,0.0138
CYP2C8,501,0.0137
KCNK6,1576,0.0136
KCNK4,1315,0.0136
LEFTY2,501,0.0135
TMEM186,1514,0.0134
CCDC24,1527,0.0133
FAM43B,544,0.0133
ATRX,1600,0.0133
SMN1,1529,0.0132
TMEM120A,1552,0.013
RUBCNL,1405,0.013
LHX3,830,0.013
CD80,729,0.013
MINDY4B,437,0.013
MEP1B,1377,0.0129
PDE6C,1098,0.0129
RAD21L1,1261,0.0128
RDH12,1118,0.0128
CARMIL3,1346,0.0127
LIX1,1097,0.0126
OPRPN,118,0.0126
MARCO,792,0.0124
MUC7,768,0.0124
FLYWCH2,1536,0.0124
DMRTC2,146,0.0123
FCER2,576,0.0123
CFHR1,389,0.0123
UQCR11,1567,0.0123
SLC10A4,951,0.0122
GCDH,1540,0.0122
IRX1,149,0.0121
NFIC,1595,0.0121
CHIT1,828,0.012
TRPM1,1260,0.0117
SCT,294,0.0117
DDX52,1589,0.0117
MPG,1563,0.0116
RSPH4A,1181,0.0116
CSNK1G2,1581,0.0116
CES5A,876,0.0115
CA1,1338,0.0115
TRAT1,470,0.0115
GCSAM,1299,0.0114
LGALS9B,241,0.0113
DCX,606,0.0113
TRMO,1541,0.0113
OR2B6,297,0.0113
OOEP-AS1,1091,0.0113
ANTXRL,263,0.0112
CTSW,820,0.0111
SCGB1A1,1116,0.011
RAB41,120,0.0107
CHCHD5,1539,0.0107
TCF21,304,0.0107
RPE,1573,0.0106
MRGPRE,214,0.0105
IFNL3,594,0.0104
DDX4,1137,0.0104
ATP1A2,486,0.0103
DLGAP1-AS5,536,0.0102
CD52,854,0.0101
FOXD2,1411,0.01
IDH1-AS1,1064,0.01
SYNGR4,912,0.0099
NXNL2,1411,0.0098
PRDM13,305,0.0098
PDE6B,904,0.0097
CIDEA,310,0.0097
CLCNKB,505,0.0097
WNT10B,1281,0.0095
NAT9,1546,0.0095
HDHD3,1530,0.0095
UMPS,1565,0.0094
MT4,600,0.0093
SULT1A3,1230,0.0093
COQ6,1545,0.0092
PLCE1-AS1,505,0.009
BIN2,1295,0.009
WASF3-AS1,1078,0.009
DND1,1005,0.0089
ELOA-AS1,1559,0.0088
ADCY5,1326,0.0085
NKIRAS1,1566,0.0085
HIGD2B,695,0.0085
AIF1,100,0.0085
RNF181,1559,0.0084
TMEM18,1560,0.0083
RD3,78,0.0083
FGR,768,0.0083
DCPS,1550,0.0081
PGM5P3-AS1,417,0.0079
MIR202HG,242,0.0077
LAMTOR2,1563,0.0075
RANGRF,1530,0.0075
NDUFA1,1586,0.0075
FGF22,988,0.0074
ZNF391,1525,0.0073
NDUFB11,1564,0.0072
PCP4L1,1098,0.0072
SPDYE2B,476,0.0071
TESC-AS1,1267,0.007
MYOZ2,1031,0.0066
EOGT,1568,0.0066
SUSD4,1410,0.0066
ZNF385D-AS1,554,0.0066
ZNF728,385,0.0065
PGAM2,1349,0.0063
TMC3,817,0.0061
CSNK1G2-AS1,175,0.006
TEX26,349,0.006
RABAC1,1549,0.0058
PYHIN1,846,0.0056
XCL1,411,0.0056
MED7,1537,0.0056
METTL24,1256,0.0056
VPS28,1543,0.0055
CASQ2,701,0.0054
OAZ3,1181,0.0054
CHRNG,833,0.0053
COX7A2,1592,0.0051
OR51E2,440,0.005
SERPINA12,238,0.0049
BFSP2-AS1,604,0.0049
TRIM60,781,0.0046
XKR8,1456,0.0043
RASAL2-AS1,1178,0.0041
COA4,1563,0.004
EMC9,1534,0.0038
DNAJC30,1527,0.0038
ISX,437,0.0038
MYH8,349,0.0037
UQCR10,1581,0.0037
SLC36A3,459,0.0036
HEMGN,263,0.0034
MYL4,1104,0.0032
SIAH3,616,0.0032
TRPC7,1160,0.0031
ALOX12,1417,0.0031
ICOS,215,0.0029
SPEF1,1195,0.0028
GNMT,937,0.0027
SLC25A5-AS1,1003,0.0026
CD200R1L,931,0.0025
RNF214,1573,0.0025
TRIM50,966,0.0023
GLIS2-AS1,1084,0.0023
ERVW-1,625,0.0023
SH2D7,657,0.0019
FIBIN,216,0.0017
SLC6A17,1295,0.0017
RFX6,465,0.0016
NT5C,1548,0.0016
CYP2A6,124,0.0015
NDUFA6,1570,0.0015
DCST2,1431,0.0015
SMG7,1600,0.0014
KEL,1404,0.0013
CTAGE8,289,0.0012
CCDC148-AS1,1064,0.0012
BRD4,1600,0.0011
CD40LG,38,0.0011
PF4V1,134,0.0011
TPRG1-AS1,739,0.001
FBLL1,460,0.0009
TDRKH-AS1,1383,0.0009
CHMP1A,1573,0.0008
TBL1Y,1068,0.0008
SRD5A2,878,0.0007
MT1H,388,0.0006
ANAPC16,1598,0.0005
ACKR1,53,0.0005
TECTB,573,0.0004
NAMA,682,0.0004
MIR497HG,674,0.0003
POTEM,465,0.0003
CYSLTR2,629,0.0002
CD86,732,0.0002
ADAD1,591,-0.0001
PPP4R3B,1599,-0.0002
RFPL4A,179,-0.0002
SEC23A-AS1,425,-0.0002
FNDC8,900,-0.0003
CELF3,368,-0.0005
FCRL2,427,-0.0006
NAA38,1586,-0.0007
GSX2,67,-0.0009
PTPRJ-AS1,702,-0.0011
TMEM202,149,-0.0012
SERPINA11,353,-0.0013
MGAT5B,1525,-0.0014
MCF2L-AS1,767,-0.0016
DUX4,20,-0.0017
PTH2,211,-0.0017
MIOX,635,-0.0018
PEX5L-AS1,86,-0.002
GJA5,442,-0.0021
TBX5,649,-0.0022
SSR4,1576,-0.0023
PRMT5-AS1,1318,-0.0023
COX17,1568,-0.0024
MRPL23,1533,-0.0025
MYDGF,1596,-0.0026
AATBC,1056,-0.0027
HOXB1,36,-0.0027
ARRDC5,482,-0.0027
SLC22A25,981,-0.0027
LGI1,1223,-0.0028
PSORS1C2,348,-0.0029
MIEN1,1549,-0.0029
RGS1,792,-0.003
GACAT3,905,-0.003
SELENOS,1591,-0.003
NOCT,1593,-0.0032
SNHG8,1586,-0.0033
CCDC116,682,-0.0038
SPACA3,406,-0.0039
STATH,44,-0.0039
LILRB3,978,-0.0039
SERPINB10,581,-0.004
FOXC2-AS1,442,-0.0042
ACTC1,352,-0.0042
ZNF99,560,-0.0046
ITIH3,642,-0.0046
SMIM27,1504,-0.0048
ATP6V0E2-AS1,1279,-0.0049
MRPL55,1545,-0.005
WNT8B,883,-0.005
HRG,343,-0.005
METTL21C,308,-0.005
TREML1,90,-0.0053
RNASE10,131,-0.0053
FASLG,396,-0.0055
FMO3,625,-0.0055
COQ10A,1518,-0.0055
KRT3,191,-0.0056
OST4,1563,-0.0058
CD1D,611,-0.0061
LINCMD1,28,-0.0062
HEPACAM2,616,-0.0065
OSTM1-AS1,1018,-0.0065
AGO1,1582,-0.0066
ARL16,1532,-0.0066
KCTD4,1003,-0.0067
MSL2,1594,-0.0069
LRRC58,1597,-0.0069
SLC32A1,21,-0.0071
SULT1C3,727,-0.0071
OGFOD3,1545,-0.0071
TRIL,204,-0.0073
HEPN1,338,-0.0074
PRLHR,342,-0.0074
TEX12,1256,-0.0075
RNASE11,441,-0.0076
CCL4L2,117,-0.0079
PMPCB,1586,-0.0079
TMEM246-AS1,1111,-0.008
CHAD,613,-0.008
URAD,210,-0.0084
TRIM10,937,-0.0085
SCGB3A2,432,-0.0086
TNNT3,282,-0.0087
CEBPE,87,-0.0089
NDUFB8,1580,-0.0091
FCRL4,182,-0.0092
FCRL3,197,-0.0092
OR1L6,221,-0.0093
ANP32D,169,-0.0094
UFC1,1575,-0.0096
ETV3,1592,-0.0097
RAB24,1554,-0.01
CXCL9,122,-0.01
DNMT3L,382,-0.0101
ASCL5,1131,-0.0102
SLC17A1,501,-0.0105
CTR9,1598,-0.0107
LRRC74A,845,-0.0109
RAG2,533,-0.011
OR4E2,74,-0.0113
HSPB7,447,-0.0113
PACRG-AS3,172,-0.0114
DGAT2L6,1091,-0.0114
HCAR3,341,-0.0115
KRT10,1571,-0.0115
KCNJ1,993,-0.0117
HGFAC,925,-0.0119
SCN4A,948,-0.012
CCL7,151,-0.0121
SLAMF6,457,-0.0124
GAB4,166,-0.0124
ZNF593,1532,-0.0127
ZBTB20-AS3,515,-0.0127
SPDYE4,253,-0.013
CDH18-AS1,609,-0.013
LIMS1,1600,-0.0132
STRA8,283,-0.0133
ORM1,701,-0.0135
CSAD,1574,-0.0136
KIR3DL1,81,-0.0137
CLEC5A,744,-0.0138
TEKT1,1097,-0.0138
PDYN-AS1,817,-0.0139
PCDH9-AS4,271,-0.014
IFI27L2,1531,-0.0141
NCAN,1171,-0.0141
CENPL,1552,-0.0142
LOXHD1,1069,-0.0144
SSX2B,59,-0.0145
TP53TG3D,279,-0.0145
GRIN3A,1296,-0.0146
CD3D,220,-0.0147
CATSPER3,550,-0.0149
KRT2,144,-0.015
ITLN1,142,-0.0151
FOXD3,774,-0.0152
ZNF835,248,-0.0152
KRT24,68,-0.0152
SLC16A12-AS1,465,-0.0153
RETNLB,178,-0.0155
SLC22A7,40,-0.0156
CHL1-AS1,710,-0.0157
TMEM235,444,-0.0157
HRC,697,-0.0157
NRSN1,741,-0.0158
GUCA2B,64,-0.0158
FMR1NB,1164,-0.0158
NXF5,165,-0.0159
PRODH2,895,-0.016
PADI6,545,-0.0161
GJA10,272,-0.0161
BSPH1,519,-0.0165
MRPS24,1570,-0.0166
STX11,1491,-0.0167
KCNK18,35,-0.0169
NAT8,34,-0.0169
ALKAL2,1102,-0.0171
MBLAC1,1223,-0.0173
ALG1,1540,-0.0173
KLK15,505,-0.0174
NXF3,618,-0.0177
RGS13,1015,-0.0178
HEPHL1,1340,-0.0179
TCF15,385,-0.018
KLHL6,1050,-0.0182
CTXN2,197,-0.0184
HAPLN4,634,-0.0184
COL18A1-AS1,381,-0.0184
SLA,938,-0.0187
KLHL33,492,-0.0187
HRNR,342,-0.0193
MKNK1-AS1,1351,-0.0193
FDX2,1504,-0.0199
PSME1,1581,-0.02
S100A7,879,-0.0202
ADIPOQ,403,-0.0203
GRM7-AS1,540,-0.0203
TMCO5A,569,-0.0203
TMEM221,1240,-0.0205
OR10G3,416,-0.0208
OTC,836,-0.0208
MS4A4A,775,-0.0209
ERVFRD-1,543,-0.0209
KCNJ2-AS1,491,-0.0211
PHF20L1,1594,-0.0212
STMN2,760,-0.0213
VSIG4,65,-0.0214
TAL1,246,-0.0214
RAD18,1594,-0.0215
MIF,1599,-0.0217
MAGEA11,601,-0.0218
GPR149,887,-0.0219
TSNAX,1587,-0.0219
FCN2,125,-0.0221
SLC7A13,1154,-0.0224
PMCH,1060,-0.0227
SIRT4,1495,-0.023
LIPM,238,-0.023
CRYGN,550,-0.0231
TMEM78,53,-0.0232
SACS-AS1,222,-0.0232
ZNF385D-AS2,393,-0.0234
PRH2,830,-0.024
ZFAND2B,1534,-0.024
OCRL,1567,-0.0242
MTHFSD,1550,-0.0245
CLEC12B,137,-0.0248
DOK2,80,-0.0249
POMC,131,-0.025
DCLK3,541,-0.0251
RSPO1,446,-0.0254
SNHG19,1538,-0.0254
GPX6,115,-0.0255
ESRG,97,-0.0259
HPR,594,-0.026
TMEM270,400,-0.0261
ADGRG4,679,-0.0266
FAM41C,201,-0.027
CA4,869,-0.027
PDPN,720,-0.0271
HBM,494,-0.0271
MACROD2-AS1,1036,-0.0272
CHRND,825,-0.0272
INSM1,559,-0.0277
LAMTOR5,1589,-0.0279
NDUFB1,1570,-0.0283
NODAL,736,-0.0289
LGALS9C,220,-0.0293
OR2T12,222,-0.0295
HBD,266,-0.0298
LRRC4,1076,-0.0301
OR6C75,30,-0.0302
CCRL2,696,-0.0303
CCL27,603,-0.0304
TAB2-AS1,132,-0.0305
EMC6,1550,-0.0311
ZBTB26,1555,-0.0315
ST7-AS1,684,-0.0316
ATXN8OS,560,-0.0317
FAM237B,201,-0.0319
ANKRD65,432,-0.032
GCSAML,615,-0.0327
RS1,873,-0.0328
AFM,253,-0.0328
KRT77,24,-0.0332
PRKAG3,284,-0.0336
RPP25L,1518,-0.034
CD53,941,-0.0346
RASAL3,378,-0.0349
GTF2A2,1593,-0.0354
GNGT2,206,-0.0355
TUNAR,450,-0.0366
LCN6,20,-0.0367
RGS8,314,-0.0367
EBLN1,369,-0.0368
GATA1,283,-0.0371
FAM110D,253,-0.0371
VWA8-AS1,1079,-0.0373
TMEM223,1550,-0.0378
MS4A13,455,-0.0386
ZMYND10-AS1,316,-0.0399
GPRC6A,221,-0.0399
FOXCUT,241,-0.0411
BTNL3,513,-0.0411
WWOX-AS1,407,-0.0412
VWA5B1,460,-0.0413
CLRN1,632,-0.0414
PCDHB1,231,-0.0417
PNMA8C,21,-0.0421
MEPE,182,-0.0421
PSMB8-AS1,104,-0.043
FCGR1A,91,-0.0431
HSD3B1,83,-0.0435
TMEM26-AS1,251,-0.0437
SPINK8,845,-0.0439
TTLL10-AS1,360,-0.0439
HAS1,626,-0.044
TRGV5,41,-0.0445
HBG1,116,-0.0446
KLHDC8A,927,-0.0446
SLFN14,462,-0.0461
OR2V1,24,-0.0461
AIPL1,727,-0.0468
CD300E,335,-0.047
SIGLEC11,585,-0.047
TBC1D21,310,-0.0479
CATIP-AS1,589,-0.0484
COX4I2,329,-0.0485
C2CD4B,205,-0.0492
RBPJL,646,-0.0496
CCL4,89,-0.0498
ASCL3,326,-0.0509
IL17C,427,-0.0509
AMELY,219,-0.051
LYZL6,178,-0.0517
NENF,1561,-0.0518
CHIA,401,-0.0531
LIN28A,519,-0.0541
BANF2,552,-0.0544
SPATA3-AS1,533,-0.0548
SMIM28,528,-0.0557
OR5AN1,51,-0.056
TRAPPC12-AS1,528,-0.0565
GCK,616,-0.0567
CD300LG,259,-0.0577
SLC36A2,395,-0.0578
CD79B,161,-0.0593
CYP17A1,222,-0.0594
TMPRSS11B,369,-0.0602
NCF4,252,-0.0611
ZNF571-AS1,154,-0.0616
LILRA4,77,-0.0617
CACNA1C-AS1,498,-0.0622
FOXN3-AS2,102,-0.0649
PLCH1-AS1,258,-0.0649
DNTT,274,-0.0666
CYP2A7,28,-0.0677
HTN3,90,-0.068
PRG3,90,-0.0681
MYH7,232,-0.0688
NDP-AS1,88,-0.07
CXCR1,43,-0.072
CD180,219,-0.0725
P2RX2,160,-0.0728
TBRG1,1577,-0.0729
CAPSL,359,-0.0736
TMEM256,1531,-0.0755
TFAP2B,149,-0.0756
GZMA,151,-0.0758
SPACA1,155,-0.0758
CGB5,44,-0.0778
PHEX-AS1,195,-0.0779
APELA,235,-0.0787
KRT72,164,-0.0793
OR8B3,23,-0.0795
SIGLEC5,76,-0.0806
OCIAD1,1596,-0.0823
LCE1F,37,-0.0845
DPYD-AS2,342,-0.0878
LY6H,100,-0.088
KAAG1,47,-0.0902
CCR4,233,-0.0905
NEUROD4,63,-0.092
COX6A2,43,-0.0924
WFDC12,40,-0.0964
IL2,28,-0.0982
REG1A,181,-0.0992
FOCAD-AS1,249,-0.0994
OR7G2,52,-0.1001
TLR8,258,-0.1021
ACSM2A,238,-0.1024
SCGB2A2,160,-0.1025
JTB,1575,-0.1043
NANOGNB,191,-0.1045
LYZL1,277,-0.1064
LDLRAD4-AS1,127,-0.1083
NUTM2B,241,-0.1083
SOHLH1,48,-0.1086
GSTA1,70,-0.1144
KRTAP4-8,48,-0.1148
CD207,183,-0.1157
NTM-AS1,580,-0.1164
EPYC,185,-0.1189
BARHL1,69,-0.1198
CD300LD,74,-0.1203
IGHV3-35,23,-0.122
IGKC,52,-0.1222
MYCBP2-AS1,39,-0.1233
OR5AS1,42,-0.1265
DPRX,62,-0.1317
ZNF705G,123,-0.1327
UMODL1-AS1,45,-0.1357
PACRG-AS2,62,-0.1358
DEFB108B,37,-0.1384
PDE6H,49,-0.1409
IL21,36,-0.1472
TRDC,33,-0.1478
GSTA2,42,-0.148
C1QTNF9-AS1,72,-0.1486
LYPD2,97,-0.1489
INTS6L-AS1,44,-0.1503
SYCE1,130,-0.1577
CTXN3,43,-0.1579
SSTR3,66,-0.1623
PLA2G2D,66,-0.1689
POU3F4,30,-0.1695
HELT,55,-0.1751
MYMX,23,-0.1786
LY6G6F,191,-0.1788
DPPA3,26,-0.1833
FOXD4L3,27,-0.1873
MS4A6A,75,-0.1955
CADM3-AS1,83,-0.1977
LCE2A,22,-0.205
HSD3B2,74,-0.2112
REG1B,27,-0.2112
MCCC1-AS1,147,-0.2266
EGFLAM-AS1,88,-0.2325
IGHV3-38,21,-0.2332
KRT1,24,-0.2352
TEX28,21,-0.2531
RFPL3,68,-0.2532
TREM2,21,-0.2692
WNT1,58,-0.2861
FOXI1,24,-0.2949
CLDN34,32,-0.3316
BPIFB3,35,-0.3335
OR4D10,43,-0.3504
CCL11,43,-0.3672
HLA-DQB1-AS1,21,-0.3943
CTSG,30,-0.4525
XAGE1B,30,-0.5798
AMER2,15,
ANKRD66,14,
C1QA,1,
C1QB,4,
C1QC,1,
CALML3,5,
CCL13,15,
CCL21,2,
CCL23,14,
CD1A,17,
CD1E,1,
CDX4,9,
CFC1,1,
CLPS,10,
CMA1,4,
CMTM5,4,
CYP4A11,13,
DAZ1,2,
DCD,1,
DEFA3,1,
DEFA5,7,
DEFA6,6,
DEFB110,5,
DEFB112,4,
DEFB114,4,
DEFB133,10,
DMRTC1,13,
DNAJB8,11,
DPPA5,1,
FAM99A,1,
FEZF2,9,
FOLR2,9,
GDF3,10,
GH2,1,
GJD2,15,
GPR152,11,
GPR25,6,
GPR31,1,
GSTA5,11,
GZMH,10,
HSFX3,2,
IFNG,4,
IGHA2,13,
IGHM,15,
IGHV3-29,2,
IGHV3-33,3,
IGHV3-41,11,
IGHV3-74,3,
IGHV4-34,17,
IGHV4-39,1,
IGKV2OR22-4,5,
IGKV3-15,2,
IGKV4-1,1,
IGLV5-48,1,
IGLV9-49,1,
IL17A,2,
IL22,9,
IL9,2,
INS,7,
IZUMO3,15,
KCNK16,5,
KERA,7,
KRT25,14,
KRT28,9,
KRT35,7,
KRT85,12,
LCE1C,14,
LCN8,14,
LGALS13,18,
LGALS14,9,
LGALS16,7,
LGALS7,4,
LGALS7B,3,
LILRA1,18,
LILRB2,9,
MPEG1,7,
MRGPRD,1,
MYL7,1,
NEUROD6,1,
OIP5-AS1,4,
OLIG3,14,
OR2D3,7,
OR4F17,3,
OR8B2,2,
OR9G1,1,
PANDAR,16,
PGM5-AS1,11,
PIK3CD-AS1,2,
REG3A,19,
RNASE2,1,
RNF185-AS1,15,
SCGB1D4,12,
SIGLEC8,13,
SLC35G3,19,
SLC9A9-AS2,14,
SMR3A,3,
SPACA5,15,
SPATA19,12,
SPRR2F,10,
SPRR2G,4,
SPRR4,1,
SST,15,
TAS2R40,5,
TIFAB,1,
TLR9,1,
TMEM174,12,
TMEM252,8,
TRAV13-2,13,
TRAV20,1,
TRAV30,7,
TRAV5,3,
TRAV6,1,
TRAV8-2,2,
TRAV8-5,3,
TRBV25-1,1,
TRBV7-3,4,
TRBV7-6,1,
TRBV7-7,1,
TRGC1,5,
TRGV2,1,
TRGV3,8,
TRGV4,5,
TRGV8,9,
TRGV9,11,
TRH,7,
TTTY22,16,
ZNF705B,4,
