patient,drug,n_first,n_second,n_both,jaccard
ACH-000120,(R)-Verapamil (hydrochloride),26,255,8,0.0293
ACH-000120,(S)-Crizotinib,45,103,15,0.1128
ACH-000120,18β-Glycyrrhetinic acid,38,274,18,0.0612
ACH-000120,4EGI-1,159,7,5,0.0311
ACH-000120,5-Azacytidine,307,393,80,0.129
ACH-000120,5-Fluorouracil,141,167,36,0.1324
ACH-000120,8-Hydroxyquinoline,37,108,19,0.1508
ACH-000120,9-ING-41,665,192,63,0.0793
ACH-000120,APTO-253,210,12,8,0.0374
ACH-000120,AT7519,55,27,10,0.1389
ACH-000120,AZD-7648,606,20,13,0.0212
ACH-000120,AZD-8055,64,15,9,0.1286
ACH-000120,AZD1390,235,51,15,0.0554
ACH-000120,AZD2858,269,31,14,0.049
ACH-000120,Abemaciclib,645,41,29,0.0441
ACH-000120,Abiraterone acetate,122,218,30,0.0968
ACH-000120,Acetazolamide,436,171,50,0.0898
ACH-000120,Acetohexamide,9,209,6,0.0283
ACH-000120,Adagrasib,282,161,56,0.1447
ACH-000120,Adenine,56,87,23,0.1917
ACH-000120,Adenosine,24,201,11,0.0514
ACH-000120,Afatinib,110,317,42,0.1091
ACH-000120,Aliskiren,12,96,10,0.102
ACH-000120,Allantoin,86,374,39,0.0926
ACH-000120,Allopurinol,607,257,105,0.1383
ACH-000120,Almonertinib (hydrochloride),62,319,24,0.0672
ACH-000120,Almonertinib (mesylate),223,138,24,0.0712
ACH-000120,Alpelisib,98,51,17,0.1288
ACH-000120,Altretamine,12,41,5,0.1042
ACH-000120,Amsacrine,21,596,18,0.0301
ACH-000120,Anastrozole,35,14,5,0.1136
ACH-000120,Anethole trithione,91,102,33,0.2062
ACH-000120,Apalutamide,7,313,4,0.0127
ACH-000120,Aprepitant,539,223,77,0.1124
ACH-000120,Arbutin,25,134,14,0.0966
ACH-000120,Artemether,247,442,99,0.1678
ACH-000120,Artesunate,105,468,64,0.1257
ACH-000120,Asciminib,559,251,74,0.1005
ACH-000120,Aspirin,177,215,44,0.1264
ACH-000120,Ataluren,214,80,20,0.073
ACH-000120,Atazanavir (sulfate),254,425,98,0.1687
ACH-000120,Auranofin,279,3135,175,0.054
ACH-000120,Azithromycin (hydrate),11,224,4,0.0173
ACH-000120,BAY1125976,628,887,171,0.1272
ACH-000120,BI-3406,272,43,23,0.0788
ACH-000120,BI-78D3,779,54,26,0.0322
ACH-000120,Baicalin,19,129,13,0.0963
ACH-000120,Balsalazide (sodium hydrate),19,76,10,0.1176
ACH-000120,Belinostat,256,4537,193,0.042
ACH-000120,Belumosudil,174,730,49,0.0573
ACH-000120,Belumosudil (mesylate),212,25,13,0.058
ACH-000120,Belzutifan,160,79,5,0.0214
ACH-000120,Bendamustine,9,100,8,0.0792
ACH-000120,Benproperine (phosphate),29,115,13,0.0992
ACH-000120,Bentamapimod,389,48,21,0.0505
ACH-000120,Benztropine (mesylate),71,133,12,0.0625
ACH-000120,Berbamine,120,253,34,0.1003
ACH-000120,Berbamine (dihydrochloride),197,83,32,0.129
ACH-000120,Berberine (chloride hydrate),34,146,15,0.0909
ACH-000120,Bergenin,8,208,5,0.0237
ACH-000120,Bestatin,5,154,3,0.0192
ACH-000120,Bestatin (hydrochloride),235,245,37,0.0835
ACH-000120,Betamethasone dipropionate,61,320,29,0.0824
ACH-000120,Bexarotene,294,440,109,0.1744
ACH-000120,Bicalutamide,86,143,24,0.1171
ACH-000120,Bimatoprost,21,236,14,0.0576
ACH-000120,Bimiralisib,524,73,31,0.0548
ACH-000120,Binimetinib,911,951,288,0.183
ACH-000120,Bisoprolol (hemifumarate),101,334,39,0.0985
ACH-000120,Bortezomib,659,609,209,0.1974
ACH-000120,Bosentan (hydrate),23,286,15,0.051
ACH-000120,Brimonidine,90,113,17,0.0914
ACH-000120,Brivudine,696,307,110,0.1232
ACH-000120,Budesonide,596,481,143,0.1531
ACH-000120,Busulfan,56,264,21,0.0702
ACH-000120,CP21R7,272,8,5,0.0182
ACH-000120,Cabozantinib (S-malate),195,264,39,0.0929
ACH-000120,Canagliflozin,56,183,19,0.0864
ACH-000120,Canagliflozin (hemihydrate),194,199,23,0.0622
ACH-000120,Capivasertib,103,16,8,0.0721
ACH-000120,Capmatinib,149,43,15,0.0847
ACH-000120,Captopril,223,104,28,0.0936
ACH-000120,Carbamazepine,228,394,52,0.0912
ACH-000120,Celecoxib,618,36,15,0.0235
ACH-000120,Cepharanthine,25,438,15,0.0335
ACH-000120,Chlorhexidine (diacetate),118,121,30,0.1435
ACH-000120,Ciclopirox,40,274,21,0.0717
ACH-000120,Cilostazol,31,330,20,0.0587
ACH-000120,Cinacalcet,181,153,30,0.0987
ACH-000120,Citalopram (hydrobromide),163,79,20,0.0901
ACH-000120,Clobetasol propionate,230,454,66,0.1068
ACH-000120,Clofarabine,1,87,1,0.0115
ACH-000120,Clonidine (hydrochloride),49,162,29,0.1593
ACH-000120,Clopidogrel,464,262,67,0.1017
ACH-000120,Clotrimazole,53,211,21,0.0864
ACH-000120,Cloxacillin (sodium),7,35,6,0.1667
ACH-000120,Cobimetinib,37,438,17,0.0371
ACH-000120,Crizotinib (hydrochloride),334,400,100,0.1577
ACH-000120,Cyclosporin A,334,557,132,0.1739
ACH-000120,Cysteamine (hydrochloride),14,177,11,0.0611
ACH-000120,Cytarabine,183,158,30,0.0965
ACH-000120,Cytarabine (hydrochloride),32,276,22,0.0769
ACH-000120,DT-061,132,36,12,0.0769
ACH-000120,DTP3,257,4,4,0.0156
ACH-000120,Dabrafenib,286,802,79,0.0783
ACH-000120,Daidzin,228,106,26,0.0844
ACH-000120,Dapagliflozin,66,68,18,0.1552
ACH-000120,"Dapagliflozin ((2S)-1,2-propanediol, hydrate)",84,208,26,0.0977
ACH-000120,Darinaparsin,37,528,20,0.0367
ACH-000120,Darolutamide,317,472,116,0.1724
ACH-000120,Decitabine,211,905,105,0.1039
ACH-000120,Delamanid,277,293,100,0.2128
ACH-000120,Demeclocycline,14,131,10,0.0741
ACH-000120,Dexamethasone,210,400,88,0.1686
ACH-000120,Dexmedetomidine,9,152,7,0.0455
ACH-000120,Diammonium Glycyrrhizinate,45,242,20,0.0749
ACH-000120,Digitoxin,2064,3426,1434,0.3536
ACH-000120,Dihydroartemisinin,90,969,46,0.0454
ACH-000120,Dimethyl fumarate,5,39,4,0.1
ACH-000120,Dinaciclib,814,2964,678,0.2187
ACH-000120,Diphenhydramine,96,152,18,0.0783
ACH-000120,Docetaxel,388,267,77,0.1332
ACH-000120,Docetaxel (Trihydrate),14,453,5,0.0108
ACH-000120,Dorzolamide (hydrochloride),64,308,24,0.069
ACH-000120,Doxorubicin (hydrochloride),62,854,40,0.0457
ACH-000120,Doxycycline (monohydrate),25,101,7,0.0588
ACH-000120,Drospirenone,246,325,59,0.1152
ACH-000120,ERK5-IN-2,503,320,72,0.0959
ACH-000120,ETC-206,150,3,3,0.02
ACH-000120,EX229,811,80,40,0.047
ACH-000120,Econazole,284,87,20,0.057
ACH-000120,Elagolix sodium,21,277,14,0.0493
ACH-000120,Elimusertib hydrochloride,557,229,80,0.1133
ACH-000120,Encorafenib,103,229,23,0.0744
ACH-000120,Entecavir (monohydrate),13,200,8,0.039
ACH-000120,Entrectinib,158,505,45,0.0728
ACH-000120,Epirubicin (hydrochloride),35,552,19,0.0335
ACH-000120,Eplerenone,6,74,6,0.0811
ACH-000120,Erdafitinib ,85,25,9,0.0891
ACH-000120,Erlotinib,40,197,18,0.0822
ACH-000120,Erythromycin,85,281,35,0.1057
ACH-000120,Esmolol (hydrochloride),32,259,16,0.0582
ACH-000120,Estrone sulfate (potassium),410,425,55,0.0705
ACH-000120,Everolimus,81,40,6,0.0522
ACH-000120,Fedratinib (hydrochloride hydrate),333,780,137,0.1404
ACH-000120,Fenofibrate,41,63,12,0.1304
ACH-000120,Ferulic acid,33,257,16,0.0584
ACH-000120,Filgotinib,68,474,30,0.0586
ACH-000120,Finasteride,10,116,8,0.0678
ACH-000120,Fingolimod (hydrochloride),87,455,38,0.0754
ACH-000120,Flumatinib (mesylate),133,494,60,0.1058
ACH-000120,Flutamide,166,295,36,0.0847
ACH-000120,Fluvoxamine,22,222,11,0.0472
ACH-000120,Fluvoxamine (maleate),10,190,7,0.0363
ACH-000120,Folic acid,33,24,12,0.2667
ACH-000120,Fulvestrant,225,220,45,0.1125
ACH-000120,Fumaric acid,114,254,39,0.1185
ACH-000120,Furosemide,13,127,7,0.0526
ACH-000120,Fusidic acid,10,101,7,0.0673
ACH-000120,Futibatinib,457,27,15,0.032
ACH-000120,GSK1059615,657,71,29,0.0415
ACH-000120,Gallic acid,54,90,13,0.0992
ACH-000120,Gallic acid (hydrate),51,163,18,0.0918
ACH-000120,Gefitinib,77,512,45,0.0827
ACH-000120,Gemcitabine,171,56,26,0.1294
ACH-000120,Gemfibrozil,40,380,20,0.05
ACH-000120,Glycyrrhizic acid,220,194,24,0.0615
ACH-000120,Goserelin (acetate),29,98,16,0.1441
ACH-000120,HI-TOPK-032,460,14,6,0.0128
ACH-000120,Harringtonine,158,3349,119,0.0351
ACH-000120,Hesperidin,20,261,12,0.0446
ACH-000120,Hexylresorcinol,21,191,17,0.0872
ACH-000120,Homoharringtonine,1912,3616,1472,0.3629
ACH-000120,Hydroxyfasudil,487,91,16,0.0285
ACH-000120,Hydroxyurea,23,63,6,0.075
ACH-000120,IQ 1,375,21,11,0.0286
ACH-000120,Idarubicin (hydrochloride),831,2206,465,0.1808
ACH-000120,Idoxuridine,398,245,90,0.1627
ACH-000120,Imiquimod (hydrochloride),249,438,53,0.0836
ACH-000120,Imiquimod (maleate),8,67,5,0.0714
ACH-000120,Indacaterol (maleate),248,134,46,0.1369
ACH-000120,Infigratinib,100,61,20,0.1418
ACH-000120,Ipatasertib,849,107,47,0.0517
ACH-000120,Irinotecan,64,24,12,0.1579
ACH-000120,Irinotecan (hydrochloride),556,108,38,0.0607
ACH-000120,Isocorydine,9,103,5,0.0467
ACH-000120,Ivermectin,93,213,33,0.1209
ACH-000120,Ixazomib,58,51,14,0.1474
ACH-000120,Ixazomib citrate,126,1882,89,0.0464
ACH-000120,L-Eflornithine (monohydrochloride),368,292,66,0.1111
ACH-000120,L-Thyroxine (sodium salt pentahydrate),52,266,19,0.0635
ACH-000120,LB-100,115,7,3,0.0252
ACH-000120,LJI308,516,122,56,0.0962
ACH-000120,LY-2584702 (tosylate salt),545,24,15,0.0271
ACH-000120,LY2090314,51,34,10,0.1333
ACH-000120,Lactate (calcium),100,348,26,0.0616
ACH-000120,Lapatinib ditosylate,61,26,5,0.061
ACH-000120,Larotrectinib,26,362,11,0.0292
ACH-000120,Lenalidomide (hemihydrate),40,257,11,0.0385
ACH-000120,Levobupivacaine (hydrochloride),15,103,10,0.0926
ACH-000120,Lidocaine (hydrochloride),87,677,33,0.0451
ACH-000120,Ligustrazine,10,104,8,0.0755
ACH-000120,Lipoic acid,9,52,5,0.0893
ACH-000120,Lonafarnib,39,18,6,0.1176
ACH-000120,Loperamide (hydrochloride),322,236,50,0.0984
ACH-000120,Lopinavir,259,263,68,0.1498
ACH-000120,Lucanthone,342,161,65,0.1484
ACH-000120,Lumateperone (tosylate),7,93,7,0.0753
ACH-000120,MK-3903,330,23,14,0.0413
ACH-000120,MK-8353,82,20,11,0.1209
ACH-000120,ML264,276,251,53,0.1118
ACH-000120,Macitentan,3,40,1,0.0238
ACH-000120,Malotilate,684,597,192,0.1763
ACH-000120,Mebendazole,30,655,21,0.0316
ACH-000120,Medroxyprogesterone acetate,46,398,14,0.0326
ACH-000120,Megestrol,25,98,8,0.0696
ACH-000120,Meloxicam,197,556,57,0.0819
ACH-000120,Menadione,46,160,14,0.0729
ACH-000120,Methotrexate,145,157,34,0.1269
ACH-000120,Methyl aminolevulinate (hydrochloride),314,147,47,0.1135
ACH-000120,Methylprednisolone succinate,682,11,7,0.0102
ACH-000120,Methylthiouracil,113,93,17,0.0899
ACH-000120,Mifepristone,30,214,18,0.0796
ACH-000120,Minodronic acid,86,27,15,0.1531
ACH-000120,Mitoxantrone (dihydrochloride),103,807,46,0.0532
ACH-000120,Monocrotaline,16,159,11,0.0671
ACH-000120,Mozavaptan,7,159,4,0.0247
ACH-000120,NG25,155,95,26,0.1161
ACH-000120,NVP-BHG712,528,31,15,0.0276
ACH-000120,Nafamostat (mesylate),454,175,52,0.0901
ACH-000120,Naproxen,64,131,26,0.1538
ACH-000120,Neratinib,116,411,28,0.0561
ACH-000120,Neratinib (maleate),38,719,32,0.0441
ACH-000120,Nevirapine,27,144,19,0.125
ACH-000120,Niclosamide (olamine),14,1018,14,0.0138
ACH-000120,Norepinephrine (hydrochloride),22,263,14,0.0517
ACH-000120,OTS514,150,72,23,0.1156
ACH-000120,Olanzapine,30,272,22,0.0786
ACH-000120,Oleic acid,107,20,12,0.1043
ACH-000120,Omeprazole,58,244,28,0.1022
ACH-000120,Omeprazole (sodium),188,135,22,0.0731
ACH-000120,Orlistat,37,155,15,0.0847
ACH-000120,Osimertinib (mesylate),243,991,137,0.1249
ACH-000120,Ouabain (Octahydrate),2433,4972,1827,0.3275
ACH-000120,Oxaliplatin,185,88,32,0.1328
ACH-000120,Oxaprozin,404,423,80,0.1071
ACH-000120,PF-06260933,343,103,30,0.0721
ACH-000120,PH-797804,724,1082,197,0.1224
ACH-000120,Paclitaxel,110,142,19,0.0815
ACH-000120,Palmatine (chloride),52,221,17,0.0664
ACH-000120,Panobinostat,1903,6668,1633,0.2354
ACH-000120,Pasireotide (acetate),32,108,14,0.1111
ACH-000120,Pemetrexed,38,169,22,0.1189
ACH-000120,Pemigatinib,240,12,3,0.012
ACH-000120,Penfluridol,25,62,12,0.16
ACH-000120,Pentagastrin,31,123,16,0.1159
ACH-000120,Pentamidine (isethionate),74,217,21,0.0778
ACH-000120,Pentoxifylline,361,525,108,0.1388
ACH-000120,Peretinoin,40,1021,29,0.0281
ACH-000120,Perindopril (erbumine),17,58,7,0.1029
ACH-000120,Pexidartinib (hydrochloride),12,164,8,0.0476
ACH-000120,Phenylephrine (hydrochloride),295,249,41,0.0815
ACH-000120,Phenytoin (sodium),17,100,8,0.0734
ACH-000120,Pimitespib,266,34,15,0.0526
ACH-000120,Pimozide,196,304,29,0.0616
ACH-000120,Pioglitazone,243,292,71,0.153
ACH-000120,Piroxicam,519,430,128,0.1559
ACH-000120,Pitavastatin (Calcium),31,478,19,0.0388
ACH-000120,Ponatinib,159,974,87,0.0832
ACH-000120,Posaconazole,12,398,11,0.0276
ACH-000120,Pralsetinib,278,51,23,0.0752
ACH-000120,Pravastatin (sodium),226,100,28,0.094
ACH-000120,Procainamide (hydrochloride),11,59,4,0.0606
ACH-000120,Proglumide,68,115,21,0.1296
ACH-000120,Pyridoxine,32,267,18,0.0641
ACH-000120,Pyridoxine (hydrochloride),61,4,4,0.0656
ACH-000120,Quinestrol,14,125,10,0.0775
ACH-000120,Quinidine (15% dihydroquinidine),7,208,7,0.0337
ACH-000120,RMC-6236,196,84,25,0.098
ACH-000120,Radotinib,380,968,209,0.1835
ACH-000120,Ralimetinib dimesylate,577,43,14,0.0231
ACH-000120,Raltitrexed,15,135,12,0.087
ACH-000120,Ranolazine,87,179,24,0.0992
ACH-000120,Rapamycin,23,391,16,0.0402
ACH-000120,Regorafenib,207,9,5,0.0237
ACH-000120,Relugolix,9,48,6,0.1176
ACH-000120,Resveratrol,111,207,32,0.1119
ACH-000120,Retinoic acid,81,384,46,0.1098
ACH-000120,Rifaximin,4,50,4,0.08
ACH-000120,Riluzole hydrochloride,32,301,17,0.0538
ACH-000120,Rimonabant,18,149,12,0.0774
ACH-000120,Ritonavir,18,356,9,0.0247
ACH-000120,Ropivacaine (hydrochloride monohydrate),59,382,27,0.0652
ACH-000120,Rosiglitazone,27,178,19,0.1022
ACH-000120,Roxadustat,124,542,53,0.0865
ACH-000120,Rucaparib (phosphate),4,95,3,0.0312
ACH-000120,Rutin (trihydrate),131,94,40,0.2162
ACH-000120,S-Adenosyl-L-methionine (disulfate tosylate),60,281,32,0.1036
ACH-000120,SBI-0640756,118,25,6,0.0438
ACH-000120,Sacubitril/Valsartan,26,214,20,0.0909
ACH-000120,Salicylic acid,26,199,17,0.0817
ACH-000120,Sapanisertib,880,532,207,0.1718
ACH-000120,Saquinavir,86,447,27,0.0534
ACH-000120,Selinexor ,155,784,67,0.0768
ACH-000120,Sildenafil,6,228,6,0.0263
ACH-000120,Silodosin,12,57,6,0.0952
ACH-000120,Simotinib,5,47,2,0.04
ACH-000120,Sinomenine,34,72,14,0.1522
ACH-000120,Sivelestat (sodium tetrahydrate),23,558,21,0.0375
ACH-000120,Sodium Salicylate,35,213,17,0.0736
ACH-000120,Sonidegib,1037,30,13,0.0123
ACH-000120,Sulfatinib,8,75,5,0.0641
ACH-000120,Sulfisoxazole,312,249,36,0.0686
ACH-000120,Sunitinib,604,891,194,0.1491
ACH-000120,TAK-733,196,83,23,0.0898
ACH-000120,TAK-901,943,1577,411,0.1949
ACH-000120,Tadalafil,9,158,8,0.0503
ACH-000120,Talc,277,86,26,0.0772
ACH-000120,Tazarotene,324,405,97,0.1535
ACH-000120,Temsirolimus,75,408,34,0.0757
ACH-000120,Temuterkib,357,117,37,0.0847
ACH-000120,Terfenadine,600,312,80,0.0962
ACH-000120,Tetracycline (hydrochloride),16,301,11,0.0359
ACH-000120,Thymol,13,289,4,0.0134
ACH-000120,Thymopentin,9,161,7,0.0429
ACH-000120,Tirabrutinib,161,290,70,0.1837
ACH-000120,Tirabrutinib (hydrochloride),448,409,100,0.1321
ACH-000120,Tofacitinib,32,359,14,0.0371
ACH-000120,Tofacitinib (citrate),13,300,13,0.0433
ACH-000120,Tolcapone,20,342,12,0.0343
ACH-000120,Tolmetin,19,168,14,0.0809
ACH-000120,Tomivosertib,300,20,8,0.0256
ACH-000120,Topotecan (hydrochloride),110,1347,64,0.0459
ACH-000120,Torkinib,251,22,12,0.046
ACH-000120,Trametinib,1245,982,367,0.1973
ACH-000120,Trametinib (DMSO_TF solvate),160,1027,105,0.097
ACH-000120,Tranilast,8,121,8,0.0661
ACH-000120,Triamcinolone,33,378,30,0.0787
ACH-000120,Triclosan,24,245,15,0.0591
ACH-000120,Trifluridine,34,220,11,0.0453
ACH-000120,Trimetrexate,53,321,17,0.0476
ACH-000120,Tubulin inhibitor 6,121,38,14,0.0966
ACH-000120,Tucatinib,117,49,27,0.1942
ACH-000120,Tucidinostat,29,2274,26,0.0114
ACH-000120,ULK-101,466,21,11,0.0231
ACH-000120,Uridine,53,109,15,0.102
ACH-000120,Valdecoxib,202,404,60,0.1099
ACH-000120,Vandetanib,439,438,116,0.1524
ACH-000120,Vemurafenib,145,5,2,0.0135
ACH-000120,Verapamil,4,74,2,0.0263
ACH-000120,Verteporfin,49,655,24,0.0353
ACH-000120,Vilanterol,38,294,13,0.0408
ACH-000120,Vinblastine (sulfate),164,1592,138,0.0853
ACH-000120,Vismodegib,118,165,27,0.1055
ACH-000120,Vitamin K4,170,253,48,0.128
ACH-000120,Volasertib,75,12,8,0.1013
ACH-000120,Voriconazole,129,135,20,0.082
ACH-000120,Vortioxetine,252,404,71,0.1214
ACH-000120,XRK3F2,566,7,4,0.007
ACH-000120,Zileuton,182,192,32,0.0936
ACH-000120,c-Kit-IN-1,1004,4,4,0.004
ACH-000120,crizotinib,6,169,5,0.0294
ACH-000120,olaparib,120,27,12,0.0889
ACH-000120,palbociclib,105,44,15,0.1119
ACH-000120,venetoclax,108,136,34,0.1619
ACH-000120,vincristine,729,35,18,0.0241
ACH-000120,γ-Oryzanol,64,138,18,0.0978
ACH-000138,(R)-Verapamil (hydrochloride),1646,2556,687,0.1954
ACH-000138,(S)-Crizotinib,1147,1595,496,0.2208
ACH-000138,18β-Glycyrrhetinic acid,1162,2643,597,0.1861
ACH-000138,4EGI-1,3099,2023,1074,0.2653
ACH-000138,5-Azacytidine,1733,4043,851,0.1728
ACH-000138,5-Fluorouracil,1533,1553,493,0.1901
ACH-000138,8-Hydroxyquinoline,1536,2927,891,0.2494
ACH-000138,9-ING-41,4490,2710,1353,0.2314
ACH-000138,APTO-253,3020,1967,820,0.1968
ACH-000138,AT7519,2005,1490,683,0.2429
ACH-000138,AZD-7648,3538,3040,1381,0.2657
ACH-000138,AZD-8055,3572,3641,1592,0.2832
ACH-000138,AZD1390,3014,2311,975,0.2241
ACH-000138,AZD2858,1637,1625,366,0.1264
ACH-000138,Abemaciclib,5700,3320,2220,0.3265
ACH-000138,Abiraterone acetate,2308,2442,807,0.2047
ACH-000138,Acetazolamide,2416,1748,708,0.2049
ACH-000138,Acetohexamide,935,2456,447,0.1518
ACH-000138,Adagrasib,4198,3758,2032,0.343
ACH-000138,Adenine,1371,2293,724,0.2463
ACH-000138,Adenosine,1244,3300,795,0.2121
ACH-000138,Afatinib,4336,6693,2822,0.3439
ACH-000138,Aliskiren,1069,2584,618,0.2036
ACH-000138,Allantoin,1943,3202,1039,0.253
ACH-000138,Allopurinol,2599,2305,921,0.2312
ACH-000138,Almonertinib (hydrochloride),1517,2655,716,0.2072
ACH-000138,Almonertinib (mesylate),2774,2077,951,0.2438
ACH-000138,Alpelisib,2528,3000,1249,0.2919
ACH-000138,Altretamine,811,1269,429,0.2598
ACH-000138,Amsacrine,1521,5125,1075,0.193
ACH-000138,Anastrozole,1717,1715,702,0.2571
ACH-000138,Anethole trithione,2518,3404,1504,0.3404
ACH-000138,Apalutamide,577,2287,290,0.1127
ACH-000138,Aprepitant,2938,1540,739,0.1976
ACH-000138,Arbutin,967,1570,478,0.2322
ACH-000138,Artemether,1807,2057,643,0.1996
ACH-000138,Artesunate,2359,2812,1183,0.2966
ACH-000138,Asciminib,3108,2364,1019,0.2288
ACH-000138,Aspirin,1635,1732,615,0.2235
ACH-000138,Ataluren,2142,1453,510,0.1653
ACH-000138,Atazanavir (sulfate),1827,2662,932,0.262
ACH-000138,Auranofin,1884,7135,1280,0.1654
ACH-000138,Azithromycin (hydrate),1062,2358,541,0.1879
ACH-000138,BAY1125976,3877,4244,1740,0.2727
ACH-000138,BI-3406,4334,3218,1983,0.3561
ACH-000138,BI-78D3,4604,1737,948,0.1758
ACH-000138,Baicalin,1259,2802,789,0.2411
ACH-000138,Balsalazide (sodium hydrate),1078,2294,619,0.2248
ACH-000138,Belinostat,2234,10309,1838,0.1717
ACH-000138,Belumosudil,2636,3642,1284,0.2571
ACH-000138,Belumosudil (mesylate),2969,1785,819,0.2081
ACH-000138,Belzutifan,2244,2230,641,0.1672
ACH-000138,Bendamustine,784,1348,410,0.2381
ACH-000138,Benproperine (phosphate),1187,1967,538,0.2057
ACH-000138,Bentamapimod,3498,2622,1128,0.226
ACH-000138,Benztropine (mesylate),1834,1383,475,0.1732
ACH-000138,Berbamine,3701,2297,1228,0.2574
ACH-000138,Berbamine (dihydrochloride),3258,1908,928,0.219
ACH-000138,Berberine (chloride hydrate),1145,2482,634,0.2118
ACH-000138,Bergenin,1042,2499,591,0.2003
ACH-000138,Bestatin,532,1733,278,0.1399
ACH-000138,Bestatin (hydrochloride),2394,2467,946,0.2416
ACH-000138,Betamethasone dipropionate,1526,3112,984,0.2693
ACH-000138,Bexarotene,1910,2724,926,0.2497
ACH-000138,Bicalutamide,1222,2225,508,0.1728
ACH-000138,Bimatoprost,1154,2800,592,0.1761
ACH-000138,Bimiralisib,5023,5591,2540,0.3146
ACH-000138,Binimetinib,6642,6351,3983,0.4421
ACH-000138,Bisoprolol (hemifumarate),1569,2410,841,0.268
ACH-000138,Bortezomib,6074,6793,3809,0.4205
ACH-000138,Bosentan (hydrate),1199,2843,688,0.2051
ACH-000138,Brimonidine,1388,2093,527,0.1784
ACH-000138,Brivudine,3933,6136,2157,0.2726
ACH-000138,Budesonide,3476,4179,1799,0.3072
ACH-000138,Busulfan,2293,2361,845,0.2218
ACH-000138,CP21R7,2554,1315,579,0.176
ACH-000138,Cabozantinib (S-malate),1924,3260,1007,0.2411
ACH-000138,Canagliflozin,1002,1819,479,0.2045
ACH-000138,Canagliflozin (hemihydrate),2163,2031,633,0.1778
ACH-000138,Capivasertib,1972,1649,667,0.2258
ACH-000138,Capmatinib,2768,2409,1039,0.2511
ACH-000138,Captopril,2658,1428,702,0.2074
ACH-000138,Carbamazepine,2102,2847,962,0.2413
ACH-000138,Celecoxib,3619,1394,666,0.1532
ACH-000138,Cepharanthine,1605,2942,841,0.2269
ACH-000138,Chlorhexidine (diacetate),2666,3179,1311,0.2891
ACH-000138,Ciclopirox,1088,4024,692,0.1566
ACH-000138,Cilostazol,1932,3032,1042,0.2657
ACH-000138,Cinacalcet,1829,1832,609,0.1995
ACH-000138,Citalopram (hydrobromide),3025,1456,663,0.1737
ACH-000138,Clobetasol propionate,3723,4061,2047,0.3568
ACH-000138,Clofarabine,871,1861,419,0.1812
ACH-000138,Clonidine (hydrochloride),1713,3255,1160,0.3046
ACH-000138,Clopidogrel,2623,1646,757,0.2155
ACH-000138,Clotrimazole,1153,2693,632,0.1966
ACH-000138,Cloxacillin (sodium),1247,1806,612,0.2507
ACH-000138,Cobimetinib,806,3747,553,0.1383
ACH-000138,Crizotinib (hydrochloride),2584,3496,1267,0.2632
ACH-000138,Cyclosporin A,2537,3007,1167,0.2666
ACH-000138,Cysteamine (hydrochloride),1013,2236,591,0.2223
ACH-000138,Cytarabine,2883,2566,1013,0.2284
ACH-000138,Cytarabine (hydrochloride),1169,2695,626,0.1933
ACH-000138,DT-061,2053,1963,667,0.1992
ACH-000138,DTP3,4100,11223,1069,0.075
ACH-000138,Dabrafenib,3056,3460,1256,0.2388
ACH-000138,Daidzin,3366,2402,1154,0.2501
ACH-000138,Dapagliflozin,1361,1526,519,0.2192
ACH-000138,"Dapagliflozin ((2S)-1,2-propanediol, hydrate)",1082,2003,502,0.1943
ACH-000138,Darinaparsin,1503,4200,1049,0.2254
ACH-000138,Darolutamide,1992,2585,930,0.255
ACH-000138,Decitabine,1620,3719,1067,0.2498
ACH-000138,Delamanid,2142,2707,1057,0.2787
ACH-000138,Demeclocycline,1074,2211,538,0.1959
ACH-000138,Dexamethasone,2506,3345,1511,0.3482
ACH-000138,Dexmedetomidine,1070,1875,521,0.2149
ACH-000138,Diammonium Glycyrrhizinate,1747,3203,823,0.1994
ACH-000138,Digitoxin,2111,7818,1683,0.2041
ACH-000138,Dihydroartemisinin,1119,3129,593,0.1622
ACH-000138,Dimethyl fumarate,563,2148,341,0.1439
ACH-000138,Dinaciclib,6481,11118,5552,0.4609
ACH-000138,Diphenhydramine,1836,2176,846,0.2672
ACH-000138,Docetaxel,3053,3497,1374,0.2655
ACH-000138,Docetaxel (Trihydrate),494,3522,327,0.0886
ACH-000138,Dorzolamide (hydrochloride),851,2273,448,0.1674
ACH-000138,Doxorubicin (hydrochloride),1084,5584,750,0.1267
ACH-000138,Doxycycline (monohydrate),797,2164,430,0.1699
ACH-000138,Drospirenone,2302,3110,1125,0.2624
ACH-000138,ERK5-IN-2,3216,3961,1391,0.2404
ACH-000138,ETC-206,2360,1392,660,0.2135
ACH-000138,EX229,4847,4316,2270,0.3293
ACH-000138,Econazole,2191,2424,760,0.1971
ACH-000138,Elagolix sodium,1425,3238,844,0.221
ACH-000138,Elimusertib hydrochloride,4146,4333,1969,0.3025
ACH-000138,Encorafenib,10518,4555,229,0.0154
ACH-000138,Entecavir (monohydrate),322,2331,198,0.0807
ACH-000138,Entrectinib,2137,3534,1140,0.2516
ACH-000138,Epirubicin (hydrochloride),460,5750,324,0.055
ACH-000138,Eplerenone,680,1130,280,0.183
ACH-000138,Erdafitinib ,10014,1766,137,0.0118
ACH-000138,Erlotinib,1211,2245,562,0.1942
ACH-000138,Erythromycin,1140,2085,480,0.1749
ACH-000138,Esmolol (hydrochloride),1601,2674,726,0.2046
ACH-000138,Estrone sulfate (potassium),2689,2492,907,0.2122
ACH-000138,Everolimus,2207,1716,716,0.2233
ACH-000138,Fedratinib (hydrochloride hydrate),2404,3797,1269,0.2573
ACH-000138,Fenofibrate,1625,1176,530,0.2334
ACH-000138,Ferulic acid,1404,2581,782,0.2441
ACH-000138,Filgotinib,1188,3780,685,0.1599
ACH-000138,Finasteride,826,1848,429,0.1911
ACH-000138,Fingolimod (hydrochloride),1531,2506,736,0.223
ACH-000138,Flumatinib (mesylate),3792,2884,1519,0.2946
ACH-000138,Flutamide,1659,2218,576,0.1745
ACH-000138,Fluvoxamine,1197,2944,797,0.2383
ACH-000138,Fluvoxamine (maleate),1147,3663,794,0.1977
ACH-000138,Folic acid,1188,2449,706,0.2409
ACH-000138,Fulvestrant,1817,1501,467,0.1638
ACH-000138,Fumaric acid,3479,3013,1445,0.2863
ACH-000138,Furosemide,976,2005,536,0.2192
ACH-000138,Fusidic acid,1230,2371,674,0.2303
ACH-000138,Futibatinib,3533,2422,1173,0.2453
ACH-000138,GSK1059615,5249,5152,2446,0.3075
ACH-000138,Gallic acid,1519,2553,809,0.2479
ACH-000138,Gallic acid (hydrate),1795,3159,859,0.2098
ACH-000138,Gefitinib,1010,2432,478,0.1613
ACH-000138,Gemcitabine,3754,2801,1490,0.2942
ACH-000138,Gemfibrozil,1333,2960,776,0.2206
ACH-000138,Glycyrrhizic acid,1017,1691,418,0.1825
ACH-000138,Goserelin (acetate),2099,2546,1017,0.2803
ACH-000138,HI-TOPK-032,4638,3867,1790,0.2666
ACH-000138,Harringtonine,1173,10561,1043,0.0976
ACH-000138,Hesperidin,1289,1876,499,0.1872
ACH-000138,Hexylresorcinol,1686,2602,890,0.2619
ACH-000138,Homoharringtonine,9987,13509,8910,0.6109
ACH-000138,Hydroxyfasudil,4459,1094,517,0.1027
ACH-000138,Hydroxyurea,642,1751,317,0.1527
ACH-000138,IQ 1,2995,2567,1076,0.2399
ACH-000138,Idarubicin (hydrochloride),8439,13258,7370,0.5144
ACH-000138,Idoxuridine,2362,1991,852,0.2434
ACH-000138,Imiquimod (hydrochloride),2219,2724,889,0.2193
ACH-000138,Imiquimod (maleate),693,1380,235,0.1279
ACH-000138,Indacaterol (maleate),2512,1901,808,0.2241
ACH-000138,Infigratinib,2517,2829,1087,0.2552
ACH-000138,Ipatasertib,4404,3160,1530,0.2536
ACH-000138,Irinotecan,2810,2761,1165,0.2644
ACH-000138,Irinotecan (hydrochloride),5164,2398,1474,0.2421
ACH-000138,Isocorydine,1132,2710,656,0.2059
ACH-000138,Ivermectin,1454,2421,643,0.1989
ACH-000138,Ixazomib,2219,2839,1064,0.2664
ACH-000138,Ixazomib citrate,2340,8989,1889,0.2001
ACH-000138,L-Eflornithine (monohydrochloride),2171,1571,549,0.1719
ACH-000138,L-Thyroxine (sodium salt pentahydrate),1108,2860,552,0.1616
ACH-000138,LB-100,2144,1227,528,0.1857
ACH-000138,LJI308,3149,1927,1027,0.2536
ACH-000138,LY-2584702 (tosylate salt),3528,1788,892,0.2016
ACH-000138,LY2090314,1667,1755,569,0.1994
ACH-000138,Lactate (calcium),2593,3054,1078,0.2359
ACH-000138,Lapatinib ditosylate,2354,1876,712,0.2024
ACH-000138,Larotrectinib,1981,2861,845,0.2114
ACH-000138,Lenalidomide (hemihydrate),786,2927,458,0.1407
ACH-000138,Levobupivacaine (hydrochloride),1078,1623,449,0.1994
ACH-000138,Lidocaine (hydrochloride),1560,3747,897,0.2034
ACH-000138,Ligustrazine,696,2155,425,0.1752
ACH-000138,Lipoic acid,1057,1823,545,0.2334
ACH-000138,Lonafarnib,2399,3067,1024,0.2305
ACH-000138,Loperamide (hydrochloride),2214,2365,858,0.2306
ACH-000138,Lopinavir,2512,3993,1488,0.2966
ACH-000138,Lucanthone,2633,2107,1043,0.2821
ACH-000138,Lumateperone (tosylate),917,2231,555,0.214
ACH-000138,MK-3903,3462,2883,1187,0.2301
ACH-000138,MK-8353,2541,1172,621,0.2008
ACH-000138,ML264,3424,2293,1014,0.2156
ACH-000138,Macitentan,471,1093,198,0.1449
ACH-000138,Malotilate,3730,3724,1965,0.358
ACH-000138,Mebendazole,1020,4833,691,0.1339
ACH-000138,Medroxyprogesterone acetate,1314,3615,813,0.1975
ACH-000138,Megestrol,2308,2502,850,0.2146
ACH-000138,Meloxicam,2087,1804,600,0.1823
ACH-000138,Menadione,809,1797,405,0.184
ACH-000138,Methotrexate,1484,2194,561,0.18
ACH-000138,Methyl aminolevulinate (hydrochloride),2211,2307,823,0.2227
ACH-000138,Methylprednisolone succinate,4811,7474,621,0.0532
ACH-000138,Methylthiouracil,1257,2138,517,0.1796
ACH-000138,Mifepristone,819,2150,400,0.1557
ACH-000138,Minodronic acid,2393,2320,983,0.2635
ACH-000138,Mitoxantrone (dihydrochloride),1861,8490,1445,0.1623
ACH-000138,Monocrotaline,760,1410,343,0.1877
ACH-000138,Mozavaptan,927,2074,480,0.1904
ACH-000138,NG25,1913,4404,1151,0.2228
ACH-000138,NVP-BHG712,3479,2361,962,0.1972
ACH-000138,Nafamostat (mesylate),1869,1685,580,0.195
ACH-000138,Naproxen,1992,1401,620,0.2236
ACH-000138,Neratinib,1833,2721,779,0.2064
ACH-000138,Neratinib (maleate),1415,4796,1011,0.1944
ACH-000138,Nevirapine,719,1903,361,0.1597
ACH-000138,Niclosamide (olamine),700,6354,586,0.0906
ACH-000138,Norepinephrine (hydrochloride),1107,2996,612,0.1753
ACH-000138,OTS514,2210,2164,711,0.1941
ACH-000138,Olanzapine,1330,3398,881,0.229
ACH-000138,Oleic acid,2495,1421,679,0.2098
ACH-000138,Omeprazole,1152,2265,538,0.1869
ACH-000138,Omeprazole (sodium),1669,1523,444,0.1616
ACH-000138,Orlistat,898,1896,454,0.194
ACH-000138,Osimertinib (mesylate),1962,2668,837,0.2207
ACH-000138,Ouabain (Octahydrate),2817,9272,2307,0.2358
ACH-000138,Oxaliplatin,3293,2599,1354,0.2984
ACH-000138,Oxaprozin,2168,2218,795,0.2214
ACH-000138,PF-06260933,3776,2502,1147,0.2235
ACH-000138,PH-797804,3704,5137,1798,0.2553
ACH-000138,Paclitaxel,3302,4155,1561,0.2648
ACH-000138,Palmatine (chloride),2360,2601,909,0.2243
ACH-000138,Panobinostat,7031,12593,6210,0.4629
ACH-000138,Pasireotide (acetate),2542,3027,1166,0.2648
ACH-000138,Pemetrexed,1091,2619,651,0.2128
ACH-000138,Pemigatinib,727,1178,111,0.0619
ACH-000138,Penfluridol,747,1890,389,0.173
ACH-000138,Pentagastrin,1177,2946,700,0.2045
ACH-000138,Pentamidine (isethionate),2073,3063,971,0.2331
ACH-000138,Pentoxifylline,2711,3169,1219,0.2615
ACH-000138,Peretinoin,1235,6242,975,0.15
ACH-000138,Perindopril (erbumine),785,1906,380,0.1644
ACH-000138,Pexidartinib (hydrochloride),1247,1863,595,0.2366
ACH-000138,Phenylephrine (hydrochloride),2360,3413,1033,0.2179
ACH-000138,Phenytoin (sodium),1117,1647,511,0.2268
ACH-000138,Pimitespib,2902,1253,661,0.1892
ACH-000138,Pimozide,1655,2191,600,0.1848
ACH-000138,Pioglitazone,2051,2333,918,0.2649
ACH-000138,Piroxicam,2983,2245,1099,0.2662
ACH-000138,Pitavastatin (Calcium),1123,3350,702,0.1862
ACH-000138,Ponatinib,1786,6096,1280,0.1939
ACH-000138,Posaconazole,649,2893,399,0.1269
ACH-000138,Pralsetinib,3176,3680,1565,0.2958
ACH-000138,Pravastatin (sodium),3205,1779,922,0.227
ACH-000138,Procainamide (hydrochloride),756,1232,341,0.207
ACH-000138,Proglumide,855,1541,345,0.1682
ACH-000138,Pyridoxine,1379,2613,666,0.2002
ACH-000138,Pyridoxine (hydrochloride),3157,2789,1436,0.3184
ACH-000138,Quinestrol,1377,3062,851,0.2372
ACH-000138,Quinidine (15% dihydroquinidine),855,1554,373,0.1832
ACH-000138,RMC-6236,4169,4809,2155,0.3158
ACH-000138,Radotinib,1826,3438,1114,0.2684
ACH-000138,Ralimetinib dimesylate,4529,11456,1258,0.0854
ACH-000138,Raltitrexed,1153,3381,804,0.2155
ACH-000138,Ranolazine,1112,1663,373,0.1553
ACH-000138,Rapamycin,1736,4361,1139,0.2297
ACH-000138,Regorafenib,4160,2246,1226,0.2367
ACH-000138,Relugolix,1107,2146,631,0.2407
ACH-000138,Resveratrol,1505,3124,818,0.2146
ACH-000138,Retinoic acid,3771,3635,1765,0.3129
ACH-000138,Rifaximin,385,1104,188,0.1445
ACH-000138,Riluzole hydrochloride,2555,4003,1441,0.2816
ACH-000138,Rimonabant,1279,2601,776,0.25
ACH-000138,Ritonavir,1063,3001,615,0.1783
ACH-000138,Ropivacaine (hydrochloride monohydrate),1559,2895,918,0.2596
ACH-000138,Rosiglitazone,925,1675,461,0.2155
ACH-000138,Roxadustat,1145,3307,765,0.2075
ACH-000138,Rucaparib (phosphate),750,1399,321,0.1756
ACH-000138,Rutin (trihydrate),1738,1934,800,0.2786
ACH-000138,S-Adenosyl-L-methionine (disulfate tosylate),1512,3927,1054,0.2404
ACH-000138,SBI-0640756,6856,2210,153,0.0172
ACH-000138,Sacubitril/Valsartan,1109,2839,710,0.2193
ACH-000138,Salicylic acid,1480,3238,897,0.2348
ACH-000138,Sapanisertib,4741,4423,2020,0.2828
ACH-000138,Saquinavir,1220,3245,658,0.1728
ACH-000138,Selinexor ,3848,6988,2505,0.3007
ACH-000138,Sildenafil,763,2036,425,0.179
ACH-000138,Silodosin,578,739,221,0.2016
ACH-000138,Simotinib,647,912,185,0.1346
ACH-000138,Sinomenine,1003,2070,538,0.2122
ACH-000138,Sivelestat (sodium tetrahydrate),713,3641,452,0.1158
ACH-000138,Sodium Salicylate,1605,3070,855,0.2238
ACH-000138,Sonidegib,5567,960,542,0.0906
ACH-000138,Sulfatinib,784,1517,381,0.1984
ACH-000138,Sulfisoxazole,2678,3275,1158,0.2415
ACH-000138,Sunitinib,2631,3340,1242,0.2626
ACH-000138,TAK-733,2317,4732,1367,0.2406
ACH-000138,TAK-901,4192,9127,2949,0.2844
ACH-000138,Tadalafil,694,2564,448,0.1594
ACH-000138,Talc,1830,1136,393,0.1527
ACH-000138,Tazarotene,2132,2380,851,0.2325
ACH-000138,Temsirolimus,2174,3895,1180,0.2414
ACH-000138,Temuterkib,3726,2553,1120,0.2171
ACH-000138,Terfenadine,2911,3273,1247,0.2526
ACH-000138,Tetracycline (hydrochloride),541,2411,311,0.1178
ACH-000138,Thymol,1209,2027,499,0.1823
ACH-000138,Thymopentin,761,2386,478,0.1791
ACH-000138,Tirabrutinib,1893,2732,1043,0.2912
ACH-000138,Tirabrutinib (hydrochloride),2665,3500,1247,0.2536
ACH-000138,Tofacitinib,1782,4111,1093,0.2277
ACH-000138,Tofacitinib (citrate),1564,3737,959,0.2209
ACH-000138,Tolcapone,1182,3768,814,0.1968
ACH-000138,Tolmetin,1000,1752,514,0.2297
ACH-000138,Tomivosertib,3552,2160,1070,0.2305
ACH-000138,Topotecan (hydrochloride),3419,8765,2565,0.2667
ACH-000138,Torkinib,3266,2356,996,0.2153
ACH-000138,Trametinib,6597,7204,4173,0.4334
ACH-000138,Trametinib (DMSO_TF solvate),3093,3962,1866,0.3596
ACH-000138,Tranilast,371,1655,201,0.1101
ACH-000138,Triamcinolone,2862,4602,1929,0.3485
ACH-000138,Triclosan,1031,2729,606,0.1921
ACH-000138,Trifluridine,849,2913,506,0.1554
ACH-000138,Trimetrexate,1259,3277,750,0.1981
ACH-000138,Tubulin inhibitor 6,2368,1462,680,0.2159
ACH-000138,Tucatinib,2476,1950,932,0.2667
ACH-000138,Tucidinostat,2952,9671,2497,0.2466
ACH-000138,ULK-101,3788,1961,926,0.192
ACH-000138,Uridine,1163,1797,480,0.1935
ACH-000138,Valdecoxib,1147,1829,429,0.1684
ACH-000138,Vandetanib,2478,2536,1065,0.2697
ACH-000138,Vemurafenib,2575,3172,1044,0.222
ACH-000138,Verapamil,631,1237,280,0.1763
ACH-000138,Verteporfin,694,3491,440,0.1175
ACH-000138,Vilanterol,1209,2845,711,0.2127
ACH-000138,Vinblastine (sulfate),2946,7141,2283,0.2925
ACH-000138,Vismodegib,1024,1686,389,0.1676
ACH-000138,Vitamin K4,2488,1897,769,0.2127
ACH-000138,Volasertib,2713,1528,694,0.1957
ACH-000138,Voriconazole,1611,1676,524,0.1896
ACH-000138,Vortioxetine,2691,2824,1165,0.2678
ACH-000138,XRK3F2,4101,3455,1466,0.2407
ACH-000138,Zileuton,1493,1632,509,0.1946
ACH-000138,c-Kit-IN-1,7191,3883,2857,0.3477
ACH-000138,crizotinib,694,2479,423,0.1538
ACH-000138,olaparib,3264,8418,539,0.0484
ACH-000138,palbociclib,2684,3206,1105,0.2309
ACH-000138,venetoclax,3235,4893,1851,0.2949
ACH-000138,vincristine,4230,2804,1577,0.289
ACH-000138,γ-Oryzanol,1057,1391,334,0.158
ACH-000139,(R)-Verapamil (hydrochloride),735,1856,295,0.1285
ACH-000139,(S)-Crizotinib,479,761,144,0.1314
ACH-000139,18β-Glycyrrhetinic acid,597,1781,300,0.1444
ACH-000139,4EGI-1,2013,1379,668,0.2452
ACH-000139,5-Azacytidine,1587,2682,641,0.1767
ACH-000139,5-Fluorouracil,998,893,253,0.1545
ACH-000139,8-Hydroxyquinoline,736,1960,406,0.1773
ACH-000139,9-ING-41,3704,1258,711,0.1673
ACH-000139,APTO-253,2363,746,302,0.1076
ACH-000139,AT7519,1555,796,410,0.2112
ACH-000139,AZD-7648,3251,1695,780,0.1872
ACH-000139,AZD-8055,2632,1582,746,0.2151
ACH-000139,AZD1390,2440,1574,673,0.2014
ACH-000139,AZD2858,1574,1269,362,0.1459
ACH-000139,Abemaciclib,4308,8679,1393,0.1201
ACH-000139,Abiraterone acetate,1404,1388,401,0.1677
ACH-000139,Acetazolamide,2130,952,381,0.1411
ACH-000139,Acetohexamide,560,1508,247,0.1356
ACH-000139,Adagrasib,2602,1968,945,0.2607
ACH-000139,Adenine,1100,1510,523,0.2506
ACH-000139,Adenosine,818,2262,502,0.1947
ACH-000139,Afatinib,2528,3171,1080,0.2338
ACH-000139,Aliskiren,837,1991,463,0.1958
ACH-000139,Allantoin,1158,2435,606,0.2029
ACH-000139,Allopurinol,2737,1342,570,0.1624
ACH-000139,Almonertinib (hydrochloride),923,1830,403,0.1715
ACH-000139,Almonertinib (mesylate),1244,1736,470,0.1873
ACH-000139,Alpelisib,1598,1351,521,0.2146
ACH-000139,Altretamine,242,552,129,0.194
ACH-000139,Amsacrine,875,2527,540,0.1887
ACH-000139,Anastrozole,1288,1200,459,0.2262
ACH-000139,Anethole trithione,1531,2646,920,0.2825
ACH-000139,Apalutamide,85,1145,42,0.0354
ACH-000139,Aprepitant,2643,986,463,0.1462
ACH-000139,Arbutin,388,927,208,0.1879
ACH-000139,Artemether,1783,1161,408,0.1609
ACH-000139,Artesunate,1366,2065,652,0.2346
ACH-000139,Asciminib,2569,1226,511,0.1556
ACH-000139,Aspirin,1336,945,327,0.1673
ACH-000139,Ataluren,1725,1012,332,0.138
ACH-000139,Atazanavir (sulfate),1684,1437,584,0.2302
ACH-000139,Auranofin,1751,6915,1157,0.1541
ACH-000139,Azithromycin (hydrate),900,1679,424,0.1968
ACH-000139,BAY1125976,3173,3880,1400,0.2477
ACH-000139,BI-3406,2541,1468,753,0.2313
ACH-000139,BI-78D3,3811,1099,573,0.1321
ACH-000139,Baicalin,797,2128,488,0.2002
ACH-000139,Balsalazide (sodium hydrate),1004,1741,547,0.2489
ACH-000139,Belinostat,2073,8340,1593,0.1806
ACH-000139,Belumosudil,1308,1440,408,0.1744
ACH-000139,Belumosudil (mesylate),2335,1327,560,0.1805
ACH-000139,Belzutifan,1466,1271,318,0.1315
ACH-000139,Bendamustine,259,583,99,0.1332
ACH-000139,Benproperine (phosphate),541,954,222,0.1744
ACH-000139,Bentamapimod,3045,1153,568,0.1565
ACH-000139,Benztropine (mesylate),944,910,218,0.1333
ACH-000139,Berbamine,2060,1717,647,0.2067
ACH-000139,Berbamine (dihydrochloride),1511,1138,374,0.1644
ACH-000139,Berberine (chloride hydrate),752,2289,420,0.1602
ACH-000139,Bergenin,443,1256,217,0.1464
ACH-000139,Bestatin,102,966,63,0.0627
ACH-000139,Bestatin (hydrochloride),1599,1519,479,0.1815
ACH-000139,Betamethasone dipropionate,762,1962,494,0.2215
ACH-000139,Bexarotene,1744,1482,540,0.201
ACH-000139,Bicalutamide,853,915,216,0.1392
ACH-000139,Bimatoprost,805,1947,392,0.1661
ACH-000139,Bimiralisib,3299,2651,1084,0.2228
ACH-000139,Binimetinib,4903,3775,2257,0.3515
ACH-000139,Bisoprolol (hemifumarate),456,1604,291,0.1645
ACH-000139,Bortezomib,4492,4844,2469,0.3595
ACH-000139,Bosentan (hydrate),226,1636,158,0.0927
ACH-000139,Brimonidine,1111,703,183,0.1122
ACH-000139,Brivudine,3056,3704,1298,0.2376
ACH-000139,Budesonide,3162,3469,1479,0.2871
ACH-000139,Busulfan,1224,1633,437,0.1806
ACH-000139,CP21R7,2265,873,382,0.1386
ACH-000139,Cabozantinib (S-malate),1075,1959,421,0.1611
ACH-000139,Canagliflozin,265,1013,144,0.127
ACH-000139,Canagliflozin (hemihydrate),1750,1197,364,0.1409
ACH-000139,Capivasertib,2033,1098,460,0.1722
ACH-000139,Capmatinib,2056,1195,531,0.1952
ACH-000139,Captopril,1811,656,298,0.1374
ACH-000139,Carbamazepine,1733,1691,494,0.1686
ACH-000139,Celecoxib,3268,865,391,0.1045
ACH-000139,Cepharanthine,1072,1951,527,0.2111
ACH-000139,Chlorhexidine (diacetate),1767,1996,703,0.2297
ACH-000139,Ciclopirox,563,2115,321,0.1362
ACH-000139,Cilostazol,437,1749,257,0.1332
ACH-000139,Cinacalcet,1444,1309,357,0.149
ACH-000139,Citalopram (hydrobromide),2293,877,359,0.1277
ACH-000139,Clobetasol propionate,2323,2363,1067,0.2948
ACH-000139,Clofarabine,215,1103,124,0.1039
ACH-000139,Clonidine (hydrochloride),1241,2645,828,0.2708
ACH-000139,Clopidogrel,2418,871,421,0.1468
ACH-000139,Clotrimazole,705,1962,355,0.1535
ACH-000139,Cloxacillin (sodium),810,1284,362,0.209
ACH-000139,Cobimetinib,273,2161,185,0.0823
ACH-000139,Crizotinib (hydrochloride),2260,2029,826,0.2385
ACH-000139,Cyclosporin A,2273,1588,665,0.2081
ACH-000139,Cysteamine (hydrochloride),514,1504,261,0.1485
ACH-000139,Cytarabine,1394,1323,432,0.1891
ACH-000139,Cytarabine (hydrochloride),325,988,162,0.1407
ACH-000139,DT-061,1587,1133,390,0.1674
ACH-000139,DTP3,3276,9423,489,0.04
ACH-000139,Dabrafenib,2694,3269,1147,0.2382
ACH-000139,Daidzin,1741,1352,481,0.1842
ACH-000139,Dapagliflozin,1100,962,296,0.1676
ACH-000139,"Dapagliflozin ((2S)-1,2-propanediol, hydrate)",366,954,151,0.1292
ACH-000139,Darinaparsin,1022,3117,646,0.1849
ACH-000139,Darolutamide,2171,1587,683,0.2221
ACH-000139,Decitabine,631,2761,453,0.1541
ACH-000139,Delamanid,1720,1549,588,0.2193
ACH-000139,Demeclocycline,715,1572,328,0.1674
ACH-000139,Dexamethasone,2323,2480,1200,0.3331
ACH-000139,Dexmedetomidine,181,1068,96,0.0833
ACH-000139,Diammonium Glycyrrhizinate,999,2716,496,0.1541
ACH-000139,Digitoxin,1150,6645,852,0.1227
ACH-000139,Dihydroartemisinin,706,2035,342,0.1426
ACH-000139,Dimethyl fumarate,76,942,52,0.0538
ACH-000139,Dinaciclib,2448,5474,1759,0.2854
ACH-000139,Diphenhydramine,1163,1446,461,0.2146
ACH-000139,Docetaxel,2243,2033,707,0.1981
ACH-000139,Docetaxel (Trihydrate),136,1727,97,0.0549
ACH-000139,Dorzolamide (hydrochloride),290,1412,169,0.1102
ACH-000139,Doxorubicin (hydrochloride),457,4742,310,0.0634
ACH-000139,Doxycycline (monohydrate),95,1193,69,0.0566
ACH-000139,Drospirenone,2243,2372,845,0.2241
ACH-000139,ERK5-IN-2,3012,3688,1207,0.2197
ACH-000139,ETC-206,1823,825,374,0.1645
ACH-000139,EX229,3832,2835,1460,0.2804
ACH-000139,Econazole,1903,1599,526,0.1767
ACH-000139,Elagolix sodium,931,2311,524,0.1928
ACH-000139,Elimusertib hydrochloride,3262,2383,1101,0.2423
ACH-000139,Encorafenib,7972,2898,106,0.0098
ACH-000139,Entecavir (monohydrate),26,1322,19,0.0143
ACH-000139,Entrectinib,1594,1768,438,0.1498
ACH-000139,Epirubicin (hydrochloride),158,5402,110,0.0202
ACH-000139,Eplerenone,157,613,91,0.134
ACH-000139,Erdafitinib ,9462,1156,59,0.0056
ACH-000139,Erlotinib,682,1470,290,0.1557
ACH-000139,Erythromycin,1042,1265,325,0.164
ACH-000139,Esmolol (hydrochloride),1374,1402,345,0.1419
ACH-000139,Estrone sulfate (potassium),2190,1485,489,0.1535
ACH-000139,Everolimus,1572,1178,466,0.204
ACH-000139,Fedratinib (hydrochloride hydrate),2273,3004,984,0.2292
ACH-000139,Fenofibrate,716,645,223,0.196
ACH-000139,Ferulic acid,368,1549,221,0.1303
ACH-000139,Filgotinib,807,2093,322,0.1249
ACH-000139,Finasteride,162,949,93,0.0914
ACH-000139,Fingolimod (hydrochloride),1184,1609,451,0.1926
ACH-000139,Flumatinib (mesylate),1714,1714,647,0.2327
ACH-000139,Flutamide,1332,1406,354,0.1485
ACH-000139,Fluvoxamine,399,1693,270,0.1482
ACH-000139,Fluvoxamine (maleate),816,3054,512,0.1525
ACH-000139,Folic acid,623,1789,398,0.1976
ACH-000139,Fulvestrant,1401,934,259,0.1248
ACH-000139,Fumaric acid,1570,2512,713,0.2116
ACH-000139,Furosemide,396,1171,199,0.1455
ACH-000139,Fusidic acid,700,1863,395,0.1822
ACH-000139,Futibatinib,2938,1464,751,0.2057
ACH-000139,GSK1059615,3583,3790,1461,0.2471
ACH-000139,Gallic acid,1077,1718,528,0.2329
ACH-000139,Gallic acid (hydrate),1176,1892,437,0.1661
ACH-000139,Gefitinib,1013,1385,268,0.1258
ACH-000139,Gemcitabine,2868,1710,898,0.244
ACH-000139,Gemfibrozil,902,2057,474,0.1907
ACH-000139,Glycyrrhizic acid,369,685,114,0.1213
ACH-000139,Goserelin (acetate),953,2150,567,0.2236
ACH-000139,HI-TOPK-032,3654,2591,1107,0.2155
ACH-000139,Harringtonine,689,8418,605,0.0712
ACH-000139,Hesperidin,350,844,131,0.1232
ACH-000139,Hexylresorcinol,755,1859,438,0.2013
ACH-000139,Homoharringtonine,6952,9025,5504,0.5255
ACH-000139,Hydroxyfasudil,3448,681,283,0.0736
ACH-000139,Hydroxyurea,113,968,53,0.0516
ACH-000139,IQ 1,2622,1658,687,0.1912
ACH-000139,Idarubicin (hydrochloride),6963,10511,5601,0.4717
ACH-000139,Idoxuridine,1997,1013,451,0.1762
ACH-000139,Imiquimod (hydrochloride),2063,1695,550,0.1714
ACH-000139,Imiquimod (maleate),134,664,48,0.064
ACH-000139,Indacaterol (maleate),2805,2309,1011,0.2464
ACH-000139,Infigratinib,2092,2013,765,0.229
ACH-000139,Ipatasertib,3412,1466,754,0.1828
ACH-000139,Irinotecan,2062,1278,527,0.1873
ACH-000139,Irinotecan (hydrochloride),3204,1312,665,0.1727
ACH-000139,Isocorydine,837,1815,462,0.211
ACH-000139,Ivermectin,1430,1017,324,0.1526
ACH-000139,Ixazomib,1640,1804,650,0.2326
ACH-000139,Ixazomib citrate,1209,6578,873,0.1263
ACH-000139,L-Eflornithine (monohydrochloride),2301,909,363,0.1275
ACH-000139,L-Thyroxine (sodium salt pentahydrate),958,2069,383,0.1449
ACH-000139,LB-100,1790,680,287,0.1315
ACH-000139,LJI308,2545,1442,722,0.2211
ACH-000139,LY-2584702 (tosylate salt),2829,1311,648,0.1856
ACH-000139,LY2090314,1155,837,301,0.178
ACH-000139,Lactate (calcium),1394,1920,438,0.1523
ACH-000139,Lapatinib ditosylate,2431,700,345,0.1238
ACH-000139,Larotrectinib,944,2066,409,0.1572
ACH-000139,Lenalidomide (hemihydrate),589,2275,367,0.147
ACH-000139,Levobupivacaine (hydrochloride),508,975,194,0.1505
ACH-000139,Lidocaine (hydrochloride),1302,2946,694,0.1953
ACH-000139,Ligustrazine,163,1076,99,0.0868
ACH-000139,Lipoic acid,397,1076,219,0.1746
ACH-000139,Lonafarnib,3051,1153,475,0.1274
ACH-000139,Loperamide (hydrochloride),1836,1268,445,0.1674
ACH-000139,Lopinavir,1759,1962,646,0.2101
ACH-000139,Lucanthone,2121,1332,623,0.2201
ACH-000139,Lumateperone (tosylate),554,1530,314,0.1774
ACH-000139,MK-3903,2496,1879,654,0.1758
ACH-000139,MK-8353,2202,872,467,0.1791
ACH-000139,ML264,2914,1733,744,0.1906
ACH-000139,Macitentan,137,643,72,0.1017
ACH-000139,Malotilate,2802,2459,1220,0.3019
ACH-000139,Mebendazole,336,2459,224,0.0871
ACH-000139,Medroxyprogesterone acetate,1053,2808,618,0.1906
ACH-000139,Megestrol,1226,1755,464,0.1843
ACH-000139,Meloxicam,1331,1129,328,0.1538
ACH-000139,Menadione,278,958,137,0.1247
ACH-000139,Methotrexate,1285,1365,395,0.1752
ACH-000139,Methyl aminolevulinate (hydrochloride),2088,1183,464,0.1653
ACH-000139,Methylprednisolone succinate,3531,2448,242,0.0422
ACH-000139,Methylthiouracil,989,1252,325,0.1696
ACH-000139,Mifepristone,224,1266,144,0.107
ACH-000139,Minodronic acid,1924,1556,652,0.2306
ACH-000139,Mitoxantrone (dihydrochloride),1077,6078,754,0.1178
ACH-000139,Monocrotaline,163,958,85,0.082
ACH-000139,Mozavaptan,242,1172,123,0.0953
ACH-000139,NG25,1301,2677,647,0.1942
ACH-000139,NVP-BHG712,2997,1491,596,0.1531
ACH-000139,Nafamostat (mesylate),1828,1033,319,0.1255
ACH-000139,Naproxen,828,937,254,0.1681
ACH-000139,Neratinib,1408,1553,449,0.1787
ACH-000139,Neratinib (maleate),1056,3327,681,0.184
ACH-000139,Nevirapine,237,1188,127,0.0978
ACH-000139,Niclosamide (olamine),221,4190,167,0.0393
ACH-000139,Norepinephrine (hydrochloride),644,2567,408,0.1456
ACH-000139,OTS514,1683,1375,506,0.1983
ACH-000139,Olanzapine,824,2593,535,0.1856
ACH-000139,Oleic acid,2112,814,428,0.1713
ACH-000139,Omeprazole,859,1282,278,0.1492
ACH-000139,Omeprazole (sodium),1569,835,250,0.1161
ACH-000139,Orlistat,294,913,120,0.1104
ACH-000139,Osimertinib (mesylate),1624,1927,559,0.1868
ACH-000139,Ouabain (Octahydrate),1560,8088,1234,0.1467
ACH-000139,Oxaliplatin,2616,2007,1020,0.2831
ACH-000139,Oxaprozin,1827,1296,448,0.1675
ACH-000139,PF-06260933,2809,1269,556,0.1579
ACH-000139,PH-797804,3406,6183,1901,0.2473
ACH-000139,Paclitaxel,2291,2851,821,0.19
ACH-000139,Palmatine (chloride),965,2324,445,0.1565
ACH-000139,Panobinostat,6624,10665,5589,0.4777
ACH-000139,Pasireotide (acetate),1160,2264,563,0.1968
ACH-000139,Pemetrexed,331,1228,191,0.1396
ACH-000139,Pemigatinib,691,1005,101,0.0633
ACH-000139,Penfluridol,248,1272,130,0.0935
ACH-000139,Pentagastrin,859,2092,455,0.1823
ACH-000139,Pentamidine (isethionate),1255,2230,510,0.1714
ACH-000139,Pentoxifylline,2311,2415,918,0.2411
ACH-000139,Peretinoin,520,3960,413,0.1015
ACH-000139,Perindopril (erbumine),657,907,205,0.1508
ACH-000139,Pexidartinib (hydrochloride),380,1323,247,0.1696
ACH-000139,Phenylephrine (hydrochloride),2220,2916,816,0.1889
ACH-000139,Phenytoin (sodium),282,828,146,0.1515
ACH-000139,Pimitespib,2498,765,382,0.1326
ACH-000139,Pimozide,1455,1777,469,0.1697
ACH-000139,Pioglitazone,1813,1290,559,0.2197
ACH-000139,Piroxicam,2830,1202,551,0.1583
ACH-000139,Pitavastatin (Calcium),315,2174,210,0.0921
ACH-000139,Ponatinib,1453,3453,669,0.1579
ACH-000139,Posaconazole,240,1763,145,0.078
ACH-000139,Pralsetinib,2266,2120,838,0.2362
ACH-000139,Pravastatin (sodium),1459,1199,409,0.1819
ACH-000139,Procainamide (hydrochloride),158,465,67,0.1205
ACH-000139,Proglumide,577,812,149,0.1202
ACH-000139,Pyridoxine,781,1991,372,0.155
ACH-000139,Pyridoxine (hydrochloride),1689,1589,638,0.2417
ACH-000139,Quinestrol,828,2000,498,0.2137
ACH-000139,Quinidine (15% dihydroquinidine),242,888,128,0.1277
ACH-000139,RMC-6236,2643,2442,906,0.2168
ACH-000139,Radotinib,1297,2323,670,0.2271
ACH-000139,Ralimetinib dimesylate,3284,517,314,0.09
ACH-000139,Raltitrexed,875,2220,460,0.1746
ACH-000139,Ranolazine,695,871,207,0.1523
ACH-000139,Rapamycin,1069,3162,670,0.1881
ACH-000139,Regorafenib,3159,944,532,0.149
ACH-000139,Relugolix,770,1366,397,0.2283
ACH-000139,Resveratrol,980,2301,487,0.1743
ACH-000139,Retinoic acid,1733,2060,660,0.2107
ACH-000139,Rifaximin,103,669,56,0.0782
ACH-000139,Riluzole hydrochloride,1620,3146,958,0.2516
ACH-000139,Rimonabant,761,1817,451,0.212
ACH-000139,Ritonavir,716,2287,434,0.1689
ACH-000139,Ropivacaine (hydrochloride monohydrate),930,2254,541,0.2047
ACH-000139,Rosiglitazone,278,857,129,0.1282
ACH-000139,Roxadustat,302,1774,211,0.1131
ACH-000139,Rucaparib (phosphate),127,852,78,0.0866
ACH-000139,Rutin (trihydrate),769,974,310,0.2163
ACH-000139,S-Adenosyl-L-methionine (disulfate tosylate),1107,2589,714,0.2394
ACH-000139,SBI-0640756,302,1235,26,0.0172
ACH-000139,Sacubitril/Valsartan,342,1867,238,0.1208
ACH-000139,Salicylic acid,874,2340,477,0.1743
ACH-000139,Sapanisertib,3909,3054,1378,0.2467
ACH-000139,Saquinavir,650,2554,352,0.1234
ACH-000139,Selinexor ,2256,5323,1435,0.2336
ACH-000139,Sildenafil,190,1415,119,0.0801
ACH-000139,Silodosin,164,343,65,0.1471
ACH-000139,Simotinib,104,319,38,0.0987
ACH-000139,Sinomenine,648,1510,342,0.1883
ACH-000139,Sivelestat (sodium tetrahydrate),224,2676,161,0.0588
ACH-000139,Sodium Salicylate,1138,2346,595,0.206
ACH-000139,Sonidegib,4749,3875,565,0.0701
ACH-000139,Sulfatinib,230,557,119,0.1781
ACH-000139,Sulfisoxazole,1596,2237,608,0.1885
ACH-000139,Sunitinib,2117,2572,884,0.2323
ACH-000139,TAK-733,1907,3018,912,0.2273
ACH-000139,TAK-901,3375,8521,2432,0.257
ACH-000139,Tadalafil,169,1791,122,0.0664
ACH-000139,Talc,1421,847,252,0.125
ACH-000139,Tazarotene,1850,1237,449,0.1702
ACH-000139,Temsirolimus,1403,2917,754,0.2114
ACH-000139,Temuterkib,3254,1907,813,0.187
ACH-000139,Terfenadine,2037,2252,717,0.2007
ACH-000139,Tetracycline (hydrochloride),151,1369,100,0.0704
ACH-000139,Thymol,718,1315,288,0.165
ACH-000139,Thymopentin,197,1517,136,0.0862
ACH-000139,Tirabrutinib,1252,1647,583,0.2517
ACH-000139,Tirabrutinib (hydrochloride),2421,2198,686,0.1744
ACH-000139,Tofacitinib,757,2318,421,0.1586
ACH-000139,Tofacitinib (citrate),1045,2304,544,0.1939
ACH-000139,Tolcapone,668,2724,457,0.1557
ACH-000139,Tolmetin,356,930,202,0.1863
ACH-000139,Tomivosertib,2815,1356,717,0.2076
ACH-000139,Topotecan (hydrochloride),1423,5121,874,0.1541
ACH-000139,Torkinib,2755,1670,686,0.1835
ACH-000139,Trametinib,4876,4484,2404,0.3456
ACH-000139,Trametinib (DMSO_TF solvate),2095,2176,970,0.2939
ACH-000139,Tranilast,81,1082,53,0.0477
ACH-000139,Triamcinolone,1897,3740,1328,0.3082
ACH-000139,Triclosan,706,1942,377,0.166
ACH-000139,Trifluridine,426,1944,234,0.1096
ACH-000139,Trimetrexate,788,2583,460,0.158
ACH-000139,Tubulin inhibitor 6,2041,988,486,0.1911
ACH-000139,Tucatinib,2512,1628,808,0.2425
ACH-000139,Tucidinostat,1757,7762,1442,0.1785
ACH-000139,ULK-101,3178,1341,570,0.1443
ACH-000139,Uridine,1080,1375,388,0.1877
ACH-000139,Valdecoxib,1000,965,248,0.1444
ACH-000139,Vandetanib,2049,1503,555,0.1852
ACH-000139,Vemurafenib,2184,1476,558,0.1799
ACH-000139,Verapamil,193,714,95,0.117
ACH-000139,Verteporfin,229,2042,152,0.0717
ACH-000139,Vilanterol,1195,2776,711,0.2181
ACH-000139,Vinblastine (sulfate),1554,4574,1109,0.221
ACH-000139,Vismodegib,881,987,243,0.1495
ACH-000139,Vitamin K4,1646,1353,468,0.1849
ACH-000139,Volasertib,2508,842,444,0.1528
ACH-000139,Voriconazole,1576,982,314,0.1399
ACH-000139,Vortioxetine,2222,1863,728,0.2169
ACH-000139,XRK3F2,2981,1413,631,0.1677
ACH-000139,Zileuton,1706,891,299,0.1301
ACH-000139,c-Kit-IN-1,5312,1867,1369,0.2356
ACH-000139,crizotinib,242,1494,159,0.1008
ACH-000139,olaparib,2259,466,227,0.0909
ACH-000139,palbociclib,2228,1679,604,0.1829
ACH-000139,venetoclax,2671,2670,1065,0.2491
ACH-000139,vincristine,3621,1720,983,0.2256
ACH-000139,γ-Oryzanol,937,777,230,0.155
ACH-000148,(R)-Verapamil (hydrochloride),1491,2576,624,0.1812
ACH-000148,(S)-Crizotinib,691,1543,233,0.1164
ACH-000148,18β-Glycyrrhetinic acid,730,1921,319,0.1368
ACH-000148,4EGI-1,2740,1772,875,0.2406
ACH-000148,5-Azacytidine,1413,2973,662,0.1778
ACH-000148,5-Fluorouracil,1298,2409,590,0.1893
ACH-000148,8-Hydroxyquinoline,1134,2390,627,0.2164
ACH-000148,9-ING-41,4092,1549,819,0.1698
ACH-000148,APTO-253,2504,905,398,0.1322
ACH-000148,AT7519,1595,766,413,0.212
ACH-000148,AZD-7648,2750,1776,761,0.2021
ACH-000148,AZD-8055,3081,1753,874,0.2207
ACH-000148,AZD1390,2605,1569,644,0.1824
ACH-000148,AZD2858,1211,1208,253,0.1168
ACH-000148,Abemaciclib,4697,10961,1672,0.1195
ACH-000148,Abiraterone acetate,2100,3117,904,0.2096
ACH-000148,Acetazolamide,2075,2732,964,0.2508
ACH-000148,Acetohexamide,940,2267,422,0.1515
ACH-000148,Adagrasib,2813,3019,1312,0.2903
ACH-000148,Adenine,1574,2056,700,0.2389
ACH-000148,Adenosine,1140,2769,659,0.2028
ACH-000148,Afatinib,2548,3897,1277,0.2471
ACH-000148,Aliskiren,807,1929,405,0.1737
ACH-000148,Allantoin,1868,2737,839,0.2228
ACH-000148,Allopurinol,4360,2800,1532,0.2722
ACH-000148,Almonertinib (hydrochloride),1176,1822,463,0.1826
ACH-000148,Almonertinib (mesylate),1817,3759,1107,0.2477
ACH-000148,Alpelisib,1735,1694,598,0.2112
ACH-000148,Altretamine,246,722,135,0.1621
ACH-000148,Amsacrine,1525,3044,800,0.2123
ACH-000148,Anastrozole,1612,1215,545,0.2388
ACH-000148,Anethole trithione,2147,2934,1146,0.2912
ACH-000148,Apalutamide,134,1813,75,0.0401
ACH-000148,Aprepitant,2554,3092,1287,0.2953
ACH-000148,Arbutin,466,1020,258,0.2101
ACH-000148,Artemether,2619,3557,1356,0.2813
ACH-000148,Artesunate,2177,3099,1113,0.2674
ACH-000148,Asciminib,1867,2881,887,0.2297
ACH-000148,Aspirin,1676,1459,533,0.2048
ACH-000148,Ataluren,1853,3388,956,0.2231
ACH-000148,Atazanavir (sulfate),2425,3203,1322,0.307
ACH-000148,Auranofin,1544,7736,1044,0.1268
ACH-000148,Azithromycin (hydrate),936,1935,398,0.1609
ACH-000148,BAY1125976,3004,3591,1254,0.2348
ACH-000148,BI-3406,3147,1996,1099,0.2718
ACH-000148,BI-78D3,4211,1330,718,0.1489
ACH-000148,Baicalin,1037,2648,624,0.2039
ACH-000148,Balsalazide (sodium hydrate),912,2064,475,0.1899
ACH-000148,Belinostat,1960,8824,1536,0.1661
ACH-000148,Belumosudil,2121,3411,1046,0.2332
ACH-000148,Belumosudil (mesylate),2301,1643,663,0.2021
ACH-000148,Belzutifan,1670,1575,393,0.1378
ACH-000148,Bendamustine,353,646,133,0.1536
ACH-000148,Benproperine (phosphate),651,1891,309,0.1384
ACH-000148,Bentamapimod,3017,1237,570,0.1547
ACH-000148,Benztropine (mesylate),1389,1657,427,0.163
ACH-000148,Berbamine,2527,2456,891,0.2177
ACH-000148,Berbamine (dihydrochloride),1703,1920,551,0.1794
ACH-000148,Berberine (chloride hydrate),873,2651,441,0.143
ACH-000148,Bergenin,637,1562,310,0.1641
ACH-000148,Bestatin,120,2738,85,0.0307
ACH-000148,Bestatin (hydrochloride),1965,2468,764,0.2082
ACH-000148,Betamethasone dipropionate,1321,2971,926,0.2751
ACH-000148,Bexarotene,2334,4633,1515,0.2779
ACH-000148,Bicalutamide,1416,1490,442,0.1794
ACH-000148,Bimatoprost,1135,2710,535,0.1616
ACH-000148,Bimiralisib,3907,3710,1441,0.2333
ACH-000148,Binimetinib,5023,5334,2838,0.3774
ACH-000148,Bisoprolol (hemifumarate),941,2180,499,0.1903
ACH-000148,Bortezomib,4391,4996,2269,0.3188
ACH-000148,Bosentan (hydrate),427,2887,315,0.105
ACH-000148,Brimonidine,1540,829,316,0.1539
ACH-000148,Brivudine,3375,4378,1432,0.2265
ACH-000148,Budesonide,3986,4902,2173,0.3236
ACH-000148,Busulfan,1964,1774,613,0.1962
ACH-000148,CP21R7,2082,978,408,0.1538
ACH-000148,Cabozantinib (S-malate),1516,3031,681,0.1762
ACH-000148,Canagliflozin,545,2099,316,0.1357
ACH-000148,Canagliflozin (hemihydrate),1586,3120,701,0.175
ACH-000148,Capivasertib,2737,1147,527,0.157
ACH-000148,Capmatinib,2547,1320,615,0.1891
ACH-000148,Captopril,1316,1679,457,0.1801
ACH-000148,Carbamazepine,1690,1970,618,0.2032
ACH-000148,Celecoxib,2910,854,341,0.0996
ACH-000148,Cepharanthine,1317,2179,585,0.201
ACH-000148,Chlorhexidine (diacetate),1624,3411,921,0.2239
ACH-000148,Ciclopirox,866,2148,470,0.1847
ACH-000148,Cilostazol,552,3645,410,0.1083
ACH-000148,Cinacalcet,1338,2775,655,0.1894
ACH-000148,Citalopram (hydrobromide),3501,2241,1009,0.2132
ACH-000148,Clobetasol propionate,3898,4448,2240,0.3669
ACH-000148,Clofarabine,415,1473,161,0.0932
ACH-000148,Clonidine (hydrochloride),1427,3010,973,0.2809
ACH-000148,Clopidogrel,4158,2309,1380,0.2713
ACH-000148,Clotrimazole,908,2368,471,0.1679
ACH-000148,Cloxacillin (sodium),978,1342,426,0.2249
ACH-000148,Cobimetinib,213,3022,127,0.0409
ACH-000148,Crizotinib (hydrochloride),1968,4504,1226,0.2337
ACH-000148,Cyclosporin A,3654,4032,2019,0.3563
ACH-000148,Cysteamine (hydrochloride),796,1886,422,0.1867
ACH-000148,Cytarabine,1810,2603,831,0.232
ACH-000148,Cytarabine (hydrochloride),562,1039,233,0.1703
ACH-000148,DT-061,2140,1111,418,0.1475
ACH-000148,DTP3,3283,1050,511,0.1337
ACH-000148,Dabrafenib,2922,3441,1211,0.2351
ACH-000148,Daidzin,1895,1956,644,0.2008
ACH-000148,Dapagliflozin,1367,2219,569,0.1886
ACH-000148,"Dapagliflozin ((2S)-1,2-propanediol, hydrate)",428,1881,202,0.0959
ACH-000148,Darinaparsin,1190,3290,661,0.1731
ACH-000148,Darolutamide,3107,2948,1488,0.3258
ACH-000148,Decitabine,1259,3387,841,0.221
ACH-000148,Delamanid,1649,3638,996,0.2321
ACH-000148,Demeclocycline,911,2109,452,0.176
ACH-000148,Dexamethasone,2641,4141,1739,0.3448
ACH-000148,Dexmedetomidine,391,1888,231,0.1128
ACH-000148,Diammonium Glycyrrhizinate,1512,3153,704,0.1777
ACH-000148,Digitoxin,2980,8224,2299,0.2582
ACH-000148,Dihydroartemisinin,1046,3216,517,0.1381
ACH-000148,Dimethyl fumarate,215,1397,127,0.0855
ACH-000148,Dinaciclib,5149,9741,4356,0.4135
ACH-000148,Diphenhydramine,1451,1583,580,0.2363
ACH-000148,Docetaxel,3215,3301,1261,0.24
ACH-000148,Docetaxel (Trihydrate),242,3151,181,0.0564
ACH-000148,Dorzolamide (hydrochloride),384,3174,282,0.0861
ACH-000148,Doxorubicin (hydrochloride),551,7070,392,0.0542
ACH-000148,Doxycycline (monohydrate),299,1921,159,0.0771
ACH-000148,Drospirenone,2309,2697,976,0.2422
ACH-000148,ERK5-IN-2,2759,3310,1008,0.1992
ACH-000148,ETC-206,2033,977,507,0.2026
ACH-000148,EX229,4065,3354,1627,0.2809
ACH-000148,Econazole,1132,2657,514,0.1569
ACH-000148,Elagolix sodium,1548,2738,646,0.1775
ACH-000148,Elimusertib hydrochloride,3580,2315,1135,0.2384
ACH-000148,Encorafenib,10399,3198,140,0.0104
ACH-000148,Entecavir (monohydrate),98,3574,83,0.0231
ACH-000148,Entrectinib,1231,2462,530,0.1676
ACH-000148,Epirubicin (hydrochloride),211,6572,157,0.0237
ACH-000148,Eplerenone,321,1229,156,0.1119
ACH-000148,Erdafitinib ,9003,1187,101,0.01
ACH-000148,Erlotinib,766,3045,509,0.1541
ACH-000148,Erythromycin,948,1854,349,0.1423
ACH-000148,Esmolol (hydrochloride),2410,1252,557,0.1794
ACH-000148,Estrone sulfate (potassium),2186,1684,611,0.1875
ACH-000148,Everolimus,2520,1210,547,0.1719
ACH-000148,Fedratinib (hydrochloride hydrate),2253,3934,1229,0.2479
ACH-000148,Fenofibrate,816,1337,333,0.183
ACH-000148,Ferulic acid,552,2268,286,0.1129
ACH-000148,Filgotinib,1209,1989,428,0.1545
ACH-000148,Finasteride,304,2449,188,0.0733
ACH-000148,Fingolimod (hydrochloride),954,2434,429,0.145
ACH-000148,Flumatinib (mesylate),2083,3660,1205,0.2655
ACH-000148,Flutamide,1604,1850,532,0.1821
ACH-000148,Fluvoxamine,994,1884,351,0.1389
ACH-000148,Fluvoxamine (maleate),764,3131,502,0.148
ACH-000148,Folic acid,1271,1964,585,0.2208
ACH-000148,Fulvestrant,1511,4710,974,0.1856
ACH-000148,Fumaric acid,2020,3601,1128,0.2511
ACH-000148,Furosemide,755,1561,329,0.1656
ACH-000148,Fusidic acid,952,1955,503,0.2092
ACH-000148,Futibatinib,3546,1951,1008,0.2245
ACH-000148,GSK1059615,4227,3681,1516,0.2372
ACH-000148,Gallic acid,1359,2210,696,0.2423
ACH-000148,Gallic acid (hydrate),1492,2679,585,0.1631
ACH-000148,Gefitinib,1559,3456,905,0.2202
ACH-000148,Gemcitabine,3095,1765,934,0.2379
ACH-000148,Gemfibrozil,1047,2503,570,0.1913
ACH-000148,Glycyrrhizic acid,505,1180,197,0.1324
ACH-000148,Goserelin (acetate),1157,2292,654,0.234
ACH-000148,HI-TOPK-032,3606,2796,1185,0.2271
ACH-000148,Harringtonine,1852,11082,1670,0.1483
ACH-000148,Hesperidin,676,1197,267,0.1663
ACH-000148,Hexylresorcinol,1049,2245,577,0.2124
ACH-000148,Homoharringtonine,9966,12598,8285,0.5802
ACH-000148,Hydroxyfasudil,3777,1100,478,0.1087
ACH-000148,Hydroxyurea,208,1704,104,0.0575
ACH-000148,IQ 1,2397,1744,670,0.193
ACH-000148,Idarubicin (hydrochloride),8332,12819,6991,0.4937
ACH-000148,Idoxuridine,2494,2969,1213,0.2854
ACH-000148,Imiquimod (hydrochloride),1172,2167,441,0.1522
ACH-000148,Imiquimod (maleate),199,1069,78,0.0655
ACH-000148,Indacaterol (maleate),2078,2948,986,0.2441
ACH-000148,Infigratinib,1899,2888,839,0.2125
ACH-000148,Ipatasertib,3740,1710,877,0.1918
ACH-000148,Irinotecan,2095,1399,526,0.1772
ACH-000148,Irinotecan (hydrochloride),4244,2867,1503,0.268
ACH-000148,Isocorydine,1119,2018,495,0.1874
ACH-000148,Ivermectin,1230,2154,499,0.173
ACH-000148,Ixazomib,1758,2532,784,0.2236
ACH-000148,Ixazomib citrate,1786,7057,1252,0.1649
ACH-000148,L-Eflornithine (monohydrochloride),2232,1153,554,0.1957
ACH-000148,L-Thyroxine (sodium salt pentahydrate),629,2419,255,0.0913
ACH-000148,LB-100,1576,704,275,0.1372
ACH-000148,LJI308,2674,1861,821,0.2211
ACH-000148,LY-2584702 (tosylate salt),2068,1633,602,0.1943
ACH-000148,LY2090314,1381,992,299,0.1442
ACH-000148,Lactate (calcium),2374,2785,807,0.1854
ACH-000148,Lapatinib ditosylate,2247,1076,407,0.1396
ACH-000148,Larotrectinib,1912,2644,734,0.192
ACH-000148,Lenalidomide (hemihydrate),664,2273,338,0.1301
ACH-000148,Levobupivacaine (hydrochloride),538,2471,324,0.1207
ACH-000148,Lidocaine (hydrochloride),1780,3419,764,0.1723
ACH-000148,Ligustrazine,382,1722,209,0.1103
ACH-000148,Lipoic acid,609,1360,320,0.1941
ACH-000148,Lonafarnib,2758,2618,984,0.224
ACH-000148,Loperamide (hydrochloride),1890,2791,886,0.2335
ACH-000148,Lopinavir,1385,2333,649,0.2115
ACH-000148,Lucanthone,2147,2461,908,0.2454
ACH-000148,Lumateperone (tosylate),846,1742,425,0.1965
ACH-000148,MK-3903,2303,2138,694,0.1852
ACH-000148,MK-8353,2348,778,383,0.1396
ACH-000148,ML264,2910,1613,711,0.1865
ACH-000148,Macitentan,257,1657,140,0.0789
ACH-000148,Malotilate,3892,4142,2233,0.3849
ACH-000148,Mebendazole,532,3536,394,0.1072
ACH-000148,Medroxyprogesterone acetate,1716,3693,945,0.2117
ACH-000148,Megestrol,2105,2337,727,0.1957
ACH-000148,Meloxicam,1697,1939,557,0.1809
ACH-000148,Menadione,363,1558,169,0.0965
ACH-000148,Methotrexate,991,2394,442,0.1502
ACH-000148,Methyl aminolevulinate (hydrochloride),1130,3078,577,0.1589
ACH-000148,Methylprednisolone succinate,3287,8470,486,0.0431
ACH-000148,Methylthiouracil,1613,3745,956,0.2172
ACH-000148,Mifepristone,356,1576,221,0.1292
ACH-000148,Minodronic acid,2173,1550,665,0.2175
ACH-000148,Mitoxantrone (dihydrochloride),1470,7582,1024,0.1276
ACH-000148,Monocrotaline,313,2565,202,0.0755
ACH-000148,Mozavaptan,374,1225,171,0.1197
ACH-000148,NG25,1423,3149,743,0.194
ACH-000148,NVP-BHG712,2961,1615,594,0.1492
ACH-000148,Nafamostat (mesylate),1893,2385,768,0.2188
ACH-000148,Naproxen,1208,1835,497,0.1952
ACH-000148,Neratinib,1026,1820,316,0.1249
ACH-000148,Neratinib (maleate),1108,3718,705,0.1711
ACH-000148,Nevirapine,310,2819,214,0.0734
ACH-000148,Niclosamide (olamine),441,4431,338,0.0745
ACH-000148,Norepinephrine (hydrochloride),1039,2543,528,0.1729
ACH-000148,OTS514,2226,1792,704,0.2124
ACH-000148,Olanzapine,1271,2731,718,0.2186
ACH-000148,Oleic acid,2107,1107,504,0.186
ACH-000148,Omeprazole,1267,1356,382,0.1705
ACH-000148,Omeprazole (sodium),968,1266,271,0.1381
ACH-000148,Orlistat,322,2140,184,0.0808
ACH-000148,Osimertinib (mesylate),1090,2884,520,0.1506
ACH-000148,Ouabain (Octahydrate),5761,9695,4600,0.4237
ACH-000148,Oxaliplatin,2672,1988,1051,0.2912
ACH-000148,Oxaprozin,2226,3096,1074,0.2528
ACH-000148,PF-06260933,2644,10254,643,0.0525
ACH-000148,PH-797804,3352,5752,1697,0.2291
ACH-000148,Paclitaxel,2696,2845,913,0.1973
ACH-000148,Palmatine (chloride),1971,2371,689,0.1886
ACH-000148,Panobinostat,7223,11148,6079,0.4945
ACH-000148,Pasireotide (acetate),1828,2381,753,0.2179
ACH-000148,Pemetrexed,617,1814,270,0.1249
ACH-000148,Pemigatinib,568,1018,91,0.0609
ACH-000148,Penfluridol,535,2044,238,0.1017
ACH-000148,Pentagastrin,918,2376,502,0.1798
ACH-000148,Pentamidine (isethionate),1780,3065,857,0.2149
ACH-000148,Pentoxifylline,3208,4079,1796,0.3271
ACH-000148,Peretinoin,717,3586,520,0.1375
ACH-000148,Perindopril (erbumine),964,1518,360,0.1697
ACH-000148,Pexidartinib (hydrochloride),453,1664,260,0.14
ACH-000148,Phenylephrine (hydrochloride),1464,3444,756,0.1821
ACH-000148,Phenytoin (sodium),390,2130,216,0.0938
ACH-000148,Pimitespib,2189,762,389,0.1518
ACH-000148,Pimozide,1191,2361,443,0.1425
ACH-000148,Pioglitazone,2353,3348,1296,0.2942
ACH-000148,Piroxicam,4267,3365,1918,0.3357
ACH-000148,Pitavastatin (Calcium),386,2924,255,0.0835
ACH-000148,Ponatinib,3073,5699,1869,0.2708
ACH-000148,Posaconazole,347,3072,253,0.0799
ACH-000148,Pralsetinib,2237,2851,961,0.2329
ACH-000148,Pravastatin (sodium),2100,1906,745,0.2285
ACH-000148,Procainamide (hydrochloride),186,495,56,0.0896
ACH-000148,Proglumide,802,1800,270,0.1158
ACH-000148,Pyridoxine,1079,2242,497,0.176
ACH-000148,Pyridoxine (hydrochloride),2869,2242,1042,0.2561
ACH-000148,Quinestrol,1054,2385,589,0.2067
ACH-000148,Quinidine (15% dihydroquinidine),465,3284,341,0.1001
ACH-000148,RMC-6236,3185,3736,1399,0.2534
ACH-000148,Radotinib,1705,2253,738,0.2292
ACH-000148,Ralimetinib dimesylate,3122,7637,643,0.0636
ACH-000148,Raltitrexed,805,2453,498,0.1804
ACH-000148,Ranolazine,838,1629,306,0.1416
ACH-000148,Rapamycin,1659,3792,980,0.2192
ACH-000148,Regorafenib,3530,1284,722,0.1764
ACH-000148,Relugolix,726,1485,397,0.2189
ACH-000148,Resveratrol,1090,2978,580,0.1663
ACH-000148,Retinoic acid,2465,2576,895,0.2159
ACH-000148,Rifaximin,139,2151,96,0.0438
ACH-000148,Riluzole hydrochloride,1910,3598,1000,0.2218
ACH-000148,Rimonabant,935,1802,497,0.2219
ACH-000148,Ritonavir,906,2687,469,0.1501
ACH-000148,Ropivacaine (hydrochloride monohydrate),1330,2472,710,0.2296
ACH-000148,Rosiglitazone,479,1545,267,0.152
ACH-000148,Roxadustat,580,2600,373,0.1329
ACH-000148,Rucaparib (phosphate),227,1669,148,0.0847
ACH-000148,Rutin (trihydrate),1215,1796,532,0.2146
ACH-000148,S-Adenosyl-L-methionine (disulfate tosylate),1262,3714,881,0.2151
ACH-000148,SBI-0640756,229,1460,33,0.0199
ACH-000148,Sacubitril/Valsartan,635,3705,491,0.1276
ACH-000148,Salicylic acid,1044,2522,570,0.1903
ACH-000148,Sapanisertib,4054,3830,1615,0.2576
ACH-000148,Saquinavir,749,2727,371,0.1195
ACH-000148,Selinexor ,3263,6220,2039,0.2739
ACH-000148,Sildenafil,154,2216,123,0.0547
ACH-000148,Silodosin,154,414,61,0.1203
ACH-000148,Simotinib,169,694,57,0.0707
ACH-000148,Sinomenine,874,1584,381,0.1834
ACH-000148,Sivelestat (sodium tetrahydrate),661,3523,414,0.1098
ACH-000148,Sodium Salicylate,1502,2984,760,0.204
ACH-000148,Sonidegib,4515,1097,658,0.1328
ACH-000148,Sulfatinib,288,1024,152,0.131
ACH-000148,Sulfisoxazole,1345,2567,635,0.1938
ACH-000148,Sunitinib,2295,3218,1125,0.2564
ACH-000148,TAK-733,1951,3262,930,0.2171
ACH-000148,TAK-901,3046,8302,2016,0.216
ACH-000148,Tadalafil,237,2816,173,0.0601
ACH-000148,Talc,912,2416,374,0.1266
ACH-000148,Tazarotene,2041,2914,964,0.2415
ACH-000148,Temsirolimus,1940,3349,971,0.2249
ACH-000148,Temuterkib,3090,1826,734,0.1755
ACH-000148,Terfenadine,1400,3113,746,0.198
ACH-000148,Tetracycline (hydrochloride),276,2844,191,0.0652
ACH-000148,Thymol,1212,1629,391,0.1596
ACH-000148,Thymopentin,341,2007,187,0.0865
ACH-000148,Tirabrutinib,1216,1839,599,0.2439
ACH-000148,Tirabrutinib (hydrochloride),3779,3934,1767,0.2972
ACH-000148,Tofacitinib,1067,2687,547,0.1706
ACH-000148,Tofacitinib (citrate),1251,2467,602,0.1932
ACH-000148,Tolcapone,721,3750,535,0.1359
ACH-000148,Tolmetin,574,1727,303,0.1517
ACH-000148,Tomivosertib,2898,1600,754,0.2014
ACH-000148,Topotecan (hydrochloride),1967,5182,1174,0.1965
ACH-000148,Torkinib,2841,1843,726,0.1834
ACH-000148,Trametinib,5826,6922,3573,0.3894
ACH-000148,Trametinib (DMSO_TF solvate),1723,4348,1190,0.2438
ACH-000148,Tranilast,176,1913,106,0.0535
ACH-000148,Triamcinolone,2474,4230,1650,0.3265
ACH-000148,Triclosan,970,2070,485,0.1898
ACH-000148,Trifluridine,673,2172,350,0.1403
ACH-000148,Trimetrexate,910,3220,500,0.1377
ACH-000148,Tubulin inhibitor 6,2405,972,464,0.1593
ACH-000148,Tucatinib,2399,1625,765,0.2347
ACH-000148,Tucidinostat,2446,8552,1971,0.2183
ACH-000148,ULK-101,3187,1528,667,0.1648
ACH-000148,Uridine,1175,4217,690,0.1467
ACH-000148,Valdecoxib,972,2121,338,0.1227
ACH-000148,Vandetanib,2015,3059,1016,0.2504
ACH-000148,Vemurafenib,2736,1409,608,0.1719
ACH-000148,Verapamil,236,1761,152,0.0824
ACH-000148,Verteporfin,333,3053,232,0.0736
ACH-000148,Vilanterol,909,2713,501,0.1605
ACH-000148,Vinblastine (sulfate),1597,3469,846,0.2005
ACH-000148,Vismodegib,945,1158,238,0.1276
ACH-000148,Vitamin K4,2014,2579,738,0.1914
ACH-000148,Volasertib,2847,929,439,0.1316
ACH-000148,Voriconazole,952,1911,370,0.1484
ACH-000148,Vortioxetine,1367,2593,645,0.1946
ACH-000148,XRK3F2,3398,1728,816,0.1893
ACH-000148,Zileuton,1066,1424,366,0.1723
ACH-000148,c-Kit-IN-1,5619,2509,1758,0.276
ACH-000148,crizotinib,237,2716,183,0.0661
ACH-000148,olaparib,2792,728,457,0.1492
ACH-000148,palbociclib,2889,1700,658,0.1674
ACH-000148,venetoclax,3157,2813,1176,0.2453
ACH-000148,vincristine,3072,1766,868,0.2186
ACH-000148,γ-Oryzanol,1265,1933,535,0.2009
ACH-000164,(R)-Verapamil (hydrochloride),2891,4002,1278,0.2276
ACH-000164,(S)-Crizotinib,2486,3801,1120,0.2168
ACH-000164,18β-Glycyrrhetinic acid,2324,3790,1065,0.2109
ACH-000164,4EGI-1,4550,2625,1498,0.2639
ACH-000164,5-Azacytidine,3145,4872,1611,0.2515
ACH-000164,5-Fluorouracil,2744,3742,1219,0.2314
ACH-000164,8-Hydroxyquinoline,2873,5403,1705,0.2595
ACH-000164,9-ING-41,6617,3790,2119,0.2557
ACH-000164,APTO-253,5287,2638,1364,0.2079
ACH-000164,AT7519,3720,2272,1296,0.276
ACH-000164,AZD-7648,5553,3922,2009,0.2691
ACH-000164,AZD-8055,4895,4010,2116,0.3117
ACH-000164,AZD1390,4822,3362,1591,0.2413
ACH-000164,AZD2858,2269,2970,776,0.1739
ACH-000164,Abemaciclib,8581,4311,3394,0.3573
ACH-000164,Abiraterone acetate,4385,5235,2248,0.3049
ACH-000164,Acetazolamide,4509,3932,1755,0.2625
ACH-000164,Acetohexamide,2194,4017,1041,0.2014
ACH-000164,Adagrasib,7405,7462,4471,0.4301
ACH-000164,Adenine,3947,4403,2053,0.326
ACH-000164,Adenosine,2850,5040,1795,0.2945
ACH-000164,Afatinib,6802,8229,4233,0.392
ACH-000164,Aliskiren,2880,4699,1540,0.255
ACH-000164,Allantoin,3959,5831,2400,0.3248
ACH-000164,Allopurinol,6109,5226,2787,0.326
ACH-000164,Almonertinib (hydrochloride),3105,4251,1409,0.2369
ACH-000164,Almonertinib (mesylate),4675,5931,2595,0.3239
ACH-000164,Alpelisib,4151,3441,1651,0.2779
ACH-000164,Altretamine,1324,2266,696,0.2405
ACH-000164,Amsacrine,3695,7152,2561,0.3091
ACH-000164,Anastrozole,3871,3524,1736,0.3068
ACH-000164,Anethole trithione,4980,6029,3259,0.4205
ACH-000164,Apalutamide,784,4051,470,0.1077
ACH-000164,Aprepitant,5438,4334,2306,0.3089
ACH-000164,Arbutin,1681,3048,1002,0.2688
ACH-000164,Artemether,4592,5445,2428,0.3191
ACH-000164,Artesunate,4722,5800,2807,0.3638
ACH-000164,Asciminib,4757,4767,2291,0.3167
ACH-000164,Aspirin,3716,3957,1652,0.2744
ACH-000164,Ataluren,3991,4255,1756,0.2706
ACH-000164,Atazanavir (sulfate),3491,4323,1867,0.3139
ACH-000164,Auranofin,3518,10312,2629,0.2347
ACH-000164,Azithromycin (hydrate),2906,3661,1340,0.2564
ACH-000164,BAY1125976,5115,6247,2661,0.3058
ACH-000164,BI-3406,5419,4280,2399,0.3286
ACH-000164,BI-78D3,6748,3020,1771,0.2215
ACH-000164,Baicalin,3068,5328,1925,0.2975
ACH-000164,Balsalazide (sodium hydrate),3147,4923,1836,0.2945
ACH-000164,Belinostat,4162,13492,3463,0.244
ACH-000164,Belumosudil,4709,6171,2613,0.3161
ACH-000164,Belumosudil (mesylate),5101,3041,1614,0.2472
ACH-000164,Belzutifan,3948,3149,1271,0.2182
ACH-000164,Bendamustine,1380,2388,601,0.1898
ACH-000164,Benproperine (phosphate),2259,3675,1121,0.2329
ACH-000164,Bentamapimod,5480,3543,1752,0.241
ACH-000164,Benztropine (mesylate),3014,3772,1308,0.2388
ACH-000164,Berbamine,5792,4581,2635,0.3405
ACH-000164,Berbamine (dihydrochloride),5338,4962,2468,0.3151
ACH-000164,Berberine (chloride hydrate),2705,5562,1613,0.2424
ACH-000164,Bergenin,2295,3792,1087,0.2174
ACH-000164,Bestatin,643,4596,458,0.0958
ACH-000164,Bestatin (hydrochloride),4153,4858,2064,0.2971
ACH-000164,Betamethasone dipropionate,1847,4668,1260,0.2398
ACH-000164,Bexarotene,3968,5642,2256,0.3068
ACH-000164,Bicalutamide,4040,3939,1651,0.2609
ACH-000164,Bimatoprost,2799,5240,1504,0.2301
ACH-000164,Bimiralisib,6567,6960,3343,0.3283
ACH-000164,Binimetinib,9110,8641,5800,0.4853
ACH-000164,Bisoprolol (hemifumarate),2660,4675,1635,0.2868
ACH-000164,Bortezomib,7694,7911,4739,0.4361
ACH-000164,Bosentan (hydrate),1468,5774,1118,0.1826
ACH-000164,Brimonidine,2730,2913,968,0.2071
ACH-000164,Brivudine,5413,9187,3601,0.3274
ACH-000164,Budesonide,5636,6690,3112,0.3377
ACH-000164,Busulfan,3925,4602,1949,0.2963
ACH-000164,CP21R7,4494,2438,1248,0.2196
ACH-000164,Cabozantinib (S-malate),3541,6317,2107,0.2718
ACH-000164,Canagliflozin,1451,3653,914,0.2181
ACH-000164,Canagliflozin (hemihydrate),3445,4209,1461,0.2359
ACH-000164,Capivasertib,3919,2468,1180,0.2266
ACH-000164,Capmatinib,3881,2862,1288,0.2361
ACH-000164,Captopril,4019,3364,1478,0.2503
ACH-000164,Carbamazepine,4006,5203,2048,0.286
ACH-000164,Celecoxib,5683,2811,1493,0.2133
ACH-000164,Cepharanthine,3385,4147,1702,0.2919
ACH-000164,Chlorhexidine (diacetate),6405,7841,4195,0.4174
ACH-000164,Ciclopirox,2116,4561,1243,0.2287
ACH-000164,Cilostazol,2242,5746,1567,0.244
ACH-000164,Cinacalcet,3439,4611,1679,0.2635
ACH-000164,Citalopram (hydrobromide),5098,3662,1846,0.267
ACH-000164,Clobetasol propionate,4259,5376,2340,0.3208
ACH-000164,Clofarabine,1368,3258,648,0.1629
ACH-000164,Clonidine (hydrochloride),4020,6344,2873,0.3835
ACH-000164,Clopidogrel,5793,3788,2198,0.2977
ACH-000164,Clotrimazole,2794,4745,1514,0.2513
ACH-000164,Cloxacillin (sodium),2850,3551,1505,0.3074
ACH-000164,Cobimetinib,1125,5009,740,0.1372
ACH-000164,Crizotinib (hydrochloride),4432,6081,2608,0.3299
ACH-000164,Cyclosporin A,5568,5600,2864,0.3449
ACH-000164,Cysteamine (hydrochloride),1889,4164,1101,0.2223
ACH-000164,Cytarabine,4795,4863,2204,0.2957
ACH-000164,Cytarabine (hydrochloride),2059,3423,1072,0.2431
ACH-000164,DT-061,3384,3018,1168,0.2232
ACH-000164,DTP3,6881,1565,1093,0.1486
ACH-000164,Dabrafenib,5353,5873,2660,0.3105
ACH-000164,Daidzin,5156,4972,2395,0.3097
ACH-000164,Dapagliflozin,3467,4070,1563,0.2616
ACH-000164,"Dapagliflozin ((2S)-1,2-propanediol, hydrate)",1635,3787,878,0.1932
ACH-000164,Darinaparsin,3537,5962,2257,0.3117
ACH-000164,Darolutamide,5265,5322,2863,0.3707
ACH-000164,Decitabine,2893,6504,2195,0.3048
ACH-000164,Delamanid,4015,5402,2366,0.3356
ACH-000164,Demeclocycline,2549,3952,1362,0.265
ACH-000164,Dexamethasone,3472,5546,2184,0.3196
ACH-000164,Dexmedetomidine,1406,3997,902,0.2004
ACH-000164,Diammonium Glycyrrhizinate,3396,5433,1853,0.2656
ACH-000164,Digitoxin,7689,12888,6775,0.4909
ACH-000164,Dihydroartemisinin,2523,5981,1514,0.2166
ACH-000164,Dimethyl fumarate,1039,4783,694,0.1353
ACH-000164,Dinaciclib,7160,12749,5970,0.4283
ACH-000164,Diphenhydramine,3683,5139,2268,0.346
ACH-000164,Docetaxel,6564,6111,3237,0.343
ACH-000164,Docetaxel (Trihydrate),1175,6189,830,0.127
ACH-000164,Dorzolamide (hydrochloride),1646,5382,1128,0.1912
ACH-000164,Doxorubicin (hydrochloride),2195,8484,1588,0.1747
ACH-000164,Doxycycline (monohydrate),1174,3703,686,0.1637
ACH-000164,Drospirenone,5027,6095,2869,0.3476
ACH-000164,ERK5-IN-2,4671,6027,2284,0.2715
ACH-000164,ETC-206,4613,2490,1411,0.2479
ACH-000164,EX229,7038,5865,3424,0.3612
ACH-000164,Econazole,4031,4329,1788,0.2721
ACH-000164,Elagolix sodium,3445,5345,1991,0.2928
ACH-000164,Elimusertib hydrochloride,5500,4455,2355,0.3099
ACH-000164,Entecavir (monohydrate),629,5347,457,0.0828
ACH-000164,Entrectinib,3643,5529,1818,0.2472
ACH-000164,Epirubicin (hydrochloride),748,8706,571,0.0643
ACH-000164,Eplerenone,1256,3319,725,0.1883
ACH-000164,Erdafitinib ,11815,2964,242,0.0166
ACH-000164,Erlotinib,2745,4795,1422,0.2324
ACH-000164,Erythromycin,2975,4255,1314,0.2221
ACH-000164,Esmolol (hydrochloride),3380,3760,1473,0.2599
ACH-000164,Estrone sulfate (potassium),4825,4722,2135,0.288
ACH-000164,Everolimus,3656,3472,1472,0.2603
ACH-000164,Fedratinib (hydrochloride hydrate),4220,6140,2394,0.3005
ACH-000164,Fenofibrate,2967,2697,1177,0.2623
ACH-000164,Ferulic acid,2134,4372,1235,0.2343
ACH-000164,Filgotinib,3393,5582,1828,0.2558
ACH-000164,Finasteride,1020,3990,650,0.1491
ACH-000164,Fingolimod (hydrochloride),2959,4742,1578,0.2577
ACH-000164,Flumatinib (mesylate),4933,5921,2808,0.349
ACH-000164,Flutamide,3054,4550,1442,0.234
ACH-000164,Fluvoxamine,2187,4498,1297,0.2407
ACH-000164,Fluvoxamine (maleate),2209,4851,1286,0.2227
ACH-000164,Folic acid,3139,4861,1862,0.3034
ACH-000164,Fulvestrant,3746,4297,1647,0.2575
ACH-000164,Fumaric acid,5749,6454,3263,0.365
ACH-000164,Furosemide,2042,3716,1025,0.2166
ACH-000164,Fusidic acid,3068,4334,1691,0.2961
ACH-000164,Futibatinib,5503,3350,1882,0.27
ACH-000164,GSK1059615,6480,6810,3315,0.3323
ACH-000164,Gallic acid,3274,4839,1911,0.3081
ACH-000164,Gallic acid (hydrate),3931,4632,1894,0.284
ACH-000164,Gefitinib,3375,6146,1998,0.2656
ACH-000164,Gemcitabine,5285,3725,2006,0.2864
ACH-000164,Gemfibrozil,3023,4293,1576,0.2746
ACH-000164,Glycyrrhizic acid,1685,2733,699,0.188
ACH-000164,Goserelin (acetate),3501,4978,2076,0.3242
ACH-000164,HI-TOPK-032,7014,4866,2658,0.2882
ACH-000164,Harringtonine,3277,14863,3081,0.2046
ACH-000164,Hesperidin,2057,3279,1012,0.234
ACH-000164,Hexylresorcinol,3119,5008,1837,0.2921
ACH-000164,Homoharringtonine,13217,16165,11767,0.668
ACH-000164,Hydroxyfasudil,7243,7304,1057,0.0784
ACH-000164,Hydroxyurea,686,3650,410,0.1044
ACH-000164,IQ 1,4610,3207,1552,0.2477
ACH-000164,Idarubicin (hydrochloride),12548,18026,11181,0.5765
ACH-000164,Idoxuridine,4396,4340,2124,0.3212
ACH-000164,Imiquimod (hydrochloride),3900,5012,1913,0.2733
ACH-000164,Imiquimod (maleate),820,2026,347,0.1389
ACH-000164,Indacaterol (maleate),4956,4813,2307,0.3092
ACH-000164,Infigratinib,4128,5198,2175,0.3042
ACH-000164,Ipatasertib,6189,4889,2465,0.2862
ACH-000164,Irinotecan,4785,3791,1931,0.2906
ACH-000164,Irinotecan (hydrochloride),7886,5199,3375,0.3476
ACH-000164,Isocorydine,2808,4460,1489,0.2577
ACH-000164,Ivermectin,3196,3707,1401,0.2546
ACH-000164,Ixazomib,3965,4072,1896,0.3087
ACH-000164,Ixazomib citrate,2990,12259,2433,0.1898
ACH-000164,L-Eflornithine (monohydrochloride),4343,3661,1850,0.3006
ACH-000164,L-Thyroxine (sodium salt pentahydrate),10208,4690,1284,0.0943
ACH-000164,LB-100,3525,2383,1039,0.2134
ACH-000164,LJI308,4908,3356,1959,0.3107
ACH-000164,LY-2584702 (tosylate salt),4555,3233,1583,0.2551
ACH-000164,LY2090314,2794,2604,989,0.2243
ACH-000164,Lactate (calcium),4046,6220,2182,0.2699
ACH-000164,Lapatinib ditosylate,3988,2586,1230,0.2302
ACH-000164,Larotrectinib,4014,5082,1987,0.2795
ACH-000164,Lenalidomide (hemihydrate),1837,4445,982,0.1853
ACH-000164,Levobupivacaine (hydrochloride),1827,4200,1091,0.221
ACH-000164,Lidocaine (hydrochloride),3546,5987,2126,0.287
ACH-000164,Ligustrazine,1353,3788,798,0.1837
ACH-000164,Lipoic acid,2326,3328,1202,0.27
ACH-000164,Lonafarnib,3176,5427,1682,0.243
ACH-000164,Loperamide (hydrochloride),4171,5259,2097,0.286
ACH-000164,Lopinavir,3764,4975,2073,0.311
ACH-000164,Lucanthone,4724,5145,2544,0.3473
ACH-000164,Lumateperone (tosylate),2377,4345,1435,0.2714
ACH-000164,MK-3903,5039,3963,1716,0.2355
ACH-000164,MK-8353,5005,2333,1395,0.2347
ACH-000164,ML264,5311,3826,1829,0.2503
ACH-000164,Macitentan,965,3225,541,0.1483
ACH-000164,Malotilate,6557,6375,3858,0.4252
ACH-000164,Mebendazole,1996,6651,1497,0.2094
ACH-000164,Medroxyprogesterone acetate,3131,5381,1772,0.2629
ACH-000164,Megestrol,3918,4101,1566,0.2427
ACH-000164,Meloxicam,4090,4237,1855,0.2866
ACH-000164,Menadione,1254,3266,729,0.1923
ACH-000164,Methotrexate,2806,4800,1503,0.2463
ACH-000164,Methyl aminolevulinate (hydrochloride),4109,4786,2036,0.2968
ACH-000164,Methylprednisolone succinate,6253,855,578,0.0885
ACH-000164,Methylthiouracil,3452,5537,1957,0.2783
ACH-000164,Mifepristone,1345,4434,837,0.1694
ACH-000164,Minodronic acid,4820,4001,2209,0.3341
ACH-000164,Mitoxantrone (dihydrochloride),3630,11418,2784,0.227
ACH-000164,Monocrotaline,1178,4019,766,0.1729
ACH-000164,Mozavaptan,1555,3430,884,0.2156
ACH-000164,NG25,3147,5856,1943,0.2752
ACH-000164,NVP-BHG712,5744,4269,2006,0.2505
ACH-000164,Nafamostat (mesylate),4045,4014,1636,0.2547
ACH-000164,Naproxen,3658,3376,1537,0.2796
ACH-000164,Neratinib,2570,4246,1230,0.2202
ACH-000164,Neratinib (maleate),3194,6164,2070,0.284
ACH-000164,Nevirapine,1222,4480,821,0.1682
ACH-000164,Niclosamide (olamine),1749,9648,1415,0.1418
ACH-000164,Norepinephrine (hydrochloride),2529,4539,1411,0.2494
ACH-000164,OTS514,2964,3499,1257,0.2415
ACH-000164,Olanzapine,3023,5721,2041,0.3045
ACH-000164,Oleic acid,4567,2702,1462,0.2518
ACH-000164,Omeprazole,3572,3830,1614,0.2789
ACH-000164,Omeprazole (sodium),3416,4136,1490,0.2458
ACH-000164,Orlistat,1332,4770,847,0.1612
ACH-000164,Osimertinib (mesylate),3431,5302,1846,0.268
ACH-000164,Ouabain (Octahydrate),10351,14489,9064,0.5745
ACH-000164,Oxaliplatin,5770,4217,2686,0.3679
ACH-000164,Oxaprozin,3964,4894,1955,0.2832
ACH-000164,PF-06260933,5421,14981,1492,0.0789
ACH-000164,PH-797804,5267,8436,3269,0.3133
ACH-000164,Paclitaxel,5350,5827,2473,0.2841
ACH-000164,Palmatine (chloride),3583,4394,1593,0.2495
ACH-000164,Panobinostat,11217,15742,9840,0.5748
ACH-000164,Pasireotide (acetate),3824,5306,2036,0.287
ACH-000164,Pemetrexed,2151,3600,1069,0.2283
ACH-000164,Pemigatinib,650,2227,122,0.0443
ACH-000164,Penfluridol,1632,3336,730,0.1723
ACH-000164,Pentagastrin,2676,5251,1690,0.271
ACH-000164,Pentamidine (isethionate),4627,5398,2419,0.318
ACH-000164,Pentoxifylline,5163,6127,3073,0.374
ACH-000164,Peretinoin,2633,7240,2093,0.269
ACH-000164,Perindopril (erbumine),2621,3580,1200,0.24
ACH-000164,Pexidartinib (hydrochloride),1780,4442,1112,0.2176
ACH-000164,Phenylephrine (hydrochloride),4035,5555,2235,0.3039
ACH-000164,Phenytoin (sodium),1547,3886,931,0.2068
ACH-000164,Pimitespib,5253,2550,1471,0.2323
ACH-000164,Pimozide,2622,4395,1332,0.2343
ACH-000164,Pioglitazone,4009,5218,2190,0.3112
ACH-000164,Piroxicam,5891,5345,3016,0.3669
ACH-000164,Pitavastatin (Calcium),1589,4938,1007,0.1824
ACH-000164,Ponatinib,4604,8807,3052,0.2946
ACH-000164,Posaconazole,1356,5784,985,0.16
ACH-000164,Pralsetinib,5261,5025,2453,0.3132
ACH-000164,Pravastatin (sodium),5086,4567,2293,0.3115
ACH-000164,Procainamide (hydrochloride),836,2006,392,0.16
ACH-000164,Proglumide,2294,3270,899,0.1927
ACH-000164,Pyridoxine,2774,3938,1336,0.2485
ACH-000164,Pyridoxine (hydrochloride),4355,4968,2311,0.3296
ACH-000164,Quinestrol,3505,4732,1955,0.3112
ACH-000164,Quinidine (15% dihydroquinidine),1627,4605,1004,0.192
ACH-000164,RMC-6236,5970,6219,2951,0.3194
ACH-000164,Radotinib,4965,5052,2476,0.3283
ACH-000164,Ralimetinib dimesylate,6057,2248,1324,0.1897
ACH-000164,Raltitrexed,2854,5686,1682,0.2453
ACH-000164,Ranolazine,2358,3376,1010,0.2138
ACH-000164,Rapamycin,3557,6091,2199,0.2952
ACH-000164,Regorafenib,6633,2960,1836,0.2367
ACH-000164,Relugolix,2710,4277,1687,0.3183
ACH-000164,Resveratrol,2969,5028,1655,0.261
ACH-000164,Retinoic acid,4228,4827,2103,0.3025
ACH-000164,Rifaximin,700,3048,416,0.1248
ACH-000164,Riluzole hydrochloride,4730,6679,2993,0.3556
ACH-000164,Rimonabant,2998,4806,1852,0.3112
ACH-000164,Ritonavir,2807,5025,1583,0.2533
ACH-000164,Ropivacaine (hydrochloride monohydrate),3071,5073,1896,0.3035
ACH-000164,Rosiglitazone,1697,3258,929,0.2308
ACH-000164,Roxadustat,1631,5725,1199,0.1947
ACH-000164,Rucaparib (phosphate),1213,3773,755,0.1784
ACH-000164,Rutin (trihydrate),3446,4141,1743,0.2983
ACH-000164,S-Adenosyl-L-methionine (disulfate tosylate),3293,6197,2304,0.3206
ACH-000164,SBI-0640756,9571,3405,274,0.0216
ACH-000164,Sacubitril/Valsartan,2011,6003,1518,0.2337
ACH-000164,Salicylic acid,3356,5432,2046,0.3035
ACH-000164,Sapanisertib,6892,6462,3397,0.3412
ACH-000164,Saquinavir,2211,4595,1123,0.1976
ACH-000164,Selinexor ,5598,8634,3626,0.3419
ACH-000164,Sildenafil,1026,4936,718,0.1369
ACH-000164,Silodosin,978,1791,443,0.1905
ACH-000164,Simotinib,969,1199,263,0.1381
ACH-000164,Sinomenine,2449,3910,1208,0.2345
ACH-000164,Sivelestat (sodium tetrahydrate),1768,6821,1253,0.1708
ACH-000164,Sodium Salicylate,4101,5326,2245,0.3126
ACH-000164,Sonidegib,7380,5009,1185,0.1058
ACH-000164,Sulfatinib,1297,2565,722,0.2299
ACH-000164,Sulfisoxazole,4534,4997,2152,0.2916
ACH-000164,Sunitinib,4084,6267,2528,0.3231
ACH-000164,TAK-733,3644,6588,2196,0.2733
ACH-000164,TAK-901,5883,11264,4342,0.3391
ACH-000164,Tadalafil,1035,5685,809,0.1369
ACH-000164,Talc,3292,2922,1190,0.2369
ACH-000164,Tazarotene,4622,5441,2368,0.3077
ACH-000164,Temsirolimus,4206,5472,2272,0.3068
ACH-000164,Temuterkib,5662,4214,1997,0.2535
ACH-000164,Terfenadine,4105,5176,1987,0.2724
ACH-000164,Tetracycline (hydrochloride),1141,5328,803,0.1417
ACH-000164,Thymol,2896,3399,1135,0.22
ACH-000164,Thymopentin,1356,4796,846,0.1594
ACH-000164,Tirabrutinib,3513,4519,2066,0.3463
ACH-000164,Tirabrutinib (hydrochloride),5724,6423,2975,0.3244
ACH-000164,Tofacitinib,2994,4655,1474,0.2387
ACH-000164,Tofacitinib (citrate),2927,4560,1546,0.2602
ACH-000164,Tolcapone,2411,5810,1623,0.246
ACH-000164,Tolmetin,1950,3839,1184,0.2571
ACH-000164,Tomivosertib,5748,3873,2131,0.2845
ACH-000164,Topotecan (hydrochloride),5179,8486,3378,0.3284
ACH-000164,Torkinib,5242,3403,1658,0.2373
ACH-000164,Trametinib,9543,10096,6504,0.4952
ACH-000164,Trametinib (DMSO_TF solvate),4567,6124,2780,0.3514
ACH-000164,Tranilast,994,4277,636,0.1372
ACH-000164,Triamcinolone,4152,5646,2520,0.3462
ACH-000164,Triclosan,2902,4226,1442,0.2536
ACH-000164,Trifluridine,2151,5449,1245,0.1959
ACH-000164,Trimetrexate,2794,5287,1613,0.2494
ACH-000164,Tubulin inhibitor 6,3350,2287,1069,0.234
ACH-000164,Tucatinib,4793,3370,1846,0.2922
ACH-000164,Tucidinostat,4954,11344,3964,0.3214
ACH-000164,ULK-101,5986,2632,1440,0.2006
ACH-000164,Uridine,3277,5598,1885,0.2697
ACH-000164,Valdecoxib,2488,3756,1128,0.2205
ACH-000164,Vandetanib,3884,5334,2193,0.3122
ACH-000164,Vemurafenib,4379,3788,1684,0.2598
ACH-000164,Verapamil,1267,3280,655,0.1683
ACH-000164,Verteporfin,1659,6497,1149,0.164
ACH-000164,Vilanterol,2159,4442,1173,0.2161
ACH-000164,Vinblastine (sulfate),3962,6436,2457,0.3094
ACH-000164,Vismodegib,2265,3374,973,0.2085
ACH-000164,Vitamin K4,4849,4583,2054,0.2784
ACH-000164,Volasertib,4611,2705,1319,0.2199
ACH-000164,Voriconazole,3194,4229,1534,0.2605
ACH-000164,Vortioxetine,4187,5367,2347,0.3257
ACH-000164,XRK3F2,5364,3979,1894,0.2543
ACH-000164,Zileuton,3518,3873,1542,0.2636
ACH-000164,c-Kit-IN-1,10272,4131,3525,0.324
ACH-000164,crizotinib,1301,5350,913,0.1591
ACH-000164,olaparib,5704,14033,1211,0.0654
ACH-000164,palbociclib,4560,4001,1696,0.2471
ACH-000164,venetoclax,5635,6101,3095,0.3582
ACH-000164,vincristine,5600,3566,2067,0.2912
ACH-000164,γ-Oryzanol,3051,3143,1194,0.2388
ACH-000178,(R)-Verapamil (hydrochloride),383,1298,153,0.1001
ACH-000178,(S)-Crizotinib,1125,1765,445,0.182
ACH-000178,18β-Glycyrrhetinic acid,274,1312,124,0.0848
ACH-000178,4EGI-1,1816,800,396,0.1784
ACH-000178,5-Azacytidine,2543,4149,1174,0.2128
ACH-000178,5-Fluorouracil,2332,2395,908,0.2378
ACH-000178,8-Hydroxyquinoline,439,1223,238,0.1671
ACH-000178,9-ING-41,2586,745,362,0.1219
ACH-000178,APTO-253,1393,527,178,0.1022
ACH-000178,AT7519,841,342,159,0.1553
ACH-000178,AZD-7648,2051,1050,416,0.1549
ACH-000178,AZD-8055,2294,1288,693,0.2399
ACH-000178,AZD1390,1322,720,242,0.1344
ACH-000178,AZD2858,807,555,124,0.1002
ACH-000178,Abemaciclib,4287,6110,938,0.0992
ACH-000178,Abiraterone acetate,3058,3256,1249,0.2466
ACH-000178,Acetazolamide,3483,2473,1084,0.2225
ACH-000178,Acetohexamide,256,1295,130,0.0915
ACH-000178,Adagrasib,3009,3383,1408,0.2825
ACH-000178,Adenine,506,939,231,0.1903
ACH-000178,Adenosine,318,1550,186,0.1106
ACH-000178,Afatinib,2520,3220,1208,0.2665
ACH-000178,Aliskiren,464,1250,224,0.1503
ACH-000178,Allantoin,793,1532,284,0.1391
ACH-000178,Allopurinol,5051,3288,1756,0.2667
ACH-000178,Almonertinib (hydrochloride),421,1294,191,0.1253
ACH-000178,Almonertinib (mesylate),2395,3433,1138,0.2426
ACH-000178,Alpelisib,945,1068,326,0.1932
ACH-000178,Altretamine,470,1270,277,0.1893
ACH-000178,Amsacrine,404,1359,243,0.1599
ACH-000178,Anastrozole,633,451,170,0.186
ACH-000178,Anethole trithione,850,1540,461,0.239
ACH-000178,Apalutamide,203,2223,106,0.0457
ACH-000178,Aprepitant,4555,2626,1497,0.2634
ACH-000178,Arbutin,687,1471,408,0.2331
ACH-000178,Artemether,3770,3636,1669,0.2909
ACH-000178,Artesunate,856,1943,441,0.187
ACH-000178,Asciminib,3642,3160,1434,0.2671
ACH-000178,Aspirin,2889,2369,1038,0.246
ACH-000178,Ataluren,3298,2903,1280,0.2601
ACH-000178,Atazanavir (sulfate),2853,3274,1430,0.3044
ACH-000178,Auranofin,2866,8426,1988,0.2137
ACH-000178,Azithromycin (hydrate),263,1310,131,0.0908
ACH-000178,BAY1125976,1924,2084,631,0.1869
ACH-000178,BI-3406,2313,1197,716,0.2563
ACH-000178,BI-78D3,2722,535,281,0.0944
ACH-000178,Baicalin,375,1269,233,0.1651
ACH-000178,Balsalazide (sodium hydrate),364,1057,212,0.1754
ACH-000178,Belinostat,3121,10859,2528,0.2207
ACH-000178,Belumosudil,2532,3332,1110,0.2335
ACH-000178,Belumosudil (mesylate),1566,530,221,0.1179
ACH-000178,Belzutifan,891,474,95,0.0748
ACH-000178,Bendamustine,605,1176,265,0.1748
ACH-000178,Benproperine (phosphate),1186,2163,549,0.1961
ACH-000178,Bentamapimod,1563,553,219,0.1154
ACH-000178,Benztropine (mesylate),2378,2118,740,0.197
ACH-000178,Berbamine,2713,970,502,0.1578
ACH-000178,Berbamine (dihydrochloride),3420,2371,1083,0.23
ACH-000178,Berberine (chloride hydrate),326,1208,178,0.1313
ACH-000178,Bergenin,211,901,106,0.1054
ACH-000178,Bestatin,291,2616,174,0.0637
ACH-000178,Bestatin (hydrochloride),2918,3011,1174,0.2469
ACH-000178,Betamethasone dipropionate,2311,4845,1786,0.3326
ACH-000178,Bexarotene,3223,3883,1660,0.3048
ACH-000178,Bicalutamide,2344,2347,821,0.2121
ACH-000178,Bimatoprost,392,1388,174,0.1083
ACH-000178,Bimiralisib,2564,2717,898,0.2049
ACH-000178,Binimetinib,5826,7054,3901,0.4345
ACH-000178,Bisoprolol (hemifumarate),923,2717,515,0.1648
ACH-000178,Bortezomib,3406,3302,1748,0.3524
ACH-000178,Bosentan (hydrate),647,3543,461,0.1236
ACH-000178,Brimonidine,2243,1835,624,0.1807
ACH-000178,Brivudine,1870,2007,640,0.1977
ACH-000178,Budesonide,5414,6657,3388,0.3902
ACH-000178,Busulfan,659,1320,261,0.1519
ACH-000178,CP21R7,1357,450,178,0.1093
ACH-000178,Cabozantinib (S-malate),2148,3480,1031,0.2243
ACH-000178,Canagliflozin,800,2167,439,0.1737
ACH-000178,Canagliflozin (hemihydrate),2847,2718,1029,0.2269
ACH-000178,Capivasertib,843,264,94,0.0928
ACH-000178,Capmatinib,1300,730,313,0.1823
ACH-000178,Captopril,2526,2163,831,0.2154
ACH-000178,Carbamazepine,2854,2971,1063,0.2232
ACH-000178,Celecoxib,2009,438,184,0.0813
ACH-000178,Cepharanthine,424,1302,207,0.1363
ACH-000178,Chlorhexidine (diacetate),2739,2674,1129,0.2635
ACH-000178,Ciclopirox,338,1218,163,0.117
ACH-000178,Cilostazol,778,3479,525,0.1407
ACH-000178,Cinacalcet,2400,3055,1007,0.2264
ACH-000178,Citalopram (hydrobromide),4922,2131,1133,0.1914
ACH-000178,Clobetasol propionate,4731,6233,3153,0.4037
ACH-000178,Clofarabine,538,1704,228,0.1132
ACH-000178,Clonidine (hydrochloride),404,1797,317,0.1683
ACH-000178,Clopidogrel,4809,2408,1479,0.2578
ACH-000178,Clotrimazole,363,1373,194,0.1258
ACH-000178,Cloxacillin (sodium),332,840,163,0.1615
ACH-000178,Cobimetinib,653,5003,494,0.0957
ACH-000178,Crizotinib (hydrochloride),3292,5048,1966,0.3084
ACH-000178,Cyclosporin A,4100,3867,1942,0.3223
ACH-000178,Cysteamine (hydrochloride),226,1138,134,0.1089
ACH-000178,Cytarabine,2502,2593,1008,0.2466
ACH-000178,Cytarabine (hydrochloride),1022,1668,472,0.2128
ACH-000178,DT-061,843,566,184,0.1502
ACH-000178,DTP3,3420,383,242,0.068
ACH-000178,Dabrafenib,1518,2155,558,0.1791
ACH-000178,Daidzin,3028,2506,1096,0.247
ACH-000178,Dapagliflozin,2060,2394,797,0.2179
ACH-000178,"Dapagliflozin ((2S)-1,2-propanediol, hydrate)",779,2281,349,0.1287
ACH-000178,Darinaparsin,431,2020,265,0.1212
ACH-000178,Darolutamide,3842,3548,1746,0.3094
ACH-000178,Decitabine,1445,4237,1029,0.2211
ACH-000178,Delamanid,2935,3739,1595,0.314
ACH-000178,Demeclocycline,355,874,162,0.1518
ACH-000178,Dexamethasone,4271,6221,3171,0.4331
ACH-000178,Dexmedetomidine,486,2301,278,0.1108
ACH-000178,Diammonium Glycyrrhizinate,534,1555,218,0.1165
ACH-000178,Digitoxin,2765,9321,2246,0.2283
ACH-000178,Dihydroartemisinin,1648,4238,944,0.191
ACH-000178,Dimethyl fumarate,417,2089,251,0.1113
ACH-000178,Dinaciclib,4506,8842,3638,0.3747
ACH-000178,Diphenhydramine,2074,2537,1056,0.297
ACH-000178,Docetaxel,1716,1406,508,0.1943
ACH-000178,Docetaxel (Trihydrate),452,3689,294,0.0764
ACH-000178,Dorzolamide (hydrochloride),569,3095,360,0.109
ACH-000178,Doxorubicin (hydrochloride),801,6319,599,0.0919
ACH-000178,Doxycycline (monohydrate),433,1876,242,0.1171
ACH-000178,Drospirenone,3362,4195,1717,0.294
ACH-000178,ERK5-IN-2,1760,1637,481,0.165
ACH-000178,ETC-206,1023,395,143,0.1122
ACH-000178,EX229,2850,1669,852,0.2323
ACH-000178,Econazole,2629,3698,1162,0.225
ACH-000178,Elagolix sodium,469,1483,231,0.1342
ACH-000178,Elimusertib hydrochloride,1968,2148,815,0.2469
ACH-000178,Entecavir (monohydrate),205,3446,150,0.0428
ACH-000178,Entrectinib,3076,3691,1279,0.2331
ACH-000178,Epirubicin (hydrochloride),316,6173,229,0.0366
ACH-000178,Eplerenone,546,1499,295,0.1686
ACH-000178,Erdafitinib ,6492,562,37,0.0053
ACH-000178,Erlotinib,1391,2770,673,0.1929
ACH-000178,Erythromycin,2176,2716,797,0.1946
ACH-000178,Esmolol (hydrochloride),2539,2407,868,0.2128
ACH-000178,Estrone sulfate (potassium),3871,2853,1258,0.2302
ACH-000178,Everolimus,867,422,182,0.1644
ACH-000178,Fedratinib (hydrochloride hydrate),3463,5104,1968,0.2982
ACH-000178,Fenofibrate,1534,1345,510,0.2153
ACH-000178,Ferulic acid,868,2612,485,0.1619
ACH-000178,Filgotinib,1839,3869,928,0.1941
ACH-000178,Finasteride,494,2374,309,0.1208
ACH-000178,Fingolimod (hydrochloride),1935,3222,871,0.2032
ACH-000178,Flumatinib (mesylate),3011,3535,1452,0.285
ACH-000178,Flutamide,2461,2764,849,0.194
ACH-000178,Fluvoxamine,1146,2651,610,0.1914
ACH-000178,Fluvoxamine (maleate),289,1506,188,0.117
ACH-000178,Folic acid,351,1057,176,0.1429
ACH-000178,Fulvestrant,2675,2814,1072,0.2427
ACH-000178,Fumaric acid,3116,3905,1513,0.2747
ACH-000178,Furosemide,250,861,125,0.1268
ACH-000178,Fusidic acid,336,1186,181,0.135
ACH-000178,Futibatinib,1345,661,206,0.1144
ACH-000178,GSK1059615,2674,2552,941,0.2196
ACH-000178,Gallic acid,629,985,282,0.2117
ACH-000178,Gallic acid (hydrate),552,1198,180,0.1146
ACH-000178,Gefitinib,2751,2456,877,0.2025
ACH-000178,Gemcitabine,1339,603,300,0.1827
ACH-000178,Gemfibrozil,350,1449,197,0.123
ACH-000178,Glycyrrhizic acid,671,1650,260,0.1262
ACH-000178,Goserelin (acetate),477,1252,266,0.1818
ACH-000178,HI-TOPK-032,2615,1147,484,0.1477
ACH-000178,Harringtonine,955,11055,867,0.0778
ACH-000178,Hesperidin,865,1993,398,0.1618
ACH-000178,Hexylresorcinol,381,1107,205,0.1598
ACH-000178,Homoharringtonine,6252,10070,5500,0.5082
ACH-000178,Hydroxyfasudil,3478,484,223,0.0596
ACH-000178,Hydroxyurea,314,2202,157,0.0666
ACH-000178,IQ 1,1424,873,275,0.136
ACH-000178,Idarubicin (hydrochloride),3694,7658,2971,0.3545
ACH-000178,Idoxuridine,3496,2829,1390,0.2817
ACH-000178,Imiquimod (hydrochloride),2775,3259,1152,0.236
ACH-000178,Imiquimod (maleate),298,1177,107,0.0782
ACH-000178,Indacaterol (maleate),3895,3268,1622,0.2927
ACH-000178,Infigratinib,1118,990,343,0.1943
ACH-000178,Ipatasertib,2364,731,320,0.1153
ACH-000178,Irinotecan,1328,443,216,0.1389
ACH-000178,Irinotecan (hydrochloride),5099,2822,1633,0.2597
ACH-000178,Isocorydine,347,1020,186,0.1575
ACH-000178,Ivermectin,2387,2135,787,0.2107
ACH-000178,Ixazomib,775,1098,295,0.1869
ACH-000178,Ixazomib citrate,2054,9469,1579,0.1588
ACH-000178,L-Eflornithine (monohydrochloride),3742,1952,992,0.211
ACH-000178,L-Thyroxine (sodium salt pentahydrate),276,1477,126,0.0774
ACH-000178,LB-100,930,312,96,0.0838
ACH-000178,LJI308,1759,772,382,0.1778
ACH-000178,LY-2584702 (tosylate salt),1882,584,223,0.0994
ACH-000178,LY2090314,617,411,114,0.1247
ACH-000178,Lactate (calcium),3491,3755,1312,0.2211
ACH-000178,Lapatinib ditosylate,899,409,159,0.1384
ACH-000178,Larotrectinib,453,1393,195,0.1181
ACH-000178,Lenalidomide (hemihydrate),303,1481,173,0.1074
ACH-000178,Levobupivacaine (hydrochloride),931,2515,485,0.1638
ACH-000178,Lidocaine (hydrochloride),691,2064,319,0.131
ACH-000178,Ligustrazine,492,2114,283,0.1218
ACH-000178,Lipoic acid,194,623,112,0.1589
ACH-000178,Lonafarnib,725,762,153,0.1147
ACH-000178,Loperamide (hydrochloride),3332,3026,1297,0.2563
ACH-000178,Lopinavir,2612,3084,1249,0.2809
ACH-000178,Lucanthone,3080,2725,1309,0.2911
ACH-000178,Lumateperone (tosylate),200,1126,123,0.1022
ACH-000178,MK-3903,1694,1181,396,0.1597
ACH-000178,MK-8353,1394,439,209,0.1287
ACH-000178,ML264,1884,712,309,0.1351
ACH-000178,Macitentan,331,1608,172,0.0973
ACH-000178,Malotilate,4758,4952,2753,0.3957
ACH-000178,Mebendazole,702,4695,526,0.108
ACH-000178,Medroxyprogesterone acetate,701,2752,454,0.1514
ACH-000178,Megestrol,850,1859,388,0.1672
ACH-000178,Meloxicam,2897,2508,904,0.2008
ACH-000178,Menadione,596,1804,298,0.1418
ACH-000178,Methotrexate,1820,2980,807,0.2021
ACH-000178,Methyl aminolevulinate (hydrochloride),3233,3185,1363,0.2696
ACH-000178,Methylprednisolone succinate,2950,96,71,0.0239
ACH-000178,Methylthiouracil,2282,3019,991,0.2299
ACH-000178,Mifepristone,562,2496,336,0.1234
ACH-000178,Minodronic acid,938,691,235,0.1686
ACH-000178,Mitoxantrone (dihydrochloride),482,5290,356,0.0657
ACH-000178,Monocrotaline,482,2533,304,0.1121
ACH-000178,Mozavaptan,734,1678,352,0.1709
ACH-000178,NG25,711,1359,299,0.1688
ACH-000178,NVP-BHG712,2065,732,277,0.1099
ACH-000178,Nafamostat (mesylate),2612,2705,940,0.2148
ACH-000178,Naproxen,1825,2045,700,0.2208
ACH-000178,Neratinib,1938,2868,782,0.1943
ACH-000178,Neratinib (maleate),541,2644,356,0.1258
ACH-000178,Nevirapine,474,2746,315,0.1084
ACH-000178,Niclosamide (olamine),797,7167,638,0.0871
ACH-000178,Norepinephrine (hydrochloride),278,1533,180,0.1104
ACH-000178,OTS514,804,769,178,0.1276
ACH-000178,Olanzapine,403,1427,238,0.1495
ACH-000178,Oleic acid,914,444,157,0.1307
ACH-000178,Omeprazole,1935,2297,730,0.2085
ACH-000178,Omeprazole (sodium),2322,2235,725,0.1892
ACH-000178,Orlistat,596,2440,366,0.1371
ACH-000178,Osimertinib (mesylate),2258,3852,1138,0.2289
ACH-000178,Ouabain (Octahydrate),4147,10616,3367,0.2955
ACH-000178,Oxaliplatin,1493,926,414,0.2065
ACH-000178,Oxaprozin,3558,3591,1588,0.2856
ACH-000178,PF-06260933,2326,4544,384,0.0592
ACH-000178,PH-797804,1971,3210,741,0.1669
ACH-000178,Paclitaxel,1529,2101,508,0.1627
ACH-000178,Palmatine (chloride),455,1396,194,0.1171
ACH-000178,Panobinostat,8475,13080,7237,0.5054
ACH-000178,Pasireotide (acetate),619,1156,236,0.1533
ACH-000178,Pemetrexed,1020,2081,481,0.1836
ACH-000178,Pemigatinib,401,464,43,0.0523
ACH-000178,Penfluridol,742,1856,293,0.1271
ACH-000178,Pentagastrin,394,1644,246,0.1373
ACH-000178,Pentamidine (isethionate),1381,1759,479,0.18
ACH-000178,Pentoxifylline,3460,3963,1641,0.2838
ACH-000178,Peretinoin,1412,4636,1023,0.2036
ACH-000178,Perindopril (erbumine),1773,2444,732,0.21
ACH-000178,Pexidartinib (hydrochloride),877,2538,527,0.1825
ACH-000178,Phenylephrine (hydrochloride),3380,4712,1746,0.2751
ACH-000178,Phenytoin (sodium),638,2098,359,0.151
ACH-000178,Pimitespib,1587,330,174,0.0998
ACH-000178,Pimozide,1731,3032,739,0.1836
ACH-000178,Pioglitazone,3222,4079,1706,0.3049
ACH-000178,Piroxicam,4747,2940,1709,0.2859
ACH-000178,Pitavastatin (Calcium),736,3437,441,0.1182
ACH-000178,Ponatinib,2975,6323,1732,0.2289
ACH-000178,Posaconazole,560,3884,403,0.0997
ACH-000178,Pralsetinib,1838,1019,431,0.1777
ACH-000178,Pravastatin (sodium),3266,2351,1095,0.2421
ACH-000178,Procainamide (hydrochloride),365,1078,175,0.138
ACH-000178,Proglumide,1631,2043,498,0.1568
ACH-000178,Pyridoxine,351,1602,192,0.109
ACH-000178,Pyridoxine (hydrochloride),857,904,322,0.2238
ACH-000178,Quinestrol,486,1353,281,0.1804
ACH-000178,Quinidine (15% dihydroquinidine),651,2849,401,0.1294
ACH-000178,RMC-6236,2160,2327,864,0.2385
ACH-000178,Radotinib,532,1717,313,0.1617
ACH-000178,Ralimetinib dimesylate,2578,160,116,0.0442
ACH-000178,Raltitrexed,334,1265,197,0.1405
ACH-000178,Ranolazine,1558,2290,550,0.1668
ACH-000178,Rapamycin,863,2734,572,0.1891
ACH-000178,Regorafenib,2869,364,221,0.0734
ACH-000178,Relugolix,317,837,185,0.1909
ACH-000178,Resveratrol,449,2166,238,0.1001
ACH-000178,Retinoic acid,860,1295,285,0.1524
ACH-000178,Rifaximin,274,1806,158,0.0822
ACH-000178,Riluzole hydrochloride,768,2070,417,0.1722
ACH-000178,Rimonabant,314,1194,182,0.1373
ACH-000178,Ritonavir,326,1529,151,0.0886
ACH-000178,Ropivacaine (hydrochloride monohydrate),468,1476,291,0.176
ACH-000178,Rosiglitazone,807,2288,495,0.1904
ACH-000178,Roxadustat,789,3587,573,0.1507
ACH-000178,Rucaparib (phosphate),502,2217,276,0.113
ACH-000178,Rutin (trihydrate),2172,2075,888,0.2644
ACH-000178,S-Adenosyl-L-methionine (disulfate tosylate),426,1682,226,0.1201
ACH-000178,SBI-0640756,116,628,21,0.029
ACH-000178,Sacubitril/Valsartan,812,3542,584,0.1549
ACH-000178,Salicylic acid,418,1377,243,0.1566
ACH-000178,Sapanisertib,2762,2687,985,0.2207
ACH-000178,Saquinavir,401,1729,206,0.1071
ACH-000178,Selinexor ,1626,4156,964,0.2001
ACH-000178,Sildenafil,409,2603,278,0.1017
ACH-000178,Silodosin,453,812,168,0.1531
ACH-000178,Simotinib,430,604,109,0.1178
ACH-000178,Sinomenine,319,906,149,0.1385
ACH-000178,Sivelestat (sodium tetrahydrate),928,4344,598,0.1279
ACH-000178,Sodium Salicylate,521,1679,277,0.144
ACH-000178,Sonidegib,3832,453,222,0.0546
ACH-000178,Sulfatinib,555,1340,279,0.1726
ACH-000178,Sulfisoxazole,2165,1347,447,0.1458
ACH-000178,Sunitinib,2675,4102,1428,0.267
ACH-000178,TAK-733,910,1616,370,0.1716
ACH-000178,TAK-901,2341,5806,1433,0.2134
ACH-000178,Tadalafil,426,3527,326,0.0899
ACH-000178,Talc,1998,1959,632,0.1901
ACH-000178,Tazarotene,3373,3922,1635,0.2889
ACH-000178,Temsirolimus,891,2603,479,0.1589
ACH-000178,Temuterkib,2087,831,368,0.1443
ACH-000178,Terfenadine,2430,1950,714,0.1948
ACH-000178,Tetracycline (hydrochloride),452,3049,310,0.0971
ACH-000178,Thymol,331,1174,126,0.0914
ACH-000178,Thymopentin,552,2571,312,0.111
ACH-000178,Tirabrutinib,2131,2623,1132,0.3125
ACH-000178,Tirabrutinib (hydrochloride),4850,4689,2219,0.3031
ACH-000178,Tofacitinib,357,1584,195,0.1117
ACH-000178,Tofacitinib (citrate),341,1505,164,0.0975
ACH-000178,Tolcapone,292,1828,194,0.1007
ACH-000178,Tolmetin,841,2027,477,0.1995
ACH-000178,Tomivosertib,1857,755,320,0.1396
ACH-000178,Topotecan (hydrochloride),2860,6715,1813,0.2336
ACH-000178,Torkinib,1405,732,272,0.1458
ACH-000178,Trametinib,5795,7095,3880,0.4306
ACH-000178,Trametinib (DMSO_TF solvate),3289,5453,2290,0.3549
ACH-000178,Tranilast,320,2294,196,0.0811
ACH-000178,Triamcinolone,1423,3581,1023,0.257
ACH-000178,Triclosan,370,1112,195,0.1515
ACH-000178,Trifluridine,206,1087,112,0.0948
ACH-000178,Trimetrexate,443,1815,246,0.1223
ACH-000178,Tubulin inhibitor 6,827,422,175,0.1629
ACH-000178,Tucatinib,1135,624,270,0.1813
ACH-000178,Tucidinostat,641,6313,504,0.0781
ACH-000178,ULK-101,2416,1078,450,0.1478
ACH-000178,Uridine,2063,3356,999,0.226
ACH-000178,Valdecoxib,1800,2460,706,0.1986
ACH-000178,Vandetanib,3312,4361,1902,0.3296
ACH-000178,Vemurafenib,1071,754,234,0.1471
ACH-000178,Verapamil,469,1849,261,0.1269
ACH-000178,Verteporfin,659,3958,441,0.1056
ACH-000178,Vilanterol,261,1507,139,0.0853
ACH-000178,Vinblastine (sulfate),569,1880,319,0.1498
ACH-000178,Vismodegib,1413,1800,465,0.1692
ACH-000178,Vitamin K4,3313,3045,1244,0.2433
ACH-000178,Volasertib,1311,487,207,0.1301
ACH-000178,Voriconazole,2504,2455,896,0.2205
ACH-000178,Vortioxetine,2783,3313,1285,0.2671
ACH-000178,XRK3F2,1910,1100,358,0.135
ACH-000178,Zileuton,2383,2214,821,0.2174
ACH-000178,c-Kit-IN-1,6845,1020,852,0.1215
ACH-000178,crizotinib,522,3716,367,0.0948
ACH-000178,olaparib,2228,151,50,0.0215
ACH-000178,palbociclib,1355,813,305,0.1637
ACH-000178,venetoclax,1556,1662,585,0.2222
ACH-000178,vincristine,2429,584,309,0.1143
ACH-000178,γ-Oryzanol,2050,1964,728,0.2215
ACH-000222,(R)-Verapamil (hydrochloride),1417,2815,667,0.1871
ACH-000222,(S)-Crizotinib,862,1185,323,0.1874
ACH-000222,18β-Glycyrrhetinic acid,1105,2502,557,0.1826
ACH-000222,4EGI-1,2661,1794,965,0.2765
ACH-000222,5-Azacytidine,1381,2112,489,0.1628
ACH-000222,5-Fluorouracil,1181,1015,318,0.1693
ACH-000222,8-Hydroxyquinoline,1151,3252,755,0.207
ACH-000222,9-ING-41,4008,2335,1158,0.2233
ACH-000222,APTO-253,2732,1673,688,0.1851
ACH-000222,AT7519,1877,1086,555,0.2305
ACH-000222,AZD-7648,3706,2813,1343,0.2595
ACH-000222,AZD-8055,3531,3468,1612,0.2992
ACH-000222,AZD1390,2541,2105,842,0.2213
ACH-000222,AZD2858,1534,1741,429,0.1507
ACH-000222,Abemaciclib,5467,2864,2097,0.3364
ACH-000222,Abiraterone acetate,1618,1431,438,0.1678
ACH-000222,Acetazolamide,1507,1109,317,0.1379
ACH-000222,Acetohexamide,1283,2679,593,0.176
ACH-000222,Adagrasib,3483,3038,1560,0.3145
ACH-000222,Adenine,1747,2784,1039,0.2975
ACH-000222,Adenosine,1588,3382,1039,0.2643
ACH-000222,Afatinib,3146,5738,1947,0.2807
ACH-000222,Aliskiren,1396,2580,786,0.2464
ACH-000222,Allantoin,1952,3208,1081,0.265
ACH-000222,Allopurinol,2245,1439,550,0.1755
ACH-000222,Almonertinib (hydrochloride),1547,2549,689,0.2022
ACH-000222,Almonertinib (mesylate),1468,1824,564,0.2067
ACH-000222,Alpelisib,2271,2978,1052,0.2507
ACH-000222,Altretamine,338,717,169,0.1907
ACH-000222,Amsacrine,1621,3457,995,0.2437
ACH-000222,Anastrozole,1725,1648,712,0.2676
ACH-000222,Anethole trithione,2389,3793,1640,0.3611
ACH-000222,Apalutamide,151,1622,85,0.0504
ACH-000222,Aprepitant,2133,1098,441,0.1581
ACH-000222,Arbutin,400,959,219,0.1921
ACH-000222,Artemether,1267,1458,432,0.1884
ACH-000222,Artesunate,1935,2422,997,0.2967
ACH-000222,Asciminib,2033,1150,416,0.1503
ACH-000222,Aspirin,1295,1052,373,0.189
ACH-000222,Ataluren,1665,1184,449,0.1871
ACH-000222,Atazanavir (sulfate),1391,1441,466,0.197
ACH-000222,Auranofin,1525,5673,954,0.1528
ACH-000222,Azithromycin (hydrate),1281,2138,581,0.2047
ACH-000222,BAY1125976,3377,4992,1715,0.2577
ACH-000222,BI-3406,5794,4023,2870,0.4131
ACH-000222,BI-78D3,4540,1806,956,0.1774
ACH-000222,Baicalin,1428,3327,974,0.2576
ACH-000222,Balsalazide (sodium hydrate),1571,2684,948,0.2867
ACH-000222,Belinostat,1646,8543,1328,0.1499
ACH-000222,Belumosudil,1525,1880,562,0.1977
ACH-000222,Belumosudil (mesylate),2638,1475,681,0.1984
ACH-000222,Belzutifan,1819,2195,638,0.189
ACH-000222,Bendamustine,390,777,152,0.1498
ACH-000222,Benproperine (phosphate),692,1044,267,0.1818
ACH-000222,Bentamapimod,3242,2302,1081,0.2422
ACH-000222,Benztropine (mesylate),1113,817,260,0.1557
ACH-000222,Berbamine,2428,2450,1001,0.2582
ACH-000222,Berbamine (dihydrochloride),1843,1328,500,0.1872
ACH-000222,Berberine (chloride hydrate),1128,2959,690,0.2031
ACH-000222,Bergenin,1017,2215,560,0.2096
ACH-000222,Bestatin,166,1120,96,0.0807
ACH-000222,Bestatin (hydrochloride),1789,1732,545,0.1831
ACH-000222,Betamethasone dipropionate,990,2564,697,0.244
ACH-000222,Bexarotene,1846,1946,744,0.2441
ACH-000222,Bicalutamide,847,1376,319,0.1675
ACH-000222,Bimatoprost,1470,3656,847,0.1979
ACH-000222,Bimiralisib,4852,5471,2534,0.3253
ACH-000222,Binimetinib,7021,6577,4481,0.4915
ACH-000222,Bisoprolol (hemifumarate),643,1526,353,0.1944
ACH-000222,Bortezomib,5073,5969,3234,0.4142
ACH-000222,Bosentan (hydrate),502,1793,309,0.1556
ACH-000222,Brimonidine,1302,1336,374,0.1652
ACH-000222,Brivudine,4138,6096,2455,0.3156
ACH-000222,Budesonide,3150,3704,1614,0.308
ACH-000222,Busulfan,1887,2329,792,0.2313
ACH-000222,CP21R7,2309,1331,521,0.167
ACH-000222,Cabozantinib (S-malate),1123,2768,546,0.1632
ACH-000222,Canagliflozin,470,1126,232,0.1701
ACH-000222,Canagliflozin (hemihydrate),1677,1310,377,0.1444
ACH-000222,Capivasertib,2048,1186,567,0.2126
ACH-000222,Capmatinib,3108,2466,1269,0.2948
ACH-000222,Captopril,1478,982,360,0.1714
ACH-000222,Carbamazepine,1625,2037,548,0.176
ACH-000222,Celecoxib,3346,1323,604,0.1486
ACH-000222,Cepharanthine,1818,2537,908,0.2634
ACH-000222,Chlorhexidine (diacetate),1935,2954,1003,0.2581
ACH-000222,Ciclopirox,1039,3095,678,0.1962
ACH-000222,Cilostazol,526,2076,322,0.1412
ACH-000222,Cinacalcet,1239,1286,350,0.1609
ACH-000222,Citalopram (hydrobromide),2344,1193,440,0.1421
ACH-000222,Clobetasol propionate,2739,3155,1437,0.3224
ACH-000222,Clofarabine,244,995,113,0.1004
ACH-000222,Clonidine (hydrochloride),1911,3641,1393,0.3349
ACH-000222,Clopidogrel,2088,1147,479,0.1738
ACH-000222,Clotrimazole,1311,3159,780,0.2114
ACH-000222,Cloxacillin (sodium),1221,2043,687,0.2666
ACH-000222,Cobimetinib,1079,4409,851,0.1835
ACH-000222,Crizotinib (hydrochloride),1829,2461,773,0.2198
ACH-000222,Cyclosporin A,1729,2355,715,0.2122
ACH-000222,Cysteamine (hydrochloride),933,2371,560,0.2041
ACH-000222,Cytarabine,1348,1195,407,0.1905
ACH-000222,Cytarabine (hydrochloride),401,1056,221,0.1788
ACH-000222,DT-061,1848,1798,599,0.1966
ACH-000222,DTP3,3290,11390,627,0.0446
ACH-000222,Dabrafenib,2955,3365,1194,0.2329
ACH-000222,Daidzin,1969,1436,553,0.1939
ACH-000222,Dapagliflozin,1062,910,306,0.1837
ACH-000222,"Dapagliflozin ((2S)-1,2-propanediol, hydrate)",539,1370,236,0.1411
ACH-000222,Darinaparsin,1534,3642,957,0.2268
ACH-000222,Darolutamide,1602,1788,608,0.2185
ACH-000222,Decitabine,758,2759,509,0.1692
ACH-000222,Delamanid,1519,1901,638,0.2293
ACH-000222,Demeclocycline,1155,2603,678,0.2201
ACH-000222,Dexamethasone,2668,3274,1577,0.3613
ACH-000222,Dexmedetomidine,294,1031,160,0.1373
ACH-000222,Diammonium Glycyrrhizinate,1617,3149,819,0.2075
ACH-000222,Digitoxin,1381,6556,1035,0.15
ACH-000222,Dihydroartemisinin,743,1634,300,0.1444
ACH-000222,Dimethyl fumarate,196,1253,113,0.0846
ACH-000222,Dinaciclib,3609,8376,2835,0.3098
ACH-000222,Diphenhydramine,1101,1326,490,0.253
ACH-000222,Docetaxel,2575,3231,1091,0.2314
ACH-000222,Docetaxel (Trihydrate),188,2230,118,0.0513
ACH-000222,Dorzolamide (hydrochloride),411,1504,222,0.1311
ACH-000222,Doxorubicin (hydrochloride),531,3134,335,0.1006
ACH-000222,Doxycycline (monohydrate),300,1588,169,0.0983
ACH-000222,Drospirenone,1889,2432,812,0.2314
ACH-000222,ERK5-IN-2,2897,3557,1235,0.2366
ACH-000222,ETC-206,2136,1314,620,0.2191
ACH-000222,EX229,4528,4473,2397,0.363
ACH-000222,Econazole,1597,1758,502,0.176
ACH-000222,Elagolix sodium,1469,3511,917,0.2257
ACH-000222,Elimusertib hydrochloride,4181,5003,2410,0.3558
ACH-000222,Encorafenib,10204,4046,233,0.0166
ACH-000222,Entecavir (monohydrate),137,1454,78,0.0516
ACH-000222,Entrectinib,1510,2088,488,0.1569
ACH-000222,Epirubicin (hydrochloride),170,3428,105,0.0301
ACH-000222,Eplerenone,241,785,93,0.0997
ACH-000222,Erdafitinib ,11197,1455,98,0.0078
ACH-000222,Erlotinib,1040,1881,481,0.1971
ACH-000222,Erythromycin,1006,1412,313,0.1487
ACH-000222,Esmolol (hydrochloride),1255,1978,463,0.1671
ACH-000222,Estrone sulfate (potassium),2136,1823,549,0.161
ACH-000222,Everolimus,1990,2138,830,0.2517
ACH-000222,Fedratinib (hydrochloride hydrate),1345,2640,630,0.1878
ACH-000222,Fenofibrate,1079,1024,359,0.2058
ACH-000222,Ferulic acid,580,1578,306,0.1652
ACH-000222,Filgotinib,934,2711,471,0.1484
ACH-000222,Finasteride,293,1239,146,0.1053
ACH-000222,Fingolimod (hydrochloride),1463,1443,475,0.1954
ACH-000222,Flumatinib (mesylate),1686,1847,686,0.241
ACH-000222,Flutamide,1462,1622,437,0.1651
ACH-000222,Fluvoxamine,520,2018,330,0.1495
ACH-000222,Fluvoxamine (maleate),1067,2896,697,0.2134
ACH-000222,Folic acid,1269,2900,838,0.2516
ACH-000222,Fulvestrant,1278,1042,260,0.1262
ACH-000222,Fumaric acid,1807,2137,783,0.2477
ACH-000222,Furosemide,791,2051,435,0.1807
ACH-000222,Fusidic acid,1392,2956,884,0.2552
ACH-000222,Futibatinib,3218,2069,1002,0.2338
ACH-000222,GSK1059615,3787,4328,1697,0.2644
ACH-000222,Gallic acid,1692,2974,1039,0.2865
ACH-000222,Gallic acid (hydrate),1714,2876,791,0.2082
ACH-000222,Gefitinib,979,1678,347,0.1502
ACH-000222,Gemcitabine,2498,2103,942,0.2574
ACH-000222,Gemfibrozil,1172,2607,637,0.2027
ACH-000222,Glycyrrhizic acid,479,974,190,0.1504
ACH-000222,Goserelin (acetate),1682,3065,1097,0.3005
ACH-000222,HI-TOPK-032,4302,2925,1475,0.2564
ACH-000222,Harringtonine,1002,9244,926,0.0994
ACH-000222,Hesperidin,534,1084,214,0.1524
ACH-000222,Hexylresorcinol,1604,3471,1001,0.2457
ACH-000222,Homoharringtonine,8963,11589,7903,0.6248
ACH-000222,Hydroxyfasudil,3704,893,359,0.0847
ACH-000222,Hydroxyurea,199,1079,102,0.0867
ACH-000222,IQ 1,2691,2371,977,0.2392
ACH-000222,Idarubicin (hydrochloride),6700,11584,5608,0.4424
ACH-000222,Idoxuridine,1792,1289,511,0.1988
ACH-000222,Imiquimod (hydrochloride),1530,1903,504,0.1721
ACH-000222,Imiquimod (maleate),208,689,77,0.0939
ACH-000222,Indacaterol (maleate),1727,1104,388,0.1588
ACH-000222,Infigratinib,2385,2940,1125,0.2679
ACH-000222,Ipatasertib,4067,2897,1318,0.2334
ACH-000222,Irinotecan,2737,1787,836,0.2267
ACH-000222,Irinotecan (hydrochloride),4022,1287,763,0.1678
ACH-000222,Isocorydine,1623,2923,891,0.2438
ACH-000222,Ivermectin,1125,1264,365,0.1803
ACH-000222,Ixazomib,2034,2270,891,0.2611
ACH-000222,Ixazomib citrate,999,5096,695,0.1287
ACH-000222,L-Eflornithine (monohydrochloride),1879,1171,421,0.1601
ACH-000222,L-Thyroxine (sodium salt pentahydrate),1026,3015,533,0.1519
ACH-000222,LB-100,1848,1172,456,0.1778
ACH-000222,LJI308,2677,1698,832,0.2348
ACH-000222,LY-2584702 (tosylate salt),2932,1655,742,0.193
ACH-000222,LY2090314,1352,1397,467,0.2046
ACH-000222,Lactate (calcium),1729,1812,490,0.1606
ACH-000222,Lapatinib ditosylate,2585,1528,663,0.1922
ACH-000222,Larotrectinib,2132,3451,1084,0.2409
ACH-000222,Lenalidomide (hemihydrate),899,2329,479,0.1742
ACH-000222,Levobupivacaine (hydrochloride),445,1279,226,0.1509
ACH-000222,Lidocaine (hydrochloride),1671,3718,912,0.2037
ACH-000222,Ligustrazine,269,1234,147,0.1084
ACH-000222,Lipoic acid,966,2010,569,0.2364
ACH-000222,Lonafarnib,3387,2566,1127,0.2335
ACH-000222,Loperamide (hydrochloride),1615,1721,471,0.1644
ACH-000222,Lopinavir,1667,2112,608,0.1917
ACH-000222,Lucanthone,1861,1432,613,0.2287
ACH-000222,Lumateperone (tosylate),973,2541,633,0.2197
ACH-000222,MK-3903,3177,3043,1196,0.2381
ACH-000222,MK-8353,3155,1239,726,0.1979
ACH-000222,ML264,3343,2221,1001,0.2194
ACH-000222,Macitentan,221,782,89,0.0974
ACH-000222,Malotilate,2624,2538,1183,0.2973
ACH-000222,Mebendazole,402,2841,275,0.0927
ACH-000222,Medroxyprogesterone acetate,1667,3952,1034,0.2255
ACH-000222,Megestrol,2284,2877,941,0.223
ACH-000222,Meloxicam,1309,1328,383,0.1699
ACH-000222,Menadione,395,1176,182,0.131
ACH-000222,Methotrexate,977,1567,384,0.1778
ACH-000222,Methyl aminolevulinate (hydrochloride),1568,1321,456,0.1874
ACH-000222,Methylprednisolone succinate,4141,10559,678,0.0484
ACH-000222,Methylthiouracil,942,1138,337,0.1933
ACH-000222,Mifepristone,296,1627,161,0.0914
ACH-000222,Minodronic acid,2387,2205,1023,0.2866
ACH-000222,Mitoxantrone (dihydrochloride),1780,5229,1189,0.2043
ACH-000222,Monocrotaline,326,1132,177,0.1382
ACH-000222,Mozavaptan,339,1255,184,0.1305
ACH-000222,NG25,2055,3845,1167,0.2466
ACH-000222,NVP-BHG712,3499,2340,1013,0.2099
ACH-000222,Nafamostat (mesylate),1262,1347,344,0.1519
ACH-000222,Naproxen,1010,942,303,0.1837
ACH-000222,Neratinib,1095,1279,318,0.1547
ACH-000222,Neratinib (maleate),1469,5420,1075,0.1849
ACH-000222,Nevirapine,290,1267,163,0.1169
ACH-000222,Niclosamide (olamine),370,4607,284,0.0605
ACH-000222,Norepinephrine (hydrochloride),1079,2948,614,0.1799
ACH-000222,OTS514,1688,1632,639,0.2383
ACH-000222,Olanzapine,1417,3314,968,0.2572
ACH-000222,Oleic acid,2348,1331,657,0.2174
ACH-000222,Omeprazole,737,1479,309,0.162
ACH-000222,Omeprazole (sodium),1290,1190,299,0.1371
ACH-000222,Orlistat,414,1339,207,0.1339
ACH-000222,Osimertinib (mesylate),1094,2132,452,0.1629
ACH-000222,Ouabain (Octahydrate),1606,8572,1358,0.154
ACH-000222,Oxaliplatin,3481,2411,1370,0.303
ACH-000222,Oxaprozin,1702,1600,549,0.1994
ACH-000222,PF-06260933,2907,10588,485,0.0373
ACH-000222,PH-797804,3042,3476,1130,0.2097
ACH-000222,Paclitaxel,4042,4601,2033,0.3076
ACH-000222,Palmatine (chloride),1925,2555,779,0.2105
ACH-000222,Panobinostat,5635,10725,4988,0.4386
ACH-000222,Pasireotide (acetate),2282,3682,1328,0.2865
ACH-000222,Pemetrexed,347,1416,197,0.1258
ACH-000222,Pemigatinib,626,1239,111,0.0633
ACH-000222,Penfluridol,277,1725,141,0.0758
ACH-000222,Pentagastrin,1552,3189,970,0.2572
ACH-000222,Pentamidine (isethionate),1866,3094,911,0.225
ACH-000222,Pentoxifylline,1822,2177,673,0.2023
ACH-000222,Peretinoin,668,3771,510,0.1298
ACH-000222,Perindopril (erbumine),613,874,198,0.1536
ACH-000222,Pexidartinib (hydrochloride),680,1553,349,0.1852
ACH-000222,Phenylephrine (hydrochloride),1891,2282,709,0.2047
ACH-000222,Phenytoin (sodium),374,1042,192,0.1569
ACH-000222,Pimitespib,2539,1159,586,0.1883
ACH-000222,Pimozide,1112,1558,376,0.1639
ACH-000222,Pioglitazone,1623,2690,904,0.2652
ACH-000222,Piroxicam,2272,1366,595,0.1955
ACH-000222,Pitavastatin (Calcium),406,2671,266,0.0946
ACH-000222,Ponatinib,1946,5204,1212,0.2041
ACH-000222,Posaconazole,356,2463,199,0.076
ACH-000222,Pralsetinib,3371,3375,1530,0.2933
ACH-000222,Pravastatin (sodium),1773,1429,540,0.2029
ACH-000222,Procainamide (hydrochloride),298,721,143,0.1632
ACH-000222,Proglumide,615,833,139,0.1062
ACH-000222,Pyridoxine,1326,2997,767,0.2157
ACH-000222,Pyridoxine (hydrochloride),2665,3152,1404,0.3182
ACH-000222,Quinestrol,1640,3128,1040,0.279
ACH-000222,Quinidine (15% dihydroquinidine),325,1225,171,0.124
ACH-000222,RMC-6236,4813,5375,2775,0.3743
ACH-000222,Radotinib,3268,5182,2208,0.3537
ACH-000222,Ralimetinib dimesylate,3682,801,516,0.1301
ACH-000222,Raltitrexed,1254,3212,869,0.2416
ACH-000222,Ranolazine,614,955,175,0.1255
ACH-000222,Rapamycin,1991,4644,1382,0.2631
ACH-000222,Regorafenib,3292,2437,1193,0.263
ACH-000222,Relugolix,1154,2318,713,0.2584
ACH-000222,Resveratrol,1429,3524,835,0.2028
ACH-000222,Retinoic acid,2801,3275,1304,0.2733
ACH-000222,Rifaximin,165,771,75,0.0871
ACH-000222,Riluzole hydrochloride,2840,4094,1658,0.3143
ACH-000222,Rimonabant,1494,2805,935,0.2779
ACH-000222,Ritonavir,1250,3000,722,0.2046
ACH-000222,Ropivacaine (hydrochloride monohydrate),1379,2735,812,0.2459
ACH-000222,Rosiglitazone,536,2107,384,0.17
ACH-000222,Roxadustat,565,2097,374,0.1635
ACH-000222,Rucaparib (phosphate),292,1011,153,0.133
ACH-000222,Rutin (trihydrate),1071,1128,396,0.2196
ACH-000222,S-Adenosyl-L-methionine (disulfate tosylate),1648,3588,1129,0.2749
ACH-000222,SBI-0640756,4721,2192,141,0.0208
ACH-000222,Sacubitril/Valsartan,581,1660,335,0.1758
ACH-000222,Salicylic acid,1611,3369,1023,0.2585
ACH-000222,Sapanisertib,4590,4523,2113,0.3019
ACH-000222,Saquinavir,961,2749,536,0.1689
ACH-000222,Selinexor ,3733,7131,2810,0.3489
ACH-000222,Sildenafil,259,1365,161,0.11
ACH-000222,Silodosin,243,489,76,0.1159
ACH-000222,Simotinib,266,446,73,0.1142
ACH-000222,Sinomenine,1225,2430,666,0.2228
ACH-000222,Sivelestat (sodium tetrahydrate),377,2650,246,0.0885
ACH-000222,Sodium Salicylate,1854,3796,1101,0.242
ACH-000222,Sonidegib,4453,5524,653,0.07
ACH-000222,Sulfatinib,271,900,152,0.1492
ACH-000222,Sulfisoxazole,1998,3227,968,0.2274
ACH-000222,Sunitinib,1716,2365,717,0.2131
ACH-000222,TAK-733,2251,4965,1423,0.2456
ACH-000222,TAK-901,3574,7513,2359,0.2703
ACH-000222,Tadalafil,250,1958,180,0.0888
ACH-000222,Talc,1120,750,211,0.1272
ACH-000222,Tazarotene,1679,1857,648,0.2244
ACH-000222,Temsirolimus,2273,3894,1324,0.2734
ACH-000222,Temuterkib,3583,2297,1041,0.2151
ACH-000222,Terfenadine,2321,2791,1000,0.2432
ACH-000222,Tetracycline (hydrochloride),233,1315,125,0.0878
ACH-000222,Thymol,1150,2121,520,0.189
ACH-000222,Thymopentin,130,1561,95,0.0595
ACH-000222,Tirabrutinib,1223,1755,585,0.2445
ACH-000222,Tirabrutinib (hydrochloride),1909,2527,769,0.2097
ACH-000222,Tofacitinib,1341,3255,738,0.1913
ACH-000222,Tofacitinib (citrate),1604,3170,868,0.2222
ACH-000222,Tolcapone,1150,3823,810,0.1946
ACH-000222,Tolmetin,461,1040,253,0.2027
ACH-000222,Tomivosertib,3287,2093,1030,0.2368
ACH-000222,Topotecan (hydrochloride),1582,4177,942,0.1956
ACH-000222,Torkinib,2684,1833,799,0.2149
ACH-000222,Trametinib,7551,7591,5149,0.5153
ACH-000222,Trametinib (DMSO_TF solvate),3521,4761,2377,0.4025
ACH-000222,Tranilast,171,1187,97,0.0769
ACH-000222,Triamcinolone,2684,4999,1934,0.3364
ACH-000222,Triclosan,1176,2917,711,0.2102
ACH-000222,Trifluridine,842,2290,448,0.1669
ACH-000222,Trimetrexate,1297,3355,756,0.194
ACH-000222,Tubulin inhibitor 6,1961,1352,647,0.2427
ACH-000222,Tucatinib,2807,1788,960,0.2641
ACH-000222,Tucidinostat,1393,6823,1054,0.1472
ACH-000222,ULK-101,3691,1426,684,0.1543
ACH-000222,Uridine,927,1301,361,0.1934
ACH-000222,Valdecoxib,802,1182,250,0.1442
ACH-000222,Vandetanib,1842,1969,690,0.2211
ACH-000222,Vemurafenib,3015,3260,1441,0.2981
ACH-000222,Verapamil,270,928,141,0.1334
ACH-000222,Verteporfin,275,2461,170,0.0663
ACH-000222,Vilanterol,1068,2382,509,0.1731
ACH-000222,Vinblastine (sulfate),2961,4888,1883,0.3156
ACH-000222,Vismodegib,725,1054,257,0.1689
ACH-000222,Vitamin K4,1738,1360,515,0.1994
ACH-000222,Volasertib,3165,1369,703,0.1835
ACH-000222,Voriconazole,1467,907,304,0.1469
ACH-000222,Vortioxetine,1874,1863,640,0.2067
ACH-000222,XRK3F2,3554,3532,1378,0.2414
ACH-000222,Zileuton,1251,1062,321,0.1611
ACH-000222,c-Kit-IN-1,6506,2712,2245,0.322
ACH-000222,crizotinib,364,1962,234,0.1119
ACH-000222,olaparib,3055,4844,391,0.0521
ACH-000222,palbociclib,2510,2442,856,0.209
ACH-000222,venetoclax,3719,4946,2209,0.3422
ACH-000222,vincristine,3880,2022,1079,0.2237
ACH-000222,γ-Oryzanol,727,852,194,0.1401
ACH-000236,(R)-Verapamil (hydrochloride),1439,2418,558,0.1691
ACH-000236,(S)-Crizotinib,414,786,160,0.1538
ACH-000236,18β-Glycyrrhetinic acid,1042,2727,497,0.1519
ACH-000236,4EGI-1,2011,1382,521,0.1814
ACH-000236,5-Azacytidine,1366,1323,372,0.1606
ACH-000236,5-Fluorouracil,1124,873,281,0.1638
ACH-000236,8-Hydroxyquinoline,1429,2929,729,0.2009
ACH-000236,9-ING-41,5161,2213,1245,0.2031
ACH-000236,APTO-253,3252,1626,673,0.16
ACH-000236,AT7519,1984,1143,522,0.2004
ACH-000236,AZD-7648,3801,2435,1028,0.1974
ACH-000236,AZD-8055,2738,2052,846,0.2145
ACH-000236,AZD1390,3091,2049,880,0.2066
ACH-000236,AZD2858,1458,1781,322,0.1104
ACH-000236,Abemaciclib,5396,2805,1844,0.2901
ACH-000236,Abiraterone acetate,1551,1661,516,0.1914
ACH-000236,Acetazolamide,1769,1025,354,0.1451
ACH-000236,Acetohexamide,1081,2513,460,0.1468
ACH-000236,Adagrasib,3490,2832,1393,0.2826
ACH-000236,Adenine,1700,2670,924,0.2681
ACH-000236,Adenosine,1399,3333,842,0.2165
ACH-000236,Afatinib,2894,4900,1466,0.2317
ACH-000236,Aliskiren,1415,2167,608,0.2044
ACH-000236,Allantoin,2100,3522,1060,0.2324
ACH-000236,Allopurinol,2264,1540,605,0.1891
ACH-000236,Almonertinib (hydrochloride),2003,2813,793,0.1971
ACH-000236,Almonertinib (mesylate),1147,1531,396,0.1735
ACH-000236,Alpelisib,1845,1507,577,0.2079
ACH-000236,Altretamine,158,604,91,0.1356
ACH-000236,Amsacrine,1538,3298,871,0.2197
ACH-000236,Anastrozole,1820,1772,681,0.2339
ACH-000236,Anethole trithione,2752,3752,1656,0.3416
ACH-000236,Apalutamide,111,825,54,0.0612
ACH-000236,Aprepitant,2120,867,361,0.1375
ACH-000236,Arbutin,308,1125,180,0.1437
ACH-000236,Artemether,1321,1180,364,0.1703
ACH-000236,Artesunate,2385,2971,1155,0.2749
ACH-000236,Asciminib,2165,1188,464,0.1606
ACH-000236,Aspirin,1293,1012,355,0.1821
ACH-000236,Ataluren,1517,914,323,0.1532
ACH-000236,Atazanavir (sulfate),1092,1470,444,0.2096
ACH-000236,Auranofin,1155,6047,725,0.1119
ACH-000236,Azithromycin (hydrate),1218,2566,535,0.1647
ACH-000236,BAY1125976,3842,4319,1745,0.272
ACH-000236,BI-3406,2753,2080,908,0.2313
ACH-000236,BI-78D3,4956,1837,971,0.1668
ACH-000236,Baicalin,1467,3300,888,0.2289
ACH-000236,Balsalazide (sodium hydrate),1538,2832,839,0.2376
ACH-000236,Belinostat,1853,8697,1444,0.1586
ACH-000236,Belumosudil,1210,1454,366,0.1593
ACH-000236,Belumosudil (mesylate),3106,1473,641,0.1628
ACH-000236,Belzutifan,2043,1780,490,0.147
ACH-000236,Bendamustine,243,609,107,0.1436
ACH-000236,Benproperine (phosphate),432,897,155,0.132
ACH-000236,Bentamapimod,3486,1658,773,0.1768
ACH-000236,Benztropine (mesylate),823,852,192,0.1295
ACH-000236,Berbamine,2740,2448,959,0.2268
ACH-000236,Berbamine (dihydrochloride),1668,1070,355,0.149
ACH-000236,Berberine (chloride hydrate),1317,3874,757,0.1707
ACH-000236,Bergenin,965,2103,421,0.159
ACH-000236,Bestatin,87,1004,50,0.048
ACH-000236,Bestatin (hydrochloride),1273,1250,387,0.1812
ACH-000236,Betamethasone dipropionate,236,672,104,0.1294
ACH-000236,Bexarotene,1485,1342,473,0.2009
ACH-000236,Bicalutamide,905,1262,288,0.1533
ACH-000236,Bimatoprost,1182,3213,586,0.1538
ACH-000236,Bimiralisib,4769,5347,2196,0.2773
ACH-000236,Binimetinib,5208,3655,2047,0.3003
ACH-000236,Bisoprolol (hemifumarate),478,1469,292,0.1764
ACH-000236,Bortezomib,5803,6619,3240,0.3529
ACH-000236,Bosentan (hydrate),211,1842,141,0.0737
ACH-000236,Brimonidine,851,1432,279,0.1392
ACH-000236,Brivudine,4103,5786,2076,0.2657
ACH-000236,Budesonide,2009,1443,399,0.1307
ACH-000236,Busulfan,2089,2438,763,0.2027
ACH-000236,CP21R7,2673,1222,477,0.1396
ACH-000236,Cabozantinib (S-malate),945,1739,344,0.147
ACH-000236,Canagliflozin,407,1156,203,0.1493
ACH-000236,Canagliflozin (hemihydrate),1218,1369,316,0.1391
ACH-000236,Capivasertib,2872,1293,541,0.1493
ACH-000236,Capmatinib,2880,1421,599,0.1618
ACH-000236,Captopril,1318,630,243,0.1425
ACH-000236,Carbamazepine,1776,1743,559,0.1889
ACH-000236,Celecoxib,3815,1488,662,0.1426
ACH-000236,Cepharanthine,1716,2907,806,0.2112
ACH-000236,Chlorhexidine (diacetate),1801,3706,1035,0.2314
ACH-000236,Ciclopirox,1103,2842,569,0.1685
ACH-000236,Cilostazol,411,1731,249,0.1315
ACH-000236,Cinacalcet,1402,1426,391,0.1604
ACH-000236,Citalopram (hydrobromide),1383,928,320,0.1607
ACH-000236,Clobetasol propionate,1010,770,180,0.1125
ACH-000236,Clofarabine,235,798,106,0.1143
ACH-000236,Clonidine (hydrochloride),2082,4037,1393,0.2948
ACH-000236,Clopidogrel,2146,1056,454,0.1652
ACH-000236,Clotrimazole,1133,2517,534,0.1714
ACH-000236,Cloxacillin (sodium),1757,2004,753,0.2503
ACH-000236,Cobimetinib,188,1557,112,0.0686
ACH-000236,Crizotinib (hydrochloride),1896,2129,781,0.2408
ACH-000236,Cyclosporin A,2180,1887,750,0.2261
ACH-000236,Cysteamine (hydrochloride),827,2377,421,0.1513
ACH-000236,Cytarabine,1085,1315,340,0.165
ACH-000236,Cytarabine (hydrochloride),304,883,146,0.1402
ACH-000236,DT-061,2473,1442,520,0.1532
ACH-000236,DTP3,3757,716,416,0.1025
ACH-000236,Dabrafenib,3143,3935,1378,0.2418
ACH-000236,Daidzin,1417,1341,388,0.1637
ACH-000236,Dapagliflozin,880,1070,293,0.1768
ACH-000236,"Dapagliflozin ((2S)-1,2-propanediol, hydrate)",325,1073,149,0.1193
ACH-000236,Darinaparsin,1719,3848,976,0.2126
ACH-000236,Darolutamide,1667,1642,603,0.2228
ACH-000236,Decitabine,852,2828,543,0.1731
ACH-000236,Delamanid,1711,2043,748,0.2488
ACH-000236,Demeclocycline,1130,2338,552,0.1893
ACH-000236,Dexamethasone,772,947,235,0.1584
ACH-000236,Dexmedetomidine,166,1098,86,0.073
ACH-000236,Diammonium Glycyrrhizinate,1876,3272,817,0.1886
ACH-000236,Digitoxin,1275,7058,964,0.1308
ACH-000236,Dihydroartemisinin,711,1966,314,0.1329
ACH-000236,Dimethyl fumarate,106,887,57,0.0609
ACH-000236,Dinaciclib,3827,7872,2986,0.3427
ACH-000236,Diphenhydramine,1022,1286,409,0.2154
ACH-000236,Docetaxel,4120,3518,1545,0.2536
ACH-000236,Docetaxel (Trihydrate),139,1752,81,0.0448
ACH-000236,Dorzolamide (hydrochloride),263,1476,152,0.0958
ACH-000236,Doxorubicin (hydrochloride),420,3449,241,0.0664
ACH-000236,Doxycycline (monohydrate),138,1092,87,0.0761
ACH-000236,Drospirenone,2029,2675,829,0.2139
ACH-000236,ERK5-IN-2,3193,4802,1433,0.2184
ACH-000236,ETC-206,2458,1379,616,0.1912
ACH-000236,EX229,5155,3964,2133,0.3053
ACH-000236,Econazole,1363,707,225,0.122
ACH-000236,Elagolix sodium,1689,3414,880,0.2084
ACH-000236,Elimusertib hydrochloride,4286,2841,1354,0.2345
ACH-000236,Encorafenib,13126,4114,236,0.0139
ACH-000236,Entecavir (monohydrate),67,1166,44,0.037
ACH-000236,Entrectinib,1395,1509,354,0.1388
ACH-000236,Epirubicin (hydrochloride),126,3373,63,0.0183
ACH-000236,Eplerenone,196,884,103,0.1054
ACH-000236,Erdafitinib ,11036,1675,129,0.0103
ACH-000236,Erlotinib,564,1329,224,0.1342
ACH-000236,Erythromycin,855,1266,245,0.1306
ACH-000236,Esmolol (hydrochloride),1168,1555,375,0.1597
ACH-000236,Estrone sulfate (potassium),1926,1530,483,0.1625
ACH-000236,Everolimus,2572,1623,617,0.1724
ACH-000236,Fedratinib (hydrochloride hydrate),1754,2506,711,0.2003
ACH-000236,Fenofibrate,656,554,195,0.1921
ACH-000236,Ferulic acid,378,1542,228,0.1348
ACH-000236,Filgotinib,674,2198,282,0.1089
ACH-000236,Finasteride,151,1079,86,0.0752
ACH-000236,Fingolimod (hydrochloride),976,1578,330,0.1484
ACH-000236,Flumatinib (mesylate),1330,1831,555,0.213
ACH-000236,Flutamide,1101,1479,290,0.1266
ACH-000236,Fluvoxamine,383,1711,233,0.1252
ACH-000236,Fluvoxamine (maleate),1202,3445,704,0.1785
ACH-000236,Folic acid,1280,2758,732,0.2214
ACH-000236,Fulvestrant,1355,910,244,0.1207
ACH-000236,Fumaric acid,1469,2387,660,0.2065
ACH-000236,Furosemide,681,1992,341,0.1462
ACH-000236,Fusidic acid,1351,2604,747,0.2329
ACH-000236,Futibatinib,3812,2149,1030,0.2089
ACH-000236,GSK1059615,4820,5036,2093,0.2696
ACH-000236,Gallic acid,1730,2646,880,0.2517
ACH-000236,Gallic acid (hydrate),2135,3098,865,0.198
ACH-000236,Gefitinib,1000,988,219,0.1238
ACH-000236,Gemcitabine,3362,2443,1179,0.2549
ACH-000236,Gemfibrozil,1273,2887,693,0.1999
ACH-000236,Glycyrrhizic acid,358,976,127,0.1052
ACH-000236,Goserelin (acetate),1947,2899,1018,0.2659
ACH-000236,HI-TOPK-032,4219,3437,1354,0.2149
ACH-000236,Harringtonine,597,8294,513,0.0612
ACH-000236,Hesperidin,347,1132,154,0.1162
ACH-000236,Hexylresorcinol,1467,2331,743,0.2432
ACH-000236,Homoharringtonine,9124,12636,7949,0.5756
ACH-000236,Hydroxyfasudil,4258,820,333,0.0702
ACH-000236,Hydroxyurea,138,876,58,0.0607
ACH-000236,IQ 1,3077,2074,811,0.1869
ACH-000236,Idarubicin (hydrochloride),8222,13416,7070,0.4853
ACH-000236,Idoxuridine,1675,1242,476,0.195
ACH-000236,Imiquimod (hydrochloride),1625,1638,419,0.1473
ACH-000236,Imiquimod (maleate),95,882,51,0.0551
ACH-000236,Indacaterol (maleate),1480,896,279,0.133
ACH-000236,Infigratinib,2401,3115,981,0.2163
ACH-000236,Ipatasertib,4592,2566,1288,0.2194
ACH-000236,Irinotecan,2634,2002,862,0.2284
ACH-000236,Irinotecan (hydrochloride),2878,1365,626,0.1731
ACH-000236,Isocorydine,1470,2433,616,0.1874
ACH-000236,Ivermectin,1161,985,285,0.1531
ACH-000236,Ixazomib,2351,2533,917,0.2312
ACH-000236,Ixazomib citrate,1019,6193,703,0.108
ACH-000236,L-Eflornithine (monohydrochloride),1795,994,387,0.1611
ACH-000236,L-Thyroxine (sodium salt pentahydrate),1450,2601,609,0.1769
ACH-000236,LB-100,2257,1307,426,0.1358
ACH-000236,LJI308,3254,1680,853,0.209
ACH-000236,LY-2584702 (tosylate salt),3534,1838,841,0.1856
ACH-000236,LY2090314,1556,1458,378,0.1434
ACH-000236,Lactate (calcium),1224,1592,357,0.1452
ACH-000236,Lapatinib ditosylate,2584,1294,499,0.1477
ACH-000236,Larotrectinib,2014,2762,785,0.1967
ACH-000236,Lenalidomide (hemihydrate),825,2710,366,0.1155
ACH-000236,Levobupivacaine (hydrochloride),354,997,161,0.1353
ACH-000236,Lidocaine (hydrochloride),1952,4044,1010,0.2026
ACH-000236,Ligustrazine,158,1156,89,0.0727
ACH-000236,Lipoic acid,1026,1836,493,0.2081
ACH-000236,Lonafarnib,2634,2171,743,0.1829
ACH-000236,Loperamide (hydrochloride),1438,1640,448,0.1703
ACH-000236,Lopinavir,1740,1492,609,0.2322
ACH-000236,Lucanthone,1650,1402,592,0.2407
ACH-000236,Lumateperone (tosylate),1085,2380,577,0.1998
ACH-000236,MK-3903,3539,2612,974,0.1881
ACH-000236,MK-8353,3049,1217,662,0.1837
ACH-000236,ML264,3385,2412,966,0.2
ACH-000236,Macitentan,128,581,64,0.0992
ACH-000236,Malotilate,2770,2803,1339,0.3162
ACH-000236,Mebendazole,291,1903,190,0.0948
ACH-000236,Medroxyprogesterone acetate,1180,3458,614,0.1526
ACH-000236,Megestrol,2089,2244,648,0.1758
ACH-000236,Meloxicam,1458,1252,382,0.1641
ACH-000236,Menadione,274,1248,145,0.1053
ACH-000236,Methotrexate,1026,1419,321,0.1511
ACH-000236,Methyl aminolevulinate (hydrochloride),1867,1167,442,0.1705
ACH-000236,Methylprednisolone succinate,4154,9948,647,0.0481
ACH-000236,Methylthiouracil,956,1245,313,0.1658
ACH-000236,Mifepristone,228,1035,115,0.1002
ACH-000236,Minodronic acid,2654,2462,1072,0.2651
ACH-000236,Mitoxantrone (dihydrochloride),1821,8790,1313,0.1412
ACH-000236,Monocrotaline,248,915,125,0.1204
ACH-000236,Mozavaptan,299,1168,145,0.1097
ACH-000236,NG25,1736,3165,856,0.2116
ACH-000236,NVP-BHG712,3849,2677,1046,0.1909
ACH-000236,Nafamostat (mesylate),1188,1021,259,0.1328
ACH-000236,Naproxen,833,1018,279,0.1775
ACH-000236,Neratinib,1013,1596,372,0.1663
ACH-000236,Neratinib (maleate),1758,4957,1189,0.2152
ACH-000236,Nevirapine,239,1230,127,0.0946
ACH-000236,Niclosamide (olamine),378,3521,248,0.0679
ACH-000236,Norepinephrine (hydrochloride),1083,2922,537,0.1548
ACH-000236,OTS514,2579,2108,799,0.2055
ACH-000236,Olanzapine,1353,3300,881,0.2336
ACH-000236,Oleic acid,2596,1341,587,0.1752
ACH-000236,Omeprazole,608,1309,238,0.1418
ACH-000236,Omeprazole (sodium),1126,799,211,0.1231
ACH-000236,Orlistat,263,1154,121,0.0934
ACH-000236,Osimertinib (mesylate),1338,2250,533,0.1745
ACH-000236,Ouabain (Octahydrate),1474,8677,1189,0.1327
ACH-000236,Oxaliplatin,3095,2819,1430,0.3189
ACH-000236,Oxaprozin,1504,1566,442,0.1682
ACH-000236,PF-06260933,3215,12031,885,0.0616
ACH-000236,PH-797804,3804,6915,2160,0.2524
ACH-000236,Paclitaxel,3096,3924,1246,0.2158
ACH-000236,Palmatine (chloride),1963,2761,702,0.1745
ACH-000236,Panobinostat,6839,10880,5889,0.4978
ACH-000236,Pasireotide (acetate),1984,2920,870,0.2157
ACH-000236,Pemetrexed,358,1380,192,0.1242
ACH-000236,Pemigatinib,652,1053,82,0.0505
ACH-000236,Penfluridol,214,960,110,0.1034
ACH-000236,Pentagastrin,1484,3253,806,0.205
ACH-000236,Pentamidine (isethionate),1805,3098,821,0.2011
ACH-000236,Pentoxifylline,1924,2409,791,0.2233
ACH-000236,Peretinoin,514,2270,349,0.1433
ACH-000236,Perindopril (erbumine),448,686,131,0.1306
ACH-000236,Pexidartinib (hydrochloride),465,916,197,0.1664
ACH-000236,Phenylephrine (hydrochloride),1808,1226,425,0.1629
ACH-000236,Phenytoin (sodium),387,977,168,0.1405
ACH-000236,Pimitespib,3235,1166,573,0.1497
ACH-000236,Pimozide,1085,1209,302,0.1516
ACH-000236,Pioglitazone,1477,1625,562,0.2213
ACH-000236,Piroxicam,2481,1430,666,0.2052
ACH-000236,Pitavastatin (Calcium),375,1924,210,0.1005
ACH-000236,Ponatinib,1244,3202,518,0.1319
ACH-000236,Posaconazole,240,1890,148,0.0747
ACH-000236,Pralsetinib,2673,2614,922,0.2112
ACH-000236,Pravastatin (sodium),1444,1225,409,0.181
ACH-000236,Procainamide (hydrochloride),100,693,53,0.0716
ACH-000236,Proglumide,706,672,139,0.1122
ACH-000236,Pyridoxine,1366,2766,614,0.1745
ACH-000236,Pyridoxine (hydrochloride),3078,2859,1406,0.3103
ACH-000236,Quinestrol,1559,2655,815,0.2398
ACH-000236,Quinidine (15% dihydroquinidine),89,957,60,0.0609
ACH-000236,RMC-6236,3388,4036,1396,0.2316
ACH-000236,Radotinib,2167,3181,1087,0.2551
ACH-000236,Ralimetinib dimesylate,3647,973,485,0.1173
ACH-000236,Raltitrexed,1111,3383,661,0.1724
ACH-000236,Ranolazine,517,839,144,0.1188
ACH-000236,Rapamycin,1710,3521,910,0.2106
ACH-000236,Regorafenib,3870,1641,853,0.1831
ACH-000236,Relugolix,1310,2246,646,0.222
ACH-000236,Resveratrol,1444,2991,717,0.1928
ACH-000236,Retinoic acid,2670,2862,1035,0.2302
ACH-000236,Rifaximin,63,683,44,0.0627
ACH-000236,Riluzole hydrochloride,2349,4630,1426,0.2568
ACH-000236,Rimonabant,1342,2732,810,0.2482
ACH-000236,Ritonavir,1154,3141,544,0.145
ACH-000236,Ropivacaine (hydrochloride monohydrate),1554,3019,869,0.2346
ACH-000236,Rosiglitazone,260,1064,135,0.1135
ACH-000236,Roxadustat,292,2044,190,0.0885
ACH-000236,Rucaparib (phosphate),189,890,93,0.0943
ACH-000236,Rutin (trihydrate),879,1033,331,0.2094
ACH-000236,S-Adenosyl-L-methionine (disulfate tosylate),1843,3827,1207,0.2704
ACH-000236,SBI-0640756,7630,2070,151,0.0158
ACH-000236,Sacubitril/Valsartan,369,1806,252,0.131
ACH-000236,Salicylic acid,1525,3273,877,0.2237
ACH-000236,Sapanisertib,5078,4356,2088,0.2842
ACH-000236,Saquinavir,840,3460,441,0.1143
ACH-000236,Selinexor ,3518,6235,2294,0.3075
ACH-000236,Sildenafil,233,1324,135,0.0949
ACH-000236,Silodosin,121,391,52,0.113
ACH-000236,Simotinib,151,270,38,0.0992
ACH-000236,Sinomenine,996,2136,468,0.1757
ACH-000236,Sivelestat (sodium tetrahydrate),291,2611,201,0.0744
ACH-000236,Sodium Salicylate,1988,3082,955,0.2321
ACH-000236,Sonidegib,5142,4994,647,0.0682
ACH-000236,Sulfatinib,155,715,88,0.1125
ACH-000236,Sulfisoxazole,2335,2731,820,0.1931
ACH-000236,Sunitinib,1692,2616,788,0.2239
ACH-000236,TAK-733,2069,4525,1144,0.2099
ACH-000236,TAK-901,3754,9695,2636,0.2438
ACH-000236,Tadalafil,147,1655,101,0.0594
ACH-000236,Talc,1065,563,168,0.1151
ACH-000236,Tazarotene,1415,1470,483,0.2011
ACH-000236,Temsirolimus,2363,3169,1024,0.2272
ACH-000236,Temuterkib,3645,2688,1023,0.1927
ACH-000236,Terfenadine,2221,3453,966,0.2052
ACH-000236,Tetracycline (hydrochloride),158,1463,91,0.0595
ACH-000236,Thymol,1172,2107,402,0.1397
ACH-000236,Thymopentin,126,1442,80,0.0538
ACH-000236,Tirabrutinib,1023,1503,443,0.2127
ACH-000236,Tirabrutinib (hydrochloride),2246,2063,754,0.2121
ACH-000236,Tofacitinib,1384,3311,641,0.1581
ACH-000236,Tofacitinib (citrate),1671,2768,750,0.2033
ACH-000236,Tolcapone,1095,4068,743,0.1681
ACH-000236,Tolmetin,360,986,202,0.1766
ACH-000236,Tomivosertib,3580,2064,964,0.206
ACH-000236,Topotecan (hydrochloride),1484,4607,796,0.1503
ACH-000236,Torkinib,3646,2026,903,0.1893
ACH-000236,Trametinib,5713,5594,2906,0.3459
ACH-000236,Trametinib (DMSO_TF solvate),1600,1646,606,0.2295
ACH-000236,Tranilast,104,1057,68,0.0622
ACH-000236,Triamcinolone,2474,3305,1264,0.28
ACH-000236,Triclosan,1368,2730,696,0.2046
ACH-000236,Trifluridine,873,2827,426,0.1301
ACH-000236,Trimetrexate,1227,3797,682,0.1571
ACH-000236,Tubulin inhibitor 6,2945,1268,638,0.1785
ACH-000236,Tucatinib,2757,1933,955,0.2557
ACH-000236,Tucidinostat,3448,11371,3000,0.2538
ACH-000236,ULK-101,4213,1424,681,0.1374
ACH-000236,Uridine,853,1575,368,0.1786
ACH-000236,Valdecoxib,827,1125,248,0.1455
ACH-000236,Vandetanib,1489,1686,522,0.1968
ACH-000236,Vemurafenib,3247,2330,936,0.2017
ACH-000236,Verapamil,121,641,59,0.0839
ACH-000236,Verteporfin,193,1888,125,0.0639
ACH-000236,Vilanterol,995,2944,518,0.1514
ACH-000236,Vinblastine (sulfate),1928,3924,1111,0.2343
ACH-000236,Vismodegib,902,911,235,0.1489
ACH-000236,Vitamin K4,1614,1417,485,0.1905
ACH-000236,Volasertib,2689,1475,589,0.1648
ACH-000236,Voriconazole,1310,1089,343,0.1668
ACH-000236,Vortioxetine,1660,1684,550,0.1969
ACH-000236,XRK3F2,4069,2354,1039,0.193
ACH-000236,Zileuton,1314,780,244,0.1319
ACH-000236,c-Kit-IN-1,5717,2759,1960,0.3008
ACH-000236,crizotinib,243,1397,143,0.0955
ACH-000236,olaparib,2470,9311,400,0.0351
ACH-000236,palbociclib,2836,2120,771,0.1842
ACH-000236,venetoclax,3312,3802,1544,0.2772
ACH-000236,vincristine,3759,1978,956,0.2
ACH-000236,γ-Oryzanol,809,836,206,0.1432
ACH-000311,(R)-Verapamil (hydrochloride),0,2,0,0.0
ACH-000311,(S)-Crizotinib,0,5,0,0.0
ACH-000311,18β-Glycyrrhetinic acid,2,39,2,0.0513
ACH-000311,4EGI-1,3,0,0,0.0
ACH-000311,5-Azacytidine,0,1,0,0.0
ACH-000311,5-Fluorouracil,2,1,0,0.0
ACH-000311,8-Hydroxyquinoline,2,11,2,0.1818
ACH-000311,9-ING-41,28,0,0,0.0
ACH-000311,APTO-253,5,3,0,0.0
ACH-000311,AT7519,6,2,2,0.3333
ACH-000311,AZD-7648,20,4,2,0.0909
ACH-000311,AZD-8055,8,5,1,0.0833
ACH-000311,AZD1390,3,1,1,0.3333
ACH-000311,AZD2858,8,4,2,0.2
ACH-000311,Abemaciclib,10,0,0,0.0
ACH-000311,Abiraterone acetate,0,1,0,0.0
ACH-000311,Acetazolamide,0,2,0,0.0
ACH-000311,Acetohexamide,1,7,1,0.1429
ACH-000311,Adagrasib,2,31,0,0.0
ACH-000311,Adenine,1,2,1,0.5
ACH-000311,Adenosine,0,6,0,0.0
ACH-000311,Afatinib,2,5,0,0.0
ACH-000311,Aliskiren,2,8,1,0.1111
ACH-000311,Allantoin,3,2,1,0.25
ACH-000311,Allopurinol,1,1,1,1.0
ACH-000311,Almonertinib (hydrochloride),2,18,2,0.1111
ACH-000311,Almonertinib (mesylate),0,0,0,
ACH-000311,Alpelisib,4,3,2,0.4
ACH-000311,Altretamine,0,5,0,0.0
ACH-000311,Amsacrine,3,7,3,0.4286
ACH-000311,Anastrozole,0,1,0,0.0
ACH-000311,Anethole trithione,2,4,0,0.0
ACH-000311,Apalutamide,0,4,0,0.0
ACH-000311,Aprepitant,0,3,0,0.0
ACH-000311,Arbutin,0,4,0,0.0
ACH-000311,Artemether,2,1,1,0.5
ACH-000311,Artesunate,2,6,0,0.0
ACH-000311,Asciminib,0,1,0,0.0
ACH-000311,Aspirin,0,3,0,0.0
ACH-000311,Ataluren,0,3,0,0.0
ACH-000311,Atazanavir (sulfate),0,3,0,0.0
ACH-000311,Auranofin,0,2,0,0.0
ACH-000311,Azithromycin (hydrate),0,3,0,0.0
ACH-000311,BAY1125976,10,2,1,0.0909
ACH-000311,BI-3406,2,1,1,0.5
ACH-000311,BI-78D3,29,3,2,0.0667
ACH-000311,Baicalin,2,7,2,0.2857
ACH-000311,Balsalazide (sodium hydrate),0,4,0,0.0
ACH-000311,Belinostat,2,2,2,1.0
ACH-000311,Belumosudil,0,2,0,0.0
ACH-000311,Belumosudil (mesylate),2,2,1,0.3333
ACH-000311,Belzutifan,3,3,2,0.5
ACH-000311,Bendamustine,0,0,0,
ACH-000311,Benproperine (phosphate),0,3,0,0.0
ACH-000311,Bentamapimod,5,0,0,0.0
ACH-000311,Benztropine (mesylate),0,4,0,0.0
ACH-000311,Berbamine,1,3,1,0.3333
ACH-000311,Berbamine (dihydrochloride),0,2,0,0.0
ACH-000311,Berberine (chloride hydrate),4,5,2,0.2857
ACH-000311,Bergenin,1,4,0,0.0
ACH-000311,Bestatin,0,4,0,0.0
ACH-000311,Bestatin (hydrochloride),2,4,2,0.5
ACH-000311,Betamethasone dipropionate,0,3,0,0.0
ACH-000311,Bexarotene,0,1,0,0.0
ACH-000311,Bicalutamide,0,1,0,0.0
ACH-000311,Bimatoprost,0,22,0,0.0
ACH-000311,Bimiralisib,15,0,0,0.0
ACH-000311,Binimetinib,14,4,4,0.2857
ACH-000311,Bisoprolol (hemifumarate),0,2,0,0.0
ACH-000311,Bortezomib,18,13,5,0.1923
ACH-000311,Bosentan (hydrate),0,6,0,0.0
ACH-000311,Brimonidine,0,1,0,0.0
ACH-000311,Brivudine,19,2,1,0.05
ACH-000311,Budesonide,0,2,0,0.0
ACH-000311,Busulfan,3,10,3,0.3
ACH-000311,CP21R7,16,6,1,0.0476
ACH-000311,Cabozantinib (S-malate),2,3,2,0.6667
ACH-000311,Canagliflozin,0,4,0,0.0
ACH-000311,Canagliflozin (hemihydrate),0,3,0,0.0
ACH-000311,Capivasertib,5,1,1,0.2
ACH-000311,Capmatinib,5,2,0,0.0
ACH-000311,Captopril,0,1,0,0.0
ACH-000311,Carbamazepine,0,1,0,0.0
ACH-000311,Celecoxib,10,2,1,0.0909
ACH-000311,Cepharanthine,0,6,0,0.0
ACH-000311,Chlorhexidine (diacetate),2,4,2,0.5
ACH-000311,Ciclopirox,2,15,2,0.1333
ACH-000311,Cilostazol,0,4,0,0.0
ACH-000311,Cinacalcet,2,4,2,0.5
ACH-000311,Citalopram (hydrobromide),0,3,0,0.0
ACH-000311,Clobetasol propionate,2,2,2,1.0
ACH-000311,Clofarabine,0,4,0,0.0
ACH-000311,Clonidine (hydrochloride),0,10,0,0.0
ACH-000311,Clopidogrel,1,3,1,0.3333
ACH-000311,Clotrimazole,1,11,1,0.0909
ACH-000311,Cloxacillin (sodium),2,5,1,0.1667
ACH-000311,Cobimetinib,0,8,0,0.0
ACH-000311,Crizotinib (hydrochloride),0,3,0,0.0
ACH-000311,Cyclosporin A,0,3,0,0.0
ACH-000311,Cysteamine (hydrochloride),3,6,2,0.2857
ACH-000311,Cytarabine,0,1,0,0.0
ACH-000311,Cytarabine (hydrochloride),0,4,0,0.0
ACH-000311,DT-061,5,4,1,0.125
ACH-000311,DTP3,2,2,2,1.0
ACH-000311,Dabrafenib,4,2,0,0.0
ACH-000311,Daidzin,0,4,0,0.0
ACH-000311,Dapagliflozin,0,1,0,0.0
ACH-000311,"Dapagliflozin ((2S)-1,2-propanediol, hydrate)",0,4,0,0.0
ACH-000311,Darinaparsin,2,8,2,0.25
ACH-000311,Darolutamide,0,2,0,0.0
ACH-000311,Decitabine,0,4,0,0.0
ACH-000311,Delamanid,0,4,0,0.0
ACH-000311,Demeclocycline,2,13,1,0.0714
ACH-000311,Dexamethasone,0,0,0,
ACH-000311,Dexmedetomidine,0,2,0,0.0
ACH-000311,Diammonium Glycyrrhizinate,3,8,2,0.2222
ACH-000311,Digitoxin,3,6,3,0.5
ACH-000311,Dihydroartemisinin,2,2,1,0.3333
ACH-000311,Dimethyl fumarate,0,2,0,0.0
ACH-000311,Dinaciclib,0,14,0,0.0
ACH-000311,Diphenhydramine,0,1,0,0.0
ACH-000311,Docetaxel,3,7,2,0.25
ACH-000311,Docetaxel (Trihydrate),0,2,0,0.0
ACH-000311,Dorzolamide (hydrochloride),0,4,0,0.0
ACH-000311,Doxorubicin (hydrochloride),0,6,0,0.0
ACH-000311,Doxycycline (monohydrate),0,5,0,0.0
ACH-000311,Drospirenone,0,2,0,0.0
ACH-000311,ERK5-IN-2,7,5,3,0.3333
ACH-000311,ETC-206,2,0,0,0.0
ACH-000311,EX229,34,3,2,0.0571
ACH-000311,Econazole,0,0,0,
ACH-000311,Elagolix sodium,2,12,2,0.1667
ACH-000311,Elimusertib hydrochloride,7,1,1,0.1429
ACH-000311,Entecavir (monohydrate),0,1,0,0.0
ACH-000311,Entrectinib,0,1,0,0.0
ACH-000311,Epirubicin (hydrochloride),0,4,0,0.0
ACH-000311,Eplerenone,0,2,0,0.0
ACH-000311,Erlotinib,0,2,0,0.0
ACH-000311,Erythromycin,1,0,0,0.0
ACH-000311,Esmolol (hydrochloride),0,3,0,0.0
ACH-000311,Estrone sulfate (potassium),0,1,0,0.0
ACH-000311,Everolimus,0,3,0,0.0
ACH-000311,Fedratinib (hydrochloride hydrate),0,2,0,0.0
ACH-000311,Fenofibrate,0,4,0,0.0
ACH-000311,Ferulic acid,0,6,0,0.0
ACH-000311,Filgotinib,2,2,2,1.0
ACH-000311,Finasteride,0,5,0,0.0
ACH-000311,Fingolimod (hydrochloride),1,1,1,1.0
ACH-000311,Flumatinib (mesylate),0,3,0,0.0
ACH-000311,Flutamide,0,2,0,0.0
ACH-000311,Fluvoxamine,0,2,0,0.0
ACH-000311,Fluvoxamine (maleate),0,9,0,0.0
ACH-000311,Folic acid,1,5,1,0.2
ACH-000311,Fulvestrant,3,3,3,1.0
ACH-000311,Fumaric acid,0,0,0,
ACH-000311,Furosemide,5,5,4,0.6667
ACH-000311,Fusidic acid,1,17,1,0.0588
ACH-000311,Futibatinib,17,3,1,0.0526
ACH-000311,GSK1059615,8,6,2,0.1667
ACH-000311,Gallic acid,5,8,0,0.0
ACH-000311,Gallic acid (hydrate),3,16,1,0.0556
ACH-000311,Gefitinib,0,2,0,0.0
ACH-000311,Gemcitabine,10,0,0,0.0
ACH-000311,Gemfibrozil,5,12,3,0.2143
ACH-000311,Glycyrrhizic acid,0,5,0,0.0
ACH-000311,Goserelin (acetate),5,3,0,0.0
ACH-000311,HI-TOPK-032,22,1,0,0.0
ACH-000311,Harringtonine,0,9,0,0.0
ACH-000311,Hesperidin,0,3,0,0.0
ACH-000311,Hexylresorcinol,1,3,1,0.3333
ACH-000311,Homoharringtonine,4,75,3,0.0395
ACH-000311,Hydroxyfasudil,20,2,2,0.1
ACH-000311,Hydroxyurea,0,3,0,0.0
ACH-000311,IQ 1,5,0,0,0.0
ACH-000311,Idarubicin (hydrochloride),0,8,0,0.0
ACH-000311,Idoxuridine,0,2,0,0.0
ACH-000311,Imiquimod (hydrochloride),0,1,0,0.0
ACH-000311,Imiquimod (maleate),0,5,0,0.0
ACH-000311,Indacaterol (maleate),0,2,0,0.0
ACH-000311,Infigratinib,5,3,2,0.3333
ACH-000311,Ipatasertib,20,2,1,0.0476
ACH-000311,Irinotecan,7,0,0,0.0
ACH-000311,Irinotecan (hydrochloride),0,1,0,0.0
ACH-000311,Isocorydine,0,37,0,0.0
ACH-000311,Ivermectin,0,2,0,0.0
ACH-000311,Ixazomib,6,2,1,0.1429
ACH-000311,Ixazomib citrate,0,2,0,0.0
ACH-000311,L-Eflornithine (monohydrochloride),1,1,1,1.0
ACH-000311,L-Thyroxine (sodium salt pentahydrate),1,10,1,0.1
ACH-000311,LB-100,3,0,0,0.0
ACH-000311,LJI308,10,3,2,0.1818
ACH-000311,LY-2584702 (tosylate salt),17,1,1,0.0588
ACH-000311,LY2090314,4,4,2,0.3333
ACH-000311,Lactate (calcium),0,1,0,0.0
ACH-000311,Lapatinib ditosylate,19,0,0,0.0
ACH-000311,Larotrectinib,1,9,1,0.1111
ACH-000311,Lenalidomide (hemihydrate),2,4,2,0.5
ACH-000311,Levobupivacaine (hydrochloride),0,1,0,0.0
ACH-000311,Lidocaine (hydrochloride),3,8,3,0.375
ACH-000311,Ligustrazine,0,8,0,0.0
ACH-000311,Lipoic acid,1,1,1,1.0
ACH-000311,Lonafarnib,16,4,2,0.1111
ACH-000311,Loperamide (hydrochloride),0,2,0,0.0
ACH-000311,Lopinavir,1,0,0,0.0
ACH-000311,Lucanthone,0,2,0,0.0
ACH-000311,Lumateperone (tosylate),0,1,0,0.0
ACH-000311,MK-3903,11,4,2,0.1538
ACH-000311,MK-8353,2,3,2,0.6667
ACH-000311,ML264,5,2,0,0.0
ACH-000311,Macitentan,0,2,0,0.0
ACH-000311,Malotilate,0,2,0,0.0
ACH-000311,Mebendazole,0,2,0,0.0
ACH-000311,Medroxyprogesterone acetate,0,12,0,0.0
ACH-000311,Megestrol,1,24,1,0.0417
ACH-000311,Meloxicam,0,3,0,0.0
ACH-000311,Menadione,0,4,0,0.0
ACH-000311,Methotrexate,3,1,1,0.3333
ACH-000311,Methyl aminolevulinate (hydrochloride),0,0,0,
ACH-000311,Methylprednisolone succinate,26,0,0,0.0
ACH-000311,Methylthiouracil,0,1,0,0.0
ACH-000311,Mifepristone,0,3,0,0.0
ACH-000311,Minodronic acid,1,2,1,0.5
ACH-000311,Mitoxantrone (dihydrochloride),1,2,0,0.0
ACH-000311,Monocrotaline,0,3,0,0.0
ACH-000311,Mozavaptan,0,3,0,0.0
ACH-000311,NG25,3,0,0,0.0
ACH-000311,NVP-BHG712,16,1,1,0.0625
ACH-000311,Nafamostat (mesylate),0,1,0,0.0
ACH-000311,Naproxen,0,3,0,0.0
ACH-000311,Neratinib,2,0,0,0.0
ACH-000311,Neratinib (maleate),2,8,2,0.25
ACH-000311,Nevirapine,0,2,0,0.0
ACH-000311,Niclosamide (olamine),0,4,0,0.0
ACH-000311,Norepinephrine (hydrochloride),3,6,3,0.5
ACH-000311,OTS514,21,2,2,0.0952
ACH-000311,Olanzapine,2,5,0,0.0
ACH-000311,Oleic acid,9,5,3,0.2727
ACH-000311,Omeprazole,0,3,0,0.0
ACH-000311,Omeprazole (sodium),0,1,0,0.0
ACH-000311,Orlistat,0,3,0,0.0
ACH-000311,Osimertinib (mesylate),3,0,0,0.0
ACH-000311,Ouabain (Octahydrate),0,2,0,0.0
ACH-000311,Oxaliplatin,11,0,0,0.0
ACH-000311,Oxaprozin,0,2,0,0.0
ACH-000311,PF-06260933,7,0,0,0.0
ACH-000311,PH-797804,46,4,3,0.0638
ACH-000311,Paclitaxel,16,1,1,0.0625
ACH-000311,Palmatine (chloride),0,9,0,0.0
ACH-000311,Panobinostat,0,0,0,
ACH-000311,Pasireotide (acetate),1,3,1,0.3333
ACH-000311,Pemetrexed,0,5,0,0.0
ACH-000311,Pemigatinib,6,2,2,0.3333
ACH-000311,Penfluridol,0,4,0,0.0
ACH-000311,Pentagastrin,3,19,3,0.1579
ACH-000311,Pentamidine (isethionate),3,10,2,0.1818
ACH-000311,Pentoxifylline,0,1,0,0.0
ACH-000311,Peretinoin,0,3,0,0.0
ACH-000311,Perindopril (erbumine),0,0,0,
ACH-000311,Pexidartinib (hydrochloride),0,2,0,0.0
ACH-000311,Phenylephrine (hydrochloride),0,2,0,0.0
ACH-000311,Phenytoin (sodium),0,5,0,0.0
ACH-000311,Pimitespib,3,2,2,0.6667
ACH-000311,Pimozide,4,2,2,0.5
ACH-000311,Pioglitazone,0,3,0,0.0
ACH-000311,Piroxicam,0,2,0,0.0
ACH-000311,Pitavastatin (Calcium),0,4,0,0.0
ACH-000311,Ponatinib,1,3,0,0.0
ACH-000311,Posaconazole,0,5,0,0.0
ACH-000311,Pralsetinib,8,1,0,0.0
ACH-000311,Pravastatin (sodium),0,0,0,
ACH-000311,Procainamide (hydrochloride),0,3,0,0.0
ACH-000311,Proglumide,0,1,0,0.0
ACH-000311,Pyridoxine,2,5,2,0.4
ACH-000311,Pyridoxine (hydrochloride),3,20,1,0.0455
ACH-000311,Quinestrol,1,25,0,0.0
ACH-000311,Quinidine (15% dihydroquinidine),0,2,0,0.0
ACH-000311,RMC-6236,0,3,0,0.0
ACH-000311,Radotinib,0,6,0,0.0
ACH-000311,Ralimetinib dimesylate,10,0,0,0.0
ACH-000311,Raltitrexed,0,9,0,0.0
ACH-000311,Ranolazine,0,3,0,0.0
ACH-000311,Rapamycin,1,9,1,0.1111
ACH-000311,Regorafenib,3,1,1,0.3333
ACH-000311,Relugolix,1,2,1,0.5
ACH-000311,Resveratrol,3,6,2,0.2857
ACH-000311,Retinoic acid,1,11,1,0.0909
ACH-000311,Rifaximin,0,1,0,0.0
ACH-000311,Riluzole hydrochloride,2,19,1,0.05
ACH-000311,Rimonabant,4,6,3,0.4286
ACH-000311,Ritonavir,1,6,1,0.1667
ACH-000311,Ropivacaine (hydrochloride monohydrate),3,6,3,0.5
ACH-000311,Rosiglitazone,0,3,0,0.0
ACH-000311,Roxadustat,0,2,0,0.0
ACH-000311,Rucaparib (phosphate),0,3,0,0.0
ACH-000311,Rutin (trihydrate),0,5,0,0.0
ACH-000311,S-Adenosyl-L-methionine (disulfate tosylate),1,3,1,0.3333
ACH-000311,Sacubitril/Valsartan,0,4,0,0.0
ACH-000311,Salicylic acid,1,17,1,0.0588
ACH-000311,Sapanisertib,31,1,1,0.0323
ACH-000311,Saquinavir,3,4,3,0.75
ACH-000311,Selinexor ,3,4,0,0.0
ACH-000311,Sildenafil,0,5,0,0.0
ACH-000311,Silodosin,0,3,0,0.0
ACH-000311,Simotinib,0,4,0,0.0
ACH-000311,Sinomenine,1,6,1,0.1667
ACH-000311,Sivelestat (sodium tetrahydrate),0,6,0,0.0
ACH-000311,Sodium Salicylate,1,13,1,0.0769
ACH-000311,Sonidegib,13,3,3,0.2308
ACH-000311,Sulfatinib,0,3,0,0.0
ACH-000311,Sulfisoxazole,2,7,2,0.2857
ACH-000311,Sunitinib,1,2,1,0.5
ACH-000311,TAK-733,4,2,1,0.2
ACH-000311,TAK-901,8,4,2,0.2
ACH-000311,Tadalafil,0,5,0,0.0
ACH-000311,Talc,0,3,0,0.0
ACH-000311,Tazarotene,0,1,0,0.0
ACH-000311,Temsirolimus,2,4,1,0.2
ACH-000311,Temuterkib,16,1,1,0.0625
ACH-000311,Terfenadine,0,2,0,0.0
ACH-000311,Tetracycline (hydrochloride),0,2,0,0.0
ACH-000311,Thymol,4,5,3,0.5
ACH-000311,Thymopentin,0,5,0,0.0
ACH-000311,Tirabrutinib,0,5,0,0.0
ACH-000311,Tirabrutinib (hydrochloride),2,2,2,1.0
ACH-000311,Tofacitinib,1,10,1,0.1
ACH-000311,Tofacitinib (citrate),0,7,0,0.0
ACH-000311,Tolcapone,2,3,1,0.25
ACH-000311,Tolmetin,0,3,0,0.0
ACH-000311,Tomivosertib,3,2,1,0.25
ACH-000311,Topotecan (hydrochloride),0,2,0,0.0
ACH-000311,Torkinib,3,5,1,0.1429
ACH-000311,Trametinib,24,2,1,0.04
ACH-000311,Trametinib (DMSO_TF solvate),0,1,0,0.0
ACH-000311,Tranilast,0,2,0,0.0
ACH-000311,Triamcinolone,0,22,0,0.0
ACH-000311,Triclosan,1,9,1,0.1111
ACH-000311,Trifluridine,2,5,0,0.0
ACH-000311,Trimetrexate,1,6,1,0.1667
ACH-000311,Tubulin inhibitor 6,3,6,2,0.2857
ACH-000311,Tucatinib,2,1,1,0.5
ACH-000311,Tucidinostat,1,39,1,0.0256
ACH-000311,ULK-101,35,4,3,0.0833
ACH-000311,Uridine,0,0,0,
ACH-000311,Valdecoxib,3,4,3,0.75
ACH-000311,Vandetanib,0,2,0,0.0
ACH-000311,Vemurafenib,3,1,0,0.0
ACH-000311,Verapamil,0,4,0,0.0
ACH-000311,Verteporfin,0,2,0,0.0
ACH-000311,Vilanterol,1,3,1,0.3333
ACH-000311,Vinblastine (sulfate),3,6,2,0.2857
ACH-000311,Vismodegib,3,2,2,0.6667
ACH-000311,Vitamin K4,0,1,0,0.0
ACH-000311,Volasertib,20,3,1,0.0455
ACH-000311,Voriconazole,3,2,1,0.25
ACH-000311,Vortioxetine,0,1,0,0.0
ACH-000311,XRK3F2,12,0,0,0.0
ACH-000311,Zileuton,0,1,0,0.0
ACH-000311,c-Kit-IN-1,7,0,0,0.0
ACH-000311,crizotinib,0,6,0,0.0
ACH-000311,olaparib,3,0,0,0.0
ACH-000311,palbociclib,4,2,1,0.2
ACH-000311,venetoclax,4,4,2,0.3333
ACH-000311,vincristine,15,4,3,0.1875
ACH-000311,γ-Oryzanol,0,2,0,0.0
ACH-000348,(R)-Verapamil (hydrochloride),500,1603,210,0.1109
ACH-000348,(S)-Crizotinib,306,481,82,0.1163
ACH-000348,18β-Glycyrrhetinic acid,329,1377,178,0.1165
ACH-000348,4EGI-1,2061,803,460,0.1913
ACH-000348,5-Azacytidine,1248,2390,563,0.1831
ACH-000348,5-Fluorouracil,1008,767,242,0.1579
ACH-000348,8-Hydroxyquinoline,443,1523,264,0.1551
ACH-000348,9-ING-41,2870,873,389,0.116
ACH-000348,APTO-253,1942,405,183,0.0846
ACH-000348,AT7519,1217,439,238,0.1678
ACH-000348,AZD-7648,2487,790,361,0.1238
ACH-000348,AZD-8055,2759,787,485,0.1584
ACH-000348,AZD1390,1882,849,338,0.1412
ACH-000348,AZD2858,1183,780,186,0.1047
ACH-000348,Abemaciclib,4000,6009,912,0.1003
ACH-000348,Abiraterone acetate,1188,1299,316,0.1456
ACH-000348,Acetazolamide,1582,885,319,0.1485
ACH-000348,Acetohexamide,356,1207,179,0.1293
ACH-000348,Adagrasib,1701,1404,586,0.2326
ACH-000348,Adenine,669,1158,324,0.2156
ACH-000348,Adenosine,503,1808,315,0.1578
ACH-000348,Afatinib,1811,2453,712,0.2005
ACH-000348,Aliskiren,448,1304,231,0.1519
ACH-000348,Allantoin,814,1858,392,0.1719
ACH-000348,Allopurinol,2559,1158,557,0.1763
ACH-000348,Almonertinib (hydrochloride),526,1435,232,0.1342
ACH-000348,Almonertinib (mesylate),888,1457,316,0.1557
ACH-000348,Alpelisib,1467,696,296,0.1585
ACH-000348,Altretamine,144,310,61,0.1552
ACH-000348,Amsacrine,626,1827,354,0.1687
ACH-000348,Anastrozole,955,551,226,0.1766
ACH-000348,Anethole trithione,1080,1675,558,0.254
ACH-000348,Apalutamide,47,810,22,0.0263
ACH-000348,Aprepitant,1750,1010,426,0.1825
ACH-000348,Arbutin,255,648,138,0.1804
ACH-000348,Artemether,1661,1281,460,0.1853
ACH-000348,Artesunate,861,1616,422,0.2054
ACH-000348,Asciminib,1920,1290,500,0.1845
ACH-000348,Aspirin,1190,817,295,0.1723
ACH-000348,Ataluren,1402,725,269,0.1448
ACH-000348,Atazanavir (sulfate),1140,1399,440,0.2096
ACH-000348,Auranofin,1494,6069,956,0.1447
ACH-000348,Azithromycin (hydrate),370,1273,198,0.137
ACH-000348,BAY1125976,2366,2319,743,0.1885
ACH-000348,BI-3406,1670,750,336,0.1612
ACH-000348,BI-78D3,3116,642,323,0.094
ACH-000348,Baicalin,536,1673,326,0.1731
ACH-000348,Balsalazide (sodium hydrate),564,1168,317,0.224
ACH-000348,Belinostat,1413,7852,1081,0.1321
ACH-000348,Belumosudil,843,1585,323,0.1534
ACH-000348,Belumosudil (mesylate),2040,749,357,0.1468
ACH-000348,Belzutifan,1414,863,234,0.1145
ACH-000348,Bendamustine,185,435,80,0.1481
ACH-000348,Benproperine (phosphate),310,756,130,0.1389
ACH-000348,Bentamapimod,2306,633,299,0.1133
ACH-000348,Benztropine (mesylate),858,612,143,0.1078
ACH-000348,Berbamine,1344,1209,423,0.1986
ACH-000348,Berbamine (dihydrochloride),1051,610,208,0.1432
ACH-000348,Berberine (chloride hydrate),481,1405,247,0.1507
ACH-000348,Bergenin,242,1115,135,0.1105
ACH-000348,Bestatin,77,962,38,0.038
ACH-000348,Bestatin (hydrochloride),1217,1263,327,0.1519
ACH-000348,Betamethasone dipropionate,573,1626,366,0.1997
ACH-000348,Bexarotene,1564,1972,642,0.2218
ACH-000348,Bicalutamide,773,836,203,0.1444
ACH-000348,Bimatoprost,513,2091,287,0.1239
ACH-000348,Bimiralisib,2624,2026,686,0.1731
ACH-000348,Binimetinib,3662,2311,1214,0.2551
ACH-000348,Bisoprolol (hemifumarate),399,1225,220,0.1567
ACH-000348,Bortezomib,3597,3233,1598,0.3054
ACH-000348,Bosentan (hydrate),231,1303,151,0.1092
ACH-000348,Brimonidine,728,707,146,0.1133
ACH-000348,Brivudine,2603,2256,799,0.1968
ACH-000348,Budesonide,2729,2695,1163,0.2729
ACH-000348,Busulfan,758,1030,232,0.1491
ACH-000348,CP21R7,1695,498,212,0.107
ACH-000348,Cabozantinib (S-malate),1021,1821,447,0.1866
ACH-000348,Canagliflozin,266,776,121,0.1314
ACH-000348,Canagliflozin (hemihydrate),1087,738,189,0.1155
ACH-000348,Capivasertib,1592,542,241,0.1273
ACH-000348,Capmatinib,1707,600,288,0.1426
ACH-000348,Captopril,1176,815,247,0.1416
ACH-000348,Carbamazepine,1338,1436,370,0.1539
ACH-000348,Celecoxib,2219,600,227,0.0876
ACH-000348,Cepharanthine,490,1484,264,0.1544
ACH-000348,Chlorhexidine (diacetate),945,1543,394,0.1882
ACH-000348,Ciclopirox,459,1771,248,0.1251
ACH-000348,Cilostazol,193,1412,122,0.0823
ACH-000348,Cinacalcet,1079,995,289,0.1619
ACH-000348,Citalopram (hydrobromide),1979,802,303,0.1223
ACH-000348,Clobetasol propionate,1886,2360,917,0.2755
ACH-000348,Clofarabine,138,625,64,0.0916
ACH-000348,Clonidine (hydrochloride),676,1787,421,0.2062
ACH-000348,Clopidogrel,2080,900,413,0.1609
ACH-000348,Clotrimazole,438,1667,267,0.1453
ACH-000348,Cloxacillin (sodium),493,777,226,0.2165
ACH-000348,Cobimetinib,157,1405,95,0.0648
ACH-000348,Crizotinib (hydrochloride),1613,1986,673,0.23
ACH-000348,Cyclosporin A,2155,1736,743,0.236
ACH-000348,Cysteamine (hydrochloride),217,1187,134,0.1055
ACH-000348,Cytarabine,781,846,211,0.149
ACH-000348,Cytarabine (hydrochloride),290,609,128,0.166
ACH-000348,DT-061,1313,594,249,0.1502
ACH-000348,DTP3,2315,288,132,0.0534
ACH-000348,Dabrafenib,2395,1826,678,0.1914
ACH-000348,Daidzin,1234,841,263,0.1451
ACH-000348,Dapagliflozin,845,766,218,0.1565
ACH-000348,"Dapagliflozin ((2S)-1,2-propanediol, hydrate)",298,684,104,0.1185
ACH-000348,Darinaparsin,517,2408,334,0.1289
ACH-000348,Darolutamide,1727,1692,599,0.2124
ACH-000348,Decitabine,645,2051,354,0.1512
ACH-000348,Delamanid,1422,1671,564,0.223
ACH-000348,Demeclocycline,312,1067,163,0.134
ACH-000348,Dexamethasone,2095,2725,1172,0.3213
ACH-000348,Dexmedetomidine,142,672,78,0.106
ACH-000348,Diammonium Glycyrrhizinate,571,1776,228,0.1076
ACH-000348,Digitoxin,1896,5646,1421,0.2322
ACH-000348,Dihydroartemisinin,581,2032,263,0.1119
ACH-000348,Dimethyl fumarate,100,480,49,0.0923
ACH-000348,Dinaciclib,2692,6256,2145,0.3153
ACH-000348,Diphenhydramine,734,736,254,0.2089
ACH-000348,Docetaxel,1693,1806,571,0.195
ACH-000348,Docetaxel (Trihydrate),102,1667,66,0.0388
ACH-000348,Dorzolamide (hydrochloride),202,1082,111,0.0946
ACH-000348,Doxorubicin (hydrochloride),216,3941,155,0.0387
ACH-000348,Doxycycline (monohydrate),132,597,59,0.0881
ACH-000348,Drospirenone,1844,1861,660,0.2167
ACH-000348,ERK5-IN-2,2301,2300,695,0.1779
ACH-000348,ETC-206,1525,559,244,0.1326
ACH-000348,EX229,3366,1831,997,0.2374
ACH-000348,Econazole,1253,1148,310,0.1483
ACH-000348,Elagolix sodium,621,1789,330,0.1587
ACH-000348,Elimusertib hydrochloride,2545,1236,609,0.192
ACH-000348,Encorafenib,5426,1828,98,0.0137
ACH-000348,Entecavir (monohydrate),29,1293,22,0.0169
ACH-000348,Entrectinib,1008,1709,305,0.1265
ACH-000348,Epirubicin (hydrochloride),94,4090,69,0.0168
ACH-000348,Eplerenone,114,441,60,0.1212
ACH-000348,Erdafitinib ,2549,684,68,0.0215
ACH-000348,Erlotinib,374,1249,182,0.1263
ACH-000348,Erythromycin,871,1004,204,0.1221
ACH-000348,Esmolol (hydrochloride),1095,1232,303,0.1497
ACH-000348,Estrone sulfate (potassium),1893,1455,452,0.1561
ACH-000348,Everolimus,1514,550,298,0.1687
ACH-000348,Fedratinib (hydrochloride hydrate),1608,2557,759,0.2228
ACH-000348,Fenofibrate,435,420,130,0.1793
ACH-000348,Ferulic acid,223,1013,124,0.1115
ACH-000348,Filgotinib,720,1957,316,0.1338
ACH-000348,Finasteride,148,952,77,0.0753
ACH-000348,Fingolimod (hydrochloride),849,1531,307,0.1481
ACH-000348,Flumatinib (mesylate),998,1935,456,0.1841
ACH-000348,Flutamide,1028,1092,237,0.1259
ACH-000348,Fluvoxamine,415,994,209,0.1742
ACH-000348,Fluvoxamine (maleate),451,1933,267,0.1261
ACH-000348,Folic acid,498,1146,261,0.1887
ACH-000348,Fulvestrant,1313,935,306,0.1576
ACH-000348,Fumaric acid,1028,1686,425,0.1857
ACH-000348,Furosemide,262,968,126,0.1141
ACH-000348,Fusidic acid,341,1048,187,0.1556
ACH-000348,Futibatinib,2355,911,457,0.1627
ACH-000348,GSK1059615,2530,1888,661,0.1759
ACH-000348,Gallic acid,584,1241,292,0.1905
ACH-000348,Gallic acid (hydrate),732,1641,292,0.1403
ACH-000348,Gefitinib,878,835,198,0.1307
ACH-000348,Gemcitabine,2189,919,450,0.1693
ACH-000348,Gemfibrozil,524,1674,273,0.1418
ACH-000348,Glycyrrhizic acid,308,586,75,0.0916
ACH-000348,Goserelin (acetate),483,1235,270,0.1865
ACH-000348,HI-TOPK-032,3045,1327,585,0.1545
ACH-000348,Harringtonine,584,8512,507,0.059
ACH-000348,Hesperidin,217,754,100,0.1148
ACH-000348,Hexylresorcinol,503,1545,312,0.1797
ACH-000348,Homoharringtonine,7343,10591,6265,0.5369
ACH-000348,Hydroxyfasudil,2929,631,205,0.0611
ACH-000348,Hydroxyurea,144,555,47,0.0721
ACH-000348,IQ 1,1990,845,383,0.1562
ACH-000348,Idarubicin (hydrochloride),4922,9205,4009,0.3962
ACH-000348,Idoxuridine,1677,1136,452,0.1914
ACH-000348,Imiquimod (hydrochloride),1294,1355,327,0.1408
ACH-000348,Imiquimod (maleate),94,374,20,0.0446
ACH-000348,Indacaterol (maleate),1803,894,406,0.1772
ACH-000348,Infigratinib,1747,1159,439,0.1779
ACH-000348,Ipatasertib,2426,1095,437,0.1417
ACH-000348,Irinotecan,1942,686,356,0.1567
ACH-000348,Irinotecan (hydrochloride),2419,1164,503,0.1633
ACH-000348,Isocorydine,441,1156,211,0.1522
ACH-000348,Ivermectin,1084,879,257,0.1506
ACH-000348,Ixazomib,1406,1045,454,0.2273
ACH-000348,Ixazomib citrate,992,6100,733,0.1153
ACH-000348,L-Eflornithine (monohydrochloride),1651,790,269,0.1238
ACH-000348,L-Thyroxine (sodium salt pentahydrate),426,1307,160,0.1017
ACH-000348,LB-100,1309,384,163,0.1065
ACH-000348,LJI308,2203,983,477,0.1761
ACH-000348,LY-2584702 (tosylate salt),2285,696,272,0.1004
ACH-000348,LY2090314,986,462,184,0.1456
ACH-000348,Lactate (calcium),1266,1520,333,0.1358
ACH-000348,Lapatinib ditosylate,1628,519,211,0.109
ACH-000348,Larotrectinib,629,1577,272,0.1406
ACH-000348,Lenalidomide (hemihydrate),306,1369,163,0.1078
ACH-000348,Levobupivacaine (hydrochloride),322,731,134,0.1458
ACH-000348,Lidocaine (hydrochloride),934,2216,394,0.143
ACH-000348,Ligustrazine,141,828,86,0.0974
ACH-000348,Lipoic acid,279,835,158,0.1653
ACH-000348,Lonafarnib,2507,810,318,0.106
ACH-000348,Loperamide (hydrochloride),1551,1238,417,0.1758
ACH-000348,Lopinavir,1179,1631,471,0.2014
ACH-000348,Lucanthone,1448,848,394,0.2072
ACH-000348,Lumateperone (tosylate),387,1022,208,0.1732
ACH-000348,MK-3903,2244,1101,406,0.1381
ACH-000348,MK-8353,2063,523,284,0.1234
ACH-000348,ML264,2458,895,388,0.1309
ACH-000348,Macitentan,72,353,34,0.087
ACH-000348,Malotilate,2306,2465,1077,0.2916
ACH-000348,Mebendazole,228,2043,154,0.0727
ACH-000348,Medroxyprogesterone acetate,659,1941,308,0.1344
ACH-000348,Megestrol,691,1229,248,0.1483
ACH-000348,Meloxicam,1085,979,243,0.1334
ACH-000348,Menadione,215,544,74,0.108
ACH-000348,Methotrexate,774,1027,227,0.1442
ACH-000348,Methyl aminolevulinate (hydrochloride),1287,1139,365,0.1771
ACH-000348,Methylprednisolone succinate,2556,62,47,0.0183
ACH-000348,Methylthiouracil,794,1148,250,0.1478
ACH-000348,Mifepristone,196,751,87,0.1012
ACH-000348,Minodronic acid,1471,847,372,0.1912
ACH-000348,Mitoxantrone (dihydrochloride),631,4671,440,0.0905
ACH-000348,Monocrotaline,197,895,92,0.092
ACH-000348,Mozavaptan,175,787,92,0.1057
ACH-000348,NG25,1289,1484,409,0.173
ACH-000348,NVP-BHG712,2569,996,389,0.1225
ACH-000348,Nafamostat (mesylate),1450,760,278,0.1439
ACH-000348,Naproxen,564,680,172,0.1604
ACH-000348,Neratinib,953,1264,294,0.1529
ACH-000348,Neratinib (maleate),567,2669,390,0.137
ACH-000348,Nevirapine,144,819,84,0.0956
ACH-000348,Niclosamide (olamine),220,3003,153,0.0498
ACH-000348,Norepinephrine (hydrochloride),418,1722,222,0.1157
ACH-000348,OTS514,1216,833,269,0.1511
ACH-000348,Olanzapine,480,1811,306,0.1542
ACH-000348,Oleic acid,1381,507,233,0.1408
ACH-000348,Omeprazole,548,1020,168,0.12
ACH-000348,Omeprazole (sodium),783,599,143,0.1154
ACH-000348,Orlistat,219,805,99,0.107
ACH-000348,Osimertinib (mesylate),1190,2059,460,0.1649
ACH-000348,Ouabain (Octahydrate),3150,7037,2485,0.3226
ACH-000348,Oxaliplatin,2098,1150,621,0.2364
ACH-000348,Oxaprozin,1729,1410,488,0.1841
ACH-000348,PF-06260933,2491,756,350,0.1208
ACH-000348,PH-797804,2231,3892,899,0.1721
ACH-000348,Paclitaxel,2258,1830,549,0.1551
ACH-000348,Palmatine (chloride),643,1285,236,0.1395
ACH-000348,Panobinostat,5841,10095,4933,0.4483
ACH-000348,Pasireotide (acetate),888,1555,403,0.1975
ACH-000348,Pemetrexed,321,783,140,0.1452
ACH-000348,Pemigatinib,502,542,39,0.0388
ACH-000348,Penfluridol,159,831,68,0.0738
ACH-000348,Pentagastrin,408,1310,248,0.1687
ACH-000348,Pentamidine (isethionate),602,1641,279,0.1421
ACH-000348,Pentoxifylline,1676,1955,645,0.216
ACH-000348,Peretinoin,550,3097,411,0.127
ACH-000348,Perindopril (erbumine),519,463,102,0.1159
ACH-000348,Pexidartinib (hydrochloride),136,653,89,0.1271
ACH-000348,Phenylephrine (hydrochloride),1449,1718,476,0.1769
ACH-000348,Phenytoin (sodium),229,668,87,0.1074
ACH-000348,Pimitespib,2161,629,343,0.1402
ACH-000348,Pimozide,876,1120,231,0.1309
ACH-000348,Pioglitazone,1622,1348,502,0.2034
ACH-000348,Piroxicam,2549,1296,629,0.1956
ACH-000348,Pitavastatin (Calcium),304,2660,211,0.0766
ACH-000348,Ponatinib,1698,2928,766,0.1984
ACH-000348,Posaconazole,130,1492,86,0.056
ACH-000348,Pralsetinib,2017,1443,577,0.2001
ACH-000348,Pravastatin (sodium),1182,696,246,0.1507
ACH-000348,Procainamide (hydrochloride),109,297,37,0.1003
ACH-000348,Proglumide,536,783,150,0.1283
ACH-000348,Pyridoxine,488,1648,229,0.1201
ACH-000348,Pyridoxine (hydrochloride),1178,1262,455,0.2292
ACH-000348,Quinestrol,521,1459,286,0.1688
ACH-000348,Quinidine (15% dihydroquinidine),207,999,99,0.0894
ACH-000348,RMC-6236,2232,1830,648,0.1898
ACH-000348,Radotinib,929,2383,492,0.1745
ACH-000348,Ralimetinib dimesylate,2453,186,108,0.0427
ACH-000348,Raltitrexed,343,1604,219,0.1267
ACH-000348,Ranolazine,513,983,157,0.1173
ACH-000348,Rapamycin,774,3113,533,0.1589
ACH-000348,Regorafenib,2549,649,382,0.1357
ACH-000348,Relugolix,478,859,232,0.21
ACH-000348,Resveratrol,646,2202,344,0.1374
ACH-000348,Retinoic acid,1234,1843,581,0.2328
ACH-000348,Rifaximin,77,597,51,0.0819
ACH-000348,Riluzole hydrochloride,836,2363,488,0.18
ACH-000348,Rimonabant,412,1244,248,0.1761
ACH-000348,Ritonavir,402,1859,208,0.1013
ACH-000348,Ropivacaine (hydrochloride monohydrate),572,1597,303,0.1624
ACH-000348,Rosiglitazone,169,683,89,0.1166
ACH-000348,Roxadustat,315,1417,179,0.1153
ACH-000348,Rucaparib (phosphate),161,720,70,0.0863
ACH-000348,Rutin (trihydrate),695,568,220,0.2109
ACH-000348,S-Adenosyl-L-methionine (disulfate tosylate),650,1932,402,0.1844
ACH-000348,SBI-0640756,377,759,46,0.0422
ACH-000348,Sacubitril/Valsartan,290,1399,211,0.1428
ACH-000348,Salicylic acid,541,1834,321,0.1563
ACH-000348,Sapanisertib,3391,2492,1004,0.2058
ACH-000348,Saquinavir,452,2049,217,0.095
ACH-000348,Selinexor ,1934,4354,1241,0.2459
ACH-000348,Sildenafil,125,871,66,0.071
ACH-000348,Silodosin,104,233,32,0.1049
ACH-000348,Simotinib,126,171,31,0.1165
ACH-000348,Sinomenine,406,1092,203,0.1568
ACH-000348,Sivelestat (sodium tetrahydrate),148,1881,111,0.0579
ACH-000348,Sodium Salicylate,675,1702,344,0.1692
ACH-000348,Sonidegib,3830,509,255,0.0624
ACH-000348,Sulfatinib,127,605,61,0.0909
ACH-000348,Sulfisoxazole,968,1580,367,0.1683
ACH-000348,Sunitinib,1673,2272,718,0.2225
ACH-000348,TAK-733,1443,1631,490,0.1896
ACH-000348,TAK-901,2817,6635,1774,0.231
ACH-000348,Tadalafil,55,1252,40,0.0316
ACH-000348,Talc,886,530,137,0.1071
ACH-000348,Tazarotene,1678,1482,564,0.2173
ACH-000348,Temsirolimus,886,2485,449,0.1537
ACH-000348,Temuterkib,2537,928,337,0.1077
ACH-000348,Terfenadine,881,1949,339,0.1361
ACH-000348,Tetracycline (hydrochloride),106,1228,58,0.0455
ACH-000348,Thymol,453,1101,175,0.1269
ACH-000348,Thymopentin,132,822,74,0.0841
ACH-000348,Tirabrutinib,688,1263,341,0.2118
ACH-000348,Tirabrutinib (hydrochloride),2214,1930,689,0.1994
ACH-000348,Tofacitinib,545,1864,281,0.132
ACH-000348,Tofacitinib (citrate),529,1781,299,0.1487
ACH-000348,Tolcapone,369,1824,257,0.1327
ACH-000348,Tolmetin,183,609,105,0.1528
ACH-000348,Tomivosertib,2666,645,384,0.1312
ACH-000348,Topotecan (hydrochloride),899,4005,555,0.1276
ACH-000348,Torkinib,2135,847,388,0.1496
ACH-000348,Trametinib,3723,3753,1724,0.2997
ACH-000348,Trametinib (DMSO_TF solvate),1008,1808,527,0.2302
ACH-000348,Tranilast,75,561,43,0.0725
ACH-000348,Triamcinolone,1220,2554,788,0.2639
ACH-000348,Triclosan,479,1454,260,0.1554
ACH-000348,Trifluridine,293,1370,158,0.105
ACH-000348,Trimetrexate,521,1911,301,0.1412
ACH-000348,Tubulin inhibitor 6,1313,591,286,0.1768
ACH-000348,Tucatinib,2089,819,449,0.1826
ACH-000348,Tucidinostat,1231,7773,1013,0.1268
ACH-000348,ULK-101,2656,832,383,0.1233
ACH-000348,Uridine,840,1359,298,0.1568
ACH-000348,Valdecoxib,852,835,202,0.136
ACH-000348,Vandetanib,1591,1741,612,0.225
ACH-000348,Vemurafenib,1967,723,322,0.136
ACH-000348,Verapamil,156,579,68,0.1019
ACH-000348,Verteporfin,145,1486,90,0.0584
ACH-000348,Vilanterol,268,1862,143,0.072
ACH-000348,Vinblastine (sulfate),771,3198,509,0.1471
ACH-000348,Vismodegib,575,559,94,0.0904
ACH-000348,Vitamin K4,1280,972,298,0.1525
ACH-000348,Volasertib,1962,580,296,0.1318
ACH-000348,Voriconazole,1126,1001,260,0.1393
ACH-000348,Vortioxetine,1301,1721,496,0.1964
ACH-000348,XRK3F2,2105,923,334,0.124
ACH-000348,Zileuton,1197,681,218,0.1313
ACH-000348,c-Kit-IN-1,4026,1127,744,0.1687
ACH-000348,crizotinib,111,1051,71,0.0651
ACH-000348,olaparib,2009,194,102,0.0485
ACH-000348,palbociclib,1949,747,309,0.1295
ACH-000348,venetoclax,2141,1578,676,0.2221
ACH-000348,vincristine,2595,907,450,0.1474
ACH-000348,γ-Oryzanol,741,743,187,0.1442
ACH-000389,(R)-Verapamil (hydrochloride),214,931,85,0.0802
ACH-000389,(S)-Crizotinib,136,632,61,0.0863
ACH-000389,18β-Glycyrrhetinic acid,189,878,78,0.0789
ACH-000389,4EGI-1,1565,371,205,0.1184
ACH-000389,5-Azacytidine,563,2049,222,0.0929
ACH-000389,5-Fluorouracil,537,836,173,0.1442
ACH-000389,8-Hydroxyquinoline,231,763,110,0.1244
ACH-000389,9-ING-41,2375,410,224,0.0875
ACH-000389,APTO-253,1153,198,79,0.0621
ACH-000389,AT7519,716,273,113,0.129
ACH-000389,AZD-7648,1574,238,108,0.0634
ACH-000389,AZD-8055,1833,360,199,0.0998
ACH-000389,AZD1390,1144,384,150,0.1089
ACH-000389,AZD2858,951,376,111,0.0913
ACH-000389,Abemaciclib,2602,728,425,0.1463
ACH-000389,Abiraterone acetate,941,1255,279,0.1455
ACH-000389,Acetazolamide,1367,1080,407,0.1995
ACH-000389,Acetohexamide,170,995,71,0.0649
ACH-000389,Adagrasib,1243,1012,365,0.1931
ACH-000389,Adenine,248,558,103,0.1465
ACH-000389,Adenosine,259,1499,146,0.0906
ACH-000389,Afatinib,802,1517,292,0.1441
ACH-000389,Aliskiren,136,655,71,0.0986
ACH-000389,Allantoin,516,1456,224,0.1281
ACH-000389,Allopurinol,2504,1100,603,0.2009
ACH-000389,Almonertinib (hydrochloride),496,945,160,0.1249
ACH-000389,Almonertinib (mesylate),632,1796,302,0.1421
ACH-000389,Alpelisib,773,352,126,0.1261
ACH-000389,Altretamine,85,259,44,0.1467
ACH-000389,Amsacrine,217,1579,109,0.0646
ACH-000389,Anastrozole,511,267,100,0.1475
ACH-000389,Anethole trithione,542,842,245,0.2151
ACH-000389,Apalutamide,61,477,22,0.0426
ACH-000389,Aprepitant,1397,1154,457,0.2182
ACH-000389,Arbutin,122,404,70,0.1535
ACH-000389,Artemether,1160,1379,483,0.2349
ACH-000389,Artesunate,613,1435,325,0.1886
ACH-000389,Asciminib,1156,969,345,0.1938
ACH-000389,Aspirin,908,572,208,0.1635
ACH-000389,Ataluren,895,1140,253,0.142
ACH-000389,Atazanavir (sulfate),1258,1297,486,0.2349
ACH-000389,Auranofin,727,6455,512,0.0768
ACH-000389,Azithromycin (hydrate),216,775,84,0.0926
ACH-000389,BAY1125976,1414,1166,349,0.1564
ACH-000389,BI-3406,1964,521,326,0.151
ACH-000389,BI-78D3,2174,369,179,0.0757
ACH-000389,Baicalin,215,1071,127,0.1096
ACH-000389,Balsalazide (sodium hydrate),179,712,107,0.1365
ACH-000389,Belinostat,1201,7231,840,0.1106
ACH-000389,Belumosudil,577,1214,217,0.1379
ACH-000389,Belumosudil (mesylate),1392,882,337,0.174
ACH-000389,Belzutifan,822,361,65,0.0581
ACH-000389,Bendamustine,145,220,41,0.1265
ACH-000389,Benproperine (phosphate),134,769,83,0.1012
ACH-000389,Bentamapimod,1393,359,131,0.0808
ACH-000389,Benztropine (mesylate),658,639,125,0.1067
ACH-000389,Berbamine,813,872,234,0.1613
ACH-000389,Berbamine (dihydrochloride),613,691,152,0.1319
ACH-000389,Berberine (chloride hydrate),200,739,82,0.0957
ACH-000389,Bergenin,115,1024,73,0.0685
ACH-000389,Bestatin,38,1149,26,0.0224
ACH-000389,Bestatin (hydrochloride),1105,772,238,0.1452
ACH-000389,Betamethasone dipropionate,840,2133,574,0.2393
ACH-000389,Bexarotene,1202,1612,514,0.2235
ACH-000389,Bicalutamide,660,634,163,0.1441
ACH-000389,Bimatoprost,299,1186,128,0.0943
ACH-000389,Bimiralisib,1793,963,312,0.1277
ACH-000389,Binimetinib,2685,2556,1095,0.2641
ACH-000389,Bisoprolol (hemifumarate),335,1180,163,0.1206
ACH-000389,Bortezomib,2497,3858,1429,0.2901
ACH-000389,Bosentan (hydrate),105,1359,76,0.0548
ACH-000389,Brimonidine,716,434,123,0.1198
ACH-000389,Brivudine,1399,1603,365,0.1384
ACH-000389,Budesonide,3309,3865,1839,0.3447
ACH-000389,Busulfan,515,658,115,0.1087
ACH-000389,CP21R7,1107,279,100,0.0778
ACH-000389,Cabozantinib (S-malate),847,1972,295,0.1169
ACH-000389,Canagliflozin,250,855,128,0.131
ACH-000389,Canagliflozin (hemihydrate),826,1157,252,0.1456
ACH-000389,Capivasertib,710,187,79,0.0966
ACH-000389,Capmatinib,871,284,111,0.1063
ACH-000389,Captopril,633,707,131,0.1084
ACH-000389,Carbamazepine,975,1412,344,0.1684
ACH-000389,Celecoxib,1482,225,83,0.0511
ACH-000389,Cepharanthine,346,986,147,0.1241
ACH-000389,Chlorhexidine (diacetate),568,1794,311,0.1516
ACH-000389,Ciclopirox,287,1594,147,0.0848
ACH-000389,Cilostazol,122,1387,84,0.0589
ACH-000389,Cinacalcet,814,966,252,0.1649
ACH-000389,Citalopram (hydrobromide),2346,614,271,0.1008
ACH-000389,Clobetasol propionate,2840,3361,1607,0.3498
ACH-000389,Clofarabine,82,511,37,0.0665
ACH-000389,Clonidine (hydrochloride),389,893,223,0.2106
ACH-000389,Clopidogrel,2198,912,523,0.2022
ACH-000389,Clotrimazole,182,1264,112,0.084
ACH-000389,Cloxacillin (sodium),301,641,139,0.1731
ACH-000389,Cobimetinib,104,2018,65,0.0316
ACH-000389,Crizotinib (hydrochloride),1213,2070,573,0.2114
ACH-000389,Cyclosporin A,1739,1656,671,0.2463
ACH-000389,Cysteamine (hydrochloride),152,698,79,0.1025
ACH-000389,Cytarabine,458,1380,211,0.1297
ACH-000389,Cytarabine (hydrochloride),234,1012,132,0.1185
ACH-000389,DT-061,759,266,90,0.0963
ACH-000389,DTP3,1357,215,66,0.0438
ACH-000389,Dabrafenib,1241,1154,299,0.1427
ACH-000389,Daidzin,716,776,181,0.1381
ACH-000389,Dapagliflozin,487,647,144,0.1455
ACH-000389,"Dapagliflozin ((2S)-1,2-propanediol, hydrate)",231,703,84,0.0988
ACH-000389,Darinaparsin,266,1514,144,0.088
ACH-000389,Darolutamide,1559,1303,548,0.2368
ACH-000389,Decitabine,492,1762,288,0.1465
ACH-000389,Delamanid,915,1586,420,0.2018
ACH-000389,Demeclocycline,209,666,89,0.1132
ACH-000389,Dexamethasone,2426,3367,1572,0.3724
ACH-000389,Dexmedetomidine,81,640,44,0.065
ACH-000389,Diammonium Glycyrrhizinate,467,1340,178,0.1093
ACH-000389,Digitoxin,4347,6862,3569,0.4671
ACH-000389,Dihydroartemisinin,386,1283,146,0.0959
ACH-000389,Dimethyl fumarate,69,411,37,0.0835
ACH-000389,Dinaciclib,1824,4558,1241,0.2414
ACH-000389,Diphenhydramine,540,542,179,0.1982
ACH-000389,Docetaxel,1116,1430,379,0.1749
ACH-000389,Docetaxel (Trihydrate),87,1976,57,0.0284
ACH-000389,Dorzolamide (hydrochloride),163,1340,95,0.0675
ACH-000389,Doxorubicin (hydrochloride),144,4671,115,0.0245
ACH-000389,Doxycycline (monohydrate),119,916,65,0.067
ACH-000389,Drospirenone,1633,1541,568,0.218
ACH-000389,ERK5-IN-2,1509,1204,355,0.1506
ACH-000389,ETC-206,813,244,106,0.1115
ACH-000389,EX229,2157,861,388,0.1475
ACH-000389,Econazole,867,1878,347,0.1447
ACH-000389,Elagolix sodium,395,1084,178,0.1368
ACH-000389,Elimusertib hydrochloride,1535,625,265,0.1398
ACH-000389,Entecavir (monohydrate),32,1254,21,0.0166
ACH-000389,Entrectinib,830,1445,254,0.1257
ACH-000389,Epirubicin (hydrochloride),113,4895,75,0.0152
ACH-000389,Eplerenone,88,415,48,0.1055
ACH-000389,Erdafitinib ,155,359,19,0.0384
ACH-000389,Erlotinib,80,1297,58,0.044
ACH-000389,Erythromycin,450,744,120,0.1117
ACH-000389,Esmolol (hydrochloride),845,564,164,0.1317
ACH-000389,Estrone sulfate (potassium),1284,1130,361,0.1758
ACH-000389,Everolimus,833,200,91,0.0966
ACH-000389,Fedratinib (hydrochloride hydrate),1258,1898,478,0.1785
ACH-000389,Fenofibrate,327,472,123,0.182
ACH-000389,Ferulic acid,179,1126,100,0.083
ACH-000389,Filgotinib,720,828,206,0.1535
ACH-000389,Finasteride,119,957,69,0.0685
ACH-000389,Fingolimod (hydrochloride),528,990,145,0.1056
ACH-000389,Flumatinib (mesylate),757,1591,341,0.1699
ACH-000389,Flutamide,834,1080,233,0.1386
ACH-000389,Fluvoxamine,300,886,105,0.0971
ACH-000389,Fluvoxamine (maleate),162,1341,92,0.0652
ACH-000389,Folic acid,226,465,88,0.1459
ACH-000389,Fulvestrant,892,1730,384,0.1716
ACH-000389,Fumaric acid,667,1463,301,0.1646
ACH-000389,Furosemide,129,579,65,0.1011
ACH-000389,Fusidic acid,122,617,71,0.1063
ACH-000389,Futibatinib,1572,420,205,0.1147
ACH-000389,GSK1059615,1866,708,267,0.1157
ACH-000389,Gallic acid,484,688,148,0.1445
ACH-000389,Gallic acid (hydrate),396,1182,135,0.0936
ACH-000389,Gefitinib,662,3657,422,0.1083
ACH-000389,Gemcitabine,1127,678,236,0.1504
ACH-000389,Gemfibrozil,259,1242,150,0.111
ACH-000389,Glycyrrhizic acid,295,427,66,0.1006
ACH-000389,Goserelin (acetate),202,835,115,0.1247
ACH-000389,HI-TOPK-032,1957,770,298,0.1227
ACH-000389,Harringtonine,1085,6363,860,0.1305
ACH-000389,Hesperidin,276,564,98,0.1321
ACH-000389,Hexylresorcinol,278,900,145,0.1404
ACH-000389,Homoharringtonine,4704,6085,3339,0.4482
ACH-000389,Hydroxyfasudil,2103,351,128,0.055
ACH-000389,Hydroxyurea,67,654,23,0.033
ACH-000389,IQ 1,1125,464,153,0.1065
ACH-000389,Idarubicin (hydrochloride),3320,5341,2179,0.3362
ACH-000389,Idoxuridine,1471,1397,548,0.2362
ACH-000389,Imiquimod (hydrochloride),683,1224,190,0.1107
ACH-000389,Imiquimod (maleate),86,350,28,0.0686
ACH-000389,Indacaterol (maleate),1215,860,266,0.147
ACH-000389,Infigratinib,793,794,202,0.1458
ACH-000389,Ipatasertib,1827,694,246,0.1081
ACH-000389,Irinotecan,932,287,139,0.1287
ACH-000389,Irinotecan (hydrochloride),2744,1176,525,0.1546
ACH-000389,Isocorydine,202,591,95,0.1361
ACH-000389,Ivermectin,540,573,98,0.0966
ACH-000389,Ixazomib,812,771,234,0.1735
ACH-000389,Ixazomib citrate,511,6419,381,0.0582
ACH-000389,L-Eflornithine (monohydrochloride),1203,931,353,0.1982
ACH-000389,L-Thyroxine (sodium salt pentahydrate),277,888,72,0.0659
ACH-000389,LB-100,775,175,73,0.0832
ACH-000389,LJI308,1408,1179,370,0.1669
ACH-000389,LY-2584702 (tosylate salt),1541,337,146,0.0843
ACH-000389,LY2090314,464,212,50,0.0799
ACH-000389,Lactate (calcium),1058,1061,249,0.1332
ACH-000389,Lapatinib ditosylate,969,281,95,0.0823
ACH-000389,Larotrectinib,290,1060,103,0.0826
ACH-000389,Lenalidomide (hemihydrate),147,1111,66,0.0554
ACH-000389,Levobupivacaine (hydrochloride),83,856,62,0.0707
ACH-000389,Lidocaine (hydrochloride),591,1603,212,0.107
ACH-000389,Ligustrazine,100,739,59,0.0756
ACH-000389,Lipoic acid,127,428,61,0.1235
ACH-000389,Lonafarnib,830,636,163,0.1251
ACH-000389,Loperamide (hydrochloride),1061,1076,323,0.1781
ACH-000389,Lopinavir,734,883,233,0.1684
ACH-000389,Lucanthone,1249,1078,420,0.2202
ACH-000389,Lumateperone (tosylate),176,559,91,0.1413
ACH-000389,MK-3903,1288,397,147,0.0956
ACH-000389,MK-8353,977,179,95,0.0895
ACH-000389,ML264,1374,485,172,0.102
ACH-000389,Macitentan,22,648,18,0.0276
ACH-000389,Malotilate,2368,2389,1108,0.3036
ACH-000389,Mebendazole,191,1775,120,0.065
ACH-000389,Medroxyprogesterone acetate,545,2239,304,0.1226
ACH-000389,Megestrol,535,845,159,0.1302
ACH-000389,Meloxicam,819,741,182,0.1321
ACH-000389,Menadione,133,631,63,0.0899
ACH-000389,Methotrexate,566,1115,182,0.1214
ACH-000389,Methyl aminolevulinate (hydrochloride),674,1030,241,0.1647
ACH-000389,Methylprednisolone succinate,1780,78,32,0.0175
ACH-000389,Methylthiouracil,662,1306,260,0.1522
ACH-000389,Mifepristone,124,554,68,0.1115
ACH-000389,Minodronic acid,871,306,150,0.1461
ACH-000389,Mitoxantrone (dihydrochloride),542,2387,303,0.1154
ACH-000389,Monocrotaline,118,1098,67,0.0583
ACH-000389,Mozavaptan,150,477,65,0.1157
ACH-000389,NG25,607,879,196,0.1519
ACH-000389,NVP-BHG712,1743,496,173,0.0837
ACH-000389,Nafamostat (mesylate),1071,871,286,0.1727
ACH-000389,Naproxen,303,499,99,0.1408
ACH-000389,Neratinib,515,1415,186,0.1067
ACH-000389,Neratinib (maleate),375,2296,240,0.0987
ACH-000389,Nevirapine,91,1008,59,0.0567
ACH-000389,Niclosamide (olamine),127,2300,99,0.0425
ACH-000389,Norepinephrine (hydrochloride),220,1077,124,0.1057
ACH-000389,OTS514,770,528,140,0.1209
ACH-000389,Olanzapine,224,1078,137,0.1176
ACH-000389,Oleic acid,901,177,94,0.0955
ACH-000389,Omeprazole,671,583,157,0.1431
ACH-000389,Omeprazole (sodium),348,617,86,0.0978
ACH-000389,Orlistat,102,730,54,0.0694
ACH-000389,Osimertinib (mesylate),578,1900,233,0.1038
ACH-000389,Ouabain (Octahydrate),6756,8429,5330,0.5408
ACH-000389,Oxaliplatin,1465,580,276,0.156
ACH-000389,Oxaprozin,1263,1357,434,0.1985
ACH-000389,PF-06260933,1591,331,110,0.0607
ACH-000389,PH-797804,1555,625,200,0.101
ACH-000389,Paclitaxel,1047,1392,258,0.1183
ACH-000389,Palmatine (chloride),406,935,131,0.1083
ACH-000389,Panobinostat,5796,9368,4839,0.4687
ACH-000389,Pasireotide (acetate),371,875,149,0.1358
ACH-000389,Pemetrexed,235,711,95,0.1116
ACH-000389,Pemigatinib,394,310,31,0.0461
ACH-000389,Penfluridol,94,699,46,0.0616
ACH-000389,Pentagastrin,170,948,104,0.1026
ACH-000389,Pentamidine (isethionate),610,1230,228,0.1414
ACH-000389,Pentoxifylline,1585,1932,726,0.2601
ACH-000389,Peretinoin,338,2931,261,0.0868
ACH-000389,Perindopril (erbumine),410,408,97,0.1345
ACH-000389,Pexidartinib (hydrochloride),187,693,123,0.1625
ACH-000389,Phenylephrine (hydrochloride),782,2355,357,0.1284
ACH-000389,Phenytoin (sodium),158,765,72,0.0846
ACH-000389,Pimitespib,1456,264,151,0.0962
ACH-000389,Pimozide,673,1070,175,0.1116
ACH-000389,Pioglitazone,1044,1147,352,0.1914
ACH-000389,Piroxicam,2300,1193,630,0.22
ACH-000389,Pitavastatin (Calcium),248,3170,181,0.0559
ACH-000389,Ponatinib,2235,3951,1144,0.2269
ACH-000389,Posaconazole,98,1125,67,0.058
ACH-000389,Pralsetinib,1048,695,235,0.1558
ACH-000389,Pravastatin (sodium),770,732,213,0.1652
ACH-000389,Procainamide (hydrochloride),64,169,27,0.1311
ACH-000389,Proglumide,535,487,91,0.0977
ACH-000389,Pyridoxine,197,1055,97,0.084
ACH-000389,Pyridoxine (hydrochloride),816,397,166,0.1585
ACH-000389,Quinestrol,211,1184,147,0.1178
ACH-000389,Quinidine (15% dihydroquinidine),110,1284,82,0.0625
ACH-000389,RMC-6236,1478,1581,484,0.188
ACH-000389,Radotinib,328,1001,149,0.1263
ACH-000389,Ralimetinib dimesylate,1587,133,62,0.0374
ACH-000389,Raltitrexed,171,917,109,0.1113
ACH-000389,Ranolazine,497,715,143,0.1338
ACH-000389,Rapamycin,575,1829,331,0.1597
ACH-000389,Regorafenib,1123,282,133,0.1046
ACH-000389,Relugolix,193,405,76,0.1456
ACH-000389,Resveratrol,378,1587,194,0.1095
ACH-000389,Retinoic acid,499,1021,184,0.1377
ACH-000389,Rifaximin,42,721,27,0.0367
ACH-000389,Riluzole hydrochloride,381,1666,201,0.1089
ACH-000389,Rimonabant,183,783,109,0.1272
ACH-000389,Ritonavir,146,971,81,0.0782
ACH-000389,Ropivacaine (hydrochloride monohydrate),361,969,167,0.1436
ACH-000389,Rosiglitazone,122,525,68,0.1174
ACH-000389,Roxadustat,231,1497,142,0.0895
ACH-000389,Rucaparib (phosphate),70,602,40,0.0633
ACH-000389,Rutin (trihydrate),467,741,216,0.2177
ACH-000389,S-Adenosyl-L-methionine (disulfate tosylate),329,1403,206,0.135
ACH-000389,SBI-0640756,226,274,16,0.0331
ACH-000389,Sacubitril/Valsartan,151,1457,118,0.0792
ACH-000389,Salicylic acid,300,987,157,0.1389
ACH-000389,Sapanisertib,2150,1495,539,0.1735
ACH-000389,Saquinavir,353,1258,125,0.0841
ACH-000389,Selinexor ,1170,3528,707,0.1771
ACH-000389,Sildenafil,26,829,22,0.0264
ACH-000389,Silodosin,71,132,23,0.1278
ACH-000389,Simotinib,78,273,25,0.0767
ACH-000389,Sinomenine,270,693,96,0.1107
ACH-000389,Sivelestat (sodium tetrahydrate),165,1512,115,0.0736
ACH-000389,Sodium Salicylate,213,1451,136,0.089
ACH-000389,Sonidegib,2823,278,110,0.0368
ACH-000389,Sulfatinib,75,537,40,0.0699
ACH-000389,Sulfisoxazole,517,1252,178,0.1119
ACH-000389,Sunitinib,1222,2045,503,0.182
ACH-000389,TAK-733,710,937,174,0.1181
ACH-000389,TAK-901,1513,3989,699,0.1455
ACH-000389,Tadalafil,80,1127,56,0.0487
ACH-000389,Talc,738,685,192,0.156
ACH-000389,Tazarotene,1138,1323,419,0.2052
ACH-000389,Temsirolimus,371,1593,173,0.0966
ACH-000389,Temuterkib,1677,400,171,0.0897
ACH-000389,Terfenadine,580,1099,216,0.1476
ACH-000389,Tetracycline (hydrochloride),55,1220,30,0.0241
ACH-000389,Thymol,258,735,72,0.0782
ACH-000389,Thymopentin,78,850,45,0.051
ACH-000389,Tirabrutinib,492,818,253,0.2394
ACH-000389,Tirabrutinib (hydrochloride),1904,1715,654,0.2206
ACH-000389,Tofacitinib,194,1020,89,0.0791
ACH-000389,Tofacitinib (citrate),305,1061,141,0.1151
ACH-000389,Tolcapone,189,1617,132,0.0789
ACH-000389,Tolmetin,91,590,52,0.0827
ACH-000389,Tomivosertib,1583,274,145,0.0847
ACH-000389,Topotecan (hydrochloride),726,2771,402,0.1299
ACH-000389,Torkinib,1272,383,144,0.0953
ACH-000389,Trametinib,3315,3300,1511,0.296
ACH-000389,Trametinib (DMSO_TF solvate),834,2508,540,0.1927
ACH-000389,Tranilast,49,687,32,0.0455
ACH-000389,Triamcinolone,1162,3268,860,0.2409
ACH-000389,Triclosan,249,1115,112,0.0895
ACH-000389,Trifluridine,110,966,60,0.0591
ACH-000389,Trimetrexate,212,1611,119,0.0698
ACH-000389,Tubulin inhibitor 6,834,189,85,0.0906
ACH-000389,Tucatinib,1033,386,194,0.1584
ACH-000389,Tucidinostat,379,4620,270,0.0571
ACH-000389,ULK-101,1665,454,158,0.0806
ACH-000389,Uridine,510,1273,209,0.1328
ACH-000389,Valdecoxib,428,654,90,0.0907
ACH-000389,Vandetanib,1116,1664,461,0.1988
ACH-000389,Vemurafenib,803,229,78,0.0818
ACH-000389,Verapamil,92,490,47,0.0879
ACH-000389,Verteporfin,75,1213,49,0.0395
ACH-000389,Vilanterol,255,1271,133,0.0955
ACH-000389,Vinblastine (sulfate),373,2461,259,0.1006
ACH-000389,Vismodegib,261,362,44,0.076
ACH-000389,Vitamin K4,1011,1108,282,0.1535
ACH-000389,Volasertib,1061,221,86,0.0719
ACH-000389,Voriconazole,570,774,160,0.1351
ACH-000389,Vortioxetine,779,1320,296,0.1642
ACH-000389,XRK3F2,1547,680,204,0.1008
ACH-000389,Zileuton,517,593,149,0.155
ACH-000389,c-Kit-IN-1,4173,666,440,0.1
ACH-000389,crizotinib,74,1011,48,0.0463
ACH-000389,olaparib,1508,4236,98,0.0174
ACH-000389,palbociclib,1534,501,185,0.1
ACH-000389,venetoclax,1179,802,289,0.1708
ACH-000389,vincristine,1574,534,241,0.1291
ACH-000389,γ-Oryzanol,578,459,119,0.1296
ACH-000396,(R)-Verapamil (hydrochloride),1971,3322,902,0.2054
ACH-000396,(S)-Crizotinib,774,1410,272,0.1423
ACH-000396,18β-Glycyrrhetinic acid,1238,3040,624,0.1708
ACH-000396,4EGI-1,3640,2041,1112,0.2434
ACH-000396,5-Azacytidine,1625,3049,773,0.1982
ACH-000396,5-Fluorouracil,1429,1842,583,0.2169
ACH-000396,8-Hydroxyquinoline,1723,4096,1077,0.2271
ACH-000396,9-ING-41,4634,1897,982,0.177
ACH-000396,APTO-253,3831,1410,650,0.1416
ACH-000396,AT7519,2773,1308,763,0.23
ACH-000396,AZD-7648,4144,2201,1102,0.2102
ACH-000396,AZD-8055,3942,2432,1277,0.2505
ACH-000396,AZD1390,3406,2459,1107,0.2327
ACH-000396,AZD2858,1224,1729,282,0.1056
ACH-000396,Abemaciclib,6044,2907,2090,0.3046
ACH-000396,Abiraterone acetate,2093,2306,784,0.2169
ACH-000396,Acetazolamide,2041,1820,630,0.195
ACH-000396,Acetohexamide,1094,3372,562,0.144
ACH-000396,Adagrasib,4051,3899,1915,0.3173
ACH-000396,Adenine,2066,3304,1183,0.2825
ACH-000396,Adenosine,1809,4280,1191,0.2432
ACH-000396,Afatinib,4245,5069,2028,0.2783
ACH-000396,Aliskiren,1622,3385,829,0.1984
ACH-000396,Allantoin,2406,4492,1466,0.2699
ACH-000396,Allopurinol,3775,2205,1167,0.2425
ACH-000396,Almonertinib (hydrochloride),1814,3355,794,0.1815
ACH-000396,Almonertinib (mesylate),1968,3522,960,0.2119
ACH-000396,Alpelisib,3039,2044,980,0.2388
ACH-000396,Altretamine,427,1000,211,0.1735
ACH-000396,Amsacrine,2517,7484,1911,0.2362
ACH-000396,Anastrozole,2780,1945,921,0.2421
ACH-000396,Anethole trithione,3114,4777,2030,0.3464
ACH-000396,Apalutamide,292,1783,142,0.0735
ACH-000396,Aprepitant,2899,1721,882,0.236
ACH-000396,Arbutin,784,1081,341,0.2238
ACH-000396,Artemether,2487,2523,989,0.246
ACH-000396,Artesunate,2903,4868,1779,0.2969
ACH-000396,Asciminib,1827,1891,603,0.1936
ACH-000396,Aspirin,1953,1267,542,0.2024
ACH-000396,Ataluren,2140,2367,812,0.2198
ACH-000396,Atazanavir (sulfate),2131,2303,976,0.2822
ACH-000396,Auranofin,1748,5296,1016,0.1685
ACH-000396,Azithromycin (hydrate),1444,2830,656,0.1813
ACH-000396,BAY1125976,3896,3810,1546,0.251
ACH-000396,BI-3406,4247,2566,1497,0.2816
ACH-000396,BI-78D3,5069,1636,877,0.1505
ACH-000396,Baicalin,1567,4274,1071,0.2245
ACH-000396,Balsalazide (sodium hydrate),1663,3768,1026,0.2329
ACH-000396,Belinostat,2901,9522,2311,0.2285
ACH-000396,Belumosudil,2091,2389,765,0.2059
ACH-000396,Belumosudil (mesylate),3550,2226,1062,0.2253
ACH-000396,Belzutifan,2846,2114,819,0.1978
ACH-000396,Bendamustine,611,766,197,0.1669
ACH-000396,Benproperine (phosphate),916,1320,318,0.1658
ACH-000396,Bentamapimod,3847,1903,872,0.1788
ACH-000396,Benztropine (mesylate),1375,1287,366,0.1594
ACH-000396,Berbamine,3356,3597,1549,0.2866
ACH-000396,Berbamine (dihydrochloride),2378,1752,642,0.1841
ACH-000396,Berberine (chloride hydrate),1451,3836,885,0.201
ACH-000396,Bergenin,1204,2960,604,0.1697
ACH-000396,Bestatin,268,2218,150,0.0642
ACH-000396,Bestatin (hydrochloride),2019,2127,767,0.227
ACH-000396,Betamethasone dipropionate,814,2065,423,0.1722
ACH-000396,Bexarotene,2358,2591,993,0.251
ACH-000396,Bicalutamide,1529,1385,420,0.1684
ACH-000396,Bimatoprost,1668,4165,921,0.1875
ACH-000396,Bimiralisib,4826,5312,2145,0.2684
ACH-000396,Binimetinib,5706,5004,2921,0.375
ACH-000396,Bisoprolol (hemifumarate),1165,1880,530,0.2107
ACH-000396,Bortezomib,6028,5763,3210,0.3741
ACH-000396,Bosentan (hydrate),536,2807,344,0.1147
ACH-000396,Brimonidine,1553,1010,330,0.1478
ACH-000396,Brivudine,4333,6013,2317,0.2886
ACH-000396,Budesonide,3470,3314,1451,0.2721
ACH-000396,Busulfan,2534,3331,1112,0.234
ACH-000396,CP21R7,3402,1611,761,0.179
ACH-000396,Cabozantinib (S-malate),1566,3620,779,0.1768
ACH-000396,Canagliflozin,579,1375,234,0.136
ACH-000396,Canagliflozin (hemihydrate),2076,2139,655,0.184
ACH-000396,Capivasertib,2881,1514,655,0.1751
ACH-000396,Capmatinib,3013,1536,740,0.1943
ACH-000396,Captopril,1496,1254,352,0.1468
ACH-000396,Carbamazepine,2175,2555,797,0.2026
ACH-000396,Celecoxib,4494,1341,689,0.1339
ACH-000396,Cepharanthine,2076,3234,1061,0.2497
ACH-000396,Chlorhexidine (diacetate),2604,4246,1452,0.269
ACH-000396,Ciclopirox,1197,3547,729,0.1816
ACH-000396,Cilostazol,653,2896,405,0.1288
ACH-000396,Cinacalcet,1572,2194,633,0.202
ACH-000396,Citalopram (hydrobromide),2580,1445,622,0.1828
ACH-000396,Clobetasol propionate,2567,2803,1156,0.2743
ACH-000396,Clofarabine,483,1183,173,0.1159
ACH-000396,Clonidine (hydrochloride),2360,5024,1752,0.3111
ACH-000396,Clopidogrel,3501,1614,868,0.2044
ACH-000396,Clotrimazole,1565,3313,874,0.2183
ACH-000396,Cloxacillin (sodium),1499,2690,823,0.2445
ACH-000396,Cobimetinib,264,2137,142,0.0629
ACH-000396,Crizotinib (hydrochloride),2492,2898,1227,0.2947
ACH-000396,Cyclosporin A,3292,3102,1389,0.2775
ACH-000396,Cysteamine (hydrochloride),1187,3081,697,0.1952
ACH-000396,Cytarabine,2305,2563,895,0.2253
ACH-000396,Cytarabine (hydrochloride),730,1879,343,0.1514
ACH-000396,DT-061,2319,1583,570,0.1711
ACH-000396,DTP3,4653,11517,977,0.0643
ACH-000396,Dabrafenib,3708,3956,1487,0.2407
ACH-000396,Daidzin,2395,2119,815,0.2203
ACH-000396,Dapagliflozin,1274,1926,508,0.1887
ACH-000396,"Dapagliflozin ((2S)-1,2-propanediol, hydrate)",638,1618,265,0.1331
ACH-000396,Darinaparsin,1949,4523,1224,0.2332
ACH-000396,Darolutamide,2782,2412,1146,0.2831
ACH-000396,Decitabine,1168,3297,751,0.2022
ACH-000396,Delamanid,1889,2751,954,0.2588
ACH-000396,Demeclocycline,1496,3230,801,0.2041
ACH-000396,Dexamethasone,1683,2739,936,0.2685
ACH-000396,Dexmedetomidine,424,1390,213,0.133
ACH-000396,Diammonium Glycyrrhizinate,2095,4239,1094,0.2088
ACH-000396,Digitoxin,2217,7814,1670,0.1997
ACH-000396,Dihydroartemisinin,1094,3002,557,0.1574
ACH-000396,Dimethyl fumarate,403,1592,206,0.1151
ACH-000396,Dinaciclib,5113,9519,4135,0.3939
ACH-000396,Diphenhydramine,1770,2046,808,0.2686
ACH-000396,Docetaxel,3660,5364,1995,0.2838
ACH-000396,Docetaxel (Trihydrate),438,3017,258,0.0807
ACH-000396,Dorzolamide (hydrochloride),683,2589,367,0.1263
ACH-000396,Doxorubicin (hydrochloride),728,5388,466,0.0825
ACH-000396,Doxycycline (monohydrate),493,1203,171,0.1121
ACH-000396,Drospirenone,2772,2910,1260,0.2849
ACH-000396,ERK5-IN-2,3635,3328,1236,0.2158
ACH-000396,ETC-206,3458,1473,844,0.2065
ACH-000396,EX229,5472,3773,2108,0.2954
ACH-000396,Econazole,1593,1728,503,0.1785
ACH-000396,Elagolix sodium,2098,4002,1181,0.2401
ACH-000396,Elimusertib hydrochloride,4691,2709,1496,0.2534
ACH-000396,Encorafenib,11909,3503,109,0.0071
ACH-000396,Entecavir (monohydrate),219,2671,125,0.0452
ACH-000396,Entrectinib,1581,2763,616,0.1652
ACH-000396,Epirubicin (hydrochloride),271,4526,163,0.0352
ACH-000396,Eplerenone,404,987,189,0.1572
ACH-000396,Erdafitinib ,10740,1895,114,0.0091
ACH-000396,Erlotinib,1060,2505,479,0.1552
ACH-000396,Erythromycin,1142,1652,347,0.1418
ACH-000396,Esmolol (hydrochloride),2023,1608,534,0.1724
ACH-000396,Estrone sulfate (potassium),2453,1951,733,0.1997
ACH-000396,Everolimus,2695,1571,743,0.2109
ACH-000396,Fedratinib (hydrochloride hydrate),2459,3369,1201,0.2596
ACH-000396,Fenofibrate,1003,927,304,0.187
ACH-000396,Ferulic acid,835,1980,375,0.1537
ACH-000396,Filgotinib,1359,2753,626,0.1796
ACH-000396,Finasteride,448,1735,211,0.107
ACH-000396,Fingolimod (hydrochloride),1268,2078,530,0.1882
ACH-000396,Flumatinib (mesylate),2649,3277,1243,0.2654
ACH-000396,Flutamide,1607,1982,513,0.1668
ACH-000396,Fluvoxamine,1053,2055,430,0.1606
ACH-000396,Fluvoxamine (maleate),1181,4230,773,0.1667
ACH-000396,Folic acid,1551,3533,954,0.231
ACH-000396,Fulvestrant,1833,2494,727,0.2019
ACH-000396,Fumaric acid,2511,3533,1198,0.2472
ACH-000396,Furosemide,1023,2785,561,0.1728
ACH-000396,Fusidic acid,1760,3150,967,0.2452
ACH-000396,Futibatinib,4281,2428,1296,0.2394
ACH-000396,GSK1059615,5250,5537,2436,0.2917
ACH-000396,Gallic acid,2126,3675,1196,0.2597
ACH-000396,Gallic acid (hydrate),2442,3645,1175,0.2392
ACH-000396,Gefitinib,1435,2183,601,0.1992
ACH-000396,Gemcitabine,4943,2588,1590,0.2676
ACH-000396,Gemfibrozil,1620,3508,943,0.2253
ACH-000396,Glycyrrhizic acid,653,1113,203,0.1299
ACH-000396,Goserelin (acetate),1825,3834,1179,0.2632
ACH-000396,HI-TOPK-032,5507,3499,1855,0.2594
ACH-000396,Harringtonine,1092,9791,924,0.0928
ACH-000396,Hesperidin,651,1198,222,0.1364
ACH-000396,Hexylresorcinol,1886,3641,1108,0.2507
ACH-000396,Homoharringtonine,10734,14200,9450,0.6103
ACH-000396,Hydroxyfasudil,4656,1288,683,0.1298
ACH-000396,Hydroxyurea,256,1485,93,0.0564
ACH-000396,IQ 1,3336,1869,850,0.1952
ACH-000396,Idarubicin (hydrochloride),8566,14939,7501,0.4687
ACH-000396,Idoxuridine,2609,1899,891,0.2463
ACH-000396,Imiquimod (hydrochloride),1574,2201,569,0.1775
ACH-000396,Imiquimod (maleate),323,805,86,0.0825
ACH-000396,Indacaterol (maleate),2256,1951,743,0.2145
ACH-000396,Infigratinib,3235,3335,1422,0.2762
ACH-000396,Ipatasertib,4588,2255,1125,0.1967
ACH-000396,Irinotecan,3075,2865,1245,0.2652
ACH-000396,Irinotecan (hydrochloride),4806,3077,1584,0.2515
ACH-000396,Isocorydine,1559,3774,917,0.2077
ACH-000396,Ivermectin,1813,1533,564,0.2027
ACH-000396,Ixazomib,3009,3273,1252,0.2489
ACH-000396,Ixazomib citrate,1502,7058,1030,0.1368
ACH-000396,L-Eflornithine (monohydrochloride),2461,1244,587,0.1883
ACH-000396,L-Thyroxine (sodium salt pentahydrate),920,3477,523,0.135
ACH-000396,LB-100,2889,1177,561,0.1601
ACH-000396,LJI308,3808,2499,1261,0.2499
ACH-000396,LY-2584702 (tosylate salt),3408,1936,920,0.208
ACH-000396,LY2090314,2048,1351,501,0.1729
ACH-000396,Lactate (calcium),2183,2657,842,0.2106
ACH-000396,Lapatinib ditosylate,3073,1358,637,0.1679
ACH-000396,Larotrectinib,2498,3888,1157,0.2213
ACH-000396,Lenalidomide (hemihydrate),896,3416,536,0.1419
ACH-000396,Levobupivacaine (hydrochloride),975,1612,433,0.201
ACH-000396,Lidocaine (hydrochloride),2397,4616,1351,0.2386
ACH-000396,Ligustrazine,495,1579,248,0.1358
ACH-000396,Lipoic acid,1301,2549,709,0.2257
ACH-000396,Lonafarnib,2854,2437,884,0.2006
ACH-000396,Loperamide (hydrochloride),2319,2166,815,0.2221
ACH-000396,Lopinavir,1641,1704,637,0.2352
ACH-000396,Lucanthone,2658,2061,998,0.2682
ACH-000396,Lumateperone (tosylate),1336,3268,866,0.2317
ACH-000396,MK-3903,3447,2350,921,0.1889
ACH-000396,MK-8353,3330,1248,730,0.1897
ACH-000396,ML264,4002,2206,1042,0.2017
ACH-000396,Macitentan,357,934,134,0.1158
ACH-000396,Malotilate,4165,3576,2116,0.3762
ACH-000396,Mebendazole,804,2809,443,0.1397
ACH-000396,Medroxyprogesterone acetate,1952,4509,1153,0.2172
ACH-000396,Megestrol,2197,3011,873,0.2014
ACH-000396,Meloxicam,1936,1636,529,0.1738
ACH-000396,Menadione,510,1168,197,0.133
ACH-000396,Methotrexate,1056,2000,459,0.1767
ACH-000396,Methyl aminolevulinate (hydrochloride),1280,2048,554,0.1997
ACH-000396,Methylprednisolone succinate,4736,9457,814,0.0608
ACH-000396,Methylthiouracil,1586,2458,734,0.2218
ACH-000396,Mifepristone,516,1635,263,0.1393
ACH-000396,Minodronic acid,3429,2453,1304,0.2848
ACH-000396,Mitoxantrone (dihydrochloride),2436,10576,1999,0.1815
ACH-000396,Monocrotaline,348,1892,180,0.0874
ACH-000396,Mozavaptan,695,1163,246,0.1526
ACH-000396,NG25,2116,4472,1205,0.2239
ACH-000396,NVP-BHG712,3970,2433,952,0.1746
ACH-000396,Nafamostat (mesylate),1978,1790,649,0.2081
ACH-000396,Naproxen,1484,1598,496,0.1918
ACH-000396,Neratinib,1035,2052,438,0.1653
ACH-000396,Neratinib (maleate),2004,6280,1430,0.2086
ACH-000396,Nevirapine,457,1921,243,0.1138
ACH-000396,Niclosamide (olamine),559,4471,383,0.0824
ACH-000396,Norepinephrine (hydrochloride),1259,3561,718,0.175
ACH-000396,OTS514,2498,2432,882,0.2179
ACH-000396,Olanzapine,1759,4373,1192,0.2413
ACH-000396,Oleic acid,3469,1490,833,0.2019
ACH-000396,Omeprazole,1359,1570,479,0.1955
ACH-000396,Omeprazole (sodium),839,1094,221,0.1291
ACH-000396,Orlistat,454,1746,213,0.1072
ACH-000396,Osimertinib (mesylate),1300,2787,607,0.1744
ACH-000396,Ouabain (Octahydrate),4731,9556,3821,0.3651
ACH-000396,Oxaliplatin,4489,3047,1896,0.3362
ACH-000396,Oxaprozin,1871,2297,754,0.2209
ACH-000396,PF-06260933,4125,11859,1216,0.0823
ACH-000396,PH-797804,3824,3350,1285,0.2182
ACH-000396,Paclitaxel,3854,3470,1326,0.2211
ACH-000396,Palmatine (chloride),2304,3430,997,0.2105
ACH-000396,Panobinostat,7420,11429,6257,0.4969
ACH-000396,Pasireotide (acetate),2509,4203,1378,0.2583
ACH-000396,Pemetrexed,781,1450,273,0.1394
ACH-000396,Pemigatinib,1952,1367,93,0.0288
ACH-000396,Penfluridol,548,1734,209,0.1008
ACH-000396,Pentagastrin,1484,4046,929,0.2019
ACH-000396,Pentamidine (isethionate),2379,4081,1234,0.2361
ACH-000396,Pentoxifylline,2986,3149,1451,0.3098
ACH-000396,Peretinoin,956,2833,541,0.1666
ACH-000396,Perindopril (erbumine),1034,1055,315,0.1776
ACH-000396,Pexidartinib (hydrochloride),883,1747,431,0.196
ACH-000396,Phenylephrine (hydrochloride),1866,2495,726,0.1997
ACH-000396,Phenytoin (sodium),554,1355,247,0.1486
ACH-000396,Pimitespib,3575,1282,747,0.1818
ACH-000396,Pimozide,1394,2014,531,0.1846
ACH-000396,Pioglitazone,2254,2198,916,0.259
ACH-000396,Piroxicam,4004,2467,1399,0.2758
ACH-000396,Pitavastatin (Calcium),617,2608,302,0.1033
ACH-000396,Ponatinib,2584,6206,1563,0.2163
ACH-000396,Posaconazole,563,2820,329,0.1077
ACH-000396,Pralsetinib,3278,3503,1428,0.2668
ACH-000396,Pravastatin (sodium),2181,1679,659,0.2059
ACH-000396,Procainamide (hydrochloride),389,675,118,0.1247
ACH-000396,Proglumide,771,1242,221,0.1233
ACH-000396,Pyridoxine,1622,3324,791,0.1904
ACH-000396,Pyridoxine (hydrochloride),3112,3546,1527,0.2976
ACH-000396,Quinestrol,1820,3529,1033,0.2393
ACH-000396,Quinidine (15% dihydroquinidine),700,2478,372,0.1326
ACH-000396,RMC-6236,4319,4552,1938,0.2795
ACH-000396,Radotinib,2254,3599,1189,0.2549
ACH-000396,Ralimetinib dimesylate,4088,1124,589,0.1274
ACH-000396,Raltitrexed,1338,4429,902,0.1854
ACH-000396,Ranolazine,987,1462,326,0.1536
ACH-000396,Rapamycin,2053,5048,1335,0.2315
ACH-000396,Regorafenib,4254,1693,992,0.2002
ACH-000396,Relugolix,1472,2974,896,0.2524
ACH-000396,Resveratrol,1707,4120,982,0.2027
ACH-000396,Retinoic acid,3162,4199,1599,0.2775
ACH-000396,Rifaximin,271,1242,134,0.0972
ACH-000396,Riluzole hydrochloride,3063,5456,1946,0.2961
ACH-000396,Rimonabant,1659,3422,994,0.2432
ACH-000396,Ritonavir,1323,4101,748,0.16
ACH-000396,Ropivacaine (hydrochloride monohydrate),1995,3997,1286,0.2733
ACH-000396,Rosiglitazone,732,1034,269,0.1797
ACH-000396,Roxadustat,628,2466,348,0.1267
ACH-000396,Rucaparib (phosphate),403,1481,185,0.1089
ACH-000396,Rutin (trihydrate),1630,1486,610,0.2434
ACH-000396,S-Adenosyl-L-methionine (disulfate tosylate),2014,4768,1432,0.2677
ACH-000396,SBI-0640756,6183,2227,210,0.0256
ACH-000396,Sacubitril/Valsartan,987,3136,611,0.174
ACH-000396,Salicylic acid,1826,3930,1154,0.2508
ACH-000396,Sapanisertib,5358,4465,2157,0.2814
ACH-000396,Saquinavir,1161,3762,648,0.1516
ACH-000396,Selinexor ,4239,9840,3181,0.2919
ACH-000396,Sildenafil,268,2083,159,0.0725
ACH-000396,Silodosin,377,686,117,0.1237
ACH-000396,Simotinib,395,580,93,0.1054
ACH-000396,Sinomenine,1196,2772,610,0.1817
ACH-000396,Sivelestat (sodium tetrahydrate),718,3181,439,0.1269
ACH-000396,Sodium Salicylate,2330,3981,1271,0.2522
ACH-000396,Sonidegib,5777,10881,1259,0.0818
ACH-000396,Sulfatinib,485,1113,210,0.1513
ACH-000396,Sulfisoxazole,2471,4016,1239,0.2361
ACH-000396,Sunitinib,2474,3172,1164,0.2597
ACH-000396,TAK-733,2494,3938,1296,0.2523
ACH-000396,TAK-901,4218,8441,2648,0.2645
ACH-000396,Tadalafil,428,2867,289,0.0961
ACH-000396,Talc,1127,1246,332,0.1627
ACH-000396,Tazarotene,2276,2383,868,0.229
ACH-000396,Temsirolimus,2558,4356,1376,0.2485
ACH-000396,Temuterkib,4146,2495,1079,0.194
ACH-000396,Terfenadine,2090,4275,1082,0.2048
ACH-000396,Tetracycline (hydrochloride),557,2062,270,0.1149
ACH-000396,Thymol,1613,2812,639,0.1688
ACH-000396,Thymopentin,457,1978,230,0.1043
ACH-000396,Tirabrutinib,1698,2454,901,0.2771
ACH-000396,Tirabrutinib (hydrochloride),3531,3600,1534,0.2741
ACH-000396,Tofacitinib,1484,3995,860,0.1862
ACH-000396,Tofacitinib (citrate),1690,3932,938,0.2003
ACH-000396,Tolcapone,1502,4836,1072,0.2036
ACH-000396,Tolmetin,788,1364,370,0.2076
ACH-000396,Tomivosertib,4142,2383,1220,0.23
ACH-000396,Topotecan (hydrochloride),2460,7110,1729,0.2205
ACH-000396,Torkinib,3928,1942,884,0.1773
ACH-000396,Trametinib,6364,7427,3964,0.4034
ACH-000396,Trametinib (DMSO_TF solvate),2048,3827,1212,0.2599
ACH-000396,Tranilast,358,1487,157,0.093
ACH-000396,Triamcinolone,2672,4876,1792,0.3113
ACH-000396,Triclosan,1390,3441,803,0.1994
ACH-000396,Trifluridine,1190,4207,745,0.1601
ACH-000396,Trimetrexate,1639,4281,1007,0.205
ACH-000396,Tubulin inhibitor 6,2689,1427,675,0.1962
ACH-000396,Tucatinib,3234,2152,1148,0.2709
ACH-000396,Tucidinostat,3012,10883,2579,0.2279
ACH-000396,ULK-101,4049,1607,738,0.1501
ACH-000396,Uridine,1457,3151,721,0.1855
ACH-000396,Valdecoxib,979,1894,371,0.1483
ACH-000396,Vandetanib,2127,2793,980,0.2487
ACH-000396,Vemurafenib,3223,1682,722,0.1726
ACH-000396,Verapamil,370,1078,166,0.1295
ACH-000396,Verteporfin,588,3137,354,0.105
ACH-000396,Vilanterol,1155,3497,602,0.1486
ACH-000396,Vinblastine (sulfate),2179,4340,1252,0.2377
ACH-000396,Vismodegib,756,1062,211,0.1313
ACH-000396,Vitamin K4,2308,1913,757,0.2185
ACH-000396,Volasertib,2884,1348,664,0.1861
ACH-000396,Voriconazole,1073,1571,363,0.1591
ACH-000396,Vortioxetine,1646,2684,799,0.2263
ACH-000396,XRK3F2,3751,1833,852,0.1801
ACH-000396,Zileuton,1150,1200,340,0.1692
ACH-000396,c-Kit-IN-1,5704,11135,1856,0.1239
ACH-000396,crizotinib,444,2343,266,0.1055
ACH-000396,olaparib,4035,10396,804,0.059
ACH-000396,palbociclib,3355,2380,988,0.2081
ACH-000396,venetoclax,3605,3594,1568,0.2785
ACH-000396,vincristine,4067,2026,1051,0.2084
ACH-000396,γ-Oryzanol,1365,1241,410,0.1867
ACH-000437,(R)-Verapamil (hydrochloride),30,242,9,0.0342
ACH-000437,(S)-Crizotinib,3,11,1,0.0769
ACH-000437,18β-Glycyrrhetinic acid,54,223,24,0.0949
ACH-000437,4EGI-1,203,111,39,0.1418
ACH-000437,5-Azacytidine,39,43,1,0.0123
ACH-000437,5-Fluorouracil,57,4,4,0.0702
ACH-000437,8-Hydroxyquinoline,16,45,11,0.22
ACH-000437,9-ING-41,698,29,18,0.0254
ACH-000437,APTO-253,163,41,11,0.057
ACH-000437,AT7519,58,16,8,0.1212
ACH-000437,AZD-7648,536,28,13,0.0236
ACH-000437,AZD-8055,391,45,18,0.0431
ACH-000437,AZD1390,272,59,21,0.0677
ACH-000437,AZD2858,299,99,28,0.0757
ACH-000437,Abemaciclib,983,82,50,0.0493
ACH-000437,Abiraterone acetate,79,7,3,0.0361
ACH-000437,Acetazolamide,32,3,1,0.0294
ACH-000437,Acetohexamide,8,104,5,0.0467
ACH-000437,Adagrasib,40,59,19,0.2375
ACH-000437,Adenine,26,97,9,0.0789
ACH-000437,Adenosine,22,117,9,0.0692
ACH-000437,Afatinib,60,164,21,0.1034
ACH-000437,Aliskiren,8,129,7,0.0538
ACH-000437,Allantoin,67,135,22,0.1222
ACH-000437,Allopurinol,52,4,2,0.037
ACH-000437,Almonertinib (hydrochloride),124,166,35,0.1373
ACH-000437,Almonertinib (mesylate),13,30,4,0.1026
ACH-000437,Alpelisib,113,30,15,0.1172
ACH-000437,Altretamine,2,4,1,0.2
ACH-000437,Amsacrine,21,145,11,0.071
ACH-000437,Anastrozole,52,16,9,0.1525
ACH-000437,Anethole trithione,49,44,16,0.2078
ACH-000437,Apalutamide,1,6,1,0.1667
ACH-000437,Aprepitant,25,3,3,0.12
ACH-000437,Arbutin,1,5,0,0.0
ACH-000437,Artemether,8,4,2,0.2
ACH-000437,Artesunate,29,91,14,0.1321
ACH-000437,Asciminib,50,5,3,0.0577
ACH-000437,Aspirin,6,4,2,0.25
ACH-000437,Ataluren,41,18,7,0.1346
ACH-000437,Atazanavir (sulfate),11,4,3,0.25
ACH-000437,Auranofin,37,70,7,0.07
ACH-000437,Azithromycin (hydrate),72,160,23,0.11
ACH-000437,BAY1125976,495,575,99,0.102
ACH-000437,BI-3406,296,61,31,0.0951
ACH-000437,BI-78D3,532,72,25,0.0432
ACH-000437,Baicalin,16,65,13,0.1912
ACH-000437,Balsalazide (sodium hydrate),13,88,8,0.086
ACH-000437,Belinostat,62,339,32,0.0867
ACH-000437,Belumosudil,2,3,1,0.25
ACH-000437,Belumosudil (mesylate),288,138,46,0.1211
ACH-000437,Belzutifan,135,92,13,0.0607
ACH-000437,Bendamustine,0,3,0,0.0
ACH-000437,Benproperine (phosphate),4,5,2,0.2857
ACH-000437,Bentamapimod,257,61,20,0.0671
ACH-000437,Benztropine (mesylate),15,2,1,0.0625
ACH-000437,Berbamine,86,42,8,0.0667
ACH-000437,Berbamine (dihydrochloride),7,5,3,0.3333
ACH-000437,Berberine (chloride hydrate),35,58,11,0.1341
ACH-000437,Bergenin,14,133,8,0.0576
ACH-000437,Bestatin,0,2,0,0.0
ACH-000437,Bestatin (hydrochloride),80,6,3,0.0361
ACH-000437,Betamethasone dipropionate,7,51,6,0.1154
ACH-000437,Bexarotene,34,7,4,0.1081
ACH-000437,Bicalutamide,2,28,1,0.0345
ACH-000437,Bimatoprost,72,386,28,0.0651
ACH-000437,Bimiralisib,607,584,122,0.1141
ACH-000437,Binimetinib,576,268,84,0.1105
ACH-000437,Bisoprolol (hemifumarate),3,13,2,0.1429
ACH-000437,Bortezomib,793,794,296,0.2293
ACH-000437,Bosentan (hydrate),4,15,4,0.2667
ACH-000437,Brimonidine,20,3,1,0.0455
ACH-000437,Brivudine,352,503,63,0.0795
ACH-000437,Budesonide,241,114,57,0.1913
ACH-000437,Busulfan,51,159,13,0.066
ACH-000437,CP21R7,260,65,27,0.0906
ACH-000437,Cabozantinib (S-malate),74,29,10,0.1075
ACH-000437,Canagliflozin,3,6,2,0.2857
ACH-000437,Canagliflozin (hemihydrate),10,10,1,0.0526
ACH-000437,Capivasertib,220,28,16,0.069
ACH-000437,Capmatinib,281,57,21,0.0662
ACH-000437,Captopril,50,1,1,0.02
ACH-000437,Carbamazepine,118,53,11,0.0688
ACH-000437,Celecoxib,513,56,24,0.044
ACH-000437,Cepharanthine,24,301,10,0.0317
ACH-000437,Chlorhexidine (diacetate),27,82,22,0.2529
ACH-000437,Ciclopirox,35,194,14,0.0651
ACH-000437,Cilostazol,0,6,0,0.0
ACH-000437,Cinacalcet,54,3,3,0.0556
ACH-000437,Citalopram (hydrobromide),123,33,5,0.0331
ACH-000437,Clobetasol propionate,104,101,36,0.213
ACH-000437,Clofarabine,3,2,0,0.0
ACH-000437,Clonidine (hydrochloride),6,116,6,0.0517
ACH-000437,Clopidogrel,20,4,2,0.0909
ACH-000437,Clotrimazole,30,249,18,0.069
ACH-000437,Cloxacillin (sodium),28,46,9,0.1385
ACH-000437,Cobimetinib,1,6,0,0.0
ACH-000437,Crizotinib (hydrochloride),114,22,7,0.0543
ACH-000437,Cyclosporin A,24,3,3,0.125
ACH-000437,Cysteamine (hydrochloride),5,77,3,0.038
ACH-000437,Cytarabine,6,8,2,0.1667
ACH-000437,Cytarabine (hydrochloride),3,1,1,0.3333
ACH-000437,DT-061,125,58,19,0.1159
ACH-000437,DTP3,149,63,17,0.0872
ACH-000437,Dabrafenib,213,330,45,0.0904
ACH-000437,Daidzin,3,6,2,0.2857
ACH-000437,Dapagliflozin,5,5,2,0.25
ACH-000437,"Dapagliflozin ((2S)-1,2-propanediol, hydrate)",4,12,2,0.1429
ACH-000437,Darinaparsin,31,272,14,0.0484
ACH-000437,Darolutamide,23,3,2,0.0833
ACH-000437,Decitabine,3,59,3,0.0508
ACH-000437,Delamanid,59,4,3,0.05
ACH-000437,Demeclocycline,13,195,10,0.0505
ACH-000437,Dexamethasone,185,84,40,0.1747
ACH-000437,Dexmedetomidine,3,3,2,0.5
ACH-000437,Diammonium Glycyrrhizinate,39,141,14,0.0843
ACH-000437,Digitoxin,115,243,26,0.0783
ACH-000437,Dihydroartemisinin,29,15,4,0.1
ACH-000437,Dimethyl fumarate,2,7,1,0.125
ACH-000437,Dinaciclib,40,282,34,0.1181
ACH-000437,Diphenhydramine,5,1,1,0.2
ACH-000437,Docetaxel,273,209,50,0.1157
ACH-000437,Docetaxel (Trihydrate),0,3,0,0.0
ACH-000437,Dorzolamide (hydrochloride),3,7,2,0.25
ACH-000437,Doxorubicin (hydrochloride),2,43,2,0.0465
ACH-000437,Doxycycline (monohydrate),2,33,2,0.0606
ACH-000437,Drospirenone,12,15,1,0.0385
ACH-000437,ERK5-IN-2,358,263,49,0.0857
ACH-000437,ETC-206,78,32,12,0.1224
ACH-000437,EX229,591,333,100,0.1214
ACH-000437,Econazole,69,8,2,0.0267
ACH-000437,Elagolix sodium,35,180,16,0.0804
ACH-000437,Elimusertib hydrochloride,403,99,40,0.0866
ACH-000437,Entecavir (monohydrate),2,2,1,0.3333
ACH-000437,Entrectinib,23,6,2,0.0741
ACH-000437,Epirubicin (hydrochloride),1,125,0,0.0
ACH-000437,Eplerenone,1,7,1,0.1429
ACH-000437,Erdafitinib ,66,42,5,0.0485
ACH-000437,Erlotinib,2,4,1,0.2
ACH-000437,Erythromycin,12,1,0,0.0
ACH-000437,Esmolol (hydrochloride),8,5,1,0.0833
ACH-000437,Estrone sulfate (potassium),88,9,1,0.0104
ACH-000437,Everolimus,146,48,21,0.1214
ACH-000437,Fedratinib (hydrochloride hydrate),25,20,5,0.125
ACH-000437,Fenofibrate,0,3,0,0.0
ACH-000437,Ferulic acid,0,27,0,0.0
ACH-000437,Filgotinib,4,21,3,0.1364
ACH-000437,Finasteride,2,12,2,0.1667
ACH-000437,Fingolimod (hydrochloride),5,4,2,0.2857
ACH-000437,Flumatinib (mesylate),9,5,3,0.2727
ACH-000437,Flutamide,23,7,1,0.0345
ACH-000437,Fluvoxamine,3,6,2,0.2857
ACH-000437,Fluvoxamine (maleate),30,157,14,0.0809
ACH-000437,Folic acid,25,39,7,0.1228
ACH-000437,Fulvestrant,12,80,6,0.0698
ACH-000437,Fumaric acid,6,6,2,0.2
ACH-000437,Furosemide,6,63,4,0.0615
ACH-000437,Fusidic acid,4,111,2,0.0177
ACH-000437,Futibatinib,522,91,33,0.0569
ACH-000437,GSK1059615,633,487,107,0.1056
ACH-000437,Gallic acid,105,25,9,0.0744
ACH-000437,Gallic acid (hydrate),72,253,29,0.098
ACH-000437,Gefitinib,19,4,1,0.0455
ACH-000437,Gemcitabine,178,59,29,0.1394
ACH-000437,Gemfibrozil,30,216,17,0.0742
ACH-000437,Glycyrrhizic acid,5,4,1,0.125
ACH-000437,Goserelin (acetate),48,28,9,0.1343
ACH-000437,HI-TOPK-032,421,163,44,0.0815
ACH-000437,Harringtonine,3,395,3,0.0076
ACH-000437,Hesperidin,5,17,4,0.2222
ACH-000437,Hexylresorcinol,13,28,7,0.2059
ACH-000437,Homoharringtonine,2132,3110,1551,0.4202
ACH-000437,Hydroxyfasudil,532,104,21,0.0341
ACH-000437,Hydroxyurea,2,28,2,0.0714
ACH-000437,IQ 1,249,70,25,0.085
ACH-000437,Idarubicin (hydrochloride),911,1679,605,0.3048
ACH-000437,Idoxuridine,35,8,2,0.0488
ACH-000437,Imiquimod (hydrochloride),56,13,5,0.0781
ACH-000437,Imiquimod (maleate),3,26,3,0.1154
ACH-000437,Indacaterol (maleate),156,3,3,0.0192
ACH-000437,Infigratinib,135,193,39,0.1349
ACH-000437,Ipatasertib,663,111,41,0.0559
ACH-000437,Irinotecan,71,47,18,0.18
ACH-000437,Irinotecan (hydrochloride),16,1,1,0.0625
ACH-000437,Isocorydine,62,137,11,0.0585
ACH-000437,Ivermectin,50,27,5,0.0694
ACH-000437,Ixazomib,110,190,32,0.1194
ACH-000437,Ixazomib citrate,25,166,11,0.0611
ACH-000437,L-Eflornithine (monohydrochloride),63,3,3,0.0476
ACH-000437,L-Thyroxine (sodium salt pentahydrate),33,178,14,0.0711
ACH-000437,LB-100,88,6,4,0.0444
ACH-000437,LJI308,355,156,45,0.0966
ACH-000437,LY-2584702 (tosylate salt),381,50,18,0.0436
ACH-000437,LY2090314,123,41,16,0.1081
ACH-000437,Lactate (calcium),13,48,4,0.0702
ACH-000437,Lapatinib ditosylate,284,24,7,0.0233
ACH-000437,Larotrectinib,39,273,13,0.0435
ACH-000437,Lenalidomide (hemihydrate),53,229,11,0.0406
ACH-000437,Levobupivacaine (hydrochloride),2,4,2,0.5
ACH-000437,Lidocaine (hydrochloride),36,355,11,0.0289
ACH-000437,Ligustrazine,0,8,0,0.0
ACH-000437,Lipoic acid,3,58,3,0.0517
ACH-000437,Lonafarnib,217,33,15,0.0638
ACH-000437,Loperamide (hydrochloride),52,10,4,0.069
ACH-000437,Lopinavir,17,3,2,0.1111
ACH-000437,Lucanthone,14,1,1,0.0714
ACH-000437,Lumateperone (tosylate),10,56,7,0.1186
ACH-000437,MK-3903,388,107,37,0.0808
ACH-000437,MK-8353,97,10,9,0.0918
ACH-000437,ML264,210,57,20,0.081
ACH-000437,Macitentan,0,19,0,0.0
ACH-000437,Malotilate,104,5,4,0.0381
ACH-000437,Mebendazole,2,45,2,0.0444
ACH-000437,Medroxyprogesterone acetate,110,295,46,0.1281
ACH-000437,Megestrol,140,152,23,0.0855
ACH-000437,Meloxicam,56,7,5,0.0862
ACH-000437,Menadione,4,7,2,0.2222
ACH-000437,Methotrexate,16,5,2,0.1053
ACH-000437,Methyl aminolevulinate (hydrochloride),64,8,2,0.0286
ACH-000437,Methylprednisolone succinate,508,26,10,0.0191
ACH-000437,Methylthiouracil,5,8,4,0.4444
ACH-000437,Mifepristone,0,2,0,0.0
ACH-000437,Minodronic acid,116,31,16,0.1221
ACH-000437,Mitoxantrone (dihydrochloride),90,784,51,0.062
ACH-000437,Monocrotaline,4,4,3,0.6
ACH-000437,Mozavaptan,1,3,1,0.3333
ACH-000437,NG25,120,148,40,0.1754
ACH-000437,NVP-BHG712,474,78,25,0.0474
ACH-000437,Nafamostat (mesylate),142,6,3,0.0207
ACH-000437,Naproxen,5,5,2,0.25
ACH-000437,Neratinib,94,5,3,0.0312
ACH-000437,Neratinib (maleate),97,234,38,0.1297
ACH-000437,Nevirapine,3,10,3,0.3
ACH-000437,Niclosamide (olamine),1,46,1,0.0217
ACH-000437,Norepinephrine (hydrochloride),23,200,11,0.0519
ACH-000437,OTS514,380,110,29,0.0629
ACH-000437,Olanzapine,17,148,15,0.1
ACH-000437,Oleic acid,54,38,11,0.1358
ACH-000437,Omeprazole,3,38,2,0.0513
ACH-000437,Omeprazole (sodium),36,2,2,0.0556
ACH-000437,Orlistat,2,6,1,0.1429
ACH-000437,Osimertinib (mesylate),33,3,1,0.0286
ACH-000437,Ouabain (Octahydrate),41,473,22,0.0447
ACH-000437,Oxaliplatin,88,80,19,0.1275
ACH-000437,Oxaprozin,112,53,14,0.0927
ACH-000437,PF-06260933,293,31,12,0.0385
ACH-000437,PH-797804,503,605,108,0.108
ACH-000437,Paclitaxel,156,362,33,0.068
ACH-000437,Palmatine (chloride),9,284,8,0.0281
ACH-000437,Panobinostat,218,962,134,0.1281
ACH-000437,Pasireotide (acetate),42,64,22,0.2619
ACH-000437,Pemetrexed,0,18,0,0.0
ACH-000437,Pemigatinib,148,63,13,0.0657
ACH-000437,Penfluridol,2,38,2,0.0526
ACH-000437,Pentagastrin,18,119,12,0.096
ACH-000437,Pentamidine (isethionate),67,222,29,0.1115
ACH-000437,Pentoxifylline,150,13,5,0.0316
ACH-000437,Peretinoin,0,34,0,0.0
ACH-000437,Perindopril (erbumine),2,1,1,0.5
ACH-000437,Pexidartinib (hydrochloride),1,3,0,0.0
ACH-000437,Phenylephrine (hydrochloride),77,18,7,0.0795
ACH-000437,Phenytoin (sodium),3,5,2,0.3333
ACH-000437,Pimitespib,277,113,39,0.1111
ACH-000437,Pimozide,42,26,6,0.0968
ACH-000437,Pioglitazone,87,22,5,0.0481
ACH-000437,Piroxicam,59,2,1,0.0167
ACH-000437,Pitavastatin (Calcium),2,37,2,0.0541
ACH-000437,Ponatinib,43,54,10,0.1149
ACH-000437,Posaconazole,3,3,3,1.0
ACH-000437,Pralsetinib,102,118,25,0.1282
ACH-000437,Pravastatin (sodium),27,5,2,0.0667
ACH-000437,Procainamide (hydrochloride),0,2,0,0.0
ACH-000437,Proglumide,18,0,0,0.0
ACH-000437,Pyridoxine,12,156,9,0.0566
ACH-000437,Pyridoxine (hydrochloride),71,10,4,0.0519
ACH-000437,Quinestrol,24,54,14,0.2188
ACH-000437,Quinidine (15% dihydroquinidine),1,4,1,0.25
ACH-000437,RMC-6236,168,141,38,0.1402
ACH-000437,Radotinib,8,160,5,0.0307
ACH-000437,Ralimetinib dimesylate,474,11,7,0.0146
ACH-000437,Raltitrexed,14,94,10,0.102
ACH-000437,Ranolazine,51,0,0,0.0
ACH-000437,Rapamycin,44,318,20,0.0585
ACH-000437,Regorafenib,217,37,15,0.0628
ACH-000437,Relugolix,32,11,5,0.1316
ACH-000437,Resveratrol,88,183,28,0.1152
ACH-000437,Retinoic acid,85,157,29,0.1362
ACH-000437,Rifaximin,1,4,1,0.25
ACH-000437,Riluzole hydrochloride,8,177,5,0.0278
ACH-000437,Rimonabant,25,78,13,0.1444
ACH-000437,Ritonavir,16,202,10,0.0481
ACH-000437,Ropivacaine (hydrochloride monohydrate),41,160,22,0.1229
ACH-000437,Rosiglitazone,0,20,0,0.0
ACH-000437,Roxadustat,3,4,2,0.4
ACH-000437,Rucaparib (phosphate),1,4,1,0.25
ACH-000437,Rutin (trihydrate),13,4,1,0.0625
ACH-000437,S-Adenosyl-L-methionine (disulfate tosylate),19,109,9,0.0756
ACH-000437,SBI-0640756,102,51,9,0.0625
ACH-000437,Sacubitril/Valsartan,2,2,2,1.0
ACH-000437,Salicylic acid,22,258,12,0.0448
ACH-000437,Sapanisertib,763,672,153,0.1193
ACH-000437,Saquinavir,98,232,29,0.0963
ACH-000437,Selinexor ,186,444,55,0.0957
ACH-000437,Sildenafil,1,1,1,1.0
ACH-000437,Silodosin,2,8,2,0.25
ACH-000437,Simotinib,1,15,1,0.0667
ACH-000437,Sinomenine,36,78,13,0.1287
ACH-000437,Sivelestat (sodium tetrahydrate),7,13,4,0.25
ACH-000437,Sodium Salicylate,22,283,14,0.0481
ACH-000437,Sonidegib,647,40,18,0.0269
ACH-000437,Sulfatinib,2,7,1,0.125
ACH-000437,Sulfisoxazole,36,169,17,0.0904
ACH-000437,Sunitinib,79,30,10,0.101
ACH-000437,TAK-733,249,128,43,0.1287
ACH-000437,TAK-901,513,1410,171,0.0976
ACH-000437,Tadalafil,1,8,1,0.125
ACH-000437,Talc,86,1,1,0.0116
ACH-000437,Tazarotene,53,17,8,0.129
ACH-000437,Temsirolimus,68,288,27,0.0821
ACH-000437,Temuterkib,362,64,19,0.0467
ACH-000437,Terfenadine,26,187,16,0.0812
ACH-000437,Tetracycline (hydrochloride),3,3,2,0.5
ACH-000437,Thymol,63,210,15,0.0581
ACH-000437,Thymopentin,4,7,1,0.1
ACH-000437,Tirabrutinib,2,4,0,0.0
ACH-000437,Tirabrutinib (hydrochloride),33,11,5,0.1282
ACH-000437,Tofacitinib,8,115,6,0.0513
ACH-000437,Tofacitinib (citrate),53,219,16,0.0625
ACH-000437,Tolcapone,14,76,10,0.125
ACH-000437,Tolmetin,1,10,1,0.1
ACH-000437,Tomivosertib,285,82,34,0.1021
ACH-000437,Topotecan (hydrochloride),8,61,5,0.0781
ACH-000437,Torkinib,211,60,21,0.084
ACH-000437,Trametinib,689,250,103,0.1232
ACH-000437,Trametinib (DMSO_TF solvate),1,23,1,0.0435
ACH-000437,Tranilast,3,3,2,0.5
ACH-000437,Triamcinolone,186,686,118,0.1565
ACH-000437,Triclosan,8,53,4,0.0702
ACH-000437,Trifluridine,13,126,10,0.0775
ACH-000437,Trimetrexate,36,255,22,0.0818
ACH-000437,Tubulin inhibitor 6,111,10,7,0.0614
ACH-000437,Tucatinib,141,43,19,0.1152
ACH-000437,Tucidinostat,55,985,42,0.0421
ACH-000437,ULK-101,484,212,69,0.11
ACH-000437,Uridine,10,8,2,0.125
ACH-000437,Valdecoxib,73,3,2,0.027
ACH-000437,Vandetanib,33,49,13,0.1884
ACH-000437,Vemurafenib,96,10,8,0.0816
ACH-000437,Verapamil,0,3,0,0.0
ACH-000437,Verteporfin,0,47,0,0.0
ACH-000437,Vilanterol,98,192,30,0.1154
ACH-000437,Vinblastine (sulfate),80,386,43,0.1017
ACH-000437,Vismodegib,32,5,1,0.0278
ACH-000437,Vitamin K4,28,5,2,0.0645
ACH-000437,Volasertib,241,38,19,0.0731
ACH-000437,Voriconazole,64,6,1,0.0145
ACH-000437,Vortioxetine,19,14,5,0.1786
ACH-000437,XRK3F2,435,107,33,0.0648
ACH-000437,Zileuton,46,2,1,0.0213
ACH-000437,c-Kit-IN-1,210,40,19,0.0823
ACH-000437,crizotinib,1,1,1,1.0
ACH-000437,olaparib,108,34,13,0.1008
ACH-000437,palbociclib,255,88,27,0.0854
ACH-000437,venetoclax,210,140,43,0.1401
ACH-000437,vincristine,528,55,21,0.0374
ACH-000437,γ-Oryzanol,4,2,2,0.5
ACH-000463,(R)-Verapamil (hydrochloride),2814,3379,1139,0.2254
ACH-000463,(S)-Crizotinib,2206,2896,839,0.1968
ACH-000463,18β-Glycyrrhetinic acid,1864,3174,897,0.2166
ACH-000463,4EGI-1,4770,2188,1452,0.2637
ACH-000463,5-Azacytidine,3624,6514,2154,0.2698
ACH-000463,5-Fluorouracil,3343,3709,1549,0.2815
ACH-000463,8-Hydroxyquinoline,2488,4460,1430,0.2592
ACH-000463,9-ING-41,6227,3640,2036,0.26
ACH-000463,APTO-253,5426,2154,1197,0.1875
ACH-000463,AT7519,3887,1877,1202,0.2635
ACH-000463,AZD-7648,5703,3032,1764,0.253
ACH-000463,AZD-8055,5377,3512,2099,0.3091
ACH-000463,AZD1390,5170,2798,1492,0.2304
ACH-000463,AZD2858,3366,2603,1058,0.2154
ACH-000463,Abemaciclib,10235,14198,5075,0.2622
ACH-000463,Abiraterone acetate,4182,5240,2111,0.2887
ACH-000463,Acetazolamide,5210,3758,1958,0.2793
ACH-000463,Acetohexamide,2212,3252,904,0.1982
ACH-000463,Adagrasib,6740,6197,3661,0.3947
ACH-000463,Adenine,3010,3128,1361,0.2849
ACH-000463,Adenosine,2567,4805,1533,0.2625
ACH-000463,Afatinib,6409,6906,3560,0.3649
ACH-000463,Aliskiren,2319,3683,1163,0.2403
ACH-000463,Allantoin,3721,4876,1938,0.291
ACH-000463,Allopurinol,7156,5127,3068,0.3329
ACH-000463,Almonertinib (hydrochloride),2551,3355,1061,0.219
ACH-000463,Almonertinib (mesylate),3618,6281,2239,0.2923
ACH-000463,Alpelisib,3953,2659,1334,0.2527
ACH-000463,Altretamine,1020,2096,535,0.2073
ACH-000463,Amsacrine,3128,5181,1781,0.2728
ACH-000463,Anastrozole,3939,2928,1539,0.2889
ACH-000463,Anethole trithione,4205,4621,2426,0.3791
ACH-000463,Apalutamide,569,3660,330,0.0846
ACH-000463,Aprepitant,5821,4036,2323,0.3083
ACH-000463,Arbutin,1103,1997,562,0.2214
ACH-000463,Artemether,5757,5542,2992,0.3602
ACH-000463,Artesunate,4060,4053,2073,0.3432
ACH-000463,Asciminib,5176,4696,2411,0.3231
ACH-000463,Aspirin,4194,3750,1824,0.298
ACH-000463,Ataluren,4268,4448,1896,0.278
ACH-000463,Atazanavir (sulfate),4545,4409,2409,0.3681
ACH-000463,Auranofin,3876,11741,3017,0.2394
ACH-000463,Azithromycin (hydrate),2448,2890,1006,0.2322
ACH-000463,BAY1125976,5112,6089,2622,0.3056
ACH-000463,BI-3406,6704,3773,2648,0.3382
ACH-000463,BI-78D3,7066,2854,1819,0.2245
ACH-000463,Baicalin,2455,4164,1437,0.2773
ACH-000463,Balsalazide (sodium hydrate),2364,3558,1333,0.2905
ACH-000463,Belinostat,4727,12688,3912,0.2897
ACH-000463,Belumosudil,3750,4767,1865,0.2804
ACH-000463,Belumosudil (mesylate),5162,1613,991,0.1713
ACH-000463,Belzutifan,4238,2321,1083,0.1978
ACH-000463,Bendamustine,1298,1676,432,0.1699
ACH-000463,Benproperine (phosphate),2204,3354,1090,0.244
ACH-000463,Bentamapimod,5947,2759,1577,0.2212
ACH-000463,Benztropine (mesylate),2784,3870,1206,0.2214
ACH-000463,Berbamine,5437,3833,2135,0.2992
ACH-000463,Berbamine (dihydrochloride),4154,4084,1756,0.2709
ACH-000463,Berberine (chloride hydrate),2277,4177,1204,0.2293
ACH-000463,Bergenin,1698,3506,873,0.2016
ACH-000463,Bestatin,569,4603,411,0.0863
ACH-000463,Bestatin (hydrochloride),4012,5219,2060,0.2873
ACH-000463,Betamethasone dipropionate,2089,4897,1528,0.28
ACH-000463,Bexarotene,4693,5834,2767,0.3566
ACH-000463,Bicalutamide,4001,3831,1654,0.2677
ACH-000463,Bimatoprost,2793,4275,1363,0.2389
ACH-000463,Bimiralisib,5667,6376,2836,0.308
ACH-000463,Binimetinib,9230,9488,6076,0.4806
ACH-000463,Bisoprolol (hemifumarate),1888,3696,1101,0.2456
ACH-000463,Bortezomib,8168,8169,5188,0.4653
ACH-000463,Bosentan (hydrate),1140,4965,871,0.1664
ACH-000463,Brimonidine,3298,3076,1212,0.2348
ACH-000463,Brivudine,5691,6682,3055,0.3279
ACH-000463,Budesonide,7049,7560,4232,0.4078
ACH-000463,Busulfan,3546,3147,1339,0.2501
ACH-000463,CP21R7,4538,1949,1117,0.208
ACH-000463,Cabozantinib (S-malate),3517,4610,1740,0.2724
ACH-000463,Canagliflozin,1272,3233,788,0.212
ACH-000463,Canagliflozin (hemihydrate),3858,4447,1599,0.2384
ACH-000463,Capivasertib,4093,2017,1175,0.2381
ACH-000463,Capmatinib,4589,2244,1290,0.2327
ACH-000463,Captopril,3890,3268,1518,0.2691
ACH-000463,Carbamazepine,4100,4889,1950,0.277
ACH-000463,Celecoxib,5531,1866,996,0.1556
ACH-000463,Cepharanthine,3018,3084,1294,0.2691
ACH-000463,Chlorhexidine (diacetate),5089,6230,3050,0.3688
ACH-000463,Ciclopirox,1798,3725,956,0.2093
ACH-000463,Cilostazol,1744,5704,1316,0.2146
ACH-000463,Cinacalcet,3537,4268,1651,0.2683
ACH-000463,Citalopram (hydrobromide),6014,3553,1817,0.2345
ACH-000463,Clobetasol propionate,5790,6544,3575,0.4082
ACH-000463,Clofarabine,1040,2669,468,0.1444
ACH-000463,Clonidine (hydrochloride),3727,4776,2403,0.3939
ACH-000463,Clopidogrel,6615,3691,2391,0.3021
ACH-000463,Clotrimazole,1979,3457,963,0.2153
ACH-000463,Cloxacillin (sodium),2597,2348,1211,0.3243
ACH-000463,Cobimetinib,1255,5355,910,0.1596
ACH-000463,Crizotinib (hydrochloride),4880,5581,2633,0.3364
ACH-000463,Cyclosporin A,6337,5321,3221,0.3818
ACH-000463,Cysteamine (hydrochloride),1749,3292,945,0.2307
ACH-000463,Cytarabine,4044,5926,2289,0.298
ACH-000463,Cytarabine (hydrochloride),1990,4722,1244,0.2275
ACH-000463,DT-061,3338,2178,1008,0.2236
ACH-000463,DTP3,6470,9067,769,0.0521
ACH-000463,Dabrafenib,5756,5636,2793,0.3248
ACH-000463,Daidzin,4379,4355,1921,0.282
ACH-000463,Dapagliflozin,3322,3978,1535,0.2663
ACH-000463,"Dapagliflozin ((2S)-1,2-propanediol, hydrate)",1147,3257,588,0.1541
ACH-000463,Darinaparsin,3198,4620,1772,0.2931
ACH-000463,Darolutamide,5487,4998,2764,0.358
ACH-000463,Decitabine,2350,5423,1706,0.2812
ACH-000463,Delamanid,4185,5288,2453,0.3494
ACH-000463,Demeclocycline,2297,2835,1023,0.249
ACH-000463,Dexamethasone,5515,6887,3876,0.4546
ACH-000463,Dexmedetomidine,1087,3350,679,0.1807
ACH-000463,Diammonium Glycyrrhizinate,3340,4632,1632,0.2574
ACH-000463,Digitoxin,10001,11410,7862,0.5803
ACH-000463,Dihydroartemisinin,2141,5228,1230,0.2004
ACH-000463,Dimethyl fumarate,622,3863,393,0.096
ACH-000463,Dinaciclib,5453,9625,4077,0.3706
ACH-000463,Diphenhydramine,3357,3944,1769,0.3198
ACH-000463,Docetaxel,4526,4903,2266,0.3163
ACH-000463,Docetaxel (Trihydrate),1170,5691,861,0.1435
ACH-000463,Dorzolamide (hydrochloride),1373,5178,978,0.1755
ACH-000463,Doxorubicin (hydrochloride),1348,10931,1116,0.1
ACH-000463,Doxycycline (monohydrate),1087,3247,617,0.166
ACH-000463,Drospirenone,5436,5638,2860,0.3482
ACH-000463,ERK5-IN-2,5679,5356,2503,0.2934
ACH-000463,ETC-206,4745,1906,1177,0.215
ACH-000463,EX229,8463,6537,4602,0.4426
ACH-000463,Econazole,3952,5257,1998,0.2771
ACH-000463,Elagolix sodium,3213,4508,1672,0.2764
ACH-000463,Elimusertib hydrochloride,5371,4498,2455,0.3311
ACH-000463,Encorafenib,11905,5546,486,0.0286
ACH-000463,Entecavir (monohydrate),404,5312,327,0.0607
ACH-000463,Entrectinib,4119,5282,1925,0.2575
ACH-000463,Epirubicin (hydrochloride),668,11331,548,0.0479
ACH-000463,Eplerenone,791,2662,498,0.1685
ACH-000463,Erdafitinib ,4429,2619,261,0.0385
ACH-000463,Erlotinib,2333,4417,1299,0.2383
ACH-000463,Erythromycin,2881,4104,1291,0.2267
ACH-000463,Esmolol (hydrochloride),3973,3874,1695,0.2755
ACH-000463,Estrone sulfate (potassium),4965,4518,2147,0.2927
ACH-000463,Everolimus,4428,2993,1595,0.2738
ACH-000463,Fedratinib (hydrochloride hydrate),5003,5231,2522,0.327
ACH-000463,Fenofibrate,2351,2497,984,0.2547
ACH-000463,Ferulic acid,1703,3574,887,0.2021
ACH-000463,Filgotinib,3399,5237,1704,0.2458
ACH-000463,Finasteride,1164,3859,729,0.1698
ACH-000463,Fingolimod (hydrochloride),3164,4280,1556,0.2643
ACH-000463,Flumatinib (mesylate),4636,5783,2698,0.3494
ACH-000463,Flutamide,3581,4362,1635,0.2592
ACH-000463,Fluvoxamine,2328,3927,1300,0.2624
ACH-000463,Fluvoxamine (maleate),1781,4586,1082,0.2047
ACH-000463,Folic acid,2536,3628,1330,0.2751
ACH-000463,Fulvestrant,4277,5521,2213,0.2918
ACH-000463,Fumaric acid,4618,6125,2586,0.317
ACH-000463,Furosemide,1791,2706,834,0.2277
ACH-000463,Fusidic acid,2542,3253,1225,0.2681
ACH-000463,Futibatinib,5683,2799,1780,0.2656
ACH-000463,GSK1059615,5732,5532,2580,0.2971
ACH-000463,Gallic acid,3020,3386,1483,0.3012
ACH-000463,Gallic acid (hydrate),3607,3823,1480,0.2487
ACH-000463,Gefitinib,3747,10455,3015,0.2695
ACH-000463,Gemcitabine,6081,4260,2504,0.3195
ACH-000463,Gemfibrozil,2500,4079,1329,0.2531
ACH-000463,Glycyrrhizic acid,1155,2529,523,0.1655
ACH-000463,Goserelin (acetate),2963,3675,1615,0.3215
ACH-000463,HI-TOPK-032,7044,3159,1889,0.2272
ACH-000463,Harringtonine,5059,14164,4761,0.3292
ACH-000463,Hesperidin,1801,2753,852,0.2301
ACH-000463,Hexylresorcinol,2812,3826,1538,0.3016
ACH-000463,Homoharringtonine,14944,15896,12680,0.6982
ACH-000463,Hydroxyfasudil,7172,1176,607,0.0784
ACH-000463,Hydroxyurea,760,3357,444,0.1209
ACH-000463,IQ 1,4530,2696,1401,0.2405
ACH-000463,Idarubicin (hydrochloride),12825,16757,11219,0.611
ACH-000463,Idoxuridine,4964,4410,2330,0.3308
ACH-000463,Imiquimod (hydrochloride),4086,4545,1989,0.2995
ACH-000463,Imiquimod (maleate),706,1673,255,0.1201
ACH-000463,Indacaterol (maleate),5544,4767,2422,0.307
ACH-000463,Infigratinib,4713,3742,1986,0.307
ACH-000463,Ipatasertib,5105,4128,1984,0.2737
ACH-000463,Irinotecan,4812,3162,1760,0.2832
ACH-000463,Irinotecan (hydrochloride),6182,5488,2982,0.3432
ACH-000463,Isocorydine,2674,3535,1336,0.2742
ACH-000463,Ivermectin,3592,3110,1341,0.2501
ACH-000463,Ixazomib,4419,2630,1485,0.2669
ACH-000463,Ixazomib citrate,3082,11699,2520,0.2055
ACH-000463,L-Eflornithine (monohydrochloride),5136,3969,2250,0.3282
ACH-000463,L-Thyroxine (sodium salt pentahydrate),1716,3434,786,0.1801
ACH-000463,LB-100,4208,1797,990,0.1974
ACH-000463,LJI308,5295,3052,2044,0.3243
ACH-000463,LY-2584702 (tosylate salt),5383,2428,1406,0.2195
ACH-000463,LY2090314,2773,2309,964,0.2341
ACH-000463,Lactate (calcium),4566,5825,2243,0.2753
ACH-000463,Lapatinib ditosylate,4845,1947,1117,0.1968
ACH-000463,Larotrectinib,3440,3633,1364,0.2389
ACH-000463,Lenalidomide (hemihydrate),1687,3254,764,0.1829
ACH-000463,Levobupivacaine (hydrochloride),1383,3826,855,0.1964
ACH-000463,Lidocaine (hydrochloride),3730,4716,1817,0.2741
ACH-000463,Ligustrazine,1168,3538,749,0.1893
ACH-000463,Lipoic acid,1926,2363,897,0.2644
ACH-000463,Lonafarnib,4441,3497,1623,0.257
ACH-000463,Loperamide (hydrochloride),4407,4810,2093,0.2938
ACH-000463,Lopinavir,4088,4541,2194,0.3409
ACH-000463,Lucanthone,3977,4485,2101,0.3303
ACH-000463,Lumateperone (tosylate),2035,3108,1116,0.2771
ACH-000463,MK-3903,5247,3234,1543,0.2224
ACH-000463,MK-8353,5441,1919,1333,0.2212
ACH-000463,ML264,5889,3471,1948,0.2628
ACH-000463,Macitentan,696,2481,382,0.1367
ACH-000463,Malotilate,6715,6338,4004,0.4425
ACH-000463,Mebendazole,1258,6500,931,0.1364
ACH-000463,Medroxyprogesterone acetate,2965,4774,1591,0.2588
ACH-000463,Megestrol,3844,2989,1352,0.2467
ACH-000463,Meloxicam,3769,3882,1519,0.2477
ACH-000463,Menadione,861,2946,513,0.1557
ACH-000463,Methotrexate,2480,4835,1376,0.2317
ACH-000463,Methyl aminolevulinate (hydrochloride),4296,4915,2175,0.3091
ACH-000463,Methylprednisolone succinate,6122,11443,923,0.0555
ACH-000463,Methylthiouracil,3790,5249,1918,0.2693
ACH-000463,Mifepristone,858,3586,533,0.1363
ACH-000463,Minodronic acid,4846,2918,1770,0.2953
ACH-000463,Mitoxantrone (dihydrochloride),3307,9634,2398,0.2274
ACH-000463,Monocrotaline,811,4146,576,0.1315
ACH-000463,Mozavaptan,989,2555,525,0.1739
ACH-000463,NG25,3923,4043,1940,0.3219
ACH-000463,NVP-BHG712,6056,3162,1683,0.2234
ACH-000463,Nafamostat (mesylate),4481,4204,1814,0.264
ACH-000463,Naproxen,2495,2965,1084,0.2477
ACH-000463,Neratinib,2629,5374,1514,0.2333
ACH-000463,Neratinib (maleate),3113,6837,2120,0.2708
ACH-000463,Nevirapine,905,4351,629,0.1359
ACH-000463,Niclosamide (olamine),1223,9502,998,0.1026
ACH-000463,Norepinephrine (hydrochloride),2248,3731,1147,0.2374
ACH-000463,OTS514,3352,2756,1235,0.2534
ACH-000463,Olanzapine,2868,4241,1640,0.2999
ACH-000463,Oleic acid,4951,2137,1365,0.2385
ACH-000463,Omeprazole,3518,3766,1471,0.2531
ACH-000463,Omeprazole (sodium),3478,4098,1531,0.2533
ACH-000463,Orlistat,1116,3859,714,0.1676
ACH-000463,Osimertinib (mesylate),3533,5058,1856,0.2756
ACH-000463,Ouabain (Octahydrate),12702,13337,9814,0.6049
ACH-000463,Oxaliplatin,6713,3765,2599,0.3299
ACH-000463,Oxaprozin,4844,4563,2161,0.2982
ACH-000463,PF-06260933,6031,1732,920,0.1344
ACH-000463,PH-797804,4822,6821,2552,0.2807
ACH-000463,Paclitaxel,5801,5348,2512,0.2908
ACH-000463,Palmatine (chloride),3487,3265,1310,0.2407
ACH-000463,Panobinostat,10236,15505,8980,0.5358
ACH-000463,Pasireotide (acetate),3962,4254,1843,0.2892
ACH-000463,Pemetrexed,1641,2938,811,0.2152
ACH-000463,Pemigatinib,1177,1894,311,0.1127
ACH-000463,Penfluridol,1440,3057,604,0.1552
ACH-000463,Pentagastrin,2193,4069,1278,0.2564
ACH-000463,Pentamidine (isethionate),3771,4585,1858,0.2859
ACH-000463,Pentoxifylline,5209,5921,3028,0.3737
ACH-000463,Peretinoin,3110,7640,2564,0.3132
ACH-000463,Perindopril (erbumine),2475,3141,1084,0.2392
ACH-000463,Pexidartinib (hydrochloride),1814,3828,1057,0.2305
ACH-000463,Phenylephrine (hydrochloride),4443,6098,2527,0.3153
ACH-000463,Phenytoin (sodium),1140,3465,680,0.1732
ACH-000463,Pimitespib,5391,2276,1515,0.2463
ACH-000463,Pimozide,2479,3915,1167,0.2233
ACH-000463,Pioglitazone,4780,4535,2384,0.344
ACH-000463,Piroxicam,7039,5132,3262,0.3661
ACH-000463,Pitavastatin (Calcium),1561,6601,1165,0.1665
ACH-000463,Ponatinib,5271,7187,2838,0.295
ACH-000463,Posaconazole,936,4892,664,0.1286
ACH-000463,Pralsetinib,6060,3995,2318,0.2996
ACH-000463,Pravastatin (sodium),3831,4061,1735,0.2818
ACH-000463,Procainamide (hydrochloride),954,1703,437,0.1968
ACH-000463,Proglumide,2008,3089,805,0.1876
ACH-000463,Pyridoxine,2507,3693,1168,0.2321
ACH-000463,Pyridoxine (hydrochloride),4493,3865,1942,0.3027
ACH-000463,Quinestrol,2606,4005,1431,0.2763
ACH-000463,Quinidine (15% dihydroquinidine),1291,4857,925,0.1771
ACH-000463,RMC-6236,6285,6042,3205,0.3513
ACH-000463,Radotinib,3776,4005,1910,0.3253
ACH-000463,Ralimetinib dimesylate,6309,6807,1183,0.0991
ACH-000463,Raltitrexed,2257,5167,1531,0.2598
ACH-000463,Ranolazine,2263,3224,995,0.2215
ACH-000463,Rapamycin,3350,6020,2229,0.3121
ACH-000463,Regorafenib,5994,2310,1528,0.2255
ACH-000463,Relugolix,2209,2945,1186,0.2989
ACH-000463,Resveratrol,2517,4737,1347,0.228
ACH-000463,Retinoic acid,4173,3960,1781,0.2804
ACH-000463,Rifaximin,545,2719,322,0.1094
ACH-000463,Riluzole hydrochloride,4469,5534,2559,0.3438
ACH-000463,Rimonabant,2612,3684,1382,0.2812
ACH-000463,Ritonavir,2389,3854,1224,0.2439
ACH-000463,Ropivacaine (hydrochloride monohydrate),2823,4069,1553,0.2909
ACH-000463,Rosiglitazone,1215,2793,720,0.219
ACH-000463,Roxadustat,1396,4932,1015,0.191
ACH-000463,Rucaparib (phosphate),779,3653,524,0.1341
ACH-000463,Rutin (trihydrate),3324,3279,1560,0.3093
ACH-000463,S-Adenosyl-L-methionine (disulfate tosylate),3230,5317,2132,0.3323
ACH-000463,SBI-0640756,949,2816,280,0.0803
ACH-000463,Sacubitril/Valsartan,1510,5830,1196,0.1947
ACH-000463,Salicylic acid,2722,4070,1496,0.2825
ACH-000463,Sapanisertib,8282,6055,3647,0.3412
ACH-000463,Saquinavir,1869,4156,961,0.1898
ACH-000463,Selinexor ,5054,7409,3377,0.3717
ACH-000463,Sildenafil,800,4380,570,0.1236
ACH-000463,Silodosin,632,1130,252,0.1669
ACH-000463,Simotinib,744,1128,254,0.157
ACH-000463,Sinomenine,1948,2876,899,0.229
ACH-000463,Sivelestat (sodium tetrahydrate),1098,6150,803,0.1246
ACH-000463,Sodium Salicylate,3141,4292,1544,0.2622
ACH-000463,Sonidegib,7698,959,583,0.0722
ACH-000463,Sulfatinib,885,1860,474,0.2087
ACH-000463,Sulfisoxazole,3762,4263,1683,0.2654
ACH-000463,Sunitinib,4488,5856,2634,0.3416
ACH-000463,TAK-733,4849,6705,3021,0.354
ACH-000463,TAK-901,6183,10252,4284,0.3526
ACH-000463,Tadalafil,930,5330,747,0.1355
ACH-000463,Talc,3477,3167,1383,0.2629
ACH-000463,Tazarotene,4894,5497,2644,0.3413
ACH-000463,Temsirolimus,3397,4876,1812,0.2805
ACH-000463,Temuterkib,6049,3568,1912,0.2482
ACH-000463,Terfenadine,3318,4607,1635,0.2599
ACH-000463,Tetracycline (hydrochloride),777,4834,567,0.1124
ACH-000463,Thymol,2826,2944,1068,0.2271
ACH-000463,Thymopentin,1315,4094,825,0.18
ACH-000463,Tirabrutinib,3342,4484,2034,0.3512
ACH-000463,Tirabrutinib (hydrochloride),6551,6900,3598,0.3652
ACH-000463,Tofacitinib,2494,3953,1164,0.2203
ACH-000463,Tofacitinib (citrate),2484,3652,1199,0.2429
ACH-000463,Tolcapone,2059,5014,1366,0.2394
ACH-000463,Tolmetin,1269,3063,739,0.2057
ACH-000463,Tomivosertib,6313,3098,2028,0.2747
ACH-000463,Topotecan (hydrochloride),4779,8704,3229,0.3149
ACH-000463,Torkinib,5614,2714,1501,0.2199
ACH-000463,Trametinib,9264,10359,6566,0.5029
ACH-000463,Trametinib (DMSO_TF solvate),4654,7083,3414,0.4102
ACH-000463,Tranilast,510,3672,331,0.086
ACH-000463,Triamcinolone,4717,5550,2791,0.3733
ACH-000463,Triclosan,2211,3806,1210,0.2517
ACH-000463,Trifluridine,1713,4450,990,0.1914
ACH-000463,Trimetrexate,2228,4253,1202,0.2277
ACH-000463,Tubulin inhibitor 6,3987,2139,1243,0.2546
ACH-000463,Tucatinib,5267,3000,1941,0.3068
ACH-000463,Tucidinostat,5573,11977,4605,0.3557
ACH-000463,ULK-101,5831,2373,1268,0.1828
ACH-000463,Uridine,3078,5165,1671,0.2543
ACH-000463,Valdecoxib,2222,3494,993,0.2102
ACH-000463,Vandetanib,4621,4231,2102,0.3114
ACH-000463,Vemurafenib,5080,3255,1744,0.2646
ACH-000463,Verapamil,1039,3066,630,0.1813
ACH-000463,Verteporfin,1376,5251,942,0.1657
ACH-000463,Vilanterol,1884,3940,1019,0.2121
ACH-000463,Vinblastine (sulfate),4517,7016,3075,0.3636
ACH-000463,Vismodegib,2037,2958,815,0.195
ACH-000463,Vitamin K4,4370,4724,2002,0.2823
ACH-000463,Volasertib,6018,2004,1253,0.1851
ACH-000463,Voriconazole,3341,3786,1458,0.2572
ACH-000463,Vortioxetine,3957,5296,2098,0.2932
ACH-000463,XRK3F2,5109,3852,1832,0.257
ACH-000463,Zileuton,3666,4009,1693,0.283
ACH-000463,c-Kit-IN-1,11565,9059,4116,0.2493
ACH-000463,crizotinib,1112,4991,825,0.1563
ACH-000463,olaparib,5705,801,398,0.0652
ACH-000463,palbociclib,4977,3106,1551,0.2374
ACH-000463,venetoclax,6192,5262,3084,0.3685
ACH-000463,vincristine,6335,4042,2542,0.3244
ACH-000463,γ-Oryzanol,2739,2799,1106,0.2495
ACH-000493,(R)-Verapamil (hydrochloride),1402,2554,622,0.1866
ACH-000493,(S)-Crizotinib,630,871,158,0.1176
ACH-000493,18β-Glycyrrhetinic acid,1142,2305,500,0.1697
ACH-000493,4EGI-1,3085,1660,796,0.2016
ACH-000493,5-Azacytidine,1182,1778,377,0.146
ACH-000493,5-Fluorouracil,1269,1248,426,0.2037
ACH-000493,8-Hydroxyquinoline,1404,3107,796,0.2143
ACH-000493,9-ING-41,4349,2347,1094,0.1953
ACH-000493,APTO-253,4044,1343,689,0.1467
ACH-000493,AT7519,2647,1044,612,0.1988
ACH-000493,AZD-7648,4411,2194,1181,0.2177
ACH-000493,AZD-8055,3013,2024,988,0.244
ACH-000493,AZD1390,2785,1864,755,0.1939
ACH-000493,AZD2858,1572,1750,403,0.1381
ACH-000493,Abemaciclib,5214,12001,2024,0.1332
ACH-000493,Abiraterone acetate,1506,1803,484,0.1713
ACH-000493,Acetazolamide,2064,1121,458,0.168
ACH-000493,Acetohexamide,1124,2509,487,0.1548
ACH-000493,Adagrasib,3386,2887,1421,0.2929
ACH-000493,Adenine,2005,2258,915,0.2733
ACH-000493,Adenosine,1417,3297,835,0.2153
ACH-000493,Afatinib,2949,4086,1347,0.2368
ACH-000493,Aliskiren,1238,2672,633,0.1932
ACH-000493,Allantoin,2244,3534,1170,0.2539
ACH-000493,Allopurinol,4115,1742,945,0.1924
ACH-000493,Almonertinib (hydrochloride),1594,2667,738,0.2095
ACH-000493,Almonertinib (mesylate),1074,2761,570,0.1746
ACH-000493,Alpelisib,2684,1963,840,0.2206
ACH-000493,Altretamine,232,527,121,0.1897
ACH-000493,Amsacrine,1781,4142,1090,0.2255
ACH-000493,Anastrozole,2445,1572,793,0.246
ACH-000493,Anethole trithione,2444,3616,1461,0.3177
ACH-000493,Apalutamide,82,1358,57,0.0412
ACH-000493,Aprepitant,2928,1317,710,0.2008
ACH-000493,Arbutin,331,739,188,0.2132
ACH-000493,Artemether,2493,1809,839,0.2423
ACH-000493,Artesunate,2350,2942,1170,0.2838
ACH-000493,Asciminib,1814,1990,673,0.2149
ACH-000493,Aspirin,1799,1320,546,0.2122
ACH-000493,Ataluren,1829,2220,714,0.2141
ACH-000493,Atazanavir (sulfate),2222,2011,935,0.2835
ACH-000493,Auranofin,1497,7205,1006,0.1307
ACH-000493,Azithromycin (hydrate),1412,2461,592,0.1804
ACH-000493,BAY1125976,3543,3219,1316,0.2416
ACH-000493,BI-3406,3516,2264,1237,0.2723
ACH-000493,BI-78D3,4717,1446,801,0.1494
ACH-000493,Baicalin,1345,3048,775,0.2142
ACH-000493,Balsalazide (sodium hydrate),1250,2631,706,0.2224
ACH-000493,Belinostat,2338,8526,1799,0.1985
ACH-000493,Belumosudil,946,2532,486,0.1624
ACH-000493,Belumosudil (mesylate),3183,2078,931,0.215
ACH-000493,Belzutifan,2703,2141,765,0.1875
ACH-000493,Bendamustine,275,394,92,0.1594
ACH-000493,Benproperine (phosphate),416,1180,202,0.1449
ACH-000493,Bentamapimod,3962,2061,984,0.1953
ACH-000493,Benztropine (mesylate),961,1024,249,0.1434
ACH-000493,Berbamine,2488,2897,1057,0.2442
ACH-000493,Berbamine (dihydrochloride),1037,1349,355,0.1748
ACH-000493,Berberine (chloride hydrate),1364,4309,808,0.1661
ACH-000493,Bergenin,1021,2350,523,0.1836
ACH-000493,Bestatin,81,1912,48,0.0247
ACH-000493,Bestatin (hydrochloride),1487,1874,473,0.1638
ACH-000493,Betamethasone dipropionate,870,2289,573,0.2216
ACH-000493,Bexarotene,2057,2066,876,0.2698
ACH-000493,Bicalutamide,1078,874,255,0.1503
ACH-000493,Bimatoprost,1467,3248,742,0.1868
ACH-000493,Bimiralisib,3878,3619,1379,0.2254
ACH-000493,Binimetinib,5219,4315,2438,0.3436
ACH-000493,Bisoprolol (hemifumarate),394,1553,239,0.1399
ACH-000493,Bortezomib,6199,5862,3537,0.4149
ACH-000493,Bosentan (hydrate),313,2150,204,0.0903
ACH-000493,Brimonidine,1495,623,236,0.1254
ACH-000493,Brivudine,4238,5580,2184,0.2861
ACH-000493,Budesonide,4432,3751,1983,0.3198
ACH-000493,Busulfan,2090,2478,801,0.2126
ACH-000493,CP21R7,3018,1548,700,0.1811
ACH-000493,Cabozantinib (S-malate),1187,2152,457,0.1586
ACH-000493,Canagliflozin,368,1186,185,0.1351
ACH-000493,Canagliflozin (hemihydrate),1613,1858,486,0.1628
ACH-000493,Capivasertib,2509,1523,598,0.1741
ACH-000493,Capmatinib,2265,1480,589,0.1866
ACH-000493,Captopril,944,1103,270,0.1519
ACH-000493,Carbamazepine,1623,1556,470,0.1735
ACH-000493,Celecoxib,3819,1305,621,0.1379
ACH-000493,Cepharanthine,1662,2544,789,0.2309
ACH-000493,Chlorhexidine (diacetate),1626,3554,968,0.2298
ACH-000493,Ciclopirox,1086,3117,636,0.1783
ACH-000493,Cilostazol,216,2461,162,0.0644
ACH-000493,Cinacalcet,1375,1631,498,0.1986
ACH-000493,Citalopram (hydrobromide),3018,967,436,0.1229
ACH-000493,Clobetasol propionate,3223,3403,1608,0.3204
ACH-000493,Clofarabine,210,1184,101,0.0781
ACH-000493,Clonidine (hydrochloride),1629,3776,1152,0.2709
ACH-000493,Clopidogrel,3707,1183,698,0.1665
ACH-000493,Clotrimazole,1189,2693,623,0.1912
ACH-000493,Cloxacillin (sodium),1262,1809,625,0.2555
ACH-000493,Cobimetinib,133,1816,66,0.0351
ACH-000493,Crizotinib (hydrochloride),2204,2700,982,0.2504
ACH-000493,Cyclosporin A,3405,2195,1149,0.2581
ACH-000493,Cysteamine (hydrochloride),939,2435,529,0.1859
ACH-000493,Cytarabine,1091,2014,486,0.1856
ACH-000493,Cytarabine (hydrochloride),378,1207,177,0.1257
ACH-000493,DT-061,2216,1458,534,0.1701
ACH-000493,DTP3,3310,8568,645,0.0574
ACH-000493,Dabrafenib,3283,3823,1363,0.2373
ACH-000493,Daidzin,1140,1824,476,0.1913
ACH-000493,Dapagliflozin,1018,1536,372,0.1705
ACH-000493,"Dapagliflozin ((2S)-1,2-propanediol, hydrate)",296,1251,135,0.0956
ACH-000493,Darinaparsin,1818,3836,1073,0.2342
ACH-000493,Darolutamide,2769,1762,956,0.2674
ACH-000493,Decitabine,683,2633,454,0.1586
ACH-000493,Delamanid,1672,2052,753,0.2535
ACH-000493,Demeclocycline,1226,2355,595,0.1993
ACH-000493,Dexamethasone,2213,3221,1340,0.3273
ACH-000493,Dexmedetomidine,183,942,102,0.0997
ACH-000493,Diammonium Glycyrrhizinate,1925,3665,955,0.206
ACH-000493,Digitoxin,2516,7777,2019,0.244
ACH-000493,Dihydroartemisinin,910,1767,358,0.1544
ACH-000493,Dimethyl fumarate,110,1015,67,0.0633
ACH-000493,Dinaciclib,4722,9152,4193,0.4331
ACH-000493,Diphenhydramine,958,1193,377,0.2125
ACH-000493,Docetaxel,3403,4124,1649,0.2805
ACH-000493,Docetaxel (Trihydrate),177,2385,117,0.0479
ACH-000493,Dorzolamide (hydrochloride),263,1945,176,0.0866
ACH-000493,Doxorubicin (hydrochloride),334,5224,239,0.0449
ACH-000493,Doxycycline (monohydrate),152,1162,79,0.064
ACH-000493,Drospirenone,1896,2312,830,0.2457
ACH-000493,ERK5-IN-2,3345,4113,1331,0.2172
ACH-000493,ETC-206,2950,1351,748,0.2105
ACH-000493,EX229,5310,3946,2129,0.2987
ACH-000493,Econazole,1101,1878,411,0.16
ACH-000493,Elagolix sodium,1712,3123,853,0.2142
ACH-000493,Elimusertib hydrochloride,3677,2641,1198,0.234
ACH-000493,Encorafenib,11887,3914,191,0.0122
ACH-000493,Entecavir (monohydrate),52,2601,41,0.0157
ACH-000493,Entrectinib,1406,1971,477,0.1645
ACH-000493,Epirubicin (hydrochloride),144,5570,104,0.0185
ACH-000493,Eplerenone,167,672,96,0.1292
ACH-000493,Erdafitinib ,5615,1638,184,0.026
ACH-000493,Erlotinib,539,2021,284,0.1248
ACH-000493,Erythromycin,843,1069,215,0.1267
ACH-000493,Esmolol (hydrochloride),1886,1070,395,0.1542
ACH-000493,Estrone sulfate (potassium),2356,1215,473,0.1527
ACH-000493,Everolimus,2591,1792,703,0.191
ACH-000493,Fedratinib (hydrochloride hydrate),2426,2930,1121,0.2647
ACH-000493,Fenofibrate,473,859,187,0.1633
ACH-000493,Ferulic acid,407,1578,196,0.1096
ACH-000493,Filgotinib,941,2050,364,0.1386
ACH-000493,Finasteride,198,1534,104,0.0639
ACH-000493,Fingolimod (hydrochloride),1147,1483,370,0.1637
ACH-000493,Flumatinib (mesylate),1207,3129,731,0.2028
ACH-000493,Flutamide,1556,1272,420,0.1744
ACH-000493,Fluvoxamine,728,1249,279,0.1643
ACH-000493,Fluvoxamine (maleate),969,3554,566,0.143
ACH-000493,Folic acid,1393,2569,796,0.2514
ACH-000493,Fulvestrant,1316,2962,669,0.1854
ACH-000493,Fumaric acid,945,2664,548,0.179
ACH-000493,Furosemide,938,2255,450,0.1641
ACH-000493,Fusidic acid,1285,2468,727,0.2403
ACH-000493,Futibatinib,3879,2112,1126,0.2314
ACH-000493,GSK1059615,4258,4440,1714,0.2454
ACH-000493,Gallic acid,1875,2565,944,0.27
ACH-000493,Gallic acid (hydrate),1846,3039,858,0.2131
ACH-000493,Gefitinib,1788,2324,797,0.2404
ACH-000493,Gemcitabine,3753,2130,1164,0.2467
ACH-000493,Gemfibrozil,1570,2919,835,0.2285
ACH-000493,Glycyrrhizic acid,347,844,104,0.0957
ACH-000493,Goserelin (acetate),1539,2669,858,0.2561
ACH-000493,HI-TOPK-032,4862,3043,1476,0.2296
ACH-000493,Harringtonine,525,8918,462,0.0514
ACH-000493,Hesperidin,390,798,138,0.1314
ACH-000493,Hexylresorcinol,1352,2566,772,0.2454
ACH-000493,Homoharringtonine,10541,13072,8869,0.6015
ACH-000493,Hydroxyfasudil,4323,1193,571,0.1155
ACH-000493,Hydroxyurea,98,1204,49,0.0391
ACH-000493,IQ 1,2961,1956,816,0.199
ACH-000493,Idarubicin (hydrochloride),9724,13526,8105,0.5352
ACH-000493,Idoxuridine,2527,1484,733,0.2236
ACH-000493,Imiquimod (hydrochloride),1174,1574,348,0.145
ACH-000493,Imiquimod (maleate),124,615,34,0.0482
ACH-000493,Indacaterol (maleate),2023,1400,536,0.1857
ACH-000493,Infigratinib,2609,2852,1113,0.256
ACH-000493,Ipatasertib,4666,2781,1323,0.216
ACH-000493,Irinotecan,2646,1991,830,0.218
ACH-000493,Irinotecan (hydrochloride),2880,1973,876,0.2203
ACH-000493,Isocorydine,1097,2785,564,0.17
ACH-000493,Ivermectin,1529,1321,433,0.1791
ACH-000493,Ixazomib,2424,2762,1010,0.2419
ACH-000493,Ixazomib citrate,846,7000,625,0.0866
ACH-000493,L-Eflornithine (monohydrochloride),2313,957,465,0.1658
ACH-000493,L-Thyroxine (sodium salt pentahydrate),752,2677,326,0.1051
ACH-000493,LB-100,2808,1168,531,0.1541
ACH-000493,LJI308,3120,2410,1097,0.2475
ACH-000493,LY-2584702 (tosylate salt),3152,1864,865,0.2084
ACH-000493,LY2090314,1930,1261,473,0.174
ACH-000493,Lactate (calcium),2140,2011,623,0.1766
ACH-000493,Lapatinib ditosylate,2648,1530,626,0.1762
ACH-000493,Larotrectinib,1749,2662,757,0.2072
ACH-000493,Lenalidomide (hemihydrate),1000,2907,509,0.1498
ACH-000493,Levobupivacaine (hydrochloride),376,1360,208,0.1361
ACH-000493,Lidocaine (hydrochloride),2301,3948,1167,0.2296
ACH-000493,Ligustrazine,189,1169,110,0.0881
ACH-000493,Lipoic acid,934,1840,497,0.2183
ACH-000493,Lonafarnib,3686,4971,1889,0.2791
ACH-000493,Loperamide (hydrochloride),1917,1716,560,0.1822
ACH-000493,Lopinavir,1350,1448,483,0.2086
ACH-000493,Lucanthone,1819,1526,591,0.2146
ACH-000493,Lumateperone (tosylate),979,2324,588,0.2166
ACH-000493,MK-3903,3576,2130,868,0.1794
ACH-000493,MK-8353,3140,1281,681,0.1821
ACH-000493,ML264,3987,2096,997,0.196
ACH-000493,Macitentan,118,797,65,0.0765
ACH-000493,Malotilate,3778,2989,1750,0.3488
ACH-000493,Mebendazole,329,2419,228,0.0905
ACH-000493,Medroxyprogesterone acetate,1865,4021,1088,0.2268
ACH-000493,Megestrol,1831,2369,745,0.2156
ACH-000493,Meloxicam,1313,1320,370,0.1635
ACH-000493,Menadione,260,919,115,0.1081
ACH-000493,Methotrexate,980,1716,338,0.1433
ACH-000493,Methyl aminolevulinate (hydrochloride),1153,1822,440,0.1736
ACH-000493,Methylprednisolone succinate,3696,639,299,0.0741
ACH-000493,Methylthiouracil,1353,2478,651,0.2047
ACH-000493,Mifepristone,227,1272,132,0.0966
ACH-000493,Minodronic acid,3118,2116,1111,0.2695
ACH-000493,Mitoxantrone (dihydrochloride),2122,7613,1466,0.1773
ACH-000493,Monocrotaline,181,2098,118,0.0546
ACH-000493,Mozavaptan,230,1060,125,0.1073
ACH-000493,NG25,1956,3820,971,0.2021
ACH-000493,NVP-BHG712,3648,2310,905,0.1791
ACH-000493,Nafamostat (mesylate),1383,1701,506,0.1963
ACH-000493,Naproxen,526,1251,220,0.1413
ACH-000493,Neratinib,741,1310,229,0.1257
ACH-000493,Neratinib (maleate),1513,4686,1008,0.1942
ACH-000493,Nevirapine,144,1606,93,0.0561
ACH-000493,Niclosamide (olamine),261,3829,197,0.0506
ACH-000493,Norepinephrine (hydrochloride),1304,2718,655,0.1945
ACH-000493,OTS514,2475,2097,838,0.2244
ACH-000493,Olanzapine,1494,3314,927,0.2389
ACH-000493,Oleic acid,3064,1430,765,0.2051
ACH-000493,Omeprazole,1033,1095,290,0.1578
ACH-000493,Omeprazole (sodium),832,807,207,0.1446
ACH-000493,Orlistat,287,1326,155,0.1063
ACH-000493,Osimertinib (mesylate),982,2089,418,0.1576
ACH-000493,Ouabain (Octahydrate),6102,8753,4645,0.4549
ACH-000493,Oxaliplatin,3996,2673,1598,0.3151
ACH-000493,Oxaprozin,1551,1712,558,0.2063
ACH-000493,PF-06260933,3589,2003,783,0.1628
ACH-000493,PH-797804,3998,6509,2119,0.2526
ACH-000493,Paclitaxel,3245,3928,1286,0.2184
ACH-000493,Palmatine (chloride),1896,2584,769,0.2072
ACH-000493,Panobinostat,7012,10438,5819,0.5003
ACH-000493,Pasireotide (acetate),2227,2833,966,0.236
ACH-000493,Pemetrexed,395,1195,143,0.0988
ACH-000493,Pemigatinib,744,1397,102,0.05
ACH-000493,Penfluridol,270,1133,111,0.0859
ACH-000493,Pentagastrin,1224,2947,701,0.202
ACH-000493,Pentamidine (isethionate),1720,2968,834,0.2164
ACH-000493,Pentoxifylline,2940,2400,1114,0.2636
ACH-000493,Peretinoin,463,3224,336,0.1003
ACH-000493,Perindopril (erbumine),818,918,243,0.1628
ACH-000493,Pexidartinib (hydrochloride),337,1287,206,0.1453
ACH-000493,Phenylephrine (hydrochloride),1832,2677,717,0.1891
ACH-000493,Phenytoin (sodium),205,1269,124,0.0919
ACH-000493,Pimitespib,3593,1341,748,0.1787
ACH-000493,Pimozide,927,1581,291,0.1313
ACH-000493,Pioglitazone,2154,1757,754,0.2388
ACH-000493,Piroxicam,4162,2006,1202,0.242
ACH-000493,Pitavastatin (Calcium),360,2294,194,0.0789
ACH-000493,Ponatinib,2475,3985,1214,0.2314
ACH-000493,Posaconazole,212,2373,161,0.0664
ACH-000493,Pralsetinib,3169,4191,1574,0.272
ACH-000493,Pravastatin (sodium),1034,1533,401,0.1851
ACH-000493,Procainamide (hydrochloride),98,781,55,0.0667
ACH-000493,Proglumide,772,960,168,0.1074
ACH-000493,Pyridoxine,1324,2822,612,0.1732
ACH-000493,Pyridoxine (hydrochloride),2495,2537,1102,0.2804
ACH-000493,Quinestrol,1609,2944,901,0.2467
ACH-000493,Quinidine (15% dihydroquinidine),322,2082,211,0.0962
ACH-000493,RMC-6236,3773,3782,1544,0.2569
ACH-000493,Radotinib,2336,3058,1104,0.2573
ACH-000493,Ralimetinib dimesylate,3626,6163,787,0.0874
ACH-000493,Raltitrexed,1127,3253,716,0.1954
ACH-000493,Ranolazine,839,1147,246,0.1414
ACH-000493,Rapamycin,1662,3829,1012,0.2259
ACH-000493,Regorafenib,3373,1659,844,0.2015
ACH-000493,Relugolix,1381,2076,708,0.2575
ACH-000493,Resveratrol,1565,3500,814,0.1915
ACH-000493,Retinoic acid,2496,3318,1196,0.259
ACH-000493,Rifaximin,67,1028,48,0.0458
ACH-000493,Riluzole hydrochloride,2620,3992,1432,0.2764
ACH-000493,Rimonabant,1395,2564,785,0.2473
ACH-000493,Ritonavir,1418,3219,729,0.1865
ACH-000493,Ropivacaine (hydrochloride monohydrate),1564,2943,869,0.2389
ACH-000493,Rosiglitazone,307,782,151,0.161
ACH-000493,Roxadustat,261,2135,183,0.0827
ACH-000493,Rucaparib (phosphate),109,1083,72,0.0643
ACH-000493,Rutin (trihydrate),1192,1105,414,0.2199
ACH-000493,S-Adenosyl-L-methionine (disulfate tosylate),1772,3794,1120,0.2519
ACH-000493,SBI-0640756,7717,1853,169,0.018
ACH-000493,Sacubitril/Valsartan,426,2615,327,0.1205
ACH-000493,Salicylic acid,1442,3188,855,0.2265
ACH-000493,Sapanisertib,5311,3692,1878,0.2636
ACH-000493,Saquinavir,1245,3119,596,0.1582
ACH-000493,Selinexor ,4029,7687,2729,0.3037
ACH-000493,Sildenafil,96,1699,82,0.0479
ACH-000493,Silodosin,86,306,43,0.1232
ACH-000493,Simotinib,81,448,33,0.0665
ACH-000493,Sinomenine,1235,2320,632,0.2162
ACH-000493,Sivelestat (sodium tetrahydrate),378,2876,245,0.0814
ACH-000493,Sodium Salicylate,2046,3065,973,0.2351
ACH-000493,Sonidegib,5048,1248,709,0.1269
ACH-000493,Sulfatinib,160,477,88,0.1603
ACH-000493,Sulfisoxazole,1557,2993,797,0.2124
ACH-000493,Sunitinib,2131,2325,784,0.2135
ACH-000493,TAK-733,2210,4048,1129,0.2201
ACH-000493,TAK-901,4053,8950,2697,0.2617
ACH-000493,Tadalafil,183,2299,142,0.0607
ACH-000493,Talc,926,1063,259,0.1497
ACH-000493,Tazarotene,1937,1661,648,0.2197
ACH-000493,Temsirolimus,2160,3449,1072,0.2363
ACH-000493,Temuterkib,3845,2478,1038,0.1964
ACH-000493,Terfenadine,1440,3425,742,0.18
ACH-000493,Tetracycline (hydrochloride),191,2087,138,0.0645
ACH-000493,Thymol,1626,2256,600,0.1828
ACH-000493,Thymopentin,262,1371,148,0.0997
ACH-000493,Tirabrutinib,1000,1658,539,0.2544
ACH-000493,Tirabrutinib (hydrochloride),3274,2910,1229,0.248
ACH-000493,Tofacitinib,1530,3572,826,0.1932
ACH-000493,Tofacitinib (citrate),1467,3420,828,0.204
ACH-000493,Tolcapone,1165,3769,777,0.1869
ACH-000493,Tolmetin,372,971,196,0.1709
ACH-000493,Tomivosertib,3930,1869,1034,0.217
ACH-000493,Topotecan (hydrochloride),1205,3970,716,0.1606
ACH-000493,Torkinib,3364,1727,746,0.1717
ACH-000493,Trametinib,5772,5286,2763,0.3331
ACH-000493,Trametinib (DMSO_TF solvate),1175,2625,699,0.2254
ACH-000493,Tranilast,83,1238,56,0.0443
ACH-000493,Triamcinolone,2636,4511,1730,0.3194
ACH-000493,Triclosan,1360,2728,710,0.2102
ACH-000493,Trifluridine,1013,3370,569,0.1492
ACH-000493,Trimetrexate,1365,3738,804,0.187
ACH-000493,Tubulin inhibitor 6,2479,1356,601,0.1858
ACH-000493,Tucatinib,2639,1960,905,0.245
ACH-000493,Tucidinostat,3164,10302,2639,0.2437
ACH-000493,ULK-101,3753,1590,713,0.154
ACH-000493,Uridine,1147,2888,592,0.1719
ACH-000493,Valdecoxib,748,1316,227,0.1236
ACH-000493,Vandetanib,2088,1747,736,0.2375
ACH-000493,Vemurafenib,2893,1474,661,0.1784
ACH-000493,Verapamil,249,864,102,0.1009
ACH-000493,Verteporfin,195,2229,125,0.0544
ACH-000493,Vilanterol,1213,2759,609,0.1811
ACH-000493,Vinblastine (sulfate),2082,4651,1237,0.2251
ACH-000493,Vismodegib,652,794,155,0.1201
ACH-000493,Vitamin K4,1633,1395,442,0.1709
ACH-000493,Volasertib,3033,1364,599,0.1577
ACH-000493,Voriconazole,996,1266,315,0.1618
ACH-000493,Vortioxetine,1052,2235,493,0.1764
ACH-000493,XRK3F2,3209,1890,730,0.1671
ACH-000493,Zileuton,886,1147,289,0.1657
ACH-000493,c-Kit-IN-1,5432,8591,1995,0.1659
ACH-000493,crizotinib,224,1930,170,0.0857
ACH-000493,olaparib,3430,955,594,0.1567
ACH-000493,palbociclib,2891,2191,774,0.1797
ACH-000493,venetoclax,3412,3623,1532,0.2784
ACH-000493,vincristine,4487,2625,1499,0.2671
ACH-000493,γ-Oryzanol,1122,1054,358,0.1969
ACH-000496,(R)-Verapamil (hydrochloride),1179,2255,553,0.1919
ACH-000496,(S)-Crizotinib,1195,1215,304,0.1443
ACH-000496,18β-Glycyrrhetinic acid,953,2260,463,0.1684
ACH-000496,4EGI-1,2190,1046,538,0.1994
ACH-000496,5-Azacytidine,2006,2906,811,0.1978
ACH-000496,5-Fluorouracil,2065,2132,839,0.2499
ACH-000496,8-Hydroxyquinoline,929,2625,550,0.1831
ACH-000496,9-ING-41,3904,1663,835,0.1765
ACH-000496,APTO-253,3047,949,453,0.1279
ACH-000496,AT7519,2031,851,488,0.2038
ACH-000496,AZD-7648,3387,1926,940,0.215
ACH-000496,AZD-8055,2602,1642,829,0.2428
ACH-000496,AZD1390,2992,1178,604,0.1694
ACH-000496,AZD2858,1771,1193,409,0.1601
ACH-000496,Abemaciclib,6129,2824,2164,0.3188
ACH-000496,Abiraterone acetate,2385,2378,817,0.207
ACH-000496,Acetazolamide,3677,1856,924,0.2005
ACH-000496,Acetohexamide,993,1973,452,0.1798
ACH-000496,Adagrasib,4969,5467,3033,0.4097
ACH-000496,Adenine,1444,2169,711,0.245
ACH-000496,Adenosine,1269,2978,825,0.2411
ACH-000496,Afatinib,3871,3210,1544,0.2789
ACH-000496,Aliskiren,963,1998,501,0.2037
ACH-000496,Allantoin,1470,3216,837,0.2175
ACH-000496,Allopurinol,4259,2427,1325,0.2472
ACH-000496,Almonertinib (hydrochloride),1220,2144,544,0.1929
ACH-000496,Almonertinib (mesylate),2319,2377,920,0.2436
ACH-000496,Alpelisib,2439,1533,731,0.2255
ACH-000496,Altretamine,328,684,142,0.1632
ACH-000496,Amsacrine,1487,3806,975,0.2258
ACH-000496,Anastrozole,1718,1212,540,0.2259
ACH-000496,Anethole trithione,1942,2967,1150,0.3059
ACH-000496,Apalutamide,317,1900,166,0.0809
ACH-000496,Aprepitant,4143,2147,1308,0.2625
ACH-000496,Arbutin,588,1011,276,0.2086
ACH-000496,Artemether,3474,2663,1305,0.2701
ACH-000496,Artesunate,1570,1952,726,0.2597
ACH-000496,Asciminib,4072,2760,1452,0.2699
ACH-000496,Aspirin,2196,1785,761,0.2363
ACH-000496,Ataluren,3055,1585,699,0.1774
ACH-000496,Atazanavir (sulfate),2425,2393,1081,0.2893
ACH-000496,Auranofin,2805,5210,1534,0.2367
ACH-000496,Azithromycin (hydrate),1065,1730,475,0.2047
ACH-000496,BAY1125976,3274,3312,1289,0.2433
ACH-000496,BI-3406,3001,1677,970,0.2616
ACH-000496,BI-78D3,4217,1041,586,0.1254
ACH-000496,Baicalin,1182,2357,683,0.2391
ACH-000496,Balsalazide (sodium hydrate),1132,1867,585,0.2423
ACH-000496,Belinostat,2736,9582,2245,0.2229
ACH-000496,Belumosudil,2269,5312,1418,0.2301
ACH-000496,Belumosudil (mesylate),2853,1515,745,0.2056
ACH-000496,Belzutifan,2498,1383,528,0.1575
ACH-000496,Bendamustine,548,1113,232,0.1624
ACH-000496,Benproperine (phosphate),962,1847,445,0.1882
ACH-000496,Bentamapimod,3616,1626,846,0.1924
ACH-000496,Benztropine (mesylate),1843,1904,619,0.1979
ACH-000496,Berbamine,2932,2333,1093,0.262
ACH-000496,Berbamine (dihydrochloride),2373,1689,641,0.1874
ACH-000496,Berberine (chloride hydrate),999,2328,542,0.1946
ACH-000496,Bergenin,823,2029,446,0.1854
ACH-000496,Bestatin,261,2001,161,0.0766
ACH-000496,Bestatin (hydrochloride),2104,2300,785,0.2169
ACH-000496,Betamethasone dipropionate,1509,3851,1135,0.2686
ACH-000496,Bexarotene,3043,3819,1728,0.3366
ACH-000496,Bicalutamide,2022,1324,467,0.1622
ACH-000496,Bimatoprost,1371,2694,683,0.202
ACH-000496,Bimiralisib,3805,3222,1340,0.2356
ACH-000496,Binimetinib,5590,4590,2750,0.3701
ACH-000496,Bisoprolol (hemifumarate),890,2038,481,0.1966
ACH-000496,Bortezomib,4896,4810,2655,0.3765
ACH-000496,Bosentan (hydrate),654,2793,459,0.1536
ACH-000496,Brimonidine,1811,1353,450,0.1658
ACH-000496,Brivudine,3782,4143,1770,0.2876
ACH-000496,Budesonide,5534,5202,2942,0.3775
ACH-000496,Busulfan,1430,1764,559,0.2121
ACH-000496,CP21R7,2572,957,505,0.167
ACH-000496,Cabozantinib (S-malate),1865,3441,910,0.207
ACH-000496,Canagliflozin,682,1488,348,0.191
ACH-000496,Canagliflozin (hemihydrate),2407,1638,541,0.1544
ACH-000496,Capivasertib,1946,1024,489,0.1971
ACH-000496,Capmatinib,2271,1398,667,0.2222
ACH-000496,Captopril,3007,1779,936,0.2431
ACH-000496,Carbamazepine,2600,2558,921,0.2174
ACH-000496,Celecoxib,3196,923,411,0.1108
ACH-000496,Cepharanthine,1178,2326,580,0.1984
ACH-000496,Chlorhexidine (diacetate),2328,2776,1014,0.2479
ACH-000496,Ciclopirox,976,2604,547,0.1803
ACH-000496,Cilostazol,1099,2922,664,0.1978
ACH-000496,Cinacalcet,2210,1649,574,0.1747
ACH-000496,Citalopram (hydrobromide),4048,1597,848,0.1768
ACH-000496,Clobetasol propionate,4148,4923,2552,0.3915
ACH-000496,Clofarabine,444,1245,155,0.101
ACH-000496,Clonidine (hydrochloride),1232,2820,833,0.2588
ACH-000496,Clopidogrel,4000,1815,1046,0.2193
ACH-000496,Clotrimazole,1132,2402,606,0.207
ACH-000496,Cloxacillin (sodium),930,1379,440,0.2354
ACH-000496,Cobimetinib,511,2781,319,0.1073
ACH-000496,Crizotinib (hydrochloride),2985,3100,1334,0.2808
ACH-000496,Cyclosporin A,3733,3371,1713,0.3178
ACH-000496,Cysteamine (hydrochloride),889,2278,530,0.201
ACH-000496,Cytarabine,2087,1637,587,0.1871
ACH-000496,Cytarabine (hydrochloride),581,1181,233,0.1524
ACH-000496,DT-061,1962,1144,495,0.1896
ACH-000496,DTP3,3956,409,291,0.0714
ACH-000496,Dabrafenib,3151,3246,1245,0.2417
ACH-000496,Daidzin,2799,1783,793,0.2093
ACH-000496,Dapagliflozin,1825,1380,447,0.1621
ACH-000496,"Dapagliflozin ((2S)-1,2-propanediol, hydrate)",711,1513,269,0.1376
ACH-000496,Darinaparsin,1371,3783,846,0.1964
ACH-000496,Darolutamide,3508,2669,1398,0.2925
ACH-000496,Decitabine,1405,3538,943,0.2358
ACH-000496,Delamanid,2675,2810,1258,0.2976
ACH-000496,Demeclocycline,991,1858,475,0.2001
ACH-000496,Dexamethasone,4052,5204,2769,0.4269
ACH-000496,Dexmedetomidine,640,1441,324,0.1844
ACH-000496,Diammonium Glycyrrhizinate,1213,2559,568,0.1773
ACH-000496,Digitoxin,4785,8592,3939,0.4174
ACH-000496,Dihydroartemisinin,1101,2018,421,0.156
ACH-000496,Dimethyl fumarate,280,1770,150,0.0789
ACH-000496,Dinaciclib,4996,8433,3937,0.4148
ACH-000496,Diphenhydramine,1440,2156,692,0.2383
ACH-000496,Docetaxel,2444,2964,1136,0.2659
ACH-000496,Docetaxel (Trihydrate),459,3368,345,0.0991
ACH-000496,Dorzolamide (hydrochloride),662,2417,397,0.148
ACH-000496,Doxorubicin (hydrochloride),909,4182,557,0.1228
ACH-000496,Doxycycline (monohydrate),476,1713,246,0.1266
ACH-000496,Drospirenone,3351,3171,1329,0.2559
ACH-000496,ERK5-IN-2,3158,2562,1032,0.2201
ACH-000496,ETC-206,2521,898,501,0.1717
ACH-000496,EX229,5481,3423,2231,0.3343
ACH-000496,Econazole,3090,2972,1175,0.2404
ACH-000496,Elagolix sodium,1330,2788,769,0.2296
ACH-000496,Elimusertib hydrochloride,3377,2787,1315,0.2712
ACH-000496,Entecavir (monohydrate),199,2867,141,0.0482
ACH-000496,Entrectinib,2724,2572,857,0.1931
ACH-000496,Epirubicin (hydrochloride),239,3940,142,0.0352
ACH-000496,Eplerenone,407,1103,189,0.1431
ACH-000496,Erdafitinib ,7998,1108,57,0.0063
ACH-000496,Erlotinib,953,2386,451,0.1562
ACH-000496,Erythromycin,1642,2278,590,0.1772
ACH-000496,Esmolol (hydrochloride),2206,2006,680,0.1925
ACH-000496,Estrone sulfate (potassium),3416,2112,909,0.1968
ACH-000496,Everolimus,1997,1184,545,0.2068
ACH-000496,Fedratinib (hydrochloride hydrate),2961,3583,1347,0.2592
ACH-000496,Fenofibrate,1231,869,328,0.1851
ACH-000496,Ferulic acid,789,1936,372,0.1581
ACH-000496,Filgotinib,1667,3561,777,0.1746
ACH-000496,Finasteride,360,1552,193,0.1123
ACH-000496,Fingolimod (hydrochloride),2091,2313,778,0.2146
ACH-000496,Flumatinib (mesylate),2569,3117,1194,0.2658
ACH-000496,Flutamide,2256,2167,740,0.2009
ACH-000496,Fluvoxamine,957,1956,450,0.1827
ACH-000496,Fluvoxamine (maleate),1003,2705,543,0.1716
ACH-000496,Folic acid,1000,2090,566,0.2242
ACH-000496,Fulvestrant,2764,1947,846,0.2189
ACH-000496,Fumaric acid,2566,3071,1113,0.246
ACH-000496,Furosemide,647,2019,372,0.1622
ACH-000496,Fusidic acid,1017,2034,550,0.2199
ACH-000496,Futibatinib,3093,1520,805,0.2114
ACH-000496,GSK1059615,3950,2613,1181,0.2194
ACH-000496,Gallic acid,1418,2432,760,0.246
ACH-000496,Gallic acid (hydrate),1495,2408,644,0.1976
ACH-000496,Gefitinib,1957,2017,719,0.2209
ACH-000496,Gemcitabine,2668,1722,826,0.2318
ACH-000496,Gemfibrozil,1076,2240,611,0.2259
ACH-000496,Glycyrrhizic acid,686,1304,262,0.1516
ACH-000496,Goserelin (acetate),1157,2131,667,0.2545
ACH-000496,HI-TOPK-032,4266,2285,1195,0.2231
ACH-000496,Harringtonine,1741,10427,1593,0.1506
ACH-000496,Hesperidin,745,1510,320,0.1654
ACH-000496,Hexylresorcinol,1167,2331,705,0.2524
ACH-000496,Homoharringtonine,7203,8673,5237,0.4922
ACH-000496,Hydroxyfasudil,4253,730,357,0.0772
ACH-000496,Hydroxyurea,351,1476,168,0.1013
ACH-000496,IQ 1,2608,1514,679,0.1972
ACH-000496,Idarubicin (hydrochloride),7160,10863,5734,0.4666
ACH-000496,Idoxuridine,3012,1920,989,0.2508
ACH-000496,Imiquimod (hydrochloride),2847,2623,1034,0.2331
ACH-000496,Imiquimod (maleate),339,868,107,0.0973
ACH-000496,Indacaterol (maleate),3754,2151,1158,0.2439
ACH-000496,Infigratinib,2352,1785,787,0.2349
ACH-000496,Ipatasertib,3541,2585,1059,0.209
ACH-000496,Irinotecan,2639,1124,595,0.1878
ACH-000496,Irinotecan (hydrochloride),4384,1589,901,0.1776
ACH-000496,Isocorydine,948,2179,495,0.1881
ACH-000496,Ivermectin,2115,1695,630,0.1981
ACH-000496,Ixazomib,2496,2370,1050,0.2752
ACH-000496,Ixazomib citrate,2037,7621,1467,0.1791
ACH-000496,L-Eflornithine (monohydrochloride),3264,1826,913,0.2186
ACH-000496,L-Thyroxine (sodium salt pentahydrate),948,2256,440,0.1592
ACH-000496,LB-100,2284,839,411,0.1515
ACH-000496,LJI308,3182,1798,982,0.2456
ACH-000496,LY-2584702 (tosylate salt),3004,1308,680,0.1872
ACH-000496,LY2090314,1505,983,338,0.1572
ACH-000496,Lactate (calcium),2642,2571,823,0.1875
ACH-000496,Lapatinib ditosylate,2464,878,488,0.171
ACH-000496,Larotrectinib,1295,2342,570,0.1858
ACH-000496,Lenalidomide (hemihydrate),882,2205,422,0.1583
ACH-000496,Levobupivacaine (hydrochloride),701,1412,311,0.1726
ACH-000496,Lidocaine (hydrochloride),1690,3218,865,0.214
ACH-000496,Ligustrazine,457,1755,255,0.1303
ACH-000496,Lipoic acid,843,1648,445,0.2175
ACH-000496,Lonafarnib,2080,2471,825,0.2214
ACH-000496,Loperamide (hydrochloride),2968,2302,982,0.229
ACH-000496,Lopinavir,2598,2547,1099,0.2716
ACH-000496,Lucanthone,2219,1913,837,0.254
ACH-000496,Lumateperone (tosylate),880,1854,499,0.2233
ACH-000496,MK-3903,2986,1553,660,0.1701
ACH-000496,MK-8353,2714,668,399,0.1338
ACH-000496,ML264,3332,1438,722,0.1784
ACH-000496,Macitentan,328,931,132,0.1171
ACH-000496,Malotilate,4244,3876,2223,0.377
ACH-000496,Mebendazole,592,3834,400,0.0994
ACH-000496,Medroxyprogesterone acetate,1985,4296,1247,0.2477
ACH-000496,Megestrol,1587,2625,763,0.2212
ACH-000496,Meloxicam,2045,2037,628,0.1818
ACH-000496,Menadione,598,1247,228,0.141
ACH-000496,Methotrexate,1836,1863,613,0.1986
ACH-000496,Methyl aminolevulinate (hydrochloride),3189,2231,1097,0.2538
ACH-000496,Methylprednisolone succinate,3839,9154,497,0.0398
ACH-000496,Methylthiouracil,1901,2231,693,0.2015
ACH-000496,Mifepristone,535,2022,248,0.1074
ACH-000496,Minodronic acid,2269,1527,726,0.2365
ACH-000496,Mitoxantrone (dihydrochloride),1467,5381,967,0.1644
ACH-000496,Monocrotaline,649,1925,353,0.1589
ACH-000496,Mozavaptan,474,1625,230,0.1231
ACH-000496,NG25,1996,2966,948,0.2362
ACH-000496,NVP-BHG712,3435,1663,748,0.172
ACH-000496,Nafamostat (mesylate),3022,1771,795,0.1988
ACH-000496,Naproxen,1446,1341,422,0.1784
ACH-000496,Neratinib,1815,2740,821,0.2199
ACH-000496,Neratinib (maleate),1385,4537,921,0.1842
ACH-000496,Nevirapine,727,1872,383,0.1728
ACH-000496,Niclosamide (olamine),453,6457,379,0.058
ACH-000496,Norepinephrine (hydrochloride),1050,2596,587,0.1919
ACH-000496,OTS514,1705,1526,570,0.2142
ACH-000496,Olanzapine,1161,2764,707,0.2197
ACH-000496,Oleic acid,2634,938,540,0.1781
ACH-000496,Omeprazole,1549,1602,456,0.1692
ACH-000496,Omeprazole (sodium),2592,1736,756,0.2116
ACH-000496,Orlistat,605,1862,308,0.1427
ACH-000496,Osimertinib (mesylate),2374,2956,1056,0.2471
ACH-000496,Ouabain (Octahydrate),7220,9871,5763,0.5087
ACH-000496,Oxaliplatin,3223,1781,1071,0.2723
ACH-000496,Oxaprozin,2885,2139,946,0.232
ACH-000496,PF-06260933,3712,8071,511,0.0453
ACH-000496,PH-797804,3313,3094,1099,0.207
ACH-000496,Paclitaxel,2933,2562,1000,0.2225
ACH-000496,Palmatine (chloride),1417,2148,554,0.184
ACH-000496,Panobinostat,7795,10596,6116,0.4982
ACH-000496,Pasireotide (acetate),1540,2418,740,0.23
ACH-000496,Pemetrexed,720,1718,316,0.1489
ACH-000496,Pemigatinib,512,876,58,0.0436
ACH-000496,Penfluridol,729,1376,283,0.1553
ACH-000496,Pentagastrin,1156,2221,589,0.2113
ACH-000496,Pentamidine (isethionate),2215,3045,1038,0.2459
ACH-000496,Pentoxifylline,3327,3186,1497,0.2984
ACH-000496,Peretinoin,1020,4842,757,0.1483
ACH-000496,Perindopril (erbumine),1072,1237,317,0.1591
ACH-000496,Pexidartinib (hydrochloride),678,1710,332,0.1615
ACH-000496,Phenylephrine (hydrochloride),3522,3768,1520,0.2634
ACH-000496,Phenytoin (sodium),607,1319,263,0.1581
ACH-000496,Pimitespib,2983,913,488,0.1432
ACH-000496,Pimozide,1790,2194,677,0.2047
ACH-000496,Pioglitazone,3098,3256,1563,0.3262
ACH-000496,Piroxicam,4205,2706,1509,0.2793
ACH-000496,Pitavastatin (Calcium),525,2430,277,0.1034
ACH-000496,Ponatinib,2881,5482,1603,0.2371
ACH-000496,Posaconazole,397,2671,238,0.0841
ACH-000496,Pralsetinib,3185,2864,1379,0.2953
ACH-000496,Pravastatin (sodium),2810,1535,703,0.193
ACH-000496,Procainamide (hydrochloride),393,681,137,0.1462
ACH-000496,Proglumide,1357,1603,450,0.1793
ACH-000496,Pyridoxine,1059,2153,487,0.1787
ACH-000496,Pyridoxine (hydrochloride),1914,2222,937,0.2929
ACH-000496,Quinestrol,1061,2504,599,0.202
ACH-000496,Quinidine (15% dihydroquinidine),632,2225,403,0.1642
ACH-000496,RMC-6236,3368,2130,1036,0.2322
ACH-000496,Radotinib,2336,3355,1313,0.2999
ACH-000496,Ralimetinib dimesylate,3758,732,431,0.1062
ACH-000496,Raltitrexed,861,2800,560,0.1806
ACH-000496,Ranolazine,1346,2031,503,0.175
ACH-000496,Rapamycin,1270,3283,783,0.2077
ACH-000496,Regorafenib,3581,1457,881,0.2119
ACH-000496,Relugolix,919,1648,485,0.2329
ACH-000496,Resveratrol,1167,2498,596,0.1942
ACH-000496,Retinoic acid,2110,4045,1342,0.2788
ACH-000496,Rifaximin,223,1044,109,0.0941
ACH-000496,Riluzole hydrochloride,1900,3560,1171,0.273
ACH-000496,Rimonabant,1047,2014,599,0.2433
ACH-000496,Ritonavir,1110,2583,537,0.1702
ACH-000496,Ropivacaine (hydrochloride monohydrate),1255,2464,697,0.2306
ACH-000496,Rosiglitazone,587,1766,326,0.1608
ACH-000496,Roxadustat,932,3199,629,0.1796
ACH-000496,Rucaparib (phosphate),563,1563,241,0.1279
ACH-000496,Rutin (trihydrate),1352,1586,561,0.236
ACH-000496,S-Adenosyl-L-methionine (disulfate tosylate),1431,3381,912,0.2338
ACH-000496,SBI-0640756,4964,1321,129,0.021
ACH-000496,Sacubitril/Valsartan,822,2758,552,0.1823
ACH-000496,Salicylic acid,1079,2513,617,0.2074
ACH-000496,Sapanisertib,5200,2939,1534,0.2322
ACH-000496,Saquinavir,1214,2889,601,0.1716
ACH-000496,Selinexor ,2711,5371,1765,0.2794
ACH-000496,Sildenafil,429,1932,232,0.109
ACH-000496,Silodosin,292,490,79,0.1124
ACH-000496,Simotinib,345,499,88,0.1164
ACH-000496,Sinomenine,935,1905,471,0.1988
ACH-000496,Sivelestat (sodium tetrahydrate),510,3452,355,0.0984
ACH-000496,Sodium Salicylate,1346,2375,669,0.2192
ACH-000496,Sonidegib,4857,749,425,0.082
ACH-000496,Sulfatinib,361,1001,195,0.1671
ACH-000496,Sulfisoxazole,1895,2774,812,0.2105
ACH-000496,Sunitinib,2865,3780,1439,0.2764
ACH-000496,TAK-733,2501,3468,1204,0.2527
ACH-000496,TAK-901,3755,6663,2222,0.2711
ACH-000496,Tadalafil,455,2482,312,0.1189
ACH-000496,Talc,2929,1408,694,0.1905
ACH-000496,Tazarotene,3209,2636,1340,0.2974
ACH-000496,Temsirolimus,1637,2609,769,0.2212
ACH-000496,Temuterkib,3516,1404,673,0.1585
ACH-000496,Terfenadine,2524,2910,947,0.2111
ACH-000496,Tetracycline (hydrochloride),292,2363,201,0.0819
ACH-000496,Thymol,1193,1939,480,0.181
ACH-000496,Thymopentin,480,1914,255,0.1192
ACH-000496,Tirabrutinib,1654,2269,764,0.2418
ACH-000496,Tirabrutinib (hydrochloride),4195,3602,1764,0.2924
ACH-000496,Tofacitinib,1532,3243,868,0.2222
ACH-000496,Tofacitinib (citrate),1308,3140,753,0.2038
ACH-000496,Tolcapone,867,2925,591,0.1846
ACH-000496,Tolmetin,557,1445,257,0.1473
ACH-000496,Tomivosertib,3383,1244,733,0.1882
ACH-000496,Topotecan (hydrochloride),2348,4813,1336,0.2294
ACH-000496,Torkinib,2831,1247,596,0.1712
ACH-000496,Trametinib,5750,5017,2963,0.3797
ACH-000496,Trametinib (DMSO_TF solvate),2245,3266,1289,0.3053
ACH-000496,Tranilast,288,1456,163,0.1031
ACH-000496,Triamcinolone,2659,5034,1932,0.3354
ACH-000496,Triclosan,810,2296,468,0.1774
ACH-000496,Trifluridine,709,2536,403,0.1418
ACH-000496,Trimetrexate,1101,2788,629,0.1929
ACH-000496,Tubulin inhibitor 6,2147,898,464,0.1798
ACH-000496,Tucatinib,2521,1225,663,0.2151
ACH-000496,Tucidinostat,1957,7242,1522,0.1983
ACH-000496,ULK-101,3233,1186,576,0.1499
ACH-000496,Uridine,1503,2025,538,0.1799
ACH-000496,Valdecoxib,1666,1399,463,0.1779
ACH-000496,Vandetanib,2789,2811,1233,0.2823
ACH-000496,Vemurafenib,2124,1359,612,0.2132
ACH-000496,Verapamil,362,1222,180,0.1282
ACH-000496,Verteporfin,507,2497,259,0.0944
ACH-000496,Vilanterol,839,2454,428,0.1494
ACH-000496,Vinblastine (sulfate),1600,4272,1081,0.2256
ACH-000496,Vismodegib,1608,1415,497,0.1968
ACH-000496,Vitamin K4,2545,1921,737,0.1976
ACH-000496,Volasertib,2577,846,487,0.1659
ACH-000496,Voriconazole,2592,1916,849,0.232
ACH-000496,Vortioxetine,3204,3070,1370,0.2794
ACH-000496,XRK3F2,3095,1490,596,0.1494
ACH-000496,Zileuton,2585,1639,732,0.2096
ACH-000496,c-Kit-IN-1,7755,2675,2271,0.2783
ACH-000496,crizotinib,505,2211,300,0.1242
ACH-000496,olaparib,3479,529,418,0.1164
ACH-000496,palbociclib,2400,1818,706,0.201
ACH-000496,venetoclax,3041,3490,1461,0.2882
ACH-000496,vincristine,3434,1301,745,0.1867
ACH-000496,γ-Oryzanol,1312,1634,468,0.1889
ACH-000521,(R)-Verapamil (hydrochloride),2918,4419,1509,0.2589
ACH-000521,(S)-Crizotinib,400,1091,129,0.0947
ACH-000521,18β-Glycyrrhetinic acid,1840,3932,950,0.197
ACH-000521,4EGI-1,4945,3425,1788,0.2716
ACH-000521,5-Azacytidine,1039,2849,466,0.1362
ACH-000521,5-Fluorouracil,988,1222,301,0.1577
ACH-000521,8-Hydroxyquinoline,2846,4371,1409,0.2426
ACH-000521,9-ING-41,6490,4038,2226,0.2681
ACH-000521,APTO-253,4829,2273,1133,0.1898
ACH-000521,AT7519,3400,2360,1190,0.2604
ACH-000521,AZD-7648,5625,4057,2106,0.278
ACH-000521,AZD-8055,4907,4732,2115,0.2811
ACH-000521,AZD1390,4822,3609,1645,0.2424
ACH-000521,AZD2858,2501,2998,849,0.1826
ACH-000521,Abemaciclib,8470,16794,3835,0.179
ACH-000521,Abiraterone acetate,1925,2134,590,0.1701
ACH-000521,Acetazolamide,2311,1617,731,0.2287
ACH-000521,Acetohexamide,2186,4134,1072,0.2043
ACH-000521,Adagrasib,8092,7039,4721,0.4535
ACH-000521,Adenine,3173,3524,1370,0.2572
ACH-000521,Adenosine,2400,5457,1542,0.2442
ACH-000521,Afatinib,4461,7547,2602,0.2766
ACH-000521,Aliskiren,2369,3823,1235,0.2491
ACH-000521,Allantoin,3794,5740,2074,0.278
ACH-000521,Allopurinol,3658,2437,1226,0.2518
ACH-000521,Almonertinib (hydrochloride),3079,3576,1325,0.2486
ACH-000521,Almonertinib (mesylate),1012,3387,664,0.1778
ACH-000521,Alpelisib,3459,3719,1474,0.2584
ACH-000521,Altretamine,243,728,123,0.145
ACH-000521,Amsacrine,3941,6753,2650,0.3294
ACH-000521,Anastrozole,2929,2992,1296,0.2802
ACH-000521,Anethole trithione,4868,5139,2763,0.3814
ACH-000521,Apalutamide,73,1246,45,0.0353
ACH-000521,Aprepitant,2633,2279,1090,0.2852
ACH-000521,Arbutin,366,750,182,0.1949
ACH-000521,Artemether,2057,2725,926,0.2401
ACH-000521,Artesunate,4659,5578,2749,0.3671
ACH-000521,Asciminib,2059,2586,928,0.2497
ACH-000521,Aspirin,1399,1534,495,0.203
ACH-000521,Ataluren,1543,2635,690,0.1978
ACH-000521,Atazanavir (sulfate),1737,2432,901,0.2757
ACH-000521,Auranofin,1349,5655,875,0.1428
ACH-000521,Azithromycin (hydrate),2366,3544,1147,0.2408
ACH-000521,BAY1125976,5402,7118,3110,0.3305
ACH-000521,BI-3406,5361,4605,2476,0.3306
ACH-000521,BI-78D3,6498,3318,1832,0.2295
ACH-000521,Baicalin,2358,5386,1593,0.259
ACH-000521,Balsalazide (sodium hydrate),2380,4448,1448,0.2691
ACH-000521,Belinostat,1830,8321,1359,0.1546
ACH-000521,Belumosudil,972,2802,532,0.1641
ACH-000521,Belumosudil (mesylate),4625,3026,1452,0.2342
ACH-000521,Belzutifan,3250,9081,1171,0.1049
ACH-000521,Bendamustine,281,572,108,0.145
ACH-000521,Benproperine (phosphate),408,1050,195,0.1544
ACH-000521,Bentamapimod,5397,2923,1536,0.2264
ACH-000521,Benztropine (mesylate),1000,1564,304,0.1345
ACH-000521,Berbamine,3983,4063,1655,0.259
ACH-000521,Berbamine (dihydrochloride),1188,1705,453,0.1857
ACH-000521,Berberine (chloride hydrate),1844,5045,1050,0.1798
ACH-000521,Bergenin,2011,4231,1070,0.2069
ACH-000521,Bestatin,90,2267,70,0.0306
ACH-000521,Bestatin (hydrochloride),1957,2075,640,0.1887
ACH-000521,Betamethasone dipropionate,439,1595,264,0.1492
ACH-000521,Bexarotene,1424,2581,693,0.2092
ACH-000521,Bicalutamide,1492,1063,325,0.1457
ACH-000521,Bimatoprost,2289,5018,1220,0.2004
ACH-000521,Bimiralisib,5789,8279,3282,0.3043
ACH-000521,Binimetinib,7632,6359,3997,0.3999
ACH-000521,Bisoprolol (hemifumarate),373,1722,231,0.1239
ACH-000521,Bortezomib,6656,7760,3960,0.3787
ACH-000521,Bosentan (hydrate),228,2314,164,0.069
ACH-000521,Brimonidine,1221,719,241,0.1418
ACH-000521,Brivudine,5859,8356,3549,0.3327
ACH-000521,Budesonide,2902,3066,1182,0.247
ACH-000521,Busulfan,3316,4130,1457,0.2433
ACH-000521,CP21R7,4018,2338,1081,0.2049
ACH-000521,Cabozantinib (S-malate),1484,2767,590,0.1612
ACH-000521,Canagliflozin,316,1664,185,0.1031
ACH-000521,Canagliflozin (hemihydrate),1542,2299,524,0.158
ACH-000521,Capivasertib,5778,2822,1628,0.2335
ACH-000521,Capmatinib,4945,2943,1442,0.2237
ACH-000521,Captopril,954,1281,255,0.1288
ACH-000521,Carbamazepine,1612,2013,622,0.2071
ACH-000521,Celecoxib,5343,2643,1329,0.1996
ACH-000521,Cepharanthine,3223,3698,1567,0.2927
ACH-000521,Chlorhexidine (diacetate),3239,5488,1903,0.2789
ACH-000521,Ciclopirox,1934,4305,1137,0.2229
ACH-000521,Cilostazol,246,2576,189,0.0718
ACH-000521,Cinacalcet,1192,1839,475,0.1858
ACH-000521,Citalopram (hydrobromide),2289,1387,524,0.1662
ACH-000521,Clobetasol propionate,2395,2078,796,0.2165
ACH-000521,Clofarabine,200,1007,95,0.0854
ACH-000521,Clonidine (hydrochloride),3308,5257,2235,0.3531
ACH-000521,Clopidogrel,3570,1696,1017,0.2394
ACH-000521,Clotrimazole,1929,4597,1137,0.211
ACH-000521,Cloxacillin (sodium),3125,3047,1438,0.3038
ACH-000521,Cobimetinib,164,2426,100,0.0402
ACH-000521,Crizotinib (hydrochloride),2015,3319,1071,0.2512
ACH-000521,Cyclosporin A,3033,3215,1486,0.3121
ACH-000521,Cysteamine (hydrochloride),1822,3846,1049,0.2271
ACH-000521,Cytarabine,999,2068,479,0.1851
ACH-000521,Cytarabine (hydrochloride),407,1019,206,0.1689
ACH-000521,DT-061,3886,3175,1316,0.2291
ACH-000521,DTP3,4340,12325,977,0.0623
ACH-000521,Dabrafenib,5177,6249,2701,0.3096
ACH-000521,Daidzin,1027,2027,470,0.1819
ACH-000521,Dapagliflozin,942,1349,358,0.1852
ACH-000521,"Dapagliflozin ((2S)-1,2-propanediol, hydrate)",306,1377,150,0.0978
ACH-000521,Darinaparsin,2922,5429,1722,0.2598
ACH-000521,Darolutamide,2463,2206,1087,0.3035
ACH-000521,Decitabine,557,2568,419,0.1548
ACH-000521,Delamanid,1865,2689,948,0.2629
ACH-000521,Demeclocycline,2097,3727,1120,0.2381
ACH-000521,Dexamethasone,1454,2574,759,0.2322
ACH-000521,Dexmedetomidine,157,1125,85,0.071
ACH-000521,Diammonium Glycyrrhizinate,2931,6251,1826,0.2482
ACH-000521,Digitoxin,2597,7298,2052,0.2616
ACH-000521,Dihydroartemisinin,899,2838,397,0.1189
ACH-000521,Dimethyl fumarate,165,1662,105,0.061
ACH-000521,Dinaciclib,3449,7520,2811,0.3446
ACH-000521,Diphenhydramine,1045,1456,496,0.2474
ACH-000521,Docetaxel,5093,5801,2625,0.3175
ACH-000521,Docetaxel (Trihydrate),119,2007,91,0.0447
ACH-000521,Dorzolamide (hydrochloride),271,2383,190,0.0771
ACH-000521,Doxorubicin (hydrochloride),290,4428,207,0.0459
ACH-000521,Doxycycline (monohydrate),240,1067,98,0.0811
ACH-000521,Drospirenone,2345,2665,981,0.2435
ACH-000521,ERK5-IN-2,4752,7412,2672,0.2815
ACH-000521,ETC-206,3662,2098,1116,0.2403
ACH-000521,EX229,6913,6033,3489,0.3689
ACH-000521,Econazole,1364,2205,552,0.183
ACH-000521,Elagolix sodium,2998,5445,1712,0.2543
ACH-000521,Elimusertib hydrochloride,6072,5355,2604,0.2951
ACH-000521,Encorafenib,13339,6491,405,0.0208
ACH-000521,Entecavir (monohydrate),53,2807,47,0.0167
ACH-000521,Entrectinib,1255,2428,568,0.1823
ACH-000521,Epirubicin (hydrochloride),181,3516,120,0.0335
ACH-000521,Eplerenone,130,943,73,0.073
ACH-000521,Erdafitinib ,6764,2952,359,0.0384
ACH-000521,Erlotinib,611,2451,397,0.149
ACH-000521,Erythromycin,680,1480,224,0.1157
ACH-000521,Esmolol (hydrochloride),1896,1329,485,0.177
ACH-000521,Estrone sulfate (potassium),2078,1660,605,0.1931
ACH-000521,Everolimus,5161,3261,1653,0.2442
ACH-000521,Fedratinib (hydrochloride hydrate),2271,2442,956,0.2545
ACH-000521,Fenofibrate,664,961,260,0.1905
ACH-000521,Ferulic acid,362,1557,175,0.1003
ACH-000521,Filgotinib,1141,1898,385,0.1451
ACH-000521,Finasteride,171,1519,108,0.0683
ACH-000521,Fingolimod (hydrochloride),845,2090,362,0.1407
ACH-000521,Flumatinib (mesylate),1460,3013,862,0.2387
ACH-000521,Flutamide,1443,1763,465,0.1696
ACH-000521,Fluvoxamine,731,1577,335,0.1698
ACH-000521,Fluvoxamine (maleate),2445,5854,1688,0.2553
ACH-000521,Folic acid,2108,3871,1161,0.241
ACH-000521,Fulvestrant,1785,3324,943,0.2264
ACH-000521,Fumaric acid,925,3403,612,0.1647
ACH-000521,Furosemide,1912,3182,879,0.2085
ACH-000521,Fusidic acid,1978,3788,1121,0.2413
ACH-000521,Futibatinib,5855,3792,2079,0.2747
ACH-000521,GSK1059615,5864,7838,3248,0.3107
ACH-000521,Gallic acid,2852,3869,1496,0.2863
ACH-000521,Gallic acid (hydrate),3417,5246,1780,0.2586
ACH-000521,Gefitinib,1063,3103,553,0.1531
ACH-000521,Gemcitabine,6277,4201,2604,0.3307
ACH-000521,Gemfibrozil,2584,5103,1571,0.2569
ACH-000521,Glycyrrhizic acid,315,968,131,0.1137
ACH-000521,Goserelin (acetate),3598,4560,2013,0.3276
ACH-000521,HI-TOPK-032,6506,4252,2290,0.2704
ACH-000521,Harringtonine,506,8981,466,0.0517
ACH-000521,Hesperidin,605,1039,249,0.1785
ACH-000521,Hexylresorcinol,2773,5006,1707,0.2811
ACH-000521,Homoharringtonine,13104,14969,10993,0.6436
ACH-000521,Hydroxyfasudil,5296,1326,580,0.096
ACH-000521,Hydroxyurea,104,1135,54,0.0456
ACH-000521,IQ 1,4684,3896,1824,0.27
ACH-000521,Idarubicin (hydrochloride),10226,15252,8574,0.5072
ACH-000521,Idoxuridine,2324,2156,955,0.2709
ACH-000521,Imiquimod (hydrochloride),1189,2165,452,0.1558
ACH-000521,Imiquimod (maleate),114,947,63,0.0631
ACH-000521,Indacaterol (maleate),2061,2206,852,0.2495
ACH-000521,Infigratinib,4265,5128,2039,0.2773
ACH-000521,Ipatasertib,6297,4713,2542,0.3002
ACH-000521,Irinotecan,4296,3798,1660,0.258
ACH-000521,Irinotecan (hydrochloride),2964,2342,1031,0.2412
ACH-000521,Isocorydine,3789,3962,1665,0.2736
ACH-000521,Ivermectin,1171,1445,411,0.1864
ACH-000521,Ixazomib,3350,4565,1686,0.2707
ACH-000521,Ixazomib citrate,1238,6694,907,0.1291
ACH-000521,L-Eflornithine (monohydrochloride),2176,1503,683,0.228
ACH-000521,L-Thyroxine (sodium salt pentahydrate),7306,4319,1270,0.1226
ACH-000521,LB-100,3490,1987,926,0.2035
ACH-000521,LJI308,4733,3746,1982,0.3051
ACH-000521,LY-2584702 (tosylate salt),4329,3386,1544,0.2502
ACH-000521,LY2090314,2723,2924,995,0.2139
ACH-000521,Lactate (calcium),1622,2170,530,0.1625
ACH-000521,Lapatinib ditosylate,5425,2310,1184,0.1807
ACH-000521,Larotrectinib,3269,3865,1321,0.2272
ACH-000521,Lenalidomide (hemihydrate),1550,4348,886,0.1768
ACH-000521,Levobupivacaine (hydrochloride),348,1786,224,0.1173
ACH-000521,Lidocaine (hydrochloride),3727,5650,2008,0.2725
ACH-000521,Ligustrazine,224,1275,146,0.1079
ACH-000521,Lipoic acid,1733,2533,862,0.2532
ACH-000521,Lonafarnib,4295,5288,2173,0.2933
ACH-000521,Loperamide (hydrochloride),1698,1964,588,0.1913
ACH-000521,Lopinavir,1462,2469,712,0.2212
ACH-000521,Lucanthone,1913,1848,788,0.2651
ACH-000521,Lumateperone (tosylate),2285,3752,1282,0.2696
ACH-000521,MK-3903,4891,4553,1854,0.2443
ACH-000521,MK-8353,4713,2057,1227,0.2214
ACH-000521,ML264,5409,4175,2121,0.2842
ACH-000521,Macitentan,143,1410,88,0.0601
ACH-000521,Malotilate,3484,3563,1943,0.3807
ACH-000521,Mebendazole,314,3271,233,0.0695
ACH-000521,Medroxyprogesterone acetate,3173,5543,1809,0.2619
ACH-000521,Megestrol,3646,3874,1449,0.2387
ACH-000521,Meloxicam,1599,2009,518,0.1676
ACH-000521,Menadione,226,1165,134,0.1066
ACH-000521,Methotrexate,1027,2233,391,0.1363
ACH-000521,Methyl aminolevulinate (hydrochloride),1053,2616,552,0.1771
ACH-000521,Methylprednisolone succinate,5208,8997,941,0.0709
ACH-000521,Methylthiouracil,1387,2801,737,0.2136
ACH-000521,Mifepristone,236,1070,143,0.123
ACH-000521,Minodronic acid,3880,3547,1756,0.3096
ACH-000521,Mitoxantrone (dihydrochloride),3380,9161,2253,0.219
ACH-000521,Monocrotaline,185,1780,125,0.0679
ACH-000521,Mozavaptan,256,883,130,0.1288
ACH-000521,NG25,3223,5561,1890,0.2742
ACH-000521,NVP-BHG712,5590,4430,2070,0.2604
ACH-000521,Nafamostat (mesylate),1540,1709,523,0.1919
ACH-000521,Naproxen,533,1225,238,0.1566
ACH-000521,Neratinib,971,2497,375,0.1212
ACH-000521,Neratinib (maleate),3137,7816,2223,0.2546
ACH-000521,Nevirapine,151,2177,120,0.0543
ACH-000521,Niclosamide (olamine),220,6365,186,0.0291
ACH-000521,Norepinephrine (hydrochloride),2077,4721,1143,0.2021
ACH-000521,OTS514,4505,3109,1517,0.2488
ACH-000521,Olanzapine,2597,4865,1614,0.276
ACH-000521,Oleic acid,4131,2403,1234,0.2328
ACH-000521,Omeprazole,1095,1225,310,0.1542
ACH-000521,Omeprazole (sodium),790,1320,247,0.1326
ACH-000521,Orlistat,214,1399,136,0.0921
ACH-000521,Osimertinib (mesylate),1160,2223,484,0.167
ACH-000521,Ouabain (Octahydrate),5054,8493,3992,0.4178
ACH-000521,Oxaliplatin,5358,4434,2575,0.3568
ACH-000521,Oxaprozin,2115,1848,730,0.2258
ACH-000521,PF-06260933,5031,12274,1716,0.1101
ACH-000521,PH-797804,5653,8346,3555,0.3404
ACH-000521,Paclitaxel,5033,6178,2458,0.2808
ACH-000521,Palmatine (chloride),3282,4476,1552,0.2501
ACH-000521,Panobinostat,6354,10975,5405,0.4533
ACH-000521,Pasireotide (acetate),3664,5150,1929,0.2802
ACH-000521,Pemetrexed,416,1193,204,0.1452
ACH-000521,Pemigatinib,1216,2152,307,0.1003
ACH-000521,Penfluridol,187,1194,103,0.0806
ACH-000521,Pentagastrin,2720,5284,1706,0.2709
ACH-000521,Pentamidine (isethionate),3591,5109,1824,0.2653
ACH-000521,Pentoxifylline,2798,3075,1250,0.2704
ACH-000521,Peretinoin,679,3188,483,0.1427
ACH-000521,Perindopril (erbumine),693,1889,329,0.146
ACH-000521,Pexidartinib (hydrochloride),353,1257,216,0.1549
ACH-000521,Phenylephrine (hydrochloride),1788,2304,691,0.2032
ACH-000521,Phenytoin (sodium),253,1270,141,0.102
ACH-000521,Pimitespib,4787,2096,1156,0.2019
ACH-000521,Pimozide,1292,1688,400,0.155
ACH-000521,Pioglitazone,1876,2354,872,0.2597
ACH-000521,Piroxicam,3824,2291,1330,0.278
ACH-000521,Pitavastatin (Calcium),345,3845,258,0.0656
ACH-000521,Ponatinib,2711,4734,1457,0.2433
ACH-000521,Posaconazole,234,2729,175,0.0628
ACH-000521,Pralsetinib,4242,4670,1859,0.2636
ACH-000521,Pravastatin (sodium),1137,2156,542,0.197
ACH-000521,Procainamide (hydrochloride),161,497,63,0.1059
ACH-000521,Proglumide,692,1092,168,0.104
ACH-000521,Pyridoxine,2379,5154,1391,0.2265
ACH-000521,Pyridoxine (hydrochloride),4817,3629,1822,0.2751
ACH-000521,Quinestrol,2724,4903,1616,0.2688
ACH-000521,Quinidine (15% dihydroquinidine),270,2210,162,0.0699
ACH-000521,RMC-6236,5351,7078,2971,0.3141
ACH-000521,Radotinib,4103,4988,2322,0.343
ACH-000521,Ralimetinib dimesylate,5275,6540,1269,0.1203
ACH-000521,Raltitrexed,2376,5294,1542,0.2516
ACH-000521,Ranolazine,762,1597,277,0.133
ACH-000521,Rapamycin,3645,6302,2232,0.2893
ACH-000521,Regorafenib,5873,2787,1458,0.2024
ACH-000521,Relugolix,2238,3413,1228,0.2776
ACH-000521,Resveratrol,2532,5590,1545,0.2349
ACH-000521,Retinoic acid,4541,4332,1997,0.2904
ACH-000521,Rifaximin,63,1182,49,0.041
ACH-000521,Riluzole hydrochloride,3858,6188,2376,0.3098
ACH-000521,Rimonabant,2344,4090,1382,0.2736
ACH-000521,Ritonavir,2041,4350,1095,0.2068
ACH-000521,Ropivacaine (hydrochloride monohydrate),3222,4825,1871,0.3029
ACH-000521,Rosiglitazone,279,950,151,0.1401
ACH-000521,Roxadustat,324,2094,223,0.1016
ACH-000521,Rucaparib (phosphate),72,1371,62,0.0449
ACH-000521,Rutin (trihydrate),1144,1513,482,0.2216
ACH-000521,S-Adenosyl-L-methionine (disulfate tosylate),3431,6336,2462,0.337
ACH-000521,SBI-0640756,7504,3327,290,0.0275
ACH-000521,Sacubitril/Valsartan,291,2872,240,0.0821
ACH-000521,Salicylic acid,2334,5093,1431,0.2387
ACH-000521,Sapanisertib,7274,7024,3745,0.3549
ACH-000521,Saquinavir,1888,4793,1029,0.1821
ACH-000521,Selinexor ,4448,7609,2808,0.3036
ACH-000521,Sildenafil,199,2083,150,0.0704
ACH-000521,Silodosin,129,375,49,0.1077
ACH-000521,Simotinib,91,352,29,0.07
ACH-000521,Sinomenine,1814,3739,972,0.2122
ACH-000521,Sivelestat (sodium tetrahydrate),403,2857,260,0.0867
ACH-000521,Sodium Salicylate,3758,5210,2053,0.2969
ACH-000521,Sonidegib,6670,1850,1082,0.1455
ACH-000521,Sulfatinib,246,617,122,0.1646
ACH-000521,Sulfisoxazole,2675,4966,1444,0.233
ACH-000521,Sunitinib,1729,2689,829,0.231
ACH-000521,TAK-733,3648,5561,1980,0.2739
ACH-000521,TAK-901,5384,10754,3890,0.3176
ACH-000521,Tadalafil,230,2462,170,0.0674
ACH-000521,Talc,1153,1552,398,0.1725
ACH-000521,Tazarotene,1476,2158,632,0.2105
ACH-000521,Temsirolimus,3629,4997,1898,0.2821
ACH-000521,Temuterkib,5466,3964,1890,0.2507
ACH-000521,Terfenadine,3800,5330,2030,0.2859
ACH-000521,Tetracycline (hydrochloride),281,2182,189,0.0831
ACH-000521,Thymol,2492,3194,907,0.1898
ACH-000521,Thymopentin,209,1785,133,0.0715
ACH-000521,Tirabrutinib,1382,2179,727,0.2565
ACH-000521,Tirabrutinib (hydrochloride),3151,3450,1311,0.2478
ACH-000521,Tofacitinib,2205,5367,1194,0.1872
ACH-000521,Tofacitinib (citrate),2678,4496,1592,0.2852
ACH-000521,Tolcapone,1827,6320,1414,0.21
ACH-000521,Tolmetin,382,1004,201,0.1696
ACH-000521,Tomivosertib,5640,4504,2318,0.2962
ACH-000521,Topotecan (hydrochloride),993,5166,699,0.128
ACH-000521,Torkinib,5721,3874,1932,0.2521
ACH-000521,Trametinib,8077,8768,5162,0.4418
ACH-000521,Trametinib (DMSO_TF solvate),1394,3029,886,0.2505
ACH-000521,Tranilast,88,1075,58,0.0525
ACH-000521,Triamcinolone,4193,5861,2695,0.3662
ACH-000521,Triclosan,2161,4608,1294,0.2363
ACH-000521,Trifluridine,1425,5040,880,0.1576
ACH-000521,Trimetrexate,2154,5740,1409,0.2173
ACH-000521,Tubulin inhibitor 6,4946,2679,1568,0.2589
ACH-000521,Tucatinib,4979,3284,1859,0.2903
ACH-000521,Tucidinostat,4419,9994,3444,0.314
ACH-000521,ULK-101,5898,2933,1504,0.2053
ACH-000521,Uridine,951,3024,501,0.1442
ACH-000521,Valdecoxib,825,1591,307,0.1456
ACH-000521,Vandetanib,1917,2120,740,0.2244
ACH-000521,Vemurafenib,5331,4287,1958,0.2556
ACH-000521,Verapamil,273,1108,129,0.103
ACH-000521,Verteporfin,254,2372,155,0.0627
ACH-000521,Vilanterol,2133,4487,1294,0.243
ACH-000521,Vinblastine (sulfate),4031,6551,2660,0.3358
ACH-000521,Vismodegib,696,1020,224,0.1501
ACH-000521,Vitamin K4,1752,2030,592,0.1856
ACH-000521,Volasertib,5446,2243,1250,0.1941
ACH-000521,Voriconazole,1217,1872,430,0.1617
ACH-000521,Vortioxetine,1425,2545,685,0.2085
ACH-000521,XRK3F2,5127,4872,2092,0.2646
ACH-000521,Zileuton,1327,1485,416,0.1736
ACH-000521,c-Kit-IN-1,7535,11868,2776,0.167
ACH-000521,crizotinib,158,2068,117,0.0555
ACH-000521,olaparib,4153,11188,884,0.0611
ACH-000521,palbociclib,5923,4368,2186,0.2697
ACH-000521,venetoclax,5819,5433,2862,0.3411
ACH-000521,vincristine,5704,3610,2163,0.3025
ACH-000521,γ-Oryzanol,1342,1345,457,0.2049
ACH-000552,(R)-Verapamil (hydrochloride),1757,3439,826,0.189
ACH-000552,(S)-Crizotinib,570,1140,225,0.1515
ACH-000552,18β-Glycyrrhetinic acid,1588,3133,813,0.208
ACH-000552,4EGI-1,3404,2033,1096,0.2525
ACH-000552,5-Azacytidine,1525,2950,757,0.2036
ACH-000552,5-Fluorouracil,1311,1503,400,0.1657
ACH-000552,8-Hydroxyquinoline,1869,3516,1033,0.2374
ACH-000552,9-ING-41,5308,2754,1537,0.2356
ACH-000552,APTO-253,3867,2018,894,0.1791
ACH-000552,AT7519,2454,1457,730,0.2295
ACH-000552,AZD-7648,4265,2986,1407,0.2408
ACH-000552,AZD-8055,3494,2871,1431,0.29
ACH-000552,AZD1390,3784,2724,1276,0.2439
ACH-000552,AZD2858,1907,2196,532,0.149
ACH-000552,Abemaciclib,5883,12388,2708,0.174
ACH-000552,Abiraterone acetate,1750,1906,591,0.1928
ACH-000552,Acetazolamide,2318,1417,546,0.1712
ACH-000552,Acetohexamide,1786,3147,827,0.2014
ACH-000552,Adagrasib,3858,3574,1822,0.3248
ACH-000552,Adenine,2293,3030,1197,0.2901
ACH-000552,Adenosine,1949,3847,1222,0.2672
ACH-000552,Afatinib,3799,5659,2196,0.3024
ACH-000552,Aliskiren,1788,3250,989,0.2443
ACH-000552,Allantoin,2611,4082,1398,0.264
ACH-000552,Allopurinol,2581,1767,728,0.2011
ACH-000552,Almonertinib (hydrochloride),2221,3904,1146,0.2302
ACH-000552,Almonertinib (mesylate),1834,2009,627,0.195
ACH-000552,Alpelisib,2937,2116,1065,0.2671
ACH-000552,Altretamine,235,711,127,0.1551
ACH-000552,Amsacrine,1791,4385,1144,0.2273
ACH-000552,Anastrozole,2324,2427,1048,0.283
ACH-000552,Anethole trithione,3026,4362,1942,0.3566
ACH-000552,Apalutamide,111,1182,60,0.0487
ACH-000552,Aprepitant,2311,1228,492,0.1615
ACH-000552,Arbutin,362,934,193,0.175
ACH-000552,Artemether,1865,1917,657,0.2102
ACH-000552,Artesunate,3020,5070,1949,0.3174
ACH-000552,Asciminib,2633,1764,633,0.1682
ACH-000552,Aspirin,1524,1066,386,0.1751
ACH-000552,Ataluren,1773,1249,434,0.1677
ACH-000552,Atazanavir (sulfate),1473,1713,604,0.2339
ACH-000552,Auranofin,1718,9047,1277,0.1346
ACH-000552,Azithromycin (hydrate),1838,3347,900,0.21
ACH-000552,BAY1125976,4603,5143,2217,0.2945
ACH-000552,BI-3406,3685,2623,1382,0.2806
ACH-000552,BI-78D3,5542,2444,1360,0.2053
ACH-000552,Baicalin,1879,3671,1128,0.2551
ACH-000552,Balsalazide (sodium hydrate),1969,3461,1125,0.2613
ACH-000552,Belinostat,2239,8947,1781,0.1894
ACH-000552,Belumosudil,1664,1841,536,0.1805
ACH-000552,Belumosudil (mesylate),3759,2111,1019,0.2101
ACH-000552,Belzutifan,2691,1831,678,0.1764
ACH-000552,Bendamustine,245,750,103,0.1155
ACH-000552,Benproperine (phosphate),526,1203,227,0.1511
ACH-000552,Bentamapimod,4277,3007,1406,0.2392
ACH-000552,Benztropine (mesylate),1185,1134,322,0.1612
ACH-000552,Berbamine,3360,3549,1483,0.2733
ACH-000552,Berbamine (dihydrochloride),2586,1711,652,0.1789
ACH-000552,Berberine (chloride hydrate),1723,3539,973,0.2269
ACH-000552,Bergenin,1328,2873,681,0.1935
ACH-000552,Bestatin,104,1368,65,0.0462
ACH-000552,Bestatin (hydrochloride),1674,1783,577,0.2003
ACH-000552,Betamethasone dipropionate,330,836,131,0.1266
ACH-000552,Bexarotene,1942,2149,795,0.2412
ACH-000552,Bicalutamide,1467,1618,449,0.1703
ACH-000552,Bimatoprost,1886,4281,1017,0.1975
ACH-000552,Bimiralisib,4751,5336,2255,0.2879
ACH-000552,Binimetinib,5839,4897,2877,0.3661
ACH-000552,Bisoprolol (hemifumarate),535,1760,313,0.1579
ACH-000552,Bortezomib,6063,8356,4227,0.4147
ACH-000552,Bosentan (hydrate),235,2185,164,0.0727
ACH-000552,Brimonidine,1304,955,274,0.138
ACH-000552,Brivudine,4765,6094,2700,0.3309
ACH-000552,Budesonide,2178,1867,586,0.1694
ACH-000552,Busulfan,2483,3206,1062,0.2295
ACH-000552,CP21R7,3155,1811,857,0.2086
ACH-000552,Cabozantinib (S-malate),1317,2781,618,0.1776
ACH-000552,Canagliflozin,381,1438,211,0.1312
ACH-000552,Canagliflozin (hemihydrate),1620,1494,435,0.1624
ACH-000552,Capivasertib,2760,1632,727,0.1984
ACH-000552,Capmatinib,3836,2242,1193,0.2442
ACH-000552,Captopril,2084,993,424,0.1598
ACH-000552,Carbamazepine,1698,2343,646,0.1903
ACH-000552,Celecoxib,4639,2071,1011,0.1774
ACH-000552,Cepharanthine,2296,3513,1149,0.2466
ACH-000552,Chlorhexidine (diacetate),2515,3676,1303,0.2666
ACH-000552,Ciclopirox,1488,3391,796,0.195
ACH-000552,Cilostazol,412,2039,244,0.1106
ACH-000552,Cinacalcet,1404,1636,429,0.1643
ACH-000552,Citalopram (hydrobromide),1791,1165,412,0.1619
ACH-000552,Clobetasol propionate,1610,1272,379,0.1514
ACH-000552,Clofarabine,221,1124,118,0.0962
ACH-000552,Clonidine (hydrochloride),2468,4503,1728,0.3296
ACH-000552,Clopidogrel,2502,1404,649,0.1993
ACH-000552,Clotrimazole,1803,3286,1007,0.2467
ACH-000552,Cloxacillin (sodium),2166,2709,1042,0.2718
ACH-000552,Cobimetinib,259,2603,173,0.0643
ACH-000552,Crizotinib (hydrochloride),2193,2669,965,0.2476
ACH-000552,Cyclosporin A,2235,2228,886,0.2477
ACH-000552,Cysteamine (hydrochloride),1413,2900,749,0.2102
ACH-000552,Cytarabine,1333,2153,522,0.1761
ACH-000552,Cytarabine (hydrochloride),449,1349,200,0.1252
ACH-000552,DT-061,2909,1757,759,0.1943
ACH-000552,DTP3,4506,8783,729,0.058
ACH-000552,Dabrafenib,3709,4760,1895,0.2883
ACH-000552,Daidzin,1992,1636,589,0.1938
ACH-000552,Dapagliflozin,1322,1223,387,0.1793
ACH-000552,"Dapagliflozin ((2S)-1,2-propanediol, hydrate)",399,1383,185,0.1158
ACH-000552,Darinaparsin,2275,4593,1341,0.2426
ACH-000552,Darolutamide,2098,2227,925,0.2721
ACH-000552,Decitabine,725,3287,501,0.1427
ACH-000552,Delamanid,1832,2090,758,0.2396
ACH-000552,Demeclocycline,1708,2633,792,0.2232
ACH-000552,Dexamethasone,1144,1334,391,0.1874
ACH-000552,Dexmedetomidine,187,1081,111,0.0959
ACH-000552,Diammonium Glycyrrhizinate,2068,3890,1081,0.2217
ACH-000552,Digitoxin,2236,7904,1827,0.2198
ACH-000552,Dihydroartemisinin,929,3034,494,0.1424
ACH-000552,Dimethyl fumarate,143,1536,91,0.0573
ACH-000552,Dinaciclib,4001,8506,3279,0.3553
ACH-000552,Diphenhydramine,1329,1592,624,0.2717
ACH-000552,Docetaxel,5561,4680,2692,0.3566
ACH-000552,Docetaxel (Trihydrate),416,3516,302,0.0832
ACH-000552,Dorzolamide (hydrochloride),381,1916,220,0.1059
ACH-000552,Doxorubicin (hydrochloride),396,5429,288,0.052
ACH-000552,Doxycycline (monohydrate),175,1676,111,0.0638
ACH-000552,Drospirenone,2325,2719,1036,0.2585
ACH-000552,ERK5-IN-2,3878,4704,1744,0.255
ACH-000552,ETC-206,2829,1804,839,0.2211
ACH-000552,EX229,5681,4716,2689,0.3489
ACH-000552,Econazole,1894,1082,379,0.1459
ACH-000552,Elagolix sodium,2292,3776,1251,0.2597
ACH-000552,Elimusertib hydrochloride,4576,3923,1936,0.295
ACH-000552,Encorafenib,11265,4832,284,0.018
ACH-000552,Entecavir (monohydrate),72,1622,42,0.0254
ACH-000552,Entrectinib,1709,2445,614,0.1734
ACH-000552,Epirubicin (hydrochloride),162,6408,119,0.0184
ACH-000552,Eplerenone,192,918,101,0.1001
ACH-000552,Erdafitinib ,10317,2326,186,0.0149
ACH-000552,Erlotinib,856,1862,372,0.1586
ACH-000552,Erythromycin,1067,1920,372,0.1423
ACH-000552,Esmolol (hydrochloride),1488,1754,458,0.1645
ACH-000552,Estrone sulfate (potassium),2458,2081,712,0.186
ACH-000552,Everolimus,3083,2494,1121,0.2516
ACH-000552,Fedratinib (hydrochloride hydrate),2043,3294,1032,0.2397
ACH-000552,Fenofibrate,923,866,300,0.2015
ACH-000552,Ferulic acid,391,1721,235,0.1252
ACH-000552,Filgotinib,1114,2310,456,0.1536
ACH-000552,Finasteride,142,1432,88,0.0592
ACH-000552,Fingolimod (hydrochloride),1202,2020,462,0.1674
ACH-000552,Flumatinib (mesylate),1758,2008,700,0.2283
ACH-000552,Flutamide,1416,1912,434,0.15
ACH-000552,Fluvoxamine,385,2045,255,0.1172
ACH-000552,Fluvoxamine (maleate),1577,4089,990,0.2117
ACH-000552,Folic acid,1660,3314,1024,0.2592
ACH-000552,Fulvestrant,1824,1281,418,0.1556
ACH-000552,Fumaric acid,2347,2605,895,0.2206
ACH-000552,Furosemide,1224,2673,654,0.2017
ACH-000552,Fusidic acid,1739,3362,1052,0.2598
ACH-000552,Futibatinib,3687,2372,1116,0.2258
ACH-000552,GSK1059615,4831,3895,1858,0.2705
ACH-000552,Gallic acid,2068,3325,1167,0.2761
ACH-000552,Gallic acid (hydrate),2423,3908,1208,0.2358
ACH-000552,Gefitinib,1159,1303,336,0.158
ACH-000552,Gemcitabine,3532,2788,1414,0.2882
ACH-000552,Gemfibrozil,1979,3130,1009,0.2461
ACH-000552,Glycyrrhizic acid,392,974,121,0.0972
ACH-000552,Goserelin (acetate),2209,3470,1286,0.2927
ACH-000552,HI-TOPK-032,5194,3855,1920,0.2693
ACH-000552,Harringtonine,819,9507,722,0.0752
ACH-000552,Hesperidin,376,1220,182,0.1287
ACH-000552,Hexylresorcinol,1746,3316,1008,0.2486
ACH-000552,Homoharringtonine,9698,12523,8415,0.6095
ACH-000552,Hydroxyfasudil,4961,1128,538,0.0969
ACH-000552,Hydroxyurea,73,1312,38,0.0282
ACH-000552,IQ 1,3342,2525,1106,0.2323
ACH-000552,Idarubicin (hydrochloride),8822,13855,7637,0.5078
ACH-000552,Idoxuridine,2164,1461,629,0.2099
ACH-000552,Imiquimod (hydrochloride),1978,2016,622,0.1845
ACH-000552,Imiquimod (maleate),213,861,64,0.0634
ACH-000552,Indacaterol (maleate),2283,1619,616,0.1875
ACH-000552,Infigratinib,3075,3550,1389,0.2653
ACH-000552,Ipatasertib,5513,3479,1920,0.2715
ACH-000552,Irinotecan,3334,2665,1343,0.2884
ACH-000552,Irinotecan (hydrochloride),3401,1760,825,0.1903
ACH-000552,Isocorydine,1568,3249,881,0.2238
ACH-000552,Ivermectin,1428,1246,383,0.1672
ACH-000552,Ixazomib,2749,2798,1261,0.2942
ACH-000552,Ixazomib citrate,1700,8604,1297,0.144
ACH-000552,L-Eflornithine (monohydrochloride),1979,1338,476,0.1675
ACH-000552,L-Thyroxine (sodium salt pentahydrate),1543,3341,720,0.1729
ACH-000552,LB-100,2771,1750,694,0.1813
ACH-000552,LJI308,3741,2139,1156,0.2447
ACH-000552,LY-2584702 (tosylate salt),4098,2017,1085,0.2157
ACH-000552,LY2090314,2519,1976,746,0.199
ACH-000552,Lactate (calcium),1704,2346,571,0.1641
ACH-000552,Lapatinib ditosylate,3112,1975,949,0.2293
ACH-000552,Larotrectinib,2561,3776,1199,0.2334
ACH-000552,Lenalidomide (hemihydrate),1364,3307,699,0.176
ACH-000552,Levobupivacaine (hydrochloride),341,1409,217,0.1416
ACH-000552,Lidocaine (hydrochloride),2872,4162,1400,0.2485
ACH-000552,Ligustrazine,191,1524,119,0.0746
ACH-000552,Lipoic acid,1298,2539,745,0.2409
ACH-000552,Lonafarnib,3330,2784,1030,0.2026
ACH-000552,Loperamide (hydrochloride),2332,2094,831,0.2312
ACH-000552,Lopinavir,1936,1813,705,0.2316
ACH-000552,Lucanthone,2019,1686,741,0.25
ACH-000552,Lumateperone (tosylate),1511,2879,838,0.2359
ACH-000552,MK-3903,3955,3113,1328,0.2314
ACH-000552,MK-8353,3764,1805,1111,0.2492
ACH-000552,ML264,4100,2663,1236,0.2236
ACH-000552,Macitentan,159,900,81,0.0828
ACH-000552,Malotilate,3234,2993,1511,0.3204
ACH-000552,Mebendazole,379,3276,256,0.0753
ACH-000552,Medroxyprogesterone acetate,1897,3662,946,0.2051
ACH-000552,Megestrol,2331,3133,892,0.1951
ACH-000552,Meloxicam,1466,1405,403,0.1633
ACH-000552,Menadione,228,1147,114,0.0904
ACH-000552,Methotrexate,1212,1762,455,0.1806
ACH-000552,Methyl aminolevulinate (hydrochloride),2027,1350,527,0.1849
ACH-000552,Methylprednisolone succinate,4707,634,402,0.0814
ACH-000552,Methylthiouracil,1183,1582,437,0.1877
ACH-000552,Mifepristone,284,1465,168,0.1063
ACH-000552,Minodronic acid,2960,2965,1345,0.2937
ACH-000552,Mitoxantrone (dihydrochloride),2610,5924,1719,0.2522
ACH-000552,Monocrotaline,187,1190,111,0.0877
ACH-000552,Mozavaptan,292,1273,134,0.0936
ACH-000552,NG25,2331,4109,1321,0.2581
ACH-000552,NVP-BHG712,3999,3108,1294,0.2226
ACH-000552,Nafamostat (mesylate),1530,1601,454,0.1696
ACH-000552,Naproxen,1047,914,268,0.1583
ACH-000552,Neratinib,1426,1895,544,0.1959
ACH-000552,Neratinib (maleate),2310,5870,1610,0.2451
ACH-000552,Nevirapine,263,1653,153,0.0868
ACH-000552,Niclosamide (olamine),396,3651,255,0.0672
ACH-000552,Norepinephrine (hydrochloride),1775,3110,870,0.2167
ACH-000552,OTS514,2587,2327,920,0.2303
ACH-000552,Olanzapine,1791,3773,1099,0.2461
ACH-000552,Oleic acid,2878,1958,899,0.2283
ACH-000552,Omeprazole,969,1705,397,0.1744
ACH-000552,Omeprazole (sodium),1411,1351,355,0.1475
ACH-000552,Orlistat,271,1576,149,0.0878
ACH-000552,Osimertinib (mesylate),1514,2680,687,0.1959
ACH-000552,Ouabain (Octahydrate),2851,9337,2277,0.2297
ACH-000552,Oxaliplatin,3971,3192,1779,0.3304
ACH-000552,Oxaprozin,2131,2282,801,0.2218
ACH-000552,PF-06260933,3847,13473,1264,0.0787
ACH-000552,PH-797804,4370,5625,2154,0.2747
ACH-000552,Paclitaxel,3900,5076,1939,0.2755
ACH-000552,Palmatine (chloride),2130,2949,850,0.201
ACH-000552,Panobinostat,6920,11064,6004,0.5012
ACH-000552,Pasireotide (acetate),2390,3894,1277,0.255
ACH-000552,Pemetrexed,327,1592,190,0.1099
ACH-000552,Pemigatinib,663,1558,129,0.0617
ACH-000552,Penfluridol,227,1261,128,0.0941
ACH-000552,Pentagastrin,1920,3772,1081,0.2344
ACH-000552,Pentamidine (isethionate),2675,3631,1240,0.2448
ACH-000552,Pentoxifylline,2256,2513,901,0.2329
ACH-000552,Peretinoin,1018,5071,823,0.1563
ACH-000552,Perindopril (erbumine),685,840,207,0.1571
ACH-000552,Pexidartinib (hydrochloride),526,1601,310,0.1706
ACH-000552,Phenylephrine (hydrochloride),2159,1379,508,0.1677
ACH-000552,Phenytoin (sodium),293,1140,171,0.1355
ACH-000552,Pimitespib,3887,1689,904,0.1935
ACH-000552,Pimozide,1239,1830,393,0.1469
ACH-000552,Pioglitazone,1788,1981,709,0.2317
ACH-000552,Piroxicam,2575,1661,725,0.2065
ACH-000552,Pitavastatin (Calcium),373,2522,234,0.0879
ACH-000552,Ponatinib,1953,4466,1114,0.21
ACH-000552,Posaconazole,242,2451,176,0.0699
ACH-000552,Pralsetinib,3700,3467,1550,0.2759
ACH-000552,Pravastatin (sodium),2233,1554,634,0.2011
ACH-000552,Procainamide (hydrochloride),122,577,49,0.0754
ACH-000552,Proglumide,988,906,224,0.1341
ACH-000552,Pyridoxine,1903,3354,991,0.2323
ACH-000552,Pyridoxine (hydrochloride),2992,3287,1498,0.3133
ACH-000552,Quinestrol,1913,3643,1148,0.2604
ACH-000552,Quinidine (15% dihydroquinidine),255,1110,129,0.1044
ACH-000552,RMC-6236,4071,4860,1986,0.286
ACH-000552,Radotinib,2891,4280,1664,0.3022
ACH-000552,Ralimetinib dimesylate,4313,1433,758,0.152
ACH-000552,Raltitrexed,1554,4357,1068,0.2205
ACH-000552,Ranolazine,946,1204,301,0.1628
ACH-000552,Rapamycin,2214,4398,1261,0.2357
ACH-000552,Regorafenib,4574,2346,1405,0.2548
ACH-000552,Relugolix,1574,2731,852,0.2467
ACH-000552,Resveratrol,1930,3860,1067,0.2259
ACH-000552,Retinoic acid,2690,3581,1309,0.2638
ACH-000552,Rifaximin,103,904,66,0.0701
ACH-000552,Riluzole hydrochloride,3132,4682,1847,0.3095
ACH-000552,Rimonabant,1666,2996,975,0.2644
ACH-000552,Ritonavir,1675,3702,820,0.1799
ACH-000552,Ropivacaine (hydrochloride monohydrate),1631,3279,912,0.2281
ACH-000552,Rosiglitazone,211,1337,147,0.1049
ACH-000552,Roxadustat,274,2351,207,0.0856
ACH-000552,Rucaparib (phosphate),226,1220,123,0.093
ACH-000552,Rutin (trihydrate),1347,1446,523,0.2304
ACH-000552,S-Adenosyl-L-methionine (disulfate tosylate),2127,4206,1375,0.2773
ACH-000552,SBI-0640756,5833,2748,209,0.025
ACH-000552,Sacubitril/Valsartan,368,2040,246,0.1138
ACH-000552,Salicylic acid,2101,4021,1279,0.2641
ACH-000552,Sapanisertib,5878,5070,2592,0.3102
ACH-000552,Saquinavir,1404,3528,703,0.1662
ACH-000552,Selinexor ,4348,7407,3156,0.367
ACH-000552,Sildenafil,172,2003,112,0.0543
ACH-000552,Silodosin,125,403,54,0.1139
ACH-000552,Simotinib,183,346,42,0.0862
ACH-000552,Sinomenine,1576,2912,836,0.2289
ACH-000552,Sivelestat (sodium tetrahydrate),425,2918,278,0.0907
ACH-000552,Sodium Salicylate,2563,3658,1279,0.2588
ACH-000552,Sonidegib,5728,993,536,0.0867
ACH-000552,Sulfatinib,231,884,115,0.115
ACH-000552,Sulfisoxazole,3019,3763,1363,0.2515
ACH-000552,Sunitinib,1907,2797,879,0.2298
ACH-000552,TAK-733,2821,4690,1546,0.2592
ACH-000552,TAK-901,4652,7820,3098,0.3305
ACH-000552,Tadalafil,162,2043,127,0.0611
ACH-000552,Talc,1574,873,288,0.1334
ACH-000552,Tazarotene,2260,2114,785,0.2187
ACH-000552,Temsirolimus,2589,3840,1306,0.2549
ACH-000552,Temuterkib,4611,3024,1413,0.2271
ACH-000552,Terfenadine,2532,4168,1255,0.2305
ACH-000552,Tetracycline (hydrochloride),202,1737,129,0.0713
ACH-000552,Thymol,2043,2603,770,0.1987
ACH-000552,Thymopentin,141,1696,98,0.0564
ACH-000552,Tirabrutinib,1386,2116,726,0.2615
ACH-000552,Tirabrutinib (hydrochloride),2674,2766,1024,0.2319
ACH-000552,Tofacitinib,2020,4220,1086,0.2107
ACH-000552,Tofacitinib (citrate),1883,4062,1049,0.2143
ACH-000552,Tolcapone,1598,4191,1084,0.2304
ACH-000552,Tolmetin,337,1123,206,0.1643
ACH-000552,Tomivosertib,4303,2868,1534,0.2721
ACH-000552,Topotecan (hydrochloride),1815,6330,1175,0.1686
ACH-000552,Torkinib,3887,2622,1276,0.2438
ACH-000552,Trametinib,6164,6363,3634,0.4086
ACH-000552,Trametinib (DMSO_TF solvate),2478,2929,1214,0.2895
ACH-000552,Tranilast,88,1589,61,0.0377
ACH-000552,Triamcinolone,2672,3579,1422,0.2945
ACH-000552,Triclosan,1730,3328,948,0.2307
ACH-000552,Trifluridine,1444,3911,848,0.1882
ACH-000552,Trimetrexate,2070,4547,1248,0.2324
ACH-000552,Tubulin inhibitor 6,2901,1692,856,0.2291
ACH-000552,Tucatinib,3519,2490,1341,0.2873
ACH-000552,Tucidinostat,3492,10473,2884,0.2603
ACH-000552,ULK-101,4743,2213,1125,0.1929
ACH-000552,Uridine,1252,1819,522,0.2048
ACH-000552,Valdecoxib,1172,1248,342,0.1646
ACH-000552,Vandetanib,2034,2439,907,0.2543
ACH-000552,Vemurafenib,3692,2935,1459,0.2823
ACH-000552,Verapamil,142,969,72,0.0693
ACH-000552,Verteporfin,357,2877,227,0.0755
ACH-000552,Vilanterol,1464,3395,784,0.1924
ACH-000552,Vinblastine (sulfate),3428,6212,2371,0.3262
ACH-000552,Vismodegib,991,1064,273,0.1532
ACH-000552,Vitamin K4,2366,1762,729,0.2145
ACH-000552,Volasertib,3503,2253,1062,0.2262
ACH-000552,Voriconazole,2067,1400,553,0.1898
ACH-000552,Vortioxetine,2199,2213,910,0.2599
ACH-000552,XRK3F2,3725,3366,1335,0.2319
ACH-000552,Zileuton,1500,1041,372,0.1715
ACH-000552,c-Kit-IN-1,7187,11939,2753,0.1681
ACH-000552,crizotinib,223,2219,155,0.0678
ACH-000552,olaparib,3200,8863,533,0.0462
ACH-000552,palbociclib,3483,2774,1204,0.2383
ACH-000552,venetoclax,3868,4004,1969,0.3336
ACH-000552,vincristine,5110,3505,2142,0.3309
ACH-000552,γ-Oryzanol,1184,1075,315,0.162
ACH-000555,(R)-Verapamil (hydrochloride),4184,4976,1965,0.2731
ACH-000555,(S)-Crizotinib,2186,3190,877,0.1949
ACH-000555,18β-Glycyrrhetinic acid,1849,3856,902,0.1878
ACH-000555,4EGI-1,4714,2675,1336,0.2207
ACH-000555,5-Azacytidine,2813,5263,1520,0.2318
ACH-000555,5-Fluorouracil,2533,4250,1398,0.2596
ACH-000555,8-Hydroxyquinoline,2963,5552,1802,0.2684
ACH-000555,9-ING-41,5135,3804,1880,0.2663
ACH-000555,APTO-253,5089,2614,1257,0.195
ACH-000555,AT7519,3602,1648,1009,0.2379
ACH-000555,AZD-7648,4666,4086,1785,0.2562
ACH-000555,AZD-8055,4512,4218,1831,0.2654
ACH-000555,AZD1390,3815,2975,1186,0.2116
ACH-000555,AZD2858,1355,2298,357,0.1083
ACH-000555,Abemaciclib,8250,3668,2780,0.3042
ACH-000555,Abiraterone acetate,3645,4917,1814,0.2688
ACH-000555,Acetazolamide,4750,4155,2151,0.3185
ACH-000555,Acetohexamide,2247,4389,1084,0.1952
ACH-000555,Adagrasib,7044,6635,4093,0.427
ACH-000555,Adenine,3683,4193,1835,0.3038
ACH-000555,Adenosine,2669,5203,1706,0.2767
ACH-000555,Afatinib,5454,7343,3220,0.3362
ACH-000555,Aliskiren,2565,4275,1337,0.243
ACH-000555,Allantoin,3882,5810,2320,0.3147
ACH-000555,Allopurinol,6573,4828,2885,0.3388
ACH-000555,Almonertinib (hydrochloride),3380,4168,1511,0.2503
ACH-000555,Almonertinib (mesylate),3387,6037,2149,0.2954
ACH-000555,Alpelisib,4517,3540,1880,0.3044
ACH-000555,Altretamine,788,2300,430,0.1618
ACH-000555,Amsacrine,4063,7476,2725,0.3092
ACH-000555,Anastrozole,3637,3098,1561,0.3017
ACH-000555,Anethole trithione,5261,5934,3199,0.4001
ACH-000555,Apalutamide,568,3834,332,0.0816
ACH-000555,Aprepitant,5326,4564,2644,0.3649
ACH-000555,Arbutin,1266,2026,715,0.2775
ACH-000555,Artemether,4944,5578,2793,0.3614
ACH-000555,Artesunate,4789,5772,2778,0.3569
ACH-000555,Asciminib,4199,4474,2109,0.3213
ACH-000555,Aspirin,3374,3530,1519,0.2821
ACH-000555,Ataluren,3704,4706,1912,0.2942
ACH-000555,Atazanavir (sulfate),4237,4941,2568,0.3885
ACH-000555,Auranofin,3563,8601,2328,0.2367
ACH-000555,Azithromycin (hydrate),2496,3819,1188,0.2317
ACH-000555,BAY1125976,4643,5950,2400,0.2929
ACH-000555,BI-3406,4954,4028,2101,0.3053
ACH-000555,BI-78D3,5750,2801,1471,0.2078
ACH-000555,Baicalin,2685,5639,1762,0.2685
ACH-000555,Balsalazide (sodium hydrate),2601,4758,1597,0.2772
ACH-000555,Belinostat,4064,11322,3166,0.2591
ACH-000555,Belumosudil,3768,4896,2032,0.3064
ACH-000555,Belumosudil (mesylate),4169,3039,1307,0.2215
ACH-000555,Belzutifan,2925,9491,1022,0.0897
ACH-000555,Bendamustine,1242,1500,391,0.1663
ACH-000555,Benproperine (phosphate),1571,3606,831,0.1912
ACH-000555,Bentamapimod,4626,3136,1385,0.2172
ACH-000555,Benztropine (mesylate),2497,3704,1064,0.2071
ACH-000555,Berbamine,5794,4712,2504,0.3129
ACH-000555,Berbamine (dihydrochloride),3479,4138,1637,0.2737
ACH-000555,Berberine (chloride hydrate),2433,5560,1547,0.24
ACH-000555,Bergenin,2092,4075,1031,0.2007
ACH-000555,Bestatin,381,4614,273,0.0578
ACH-000555,Bestatin (hydrochloride),3454,4840,1753,0.268
ACH-000555,Betamethasone dipropionate,2210,4617,1596,0.3051
ACH-000555,Bexarotene,4327,5113,2440,0.3486
ACH-000555,Bicalutamide,3291,3238,1388,0.27
ACH-000555,Bimatoprost,2854,5123,1491,0.2299
ACH-000555,Bimiralisib,5249,6089,2381,0.2658
ACH-000555,Binimetinib,7709,8538,5013,0.4462
ACH-000555,Bisoprolol (hemifumarate),2029,3935,1180,0.2467
ACH-000555,Bortezomib,6475,6407,3459,0.3671
ACH-000555,Bosentan (hydrate),1257,5233,953,0.1721
ACH-000555,Brimonidine,3055,2510,904,0.1939
ACH-000555,Brivudine,5457,7316,3063,0.3154
ACH-000555,Budesonide,6417,7418,3917,0.3949
ACH-000555,Busulfan,4328,4102,1756,0.2631
ACH-000555,CP21R7,3920,1951,910,0.1834
ACH-000555,Cabozantinib (S-malate),2991,4991,1591,0.2489
ACH-000555,Canagliflozin,1181,3948,781,0.1796
ACH-000555,Canagliflozin (hemihydrate),3201,3651,1339,0.2429
ACH-000555,Capivasertib,4821,2028,1111,0.1936
ACH-000555,Capmatinib,4215,2559,1140,0.2023
ACH-000555,Captopril,2732,2913,1027,0.2224
ACH-000555,Carbamazepine,3376,4122,1575,0.2659
ACH-000555,Celecoxib,5002,2330,1177,0.1912
ACH-000555,Cepharanthine,2953,4061,1495,0.2709
ACH-000555,Chlorhexidine (diacetate),4014,6042,2433,0.3192
ACH-000555,Ciclopirox,1846,5306,1157,0.193
ACH-000555,Cilostazol,1395,6061,1040,0.1621
ACH-000555,Cinacalcet,2851,4292,1457,0.2562
ACH-000555,Citalopram (hydrobromide),5542,3673,1957,0.2696
ACH-000555,Clobetasol propionate,5442,6498,3385,0.3957
ACH-000555,Clofarabine,1221,2713,504,0.1469
ACH-000555,Clonidine (hydrochloride),3933,6462,2857,0.379
ACH-000555,Clopidogrel,6123,3790,2455,0.3292
ACH-000555,Clotrimazole,2692,5261,1573,0.2466
ACH-000555,Cloxacillin (sodium),3101,3651,1610,0.3131
ACH-000555,Cobimetinib,649,4866,435,0.0856
ACH-000555,Crizotinib (hydrochloride),4608,6290,2933,0.3682
ACH-000555,Cyclosporin A,6073,6661,3820,0.4285
ACH-000555,Cysteamine (hydrochloride),1975,4272,1139,0.223
ACH-000555,Cytarabine,3530,4842,1829,0.2795
ACH-000555,Cytarabine (hydrochloride),1652,3138,813,0.2044
ACH-000555,DT-061,3302,2650,978,0.1966
ACH-000555,DTP3,6030,1808,1100,0.1633
ACH-000555,Dabrafenib,3968,5728,2054,0.2688
ACH-000555,Daidzin,3823,4164,1769,0.2845
ACH-000555,Dapagliflozin,2453,3881,1227,0.2403
ACH-000555,"Dapagliflozin ((2S)-1,2-propanediol, hydrate)",1094,3494,603,0.1513
ACH-000555,Darinaparsin,2717,5312,1629,0.2545
ACH-000555,Darolutamide,5255,4852,2773,0.3781
ACH-000555,Decitabine,2300,5265,1664,0.282
ACH-000555,Delamanid,3462,5759,2243,0.3214
ACH-000555,Demeclocycline,2175,4376,1249,0.2356
ACH-000555,Dexamethasone,4343,6457,3154,0.4125
ACH-000555,Dexmedetomidine,1002,3628,644,0.1616
ACH-000555,Diammonium Glycyrrhizinate,3955,6373,2265,0.2809
ACH-000555,Digitoxin,2577,8336,1918,0.2132
ACH-000555,Dihydroartemisinin,1764,4908,1002,0.1767
ACH-000555,Dimethyl fumarate,608,2777,352,0.1161
ACH-000555,Dinaciclib,7297,12158,6245,0.4727
ACH-000555,Diphenhydramine,3187,3391,1520,0.3005
ACH-000555,Docetaxel,5190,6443,2735,0.3074
ACH-000555,Docetaxel (Trihydrate),746,5375,512,0.0913
ACH-000555,Dorzolamide (hydrochloride),1085,5554,813,0.1395
ACH-000555,Doxorubicin (hydrochloride),1384,9675,1071,0.1072
ACH-000555,Doxycycline (monohydrate),853,2948,427,0.1266
ACH-000555,Drospirenone,4247,4933,2191,0.3135
ACH-000555,ERK5-IN-2,3687,5766,1705,0.2201
ACH-000555,ETC-206,3997,2121,1126,0.2256
ACH-000555,EX229,6874,5239,3003,0.3296
ACH-000555,Econazole,3115,5062,1624,0.2478
ACH-000555,Elagolix sodium,3039,5615,1800,0.2626
ACH-000555,Elimusertib hydrochloride,5577,4294,2150,0.2785
ACH-000555,Encorafenib,11889,5077,259,0.0155
ACH-000555,Entecavir (monohydrate),227,5983,184,0.0305
ACH-000555,Entrectinib,3143,4882,1464,0.2231
ACH-000555,Epirubicin (hydrochloride),510,8422,406,0.0476
ACH-000555,Eplerenone,968,2701,579,0.1874
ACH-000555,Erdafitinib ,11689,2834,206,0.0144
ACH-000555,Erlotinib,2179,4961,1319,0.2266
ACH-000555,Erythromycin,2163,3546,908,0.1891
ACH-000555,Esmolol (hydrochloride),4321,3399,1496,0.2404
ACH-000555,Estrone sulfate (potassium),4324,3741,1706,0.2683
ACH-000555,Everolimus,4237,2703,1201,0.2093
ACH-000555,Fedratinib (hydrochloride hydrate),4583,6107,2694,0.3369
ACH-000555,Fenofibrate,2178,2493,916,0.2439
ACH-000555,Ferulic acid,1602,3654,802,0.1801
ACH-000555,Filgotinib,2777,5612,1564,0.2292
ACH-000555,Finasteride,855,4386,545,0.1161
ACH-000555,Fingolimod (hydrochloride),2120,3972,1086,0.2169
ACH-000555,Flumatinib (mesylate),4484,6359,2975,0.3781
ACH-000555,Flutamide,3099,3484,1208,0.2247
ACH-000555,Fluvoxamine,2218,3348,949,0.2055
ACH-000555,Fluvoxamine (maleate),2292,5675,1444,0.2214
ACH-000555,Folic acid,3099,5204,1934,0.3037
ACH-000555,Fulvestrant,3494,5461,2055,0.2978
ACH-000555,Fumaric acid,4101,6008,2454,0.3206
ACH-000555,Furosemide,1960,3692,1020,0.2202
ACH-000555,Fusidic acid,2561,4172,1410,0.2649
ACH-000555,Futibatinib,5631,3169,1815,0.2598
ACH-000555,GSK1059615,5358,7131,2740,0.2811
ACH-000555,Gallic acid,3189,4585,1778,0.2965
ACH-000555,Gallic acid (hydrate),4222,5131,2017,0.2749
ACH-000555,Gefitinib,3188,4522,1536,0.2488
ACH-000555,Gemcitabine,5226,3517,2015,0.2995
ACH-000555,Gemfibrozil,2742,5308,1619,0.2517
ACH-000555,Glycyrrhizic acid,1239,2381,530,0.1715
ACH-000555,Goserelin (acetate),3809,4942,2187,0.3332
ACH-000555,HI-TOPK-032,6318,5060,2505,0.2823
ACH-000555,Harringtonine,2510,12106,2285,0.1853
ACH-000555,Hesperidin,1610,2502,765,0.2286
ACH-000555,Hexylresorcinol,3422,5303,2083,0.3136
ACH-000555,Homoharringtonine,11895,12866,9418,0.6138
ACH-000555,Hydroxyfasudil,5927,1283,633,0.0962
ACH-000555,Hydroxyurea,716,3521,405,0.1057
ACH-000555,IQ 1,3851,3006,1234,0.2195
ACH-000555,Idarubicin (hydrochloride),12963,18354,11369,0.5699
ACH-000555,Idoxuridine,4802,4392,2421,0.3574
ACH-000555,Imiquimod (hydrochloride),2641,4555,1382,0.2377
ACH-000555,Imiquimod (maleate),450,1902,198,0.0919
ACH-000555,Indacaterol (maleate),4763,4998,2493,0.343
ACH-000555,Infigratinib,3401,5178,1833,0.2717
ACH-000555,Ipatasertib,5813,3591,1928,0.2579
ACH-000555,Irinotecan,5027,3467,1916,0.2913
ACH-000555,Irinotecan (hydrochloride),7132,4850,3150,0.3567
ACH-000555,Isocorydine,3541,4683,1829,0.286
ACH-000555,Ivermectin,2977,3987,1464,0.2662
ACH-000555,Ixazomib,3453,4078,1558,0.2608
ACH-000555,Ixazomib citrate,2830,9645,2146,0.2078
ACH-000555,L-Eflornithine (monohydrochloride),4559,2924,1599,0.2718
ACH-000555,L-Thyroxine (sodium salt pentahydrate),10408,4954,1006,0.0701
ACH-000555,LB-100,3719,2168,933,0.1883
ACH-000555,LJI308,3724,2678,1275,0.2487
ACH-000555,LY-2584702 (tosylate salt),3616,2281,998,0.2037
ACH-000555,LY2090314,2794,2455,881,0.2017
ACH-000555,Lactate (calcium),3920,5444,1946,0.2623
ACH-000555,Lapatinib ditosylate,4236,2489,1149,0.2061
ACH-000555,Larotrectinib,4424,4677,1864,0.2576
ACH-000555,Lenalidomide (hemihydrate),1823,4649,1030,0.1893
ACH-000555,Levobupivacaine (hydrochloride),1415,4144,901,0.1934
ACH-000555,Lidocaine (hydrochloride),3264,5888,1843,0.2522
ACH-000555,Ligustrazine,1186,3343,716,0.1878
ACH-000555,Lipoic acid,2500,3394,1219,0.2607
ACH-000555,Lonafarnib,3179,5375,1588,0.228
ACH-000555,Loperamide (hydrochloride),3972,4754,1966,0.2908
ACH-000555,Lopinavir,3685,4071,1882,0.3204
ACH-000555,Lucanthone,3982,4571,2064,0.3181
ACH-000555,Lumateperone (tosylate),2339,4278,1405,0.2696
ACH-000555,MK-3903,3721,4292,1401,0.2119
ACH-000555,MK-8353,4479,1824,1123,0.2168
ACH-000555,ML264,4507,3512,1558,0.2411
ACH-000555,Macitentan,775,2794,393,0.1237
ACH-000555,Malotilate,6354,6394,3993,0.4561
ACH-000555,Mebendazole,1569,5135,1108,0.198
ACH-000555,Medroxyprogesterone acetate,3275,6897,2208,0.2772
ACH-000555,Megestrol,4878,4710,1996,0.2629
ACH-000555,Meloxicam,2868,3839,1269,0.2334
ACH-000555,Menadione,893,3085,504,0.1451
ACH-000555,Methotrexate,2192,4974,1240,0.2092
ACH-000555,Methyl aminolevulinate (hydrochloride),3013,4819,1688,0.2747
ACH-000555,Methylprednisolone succinate,5320,662,411,0.0738
ACH-000555,Methylthiouracil,3113,5544,1850,0.2718
ACH-000555,Mifepristone,1066,3622,642,0.1587
ACH-000555,Minodronic acid,4428,3691,1948,0.3157
ACH-000555,Mitoxantrone (dihydrochloride),3583,11157,2754,0.2298
ACH-000555,Monocrotaline,812,4430,552,0.1177
ACH-000555,Mozavaptan,1085,2439,548,0.1841
ACH-000555,NG25,2543,5084,1397,0.2242
ACH-000555,NVP-BHG712,4348,3858,1476,0.2193
ACH-000555,Nafamostat (mesylate),4129,4325,1892,0.2883
ACH-000555,Naproxen,2497,3325,1177,0.2534
ACH-000555,Neratinib,1697,4004,803,0.1639
ACH-000555,Neratinib (maleate),3641,8126,2525,0.2732
ACH-000555,Nevirapine,914,4812,628,0.1232
ACH-000555,Niclosamide (olamine),1392,7208,1005,0.1323
ACH-000555,Norepinephrine (hydrochloride),1874,4857,1117,0.199
ACH-000555,OTS514,4077,2992,1326,0.2309
ACH-000555,Olanzapine,2658,5208,1699,0.2755
ACH-000555,Oleic acid,4183,2327,1198,0.2255
ACH-000555,Omeprazole,3219,3226,1315,0.2563
ACH-000555,Omeprazole (sodium),2160,2936,915,0.2188
ACH-000555,Orlistat,857,4039,570,0.1318
ACH-000555,Osimertinib (mesylate),2509,5025,1427,0.2337
ACH-000555,Ouabain (Octahydrate),6128,9551,4379,0.3875
ACH-000555,Oxaliplatin,5418,3675,2348,0.3481
ACH-000555,Oxaprozin,3950,4979,2152,0.3175
ACH-000555,PF-06260933,4756,13379,1456,0.0873
ACH-000555,PH-797804,5353,5283,2286,0.2738
ACH-000555,Paclitaxel,4471,5697,2083,0.2576
ACH-000555,Palmatine (chloride),4351,4483,1775,0.2515
ACH-000555,Panobinostat,9347,13890,8041,0.5292
ACH-000555,Pasireotide (acetate),4522,5151,2136,0.2834
ACH-000555,Pemetrexed,1809,2761,735,0.1917
ACH-000555,Pemigatinib,3393,1708,190,0.0387
ACH-000555,Penfluridol,1252,4190,633,0.1316
ACH-000555,Pentagastrin,2331,5360,1481,0.2385
ACH-000555,Pentamidine (isethionate),3882,5383,1991,0.2737
ACH-000555,Pentoxifylline,5156,6348,3297,0.4017
ACH-000555,Peretinoin,1890,5299,1266,0.2137
ACH-000555,Perindopril (erbumine),2187,3220,1027,0.2345
ACH-000555,Pexidartinib (hydrochloride),1549,3709,871,0.1985
ACH-000555,Phenylephrine (hydrochloride),3546,5947,2101,0.2842
ACH-000555,Phenytoin (sodium),1153,3726,720,0.1731
ACH-000555,Pimitespib,5718,3020,1901,0.278
ACH-000555,Pimozide,2218,3940,1052,0.206
ACH-000555,Pioglitazone,4423,5368,2617,0.3648
ACH-000555,Piroxicam,6723,5116,3324,0.3904
ACH-000555,Pitavastatin (Calcium),1303,4540,759,0.1493
ACH-000555,Ponatinib,4760,7819,2968,0.3088
ACH-000555,Posaconazole,1016,5794,724,0.119
ACH-000555,Pralsetinib,3885,4355,1778,0.2751
ACH-000555,Pravastatin (sodium),3846,3902,1740,0.2896
ACH-000555,Procainamide (hydrochloride),689,1672,288,0.1389
ACH-000555,Proglumide,1799,2898,642,0.1583
ACH-000555,Pyridoxine,2698,4607,1462,0.2502
ACH-000555,Pyridoxine (hydrochloride),6075,5602,3141,0.368
ACH-000555,Quinestrol,3380,5066,2006,0.3115
ACH-000555,Quinidine (15% dihydroquinidine),1088,4932,742,0.1406
ACH-000555,RMC-6236,5162,6129,2622,0.3025
ACH-000555,Radotinib,3734,4422,1868,0.2971
ACH-000555,Ralimetinib dimesylate,4743,1913,1024,0.1818
ACH-000555,Raltitrexed,2454,5126,1515,0.2498
ACH-000555,Ranolazine,1699,3222,769,0.1852
ACH-000555,Rapamycin,3116,6827,2007,0.2529
ACH-000555,Regorafenib,6255,2340,1442,0.2016
ACH-000555,Relugolix,2200,4293,1427,0.2817
ACH-000555,Resveratrol,2690,5936,1606,0.2288
ACH-000555,Retinoic acid,5995,5194,2681,0.3151
ACH-000555,Rifaximin,452,3570,309,0.0832
ACH-000555,Riluzole hydrochloride,4258,6575,2603,0.3163
ACH-000555,Rimonabant,2669,4359,1601,0.295
ACH-000555,Ritonavir,2395,4783,1286,0.2183
ACH-000555,Ropivacaine (hydrochloride monohydrate),3068,4648,1679,0.2781
ACH-000555,Rosiglitazone,1105,2769,659,0.205
ACH-000555,Roxadustat,1280,4805,923,0.1788
ACH-000555,Rucaparib (phosphate),724,3462,463,0.1244
ACH-000555,Rutin (trihydrate),3050,3501,1468,0.2888
ACH-000555,S-Adenosyl-L-methionine (disulfate tosylate),3195,6170,2309,0.3272
ACH-000555,SBI-0640756,8529,2782,218,0.0197
ACH-000555,Sacubitril/Valsartan,1551,6214,1217,0.1859
ACH-000555,Salicylic acid,3017,5250,1878,0.2939
ACH-000555,Sapanisertib,6715,6289,3287,0.3383
ACH-000555,Saquinavir,1819,4987,1017,0.1757
ACH-000555,Selinexor ,5638,10198,4066,0.3455
ACH-000555,Sildenafil,817,4208,567,0.1272
ACH-000555,Silodosin,680,1021,266,0.1854
ACH-000555,Simotinib,540,1559,192,0.1007
ACH-000555,Sinomenine,1984,3602,979,0.2125
ACH-000555,Sivelestat (sodium tetrahydrate),1462,6311,1038,0.1541
ACH-000555,Sodium Salicylate,3749,5313,1997,0.2827
ACH-000555,Sonidegib,6210,6648,1084,0.0921
ACH-000555,Sulfatinib,945,1814,458,0.199
ACH-000555,Sulfisoxazole,3660,5419,1968,0.2768
ACH-000555,Sunitinib,4077,5289,2367,0.3382
ACH-000555,TAK-733,2853,5893,1601,0.2241
ACH-000555,TAK-901,4829,10877,3392,0.2755
ACH-000555,Tadalafil,827,5271,651,0.1195
ACH-000555,Talc,2796,3466,1263,0.2527
ACH-000555,Tazarotene,4632,4855,2378,0.3345
ACH-000555,Temsirolimus,4629,5671,2407,0.305
ACH-000555,Temuterkib,4640,3942,1549,0.2202
ACH-000555,Terfenadine,4497,5125,2149,0.2876
ACH-000555,Tetracycline (hydrochloride),718,4849,501,0.0989
ACH-000555,Thymol,2555,3390,1044,0.213
ACH-000555,Thymopentin,1193,4133,712,0.1543
ACH-000555,Tirabrutinib,2840,5046,1754,0.286
ACH-000555,Tirabrutinib (hydrochloride),6176,6362,3230,0.347
ACH-000555,Tofacitinib,2950,6068,1785,0.2468
ACH-000555,Tofacitinib (citrate),3001,5806,1829,0.2621
ACH-000555,Tolcapone,2140,6478,1504,0.2114
ACH-000555,Tolmetin,1509,3138,851,0.2242
ACH-000555,Tomivosertib,5007,3059,1601,0.2476
ACH-000555,Topotecan (hydrochloride),4168,7893,2638,0.28
ACH-000555,Torkinib,5104,2808,1368,0.209
ACH-000555,Trametinib,8367,9063,5402,0.4491
ACH-000555,Trametinib (DMSO_TF solvate),3142,6158,2153,0.3012
ACH-000555,Tranilast,563,3876,376,0.0925
ACH-000555,Triamcinolone,5408,7543,3718,0.4027
ACH-000555,Triclosan,2412,4957,1310,0.2162
ACH-000555,Trifluridine,1899,5035,1102,0.189
ACH-000555,Trimetrexate,2746,6138,1780,0.2506
ACH-000555,Tubulin inhibitor 6,4480,1812,991,0.1869
ACH-000555,Tucatinib,4028,3310,1584,0.2753
ACH-000555,Tucidinostat,5484,12018,4535,0.3497
ACH-000555,ULK-101,4627,2085,1027,0.1807
ACH-000555,Uridine,2457,5674,1487,0.2238
ACH-000555,Valdecoxib,1863,4116,936,0.1856
ACH-000555,Vandetanib,4171,5104,2345,0.3384
ACH-000555,Vemurafenib,4236,3178,1292,0.211
ACH-000555,Verapamil,752,3116,463,0.136
ACH-000555,Verteporfin,1174,5578,770,0.1287
ACH-000555,Vilanterol,1981,4576,1093,0.2
ACH-000555,Vinblastine (sulfate),4737,6610,2772,0.3233
ACH-000555,Vismodegib,1604,2322,597,0.1793
ACH-000555,Vitamin K4,3546,4445,1667,0.2636
ACH-000555,Volasertib,4561,2520,1226,0.2094
ACH-000555,Voriconazole,2442,3793,1235,0.247
ACH-000555,Vortioxetine,2809,4507,1513,0.2607
ACH-000555,XRK3F2,4625,3053,1337,0.2109
ACH-000555,Zileuton,2467,3194,1099,0.2409
ACH-000555,c-Kit-IN-1,8255,14765,3431,0.1751
ACH-000555,crizotinib,1064,4994,794,0.1508
ACH-000555,olaparib,4806,11633,1037,0.0673
ACH-000555,palbociclib,4934,3948,1761,0.2473
ACH-000555,venetoclax,4994,5167,2380,0.3059
ACH-000555,vincristine,5093,2830,1489,0.2314
ACH-000555,γ-Oryzanol,2610,3389,1235,0.2592
ACH-000558,(R)-Verapamil (hydrochloride),3054,4444,1484,0.2468
ACH-000558,(S)-Crizotinib,363,711,117,0.1223
ACH-000558,18β-Glycyrrhetinic acid,2037,3473,959,0.2107
ACH-000558,4EGI-1,5129,2772,1668,0.2676
ACH-000558,5-Azacytidine,1158,2292,438,0.1454
ACH-000558,5-Fluorouracil,695,1233,247,0.1469
ACH-000558,8-Hydroxyquinoline,2520,4870,1493,0.2532
ACH-000558,9-ING-41,5258,3462,1633,0.2304
ACH-000558,APTO-253,4353,2180,1045,0.1904
ACH-000558,AT7519,3148,1647,919,0.2371
ACH-000558,AZD-7648,4430,2944,1334,0.2209
ACH-000558,AZD-8055,4993,3678,1891,0.2789
ACH-000558,AZD1390,3933,2843,1249,0.226
ACH-000558,AZD2858,1928,2299,537,0.1455
ACH-000558,Abemaciclib,6332,3129,2064,0.279
ACH-000558,Abiraterone acetate,1164,1597,397,0.1679
ACH-000558,Acetazolamide,1843,1099,431,0.1716
ACH-000558,Acetohexamide,2109,4007,1071,0.2123
ACH-000558,Adagrasib,4884,3790,2118,0.3231
ACH-000558,Adenine,2813,4089,1576,0.2959
ACH-000558,Adenosine,2358,5205,1537,0.2551
ACH-000558,Afatinib,3887,6569,2131,0.256
ACH-000558,Aliskiren,2481,4285,1393,0.2593
ACH-000558,Allantoin,3431,5108,1983,0.3025
ACH-000558,Allopurinol,2863,1486,729,0.2014
ACH-000558,Almonertinib (hydrochloride),2825,3685,1287,0.2464
ACH-000558,Almonertinib (mesylate),1043,2323,489,0.17
ACH-000558,Alpelisib,3719,2556,1214,0.2399
ACH-000558,Altretamine,85,462,57,0.1163
ACH-000558,Amsacrine,2835,6842,1956,0.2533
ACH-000558,Anastrozole,3307,2578,1354,0.2988
ACH-000558,Anethole trithione,4492,5553,2853,0.3967
ACH-000558,Apalutamide,36,1010,24,0.0235
ACH-000558,Aprepitant,2133,1179,531,0.1909
ACH-000558,Arbutin,254,868,152,0.1567
ACH-000558,Artemether,1664,1561,559,0.2097
ACH-000558,Artesunate,4163,6526,2785,0.3524
ACH-000558,Asciminib,1907,1461,569,0.2033
ACH-000558,Aspirin,1044,792,278,0.1784
ACH-000558,Ataluren,1319,1316,391,0.1742
ACH-000558,Atazanavir (sulfate),1137,1212,420,0.2177
ACH-000558,Auranofin,1058,9220,756,0.0794
ACH-000558,Azithromycin (hydrate),2070,3517,1049,0.2312
ACH-000558,BAY1125976,4594,5759,2189,0.2681
ACH-000558,BI-3406,5603,3724,2235,0.3151
ACH-000558,BI-78D3,5736,2654,1411,0.2022
ACH-000558,Baicalin,2501,5229,1701,0.2821
ACH-000558,Balsalazide (sodium hydrate),2386,4534,1557,0.2903
ACH-000558,Belinostat,1466,7998,1117,0.1338
ACH-000558,Belumosudil,1164,1619,399,0.1674
ACH-000558,Belumosudil (mesylate),4276,3137,1486,0.2507
ACH-000558,Belzutifan,3004,2515,788,0.1666
ACH-000558,Bendamustine,126,500,64,0.1139
ACH-000558,Benproperine (phosphate),173,887,91,0.0939
ACH-000558,Bentamapimod,4745,2839,1356,0.2177
ACH-000558,Benztropine (mesylate),842,816,196,0.1341
ACH-000558,Berbamine,3843,4128,1618,0.2547
ACH-000558,Berbamine (dihydrochloride),1044,1149,287,0.1506
ACH-000558,Berberine (chloride hydrate),2220,4871,1431,0.2528
ACH-000558,Bergenin,1923,3502,1029,0.2341
ACH-000558,Bestatin,43,1351,31,0.0227
ACH-000558,Bestatin (hydrochloride),1197,1396,400,0.1824
ACH-000558,Betamethasone dipropionate,426,1726,285,0.1527
ACH-000558,Bexarotene,1646,2175,785,0.2586
ACH-000558,Bicalutamide,881,1030,267,0.1624
ACH-000558,Bimatoprost,2293,5143,1373,0.2265
ACH-000558,Bimiralisib,4869,7188,2555,0.2689
ACH-000558,Binimetinib,6579,4940,2936,0.3421
ACH-000558,Bisoprolol (hemifumarate),400,1569,245,0.1421
ACH-000558,Bortezomib,7707,8132,4793,0.4339
ACH-000558,Bosentan (hydrate),151,1981,106,0.0523
ACH-000558,Brimonidine,688,518,109,0.0994
ACH-000558,Brivudine,5525,7875,3295,0.3261
ACH-000558,Budesonide,2360,2937,1056,0.249
ACH-000558,Busulfan,3503,3730,1469,0.2549
ACH-000558,CP21R7,3375,1890,826,0.1861
ACH-000558,Cabozantinib (S-malate),925,2583,395,0.1269
ACH-000558,Canagliflozin,208,982,116,0.108
ACH-000558,Canagliflozin (hemihydrate),911,1095,243,0.1378
ACH-000558,Capivasertib,4522,2024,1136,0.21
ACH-000558,Capmatinib,4732,2513,1297,0.2181
ACH-000558,Captopril,1188,789,286,0.1691
ACH-000558,Carbamazepine,1239,1368,352,0.1561
ACH-000558,Celecoxib,4449,2245,985,0.1725
ACH-000558,Cepharanthine,2798,3959,1508,0.2873
ACH-000558,Chlorhexidine (diacetate),2913,5842,1983,0.2928
ACH-000558,Ciclopirox,1786,4366,1099,0.2175
ACH-000558,Cilostazol,241,1837,160,0.0834
ACH-000558,Cinacalcet,976,1326,318,0.1603
ACH-000558,Citalopram (hydrobromide),1541,1001,372,0.1714
ACH-000558,Clobetasol propionate,2033,2967,1085,0.2771
ACH-000558,Clofarabine,92,947,47,0.0474
ACH-000558,Clonidine (hydrochloride),3075,5900,2282,0.341
ACH-000558,Clopidogrel,2646,999,534,0.1716
ACH-000558,Clotrimazole,2562,4753,1508,0.2597
ACH-000558,Cloxacillin (sodium),2714,3507,1457,0.3058
ACH-000558,Cobimetinib,76,2271,49,0.0213
ACH-000558,Crizotinib (hydrochloride),1809,2669,870,0.2411
ACH-000558,Cyclosporin A,2538,2184,984,0.2632
ACH-000558,Cysteamine (hydrochloride),1745,3784,1040,0.2317
ACH-000558,Cytarabine,1013,1268,328,0.1679
ACH-000558,Cytarabine (hydrochloride),178,859,104,0.1115
ACH-000558,DT-061,3392,2008,888,0.1968
ACH-000558,DTP3,4659,1446,808,0.1525
ACH-000558,Dabrafenib,4282,5425,2067,0.2705
ACH-000558,Daidzin,1437,1214,379,0.1668
ACH-000558,Dapagliflozin,731,961,255,0.1775
ACH-000558,"Dapagliflozin ((2S)-1,2-propanediol, hydrate)",302,1073,132,0.1062
ACH-000558,Darinaparsin,2646,5251,1630,0.2601
ACH-000558,Darolutamide,2052,1504,615,0.2091
ACH-000558,Decitabine,489,2457,346,0.1331
ACH-000558,Delamanid,1404,2014,663,0.2407
ACH-000558,Demeclocycline,2176,4068,1232,0.2458
ACH-000558,Dexamethasone,1523,2152,835,0.294
ACH-000558,Dexmedetomidine,62,1009,44,0.0428
ACH-000558,Diammonium Glycyrrhizinate,3073,5380,1673,0.2468
ACH-000558,Digitoxin,3311,6450,2434,0.3322
ACH-000558,Dihydroartemisinin,645,2526,315,0.1103
ACH-000558,Dimethyl fumarate,91,1154,46,0.0384
ACH-000558,Dinaciclib,3131,6635,2440,0.3331
ACH-000558,Diphenhydramine,710,1133,324,0.2133
ACH-000558,Docetaxel,5293,6488,2896,0.3259
ACH-000558,Docetaxel (Trihydrate),93,2218,75,0.0335
ACH-000558,Dorzolamide (hydrochloride),155,1708,95,0.0537
ACH-000558,Doxorubicin (hydrochloride),304,5358,256,0.0474
ACH-000558,Doxycycline (monohydrate),78,991,54,0.0532
ACH-000558,Drospirenone,1978,2057,728,0.2201
ACH-000558,ERK5-IN-2,3832,6710,1998,0.2338
ACH-000558,ETC-206,3761,2024,1147,0.2473
ACH-000558,EX229,5426,5321,2601,0.3193
ACH-000558,Econazole,1271,1296,343,0.1542
ACH-000558,Elagolix sodium,2612,4968,1439,0.2343
ACH-000558,Elimusertib hydrochloride,5823,3856,2208,0.2955
ACH-000558,Encorafenib,12354,5111,264,0.0153
ACH-000558,Entecavir (monohydrate),44,1641,39,0.0237
ACH-000558,Entrectinib,1120,1984,366,0.1337
ACH-000558,Epirubicin (hydrochloride),101,5492,72,0.013
ACH-000558,Eplerenone,136,792,77,0.0905
ACH-000558,Erdafitinib ,9998,2505,174,0.0141
ACH-000558,Erlotinib,386,1804,219,0.1111
ACH-000558,Erythromycin,867,1269,291,0.1577
ACH-000558,Esmolol (hydrochloride),1064,969,239,0.1332
ACH-000558,Estrone sulfate (potassium),1615,1295,359,0.1407
ACH-000558,Everolimus,4665,2714,1475,0.2498
ACH-000558,Fedratinib (hydrochloride hydrate),1761,3426,864,0.1999
ACH-000558,Fenofibrate,488,666,167,0.1692
ACH-000558,Ferulic acid,255,1406,157,0.1044
ACH-000558,Filgotinib,632,2035,259,0.1076
ACH-000558,Finasteride,66,938,50,0.0524
ACH-000558,Fingolimod (hydrochloride),724,1285,258,0.1473
ACH-000558,Flumatinib (mesylate),1344,2360,614,0.1987
ACH-000558,Flutamide,1253,1127,290,0.1388
ACH-000558,Fluvoxamine,261,1562,173,0.1048
ACH-000558,Fluvoxamine (maleate),1946,5433,1268,0.2075
ACH-000558,Folic acid,2184,4732,1394,0.2524
ACH-000558,Fulvestrant,1115,1552,395,0.1739
ACH-000558,Fumaric acid,1239,2454,557,0.1776
ACH-000558,Furosemide,1543,3326,835,0.207
ACH-000558,Fusidic acid,2461,4256,1493,0.2858
ACH-000558,Futibatinib,5363,3100,1856,0.2809
ACH-000558,GSK1059615,4928,7122,2551,0.2686
ACH-000558,Gallic acid,2826,4701,1740,0.3007
ACH-000558,Gallic acid (hydrate),3727,4817,1802,0.2673
ACH-000558,Gefitinib,922,1812,394,0.1684
ACH-000558,Gemcitabine,6718,3098,2105,0.273
ACH-000558,Gemfibrozil,2449,4465,1477,0.2717
ACH-000558,Glycyrrhizic acid,250,786,88,0.0928
ACH-000558,Goserelin (acetate),3317,5092,2113,0.3356
ACH-000558,HI-TOPK-032,6116,4529,2339,0.2816
ACH-000558,Harringtonine,1022,10070,922,0.0907
ACH-000558,Hesperidin,246,1064,132,0.1121
ACH-000558,Hexylresorcinol,2744,4660,1715,0.3015
ACH-000558,Homoharringtonine,14007,15906,12170,0.6859
ACH-000558,Hydroxyfasudil,5386,1440,767,0.1266
ACH-000558,Hydroxyurea,79,791,32,0.0382
ACH-000558,IQ 1,3942,3167,1446,0.2553
ACH-000558,Idarubicin (hydrochloride),12535,17311,10905,0.5757
ACH-000558,Idoxuridine,1614,1230,460,0.193
ACH-000558,Imiquimod (hydrochloride),1451,1372,401,0.1656
ACH-000558,Imiquimod (maleate),60,492,25,0.0474
ACH-000558,Indacaterol (maleate),1986,1249,488,0.1776
ACH-000558,Infigratinib,4128,4799,1952,0.2799
ACH-000558,Ipatasertib,5221,3768,1743,0.2405
ACH-000558,Irinotecan,4770,3073,1632,0.2628
ACH-000558,Irinotecan (hydrochloride),4073,1533,813,0.1696
ACH-000558,Isocorydine,2894,4265,1479,0.2604
ACH-000558,Ivermectin,1119,1162,320,0.1632
ACH-000558,Ixazomib,3641,4248,1668,0.2681
ACH-000558,Ixazomib citrate,1627,7007,1206,0.1624
ACH-000558,L-Eflornithine (monohydrochloride),1577,730,265,0.1298
ACH-000558,L-Thyroxine (sodium salt pentahydrate),5910,4208,882,0.0955
ACH-000558,LB-100,3268,1905,829,0.1908
ACH-000558,LJI308,3824,3547,1615,0.2806
ACH-000558,LY-2584702 (tosylate salt),3585,2559,1111,0.2207
ACH-000558,LY2090314,2668,2031,761,0.1932
ACH-000558,Lactate (calcium),1190,1935,398,0.1459
ACH-000558,Lapatinib ditosylate,5172,1735,943,0.1581
ACH-000558,Larotrectinib,3577,4608,1696,0.2614
ACH-000558,Lenalidomide (hemihydrate),1523,3707,835,0.19
ACH-000558,Levobupivacaine (hydrochloride),216,896,128,0.1301
ACH-000558,Lidocaine (hydrochloride),2944,5301,1596,0.24
ACH-000558,Ligustrazine,131,1077,88,0.0786
ACH-000558,Lipoic acid,1791,3131,1027,0.2637
ACH-000558,Lonafarnib,4570,4448,1817,0.2523
ACH-000558,Loperamide (hydrochloride),1587,1445,469,0.183
ACH-000558,Lopinavir,1213,1540,513,0.229
ACH-000558,Lucanthone,1496,1232,472,0.2092
ACH-000558,Lumateperone (tosylate),1899,4138,1207,0.2499
ACH-000558,MK-3903,4176,4102,1531,0.2269
ACH-000558,MK-8353,4716,1879,1230,0.2293
ACH-000558,ML264,4810,3319,1591,0.2433
ACH-000558,Macitentan,86,650,41,0.059
ACH-000558,Malotilate,2538,2938,1339,0.3237
ACH-000558,Mebendazole,221,2225,162,0.0709
ACH-000558,Medroxyprogesterone acetate,2231,5195,1321,0.2164
ACH-000558,Megestrol,3813,3956,1537,0.2466
ACH-000558,Meloxicam,1045,1208,300,0.1536
ACH-000558,Menadione,120,921,81,0.0844
ACH-000558,Methotrexate,754,1687,287,0.1332
ACH-000558,Methyl aminolevulinate (hydrochloride),1398,1335,453,0.1987
ACH-000558,Methylprednisolone succinate,4355,572,318,0.069
ACH-000558,Methylthiouracil,1029,1604,387,0.1723
ACH-000558,Mifepristone,149,1064,83,0.0735
ACH-000558,Minodronic acid,4010,3098,1696,0.3134
ACH-000558,Mitoxantrone (dihydrochloride),3728,13268,3049,0.2186
ACH-000558,Monocrotaline,120,1351,73,0.0522
ACH-000558,Mozavaptan,177,1175,94,0.0747
ACH-000558,NG25,2787,5192,1594,0.2496
ACH-000558,NVP-BHG712,4655,3389,1399,0.2105
ACH-000558,Nafamostat (mesylate),1456,1030,321,0.1483
ACH-000558,Naproxen,638,1089,216,0.143
ACH-000558,Neratinib,706,1539,242,0.1208
ACH-000558,Neratinib (maleate),3078,8022,2318,0.2639
ACH-000558,Nevirapine,118,1216,77,0.0613
ACH-000558,Niclosamide (olamine),174,5167,146,0.0281
ACH-000558,Norepinephrine (hydrochloride),1960,4218,1136,0.2253
ACH-000558,OTS514,3593,2913,1263,0.2409
ACH-000558,Olanzapine,2363,5097,1612,0.2756
ACH-000558,Oleic acid,3865,1964,1066,0.2238
ACH-000558,Omeprazole,1004,1080,309,0.1741
ACH-000558,Omeprazole (sodium),915,720,210,0.1474
ACH-000558,Orlistat,149,1066,89,0.079
ACH-000558,Osimertinib (mesylate),927,2174,423,0.158
ACH-000558,Ouabain (Octahydrate),4879,7740,3547,0.391
ACH-000558,Oxaliplatin,5238,3446,2170,0.3331
ACH-000558,Oxaprozin,1532,1430,468,0.1877
ACH-000558,PF-06260933,4646,2433,1176,0.1992
ACH-000558,PH-797804,4766,8296,2886,0.2836
ACH-000558,Paclitaxel,4901,5369,2144,0.2638
ACH-000558,Palmatine (chloride),3407,3845,1454,0.2508
ACH-000558,Panobinostat,5962,10381,4907,0.4291
ACH-000558,Pasireotide (acetate),3779,4892,2013,0.3023
ACH-000558,Pemetrexed,215,1110,123,0.1023
ACH-000558,Pemigatinib,699,1851,122,0.0502
ACH-000558,Penfluridol,176,1166,103,0.0831
ACH-000558,Pentagastrin,2189,4790,1437,0.2593
ACH-000558,Pentamidine (isethionate),3064,5139,1707,0.2628
ACH-000558,Pentoxifylline,2050,2421,916,0.2577
ACH-000558,Peretinoin,660,3469,490,0.1347
ACH-000558,Perindopril (erbumine),541,659,168,0.1628
ACH-000558,Pexidartinib (hydrochloride),269,1199,149,0.113
ACH-000558,Phenylephrine (hydrochloride),1442,1745,445,0.1623
ACH-000558,Phenytoin (sodium),203,913,114,0.1138
ACH-000558,Pimitespib,4289,1896,1070,0.2092
ACH-000558,Pimozide,775,1378,250,0.1314
ACH-000558,Pioglitazone,1453,1668,562,0.2196
ACH-000558,Piroxicam,2746,1682,855,0.2393
ACH-000558,Pitavastatin (Calcium),381,3128,303,0.0945
ACH-000558,Ponatinib,2391,5302,1319,0.2069
ACH-000558,Posaconazole,129,1858,104,0.0552
ACH-000558,Pralsetinib,3823,4651,1843,0.2779
ACH-000558,Pravastatin (sodium),1253,1210,349,0.1651
ACH-000558,Procainamide (hydrochloride),69,405,32,0.0724
ACH-000558,Proglumide,546,732,120,0.1036
ACH-000558,Pyridoxine,2752,4504,1562,0.2743
ACH-000558,Pyridoxine (hydrochloride),4202,4779,2225,0.3293
ACH-000558,Quinestrol,2723,4563,1697,0.3036
ACH-000558,Quinidine (15% dihydroquinidine),165,1768,113,0.0621
ACH-000558,RMC-6236,5117,6557,2782,0.3129
ACH-000558,Radotinib,3391,4183,1723,0.2945
ACH-000558,Ralimetinib dimesylate,4103,1882,848,0.1651
ACH-000558,Raltitrexed,2073,4916,1376,0.2451
ACH-000558,Ranolazine,495,835,121,0.1001
ACH-000558,Rapamycin,3212,6168,2145,0.2965
ACH-000558,Regorafenib,5286,2399,1373,0.2175
ACH-000558,Relugolix,1783,3976,1203,0.264
ACH-000558,Resveratrol,2203,5334,1369,0.222
ACH-000558,Retinoic acid,4849,5271,2536,0.3344
ACH-000558,Rifaximin,59,740,34,0.0444
ACH-000558,Riluzole hydrochloride,3586,6223,2336,0.3126
ACH-000558,Rimonabant,2397,4363,1542,0.2955
ACH-000558,Ritonavir,2099,4523,1146,0.2093
ACH-000558,Ropivacaine (hydrochloride monohydrate),2300,4185,1324,0.2565
ACH-000558,Rosiglitazone,152,851,77,0.0832
ACH-000558,Roxadustat,170,1982,120,0.0591
ACH-000558,Rucaparib (phosphate),133,855,79,0.0869
ACH-000558,Rutin (trihydrate),875,1005,338,0.2192
ACH-000558,S-Adenosyl-L-methionine (disulfate tosylate),2912,6251,2189,0.3139
ACH-000558,SBI-0640756,6415,2840,227,0.0251
ACH-000558,Sacubitril/Valsartan,237,2063,180,0.0849
ACH-000558,Salicylic acid,2653,5032,1714,0.2871
ACH-000558,Sapanisertib,5914,6514,2883,0.302
ACH-000558,Saquinavir,1494,4168,823,0.1701
ACH-000558,Selinexor ,4971,9809,3695,0.3333
ACH-000558,Sildenafil,102,1384,73,0.0517
ACH-000558,Silodosin,61,335,27,0.0732
ACH-000558,Simotinib,59,322,31,0.0886
ACH-000558,Sinomenine,1957,3681,1077,0.2361
ACH-000558,Sivelestat (sodium tetrahydrate),237,2168,146,0.0646
ACH-000558,Sodium Salicylate,3245,5021,1853,0.2889
ACH-000558,Sonidegib,6036,7350,1259,0.1038
ACH-000558,Sulfatinib,94,826,65,0.076
ACH-000558,Sulfisoxazole,3047,4939,1702,0.2708
ACH-000558,Sunitinib,1738,2580,728,0.2028
ACH-000558,TAK-733,3062,4967,1648,0.2583
ACH-000558,TAK-901,5398,12007,4114,0.3095
ACH-000558,Tadalafil,90,1876,73,0.0386
ACH-000558,Talc,1156,641,194,0.121
ACH-000558,Tazarotene,1683,1813,600,0.2072
ACH-000558,Temsirolimus,3696,5393,2036,0.2887
ACH-000558,Temuterkib,4578,3624,1520,0.2275
ACH-000558,Terfenadine,3006,5411,1811,0.2741
ACH-000558,Tetracycline (hydrochloride),90,1538,61,0.0389
ACH-000558,Thymol,2362,2947,912,0.2074
ACH-000558,Thymopentin,58,1208,44,0.036
ACH-000558,Tirabrutinib,772,1512,427,0.2299
ACH-000558,Tirabrutinib (hydrochloride),2654,2218,836,0.2071
ACH-000558,Tofacitinib,2350,5546,1509,0.2363
ACH-000558,Tofacitinib (citrate),2987,4977,1698,0.271
ACH-000558,Tolcapone,1971,6135,1463,0.2202
ACH-000558,Tolmetin,234,909,138,0.1373
ACH-000558,Tomivosertib,4931,3182,1745,0.274
ACH-000558,Topotecan (hydrochloride),1346,4523,757,0.1481
ACH-000558,Torkinib,4939,2720,1314,0.2071
ACH-000558,Trametinib,7194,8032,4447,0.4126
ACH-000558,Trametinib (DMSO_TF solvate),1315,3441,773,0.1941
ACH-000558,Tranilast,69,924,42,0.0442
ACH-000558,Triamcinolone,4518,5697,2605,0.3423
ACH-000558,Triclosan,2398,4525,1445,0.2638
ACH-000558,Trifluridine,1785,4548,1024,0.1929
ACH-000558,Trimetrexate,2300,4990,1440,0.2462
ACH-000558,Tubulin inhibitor 6,4565,2146,1290,0.238
ACH-000558,Tucatinib,4614,2699,1582,0.276
ACH-000558,Tucidinostat,4789,11958,3991,0.3129
ACH-000558,ULK-101,4629,2465,1124,0.1883
ACH-000558,Uridine,737,1743,358,0.1687
ACH-000558,Valdecoxib,672,1194,243,0.1497
ACH-000558,Vandetanib,1300,1981,545,0.1992
ACH-000558,Vemurafenib,5110,2725,1420,0.2214
ACH-000558,Verapamil,69,778,45,0.0561
ACH-000558,Verteporfin,142,2183,99,0.0445
ACH-000558,Vilanterol,2012,3947,1142,0.2371
ACH-000558,Vinblastine (sulfate),3912,6631,2708,0.3456
ACH-000558,Vismodegib,507,815,141,0.1194
ACH-000558,Vitamin K4,1350,1251,390,0.1764
ACH-000558,Volasertib,5108,2042,1161,0.1939
ACH-000558,Voriconazole,1082,997,294,0.1647
ACH-000558,Vortioxetine,1594,1736,567,0.2052
ACH-000558,XRK3F2,4236,2786,1150,0.1958
ACH-000558,Zileuton,996,863,271,0.1707
ACH-000558,c-Kit-IN-1,6940,9271,2331,0.1679
ACH-000558,crizotinib,86,1595,62,0.0383
ACH-000558,olaparib,4417,1295,821,0.1679
ACH-000558,palbociclib,6212,2981,1658,0.22
ACH-000558,venetoclax,5695,4976,2603,0.3226
ACH-000558,vincristine,4660,3294,1842,0.3014
ACH-000558,γ-Oryzanol,754,763,189,0.1423
ACH-000580,(R)-Verapamil (hydrochloride),1459,2445,650,0.1998
ACH-000580,(S)-Crizotinib,490,549,117,0.1269
ACH-000580,18β-Glycyrrhetinic acid,1260,2014,544,0.1993
ACH-000580,4EGI-1,3985,1980,1225,0.2584
ACH-000580,5-Azacytidine,1439,1701,449,0.1669
ACH-000580,5-Fluorouracil,1195,1368,406,0.1882
ACH-000580,8-Hydroxyquinoline,1277,2543,669,0.2123
ACH-000580,9-ING-41,3818,2283,1003,0.1967
ACH-000580,APTO-253,2877,1085,515,0.1494
ACH-000580,AT7519,2090,1082,599,0.2328
ACH-000580,AZD-7648,3399,2199,1006,0.2191
ACH-000580,AZD-8055,4307,1740,1019,0.2027
ACH-000580,AZD1390,2855,1809,713,0.1805
ACH-000580,AZD2858,1262,1436,306,0.1279
ACH-000580,Abemaciclib,5073,1905,1222,0.2123
ACH-000580,Abiraterone acetate,1487,1737,474,0.1724
ACH-000580,Acetazolamide,2158,1244,537,0.1874
ACH-000580,Acetohexamide,1136,2328,541,0.1851
ACH-000580,Adagrasib,3876,2051,1236,0.2635
ACH-000580,Adenine,1675,2168,839,0.2793
ACH-000580,Adenosine,1277,2827,750,0.2236
ACH-000580,Afatinib,2695,4696,1401,0.2339
ACH-000580,Aliskiren,1364,1877,580,0.218
ACH-000580,Allantoin,1978,2976,913,0.2259
ACH-000580,Allopurinol,2919,1546,799,0.2179
ACH-000580,Almonertinib (hydrochloride),1822,2269,733,0.2183
ACH-000580,Almonertinib (mesylate),940,1583,353,0.1627
ACH-000580,Alpelisib,2181,1377,602,0.2037
ACH-000580,Altretamine,75,331,38,0.1033
ACH-000580,Amsacrine,1805,4517,1208,0.2362
ACH-000580,Anastrozole,2034,1409,667,0.2403
ACH-000580,Anethole trithione,2674,2932,1419,0.3389
ACH-000580,Apalutamide,30,908,22,0.024
ACH-000580,Aprepitant,2521,1489,755,0.232
ACH-000580,Arbutin,192,547,96,0.1493
ACH-000580,Artemether,2162,1805,769,0.2405
ACH-000580,Artesunate,2603,3356,1467,0.3266
ACH-000580,Asciminib,2270,1688,691,0.2115
ACH-000580,Aspirin,1537,965,381,0.1796
ACH-000580,Ataluren,1617,1246,472,0.1974
ACH-000580,Atazanavir (sulfate),1799,1843,793,0.2783
ACH-000580,Auranofin,2020,9048,1487,0.1552
ACH-000580,Azithromycin (hydrate),1347,2264,621,0.2077
ACH-000580,BAY1125976,3598,4724,1701,0.2569
ACH-000580,BI-3406,2465,1544,728,0.2219
ACH-000580,BI-78D3,4215,1381,738,0.1519
ACH-000580,Baicalin,1399,2983,859,0.2438
ACH-000580,Balsalazide (sodium hydrate),1459,2271,785,0.2666
ACH-000580,Belinostat,1755,8032,1351,0.1601
ACH-000580,Belumosudil,1086,2443,479,0.157
ACH-000580,Belumosudil (mesylate),2584,1295,594,0.1808
ACH-000580,Belzutifan,1878,1183,342,0.1258
ACH-000580,Bendamustine,61,410,30,0.068
ACH-000580,Benproperine (phosphate),168,497,69,0.1158
ACH-000580,Bentamapimod,3001,999,477,0.1354
ACH-000580,Benztropine (mesylate),891,766,175,0.1181
ACH-000580,Berbamine,2419,2613,972,0.2394
ACH-000580,Berbamine (dihydrochloride),1040,541,179,0.1277
ACH-000580,Berberine (chloride hydrate),1106,3128,648,0.1807
ACH-000580,Bergenin,1098,1871,500,0.2025
ACH-000580,Bestatin,54,877,37,0.0414
ACH-000580,Bestatin (hydrochloride),1382,1295,367,0.1589
ACH-000580,Betamethasone dipropionate,144,781,97,0.1171
ACH-000580,Bexarotene,1973,2288,930,0.2792
ACH-000580,Bicalutamide,1090,831,230,0.136
ACH-000580,Bimatoprost,1371,3476,753,0.1839
ACH-000580,Bimiralisib,4186,4706,1905,0.2726
ACH-000580,Binimetinib,5987,6092,3624,0.4286
ACH-000580,Bisoprolol (hemifumarate),370,1018,164,0.134
ACH-000580,Bortezomib,6177,6194,3606,0.4114
ACH-000580,Bosentan (hydrate),172,1399,123,0.0849
ACH-000580,Brimonidine,1364,694,217,0.1179
ACH-000580,Brivudine,3208,4286,1442,0.2383
ACH-000580,Budesonide,2611,2084,808,0.2079
ACH-000580,Busulfan,1907,2141,713,0.2138
ACH-000580,CP21R7,2625,956,467,0.15
ACH-000580,Cabozantinib (S-malate),1178,1928,430,0.1607
ACH-000580,Canagliflozin,217,681,96,0.1197
ACH-000580,Canagliflozin (hemihydrate),1690,1032,328,0.137
ACH-000580,Capivasertib,2999,1282,642,0.1764
ACH-000580,Capmatinib,3440,1650,823,0.1929
ACH-000580,Captopril,1381,1114,378,0.1786
ACH-000580,Carbamazepine,1605,1687,481,0.1711
ACH-000580,Celecoxib,3446,1121,520,0.1285
ACH-000580,Cepharanthine,1767,2391,831,0.2498
ACH-000580,Chlorhexidine (diacetate),1690,3280,975,0.2441
ACH-000580,Ciclopirox,1290,2527,670,0.2129
ACH-000580,Cilostazol,246,1263,158,0.117
ACH-000580,Cinacalcet,1148,1491,395,0.176
ACH-000580,Citalopram (hydrobromide),1573,1127,381,0.1643
ACH-000580,Clobetasol propionate,1661,1410,526,0.2067
ACH-000580,Clofarabine,110,523,38,0.0639
ACH-000580,Clonidine (hydrochloride),1709,3306,1147,0.2965
ACH-000580,Clopidogrel,2821,1247,669,0.1968
ACH-000580,Clotrimazole,1237,2138,621,0.2255
ACH-000580,Cloxacillin (sodium),1376,1697,622,0.2538
ACH-000580,Cobimetinib,716,3623,582,0.1549
ACH-000580,Crizotinib (hydrochloride),2299,3606,1457,0.3276
ACH-000580,Cyclosporin A,2643,2298,1141,0.3003
ACH-000580,Cysteamine (hydrochloride),954,2217,536,0.2034
ACH-000580,Cytarabine,823,1116,245,0.1446
ACH-000580,Cytarabine (hydrochloride),250,808,100,0.1044
ACH-000580,DT-061,2937,1531,653,0.1712
ACH-000580,DTP3,3171,519,307,0.0907
ACH-000580,Dabrafenib,2933,4808,1580,0.2565
ACH-000580,Daidzin,1103,797,267,0.1635
ACH-000580,Dapagliflozin,1202,1080,357,0.1855
ACH-000580,"Dapagliflozin ((2S)-1,2-propanediol, hydrate)",301,596,85,0.1047
ACH-000580,Darinaparsin,1559,3403,903,0.2225
ACH-000580,Darolutamide,2240,1940,898,0.2736
ACH-000580,Decitabine,584,2059,352,0.1536
ACH-000580,Delamanid,1640,2013,748,0.2575
ACH-000580,Demeclocycline,1122,1945,515,0.2018
ACH-000580,Dexamethasone,1230,1589,514,0.223
ACH-000580,Dexmedetomidine,109,698,62,0.0832
ACH-000580,Diammonium Glycyrrhizinate,1488,3330,782,0.1938
ACH-000580,Digitoxin,1562,6214,1162,0.1757
ACH-000580,Dihydroartemisinin,668,2153,325,0.1302
ACH-000580,Dimethyl fumarate,63,633,33,0.0498
ACH-000580,Dinaciclib,2846,6440,2213,0.3129
ACH-000580,Diphenhydramine,743,955,262,0.1825
ACH-000580,Docetaxel,3473,3430,1530,0.2848
ACH-000580,Docetaxel (Trihydrate),96,1952,67,0.0338
ACH-000580,Dorzolamide (hydrochloride),217,1188,110,0.0849
ACH-000580,Doxorubicin (hydrochloride),213,5073,159,0.031
ACH-000580,Doxycycline (monohydrate),92,556,43,0.0711
ACH-000580,Drospirenone,2197,1783,713,0.2182
ACH-000580,ERK5-IN-2,3248,3980,1278,0.2148
ACH-000580,ETC-206,2720,941,541,0.1734
ACH-000580,EX229,4598,3110,1673,0.2772
ACH-000580,Econazole,1791,966,379,0.1594
ACH-000580,Elagolix sodium,1680,3026,843,0.2182
ACH-000580,Elimusertib hydrochloride,4270,3979,1868,0.2927
ACH-000580,Encorafenib,12481,4554,257,0.0153
ACH-000580,Entecavir (monohydrate),52,1589,38,0.0237
ACH-000580,Entrectinib,1544,1778,452,0.1575
ACH-000580,Epirubicin (hydrochloride),93,5037,76,0.015
ACH-000580,Eplerenone,92,469,42,0.0809
ACH-000580,Erdafitinib ,9350,1175,116,0.0111
ACH-000580,Erlotinib,433,1144,192,0.1386
ACH-000580,Erythromycin,957,1317,255,0.1263
ACH-000580,Esmolol (hydrochloride),1645,1112,358,0.1492
ACH-000580,Estrone sulfate (potassium),2109,1487,494,0.1593
ACH-000580,Everolimus,2881,1458,688,0.1884
ACH-000580,Fedratinib (hydrochloride hydrate),2122,3095,1085,0.2626
ACH-000580,Fenofibrate,484,429,123,0.1557
ACH-000580,Ferulic acid,194,1065,108,0.0938
ACH-000580,Filgotinib,869,1856,312,0.1293
ACH-000580,Finasteride,73,618,40,0.0614
ACH-000580,Fingolimod (hydrochloride),976,1403,351,0.1731
ACH-000580,Flumatinib (mesylate),1232,1894,532,0.2051
ACH-000580,Flutamide,1415,1394,362,0.1479
ACH-000580,Fluvoxamine,274,943,129,0.1186
ACH-000580,Fluvoxamine (maleate),1332,3180,808,0.2181
ACH-000580,Folic acid,1379,2090,727,0.2651
ACH-000580,Fulvestrant,1915,1837,669,0.217
ACH-000580,Fumaric acid,1067,1757,393,0.1617
ACH-000580,Furosemide,866,1825,397,0.1731
ACH-000580,Fusidic acid,1243,2274,665,0.2332
ACH-000580,Futibatinib,3722,1815,930,0.2019
ACH-000580,GSK1059615,3731,4768,1705,0.251
ACH-000580,Gallic acid,1780,2129,848,0.277
ACH-000580,Gallic acid (hydrate),1911,2673,744,0.1938
ACH-000580,Gefitinib,1346,829,246,0.1275
ACH-000580,Gemcitabine,4276,2439,1400,0.2634
ACH-000580,Gemfibrozil,1250,2873,718,0.2109
ACH-000580,Glycyrrhizic acid,297,393,56,0.0883
ACH-000580,Goserelin (acetate),2364,2414,1093,0.2966
ACH-000580,HI-TOPK-032,4794,2767,1462,0.2397
ACH-000580,Harringtonine,1285,10722,1167,0.1077
ACH-000580,Hesperidin,231,645,93,0.1188
ACH-000580,Hexylresorcinol,1630,2807,926,0.2637
ACH-000580,Homoharringtonine,12794,15272,11072,0.6515
ACH-000580,Hydroxyfasudil,3300,805,318,0.084
ACH-000580,Hydroxyurea,139,446,45,0.0833
ACH-000580,IQ 1,2600,1862,770,0.2086
ACH-000580,Idarubicin (hydrochloride),9534,14579,8301,0.525
ACH-000580,Idoxuridine,1931,1647,698,0.2424
ACH-000580,Imiquimod (hydrochloride),1945,1539,524,0.177
ACH-000580,Imiquimod (maleate),97,282,22,0.0616
ACH-000580,Indacaterol (maleate),2231,1529,744,0.2467
ACH-000580,Infigratinib,2370,2260,872,0.232
ACH-000580,Ipatasertib,3263,3728,1219,0.2112
ACH-000580,Irinotecan,2624,1830,850,0.2358
ACH-000580,Irinotecan (hydrochloride),3066,1239,672,0.185
ACH-000580,Isocorydine,1998,2395,790,0.2193
ACH-000580,Ivermectin,1354,864,310,0.1625
ACH-000580,Ixazomib,2226,2288,881,0.2425
ACH-000580,Ixazomib citrate,1151,7016,886,0.1217
ACH-000580,L-Eflornithine (monohydrochloride),2173,1274,499,0.1693
ACH-000580,L-Thyroxine (sodium salt pentahydrate),1191,2538,556,0.1752
ACH-000580,LB-100,2125,996,444,0.1659
ACH-000580,LJI308,2541,1469,697,0.2104
ACH-000580,LY-2584702 (tosylate salt),2520,1292,488,0.1468
ACH-000580,LY2090314,2007,1358,497,0.1733
ACH-000580,Lactate (calcium),1573,1920,496,0.1655
ACH-000580,Lapatinib ditosylate,2450,1097,462,0.1498
ACH-000580,Larotrectinib,2028,2798,901,0.2296
ACH-000580,Lenalidomide (hemihydrate),1238,2282,566,0.1916
ACH-000580,Levobupivacaine (hydrochloride),186,711,88,0.1088
ACH-000580,Lidocaine (hydrochloride),1902,3330,907,0.2097
ACH-000580,Ligustrazine,109,692,59,0.0795
ACH-000580,Lipoic acid,1057,1723,558,0.2511
ACH-000580,Lonafarnib,3339,2189,906,0.196
ACH-000580,Loperamide (hydrochloride),1686,1537,498,0.1828
ACH-000580,Lopinavir,1546,2142,753,0.2566
ACH-000580,Lucanthone,1156,734,305,0.1924
ACH-000580,Lumateperone (tosylate),1186,2227,651,0.2357
ACH-000580,MK-3903,3242,2627,1082,0.226
ACH-000580,MK-8353,3058,1115,617,0.1735
ACH-000580,ML264,2917,1522,662,0.1753
ACH-000580,Macitentan,63,388,30,0.0713
ACH-000580,Malotilate,2927,3002,1502,0.3393
ACH-000580,Mebendazole,167,1942,105,0.0524
ACH-000580,Medroxyprogesterone acetate,1414,2576,651,0.195
ACH-000580,Megestrol,2168,2235,790,0.2187
ACH-000580,Meloxicam,1379,1428,381,0.157
ACH-000580,Menadione,163,420,53,0.1
ACH-000580,Methotrexate,1002,1433,369,0.1786
ACH-000580,Methyl aminolevulinate (hydrochloride),2025,1658,658,0.2175
ACH-000580,Methylprednisolone succinate,3918,11251,728,0.0504
ACH-000580,Methylthiouracil,1050,1435,381,0.1811
ACH-000580,Mifepristone,141,635,65,0.0914
ACH-000580,Minodronic acid,2878,1593,845,0.233
ACH-000580,Mitoxantrone (dihydrochloride),1892,6203,1266,0.1854
ACH-000580,Monocrotaline,145,792,82,0.0959
ACH-000580,Mozavaptan,181,428,63,0.1154
ACH-000580,NG25,2165,3393,1073,0.2392
ACH-000580,NVP-BHG712,3430,2007,813,0.1758
ACH-000580,Nafamostat (mesylate),1870,1231,493,0.189
ACH-000580,Naproxen,467,528,126,0.145
ACH-000580,Neratinib,1106,1479,381,0.1729
ACH-000580,Neratinib (maleate),1993,4228,1201,0.2392
ACH-000580,Nevirapine,115,911,71,0.0743
ACH-000580,Niclosamide (olamine),123,4633,107,0.023
ACH-000580,Norepinephrine (hydrochloride),1203,2680,588,0.1785
ACH-000580,OTS514,2676,1589,685,0.1913
ACH-000580,Olanzapine,1358,2912,820,0.2377
ACH-000580,Oleic acid,2695,1306,683,0.2058
ACH-000580,Omeprazole,617,783,177,0.1447
ACH-000580,Omeprazole (sodium),1205,1032,278,0.1419
ACH-000580,Orlistat,179,663,68,0.0879
ACH-000580,Osimertinib (mesylate),1360,2052,581,0.2052
ACH-000580,Ouabain (Octahydrate),3104,8280,2538,0.2869
ACH-000580,Oxaliplatin,3345,2289,1274,0.2922
ACH-000580,Oxaprozin,1994,1800,707,0.229
ACH-000580,PF-06260933,2905,5934,773,0.0958
ACH-000580,PH-797804,2885,5559,1579,0.23
ACH-000580,Paclitaxel,3359,3917,1460,0.251
ACH-000580,Palmatine (chloride),1951,2468,752,0.2051
ACH-000580,Panobinostat,5480,10491,4685,0.4151
ACH-000580,Pasireotide (acetate),2547,2911,1220,0.2879
ACH-000580,Pemetrexed,246,675,89,0.107
ACH-000580,Pemigatinib,542,1122,75,0.0472
ACH-000580,Penfluridol,185,604,58,0.0793
ACH-000580,Pentagastrin,1565,2545,801,0.2421
ACH-000580,Pentamidine (isethionate),2033,2912,929,0.2313
ACH-000580,Pentoxifylline,2079,2342,872,0.2457
ACH-000580,Peretinoin,436,3369,328,0.0943
ACH-000580,Perindopril (erbumine),740,708,192,0.1529
ACH-000580,Pexidartinib (hydrochloride),194,706,112,0.1421
ACH-000580,Phenylephrine (hydrochloride),1733,1440,443,0.1623
ACH-000580,Phenytoin (sodium),79,592,53,0.0858
ACH-000580,Pimitespib,2920,945,467,0.1374
ACH-000580,Pimozide,1168,1423,367,0.165
ACH-000580,Pioglitazone,1940,2024,884,0.287
ACH-000580,Piroxicam,3309,1841,1071,0.2626
ACH-000580,Pitavastatin (Calcium),174,1884,103,0.0527
ACH-000580,Ponatinib,1765,6527,1316,0.1886
ACH-000580,Posaconazole,99,1076,61,0.0548
ACH-000580,Pralsetinib,2914,3585,1386,0.2711
ACH-000580,Pravastatin (sodium),949,657,211,0.1513
ACH-000580,Procainamide (hydrochloride),80,196,19,0.0739
ACH-000580,Proglumide,794,949,223,0.1467
ACH-000580,Pyridoxine,1352,2205,605,0.2049
ACH-000580,Pyridoxine (hydrochloride),2757,2241,1155,0.3005
ACH-000580,Quinestrol,1299,2355,724,0.2471
ACH-000580,Quinidine (15% dihydroquinidine),151,1255,89,0.0676
ACH-000580,RMC-6236,3351,4363,1564,0.2543
ACH-000580,Radotinib,2955,3487,1552,0.3174
ACH-000580,Ralimetinib dimesylate,3006,11068,591,0.0438
ACH-000580,Raltitrexed,1318,3133,841,0.233
ACH-000580,Ranolazine,741,1121,251,0.1558
ACH-000580,Rapamycin,2131,4956,1445,0.2561
ACH-000580,Regorafenib,3600,1231,699,0.1692
ACH-000580,Relugolix,1310,1916,661,0.2577
ACH-000580,Resveratrol,1569,3678,887,0.2034
ACH-000580,Retinoic acid,2856,3173,1361,0.2916
ACH-000580,Rifaximin,51,497,26,0.0498
ACH-000580,Riluzole hydrochloride,1955,3938,1128,0.2367
ACH-000580,Rimonabant,1519,2381,808,0.2613
ACH-000580,Ritonavir,1329,2675,646,0.1924
ACH-000580,Ropivacaine (hydrochloride monohydrate),1602,2596,850,0.2539
ACH-000580,Rosiglitazone,151,604,77,0.1136
ACH-000580,Roxadustat,267,1285,160,0.1149
ACH-000580,Rucaparib (phosphate),51,633,36,0.0556
ACH-000580,Rutin (trihydrate),792,539,208,0.1852
ACH-000580,S-Adenosyl-L-methionine (disulfate tosylate),1774,3825,1210,0.2757
ACH-000580,SBI-0640756,3383,1740,147,0.0295
ACH-000580,Sacubitril/Valsartan,189,1481,145,0.0951
ACH-000580,Salicylic acid,1441,2812,827,0.2414
ACH-000580,Sapanisertib,4563,5025,2058,0.2733
ACH-000580,Saquinavir,1074,2736,495,0.1493
ACH-000580,Selinexor ,3389,7130,2427,0.2999
ACH-000580,Sildenafil,105,792,57,0.0679
ACH-000580,Silodosin,60,220,21,0.0811
ACH-000580,Simotinib,112,398,35,0.0737
ACH-000580,Sinomenine,1346,1853,598,0.2299
ACH-000580,Sivelestat (sodium tetrahydrate),156,1678,108,0.0626
ACH-000580,Sodium Salicylate,1816,3196,986,0.2449
ACH-000580,Sonidegib,4117,807,343,0.0749
ACH-000580,Sulfatinib,71,397,39,0.0909
ACH-000580,Sulfisoxazole,2218,3034,997,0.2343
ACH-000580,Sunitinib,2018,2219,834,0.2451
ACH-000580,TAK-733,2376,3345,1075,0.2314
ACH-000580,TAK-901,3414,8135,2267,0.2442
ACH-000580,Tadalafil,93,1075,69,0.0628
ACH-000580,Talc,1463,940,334,0.1614
ACH-000580,Tazarotene,2132,1740,759,0.2438
ACH-000580,Temsirolimus,2316,4107,1351,0.2664
ACH-000580,Temuterkib,3559,2046,874,0.1847
ACH-000580,Terfenadine,2759,2860,1068,0.2347
ACH-000580,Tetracycline (hydrochloride),90,1071,59,0.0535
ACH-000580,Thymol,1367,1782,482,0.1807
ACH-000580,Thymopentin,73,671,47,0.0674
ACH-000580,Tirabrutinib,683,1294,305,0.1824
ACH-000580,Tirabrutinib (hydrochloride),2772,2655,1147,0.268
ACH-000580,Tofacitinib,1955,4413,1233,0.2401
ACH-000580,Tofacitinib (citrate),1866,4287,1079,0.2127
ACH-000580,Tolcapone,1233,3580,813,0.2032
ACH-000580,Tolmetin,159,476,86,0.1566
ACH-000580,Tomivosertib,3326,1462,717,0.1761
ACH-000580,Topotecan (hydrochloride),1288,4772,885,0.171
ACH-000580,Torkinib,3506,1964,824,0.1774
ACH-000580,Trametinib,6302,6548,3955,0.4446
ACH-000580,Trametinib (DMSO_TF solvate),2318,3607,1568,0.3599
ACH-000580,Tranilast,46,561,32,0.0557
ACH-000580,Triamcinolone,2457,3292,1347,0.306
ACH-000580,Triclosan,1125,2451,620,0.2097
ACH-000580,Trifluridine,890,2563,463,0.1548
ACH-000580,Trimetrexate,1401,3517,829,0.2027
ACH-000580,Tubulin inhibitor 6,3097,1151,649,0.1803
ACH-000580,Tucatinib,3003,1757,978,0.2586
ACH-000580,Tucidinostat,3286,9460,2751,0.2752
ACH-000580,ULK-101,3624,2052,906,0.1899
ACH-000580,Uridine,1138,1688,463,0.1959
ACH-000580,Valdecoxib,972,1034,273,0.1575
ACH-000580,Vandetanib,2017,2278,911,0.2692
ACH-000580,Vemurafenib,3624,2427,1192,0.2453
ACH-000580,Verapamil,105,481,52,0.0974
ACH-000580,Verteporfin,156,1383,100,0.0695
ACH-000580,Vilanterol,1493,2671,748,0.219
ACH-000580,Vinblastine (sulfate),2877,5096,1950,0.3238
ACH-000580,Vismodegib,645,583,118,0.1063
ACH-000580,Vitamin K4,1692,1435,492,0.1867
ACH-000580,Volasertib,2914,1559,745,0.1998
ACH-000580,Voriconazole,1401,1149,388,0.1795
ACH-000580,Vortioxetine,1841,1618,610,0.2141
ACH-000580,XRK3F2,2747,1923,699,0.176
ACH-000580,Zileuton,1465,923,311,0.1497
ACH-000580,c-Kit-IN-1,5576,1757,1355,0.2267
ACH-000580,crizotinib,112,1544,80,0.0508
ACH-000580,olaparib,2814,10178,408,0.0324
ACH-000580,palbociclib,3016,2063,815,0.1911
ACH-000580,venetoclax,3485,2701,1298,0.2655
ACH-000580,vincristine,3993,2143,1285,0.2649
ACH-000580,γ-Oryzanol,1027,786,275,0.1788
ACH-000601,(R)-Verapamil (hydrochloride),842,2106,375,0.1457
ACH-000601,(S)-Crizotinib,1582,2426,598,0.1754
ACH-000601,18β-Glycyrrhetinic acid,525,1974,282,0.1272
ACH-000601,4EGI-1,2208,1195,667,0.2438
ACH-000601,5-Azacytidine,2890,5255,1620,0.2483
ACH-000601,5-Fluorouracil,2867,3040,1231,0.2633
ACH-000601,8-Hydroxyquinoline,715,2321,410,0.1561
ACH-000601,9-ING-41,3284,1264,655,0.1683
ACH-000601,APTO-253,2157,790,335,0.1283
ACH-000601,AT7519,1099,530,271,0.1996
ACH-000601,AZD-7648,2908,1337,550,0.1488
ACH-000601,AZD-8055,2398,1356,551,0.172
ACH-000601,AZD1390,1925,973,384,0.1527
ACH-000601,AZD2858,1084,782,176,0.1041
ACH-000601,Abemaciclib,6546,2839,2177,0.302
ACH-000601,Abiraterone acetate,3085,3706,1344,0.2467
ACH-000601,Acetazolamide,4208,2705,1251,0.2209
ACH-000601,Acetohexamide,563,1987,271,0.1189
ACH-000601,Adagrasib,8225,9830,6205,0.5236
ACH-000601,Adenine,1047,1695,547,0.2492
ACH-000601,Adenosine,697,2806,455,0.1493
ACH-000601,Afatinib,4000,4069,1799,0.2869
ACH-000601,Aliskiren,743,1970,361,0.1535
ACH-000601,Allantoin,1052,2771,585,0.1807
ACH-000601,Allopurinol,5163,3004,1604,0.2444
ACH-000601,Almonertinib (hydrochloride),934,2035,381,0.1472
ACH-000601,Almonertinib (mesylate),3443,4339,1600,0.2588
ACH-000601,Alpelisib,1249,1136,306,0.1472
ACH-000601,Altretamine,688,1506,326,0.1745
ACH-000601,Amsacrine,753,2758,497,0.1649
ACH-000601,Anastrozole,1230,703,308,0.1895
ACH-000601,Anethole trithione,1660,2460,951,0.3001
ACH-000601,Apalutamide,654,2907,320,0.0987
ACH-000601,Aprepitant,5162,2462,1417,0.2283
ACH-000601,Arbutin,1086,2216,610,0.2266
ACH-000601,Artemether,3878,3722,1632,0.2735
ACH-000601,Artesunate,1402,3183,830,0.221
ACH-000601,Asciminib,4605,2926,1502,0.2491
ACH-000601,Aspirin,3154,2555,1172,0.2583
ACH-000601,Ataluren,3650,2526,1148,0.2283
ACH-000601,Atazanavir (sulfate),3219,3857,1750,0.3286
ACH-000601,Auranofin,3823,10092,2829,0.2552
ACH-000601,Azithromycin (hydrate),530,1896,276,0.1284
ACH-000601,BAY1125976,2640,3370,1077,0.2183
ACH-000601,BI-3406,2524,1260,664,0.2128
ACH-000601,BI-78D3,3701,677,383,0.0959
ACH-000601,Baicalin,782,2444,518,0.1913
ACH-000601,Balsalazide (sodium hydrate),726,2037,454,0.1966
ACH-000601,Belinostat,3568,11321,2972,0.2494
ACH-000601,Belumosudil,3619,3968,1550,0.2568
ACH-000601,Belumosudil (mesylate),1779,856,347,0.1517
ACH-000601,Belzutifan,1370,1201,315,0.1396
ACH-000601,Bendamustine,883,1416,379,0.1974
ACH-000601,Benproperine (phosphate),1432,2521,624,0.1874
ACH-000601,Bentamapimod,2626,834,414,0.1359
ACH-000601,Benztropine (mesylate),2008,2260,677,0.1885
ACH-000601,Berbamine,4172,2193,1172,0.2257
ACH-000601,Berbamine (dihydrochloride),4818,3310,1651,0.2549
ACH-000601,Berberine (chloride hydrate),650,2317,375,0.1447
ACH-000601,Bergenin,478,1899,261,0.1233
ACH-000601,Bestatin,520,3308,300,0.085
ACH-000601,Bestatin (hydrochloride),2976,3795,1276,0.2322
ACH-000601,Betamethasone dipropionate,1213,2990,746,0.2158
ACH-000601,Bexarotene,3322,3817,1626,0.2949
ACH-000601,Bicalutamide,2473,3025,990,0.2196
ACH-000601,Bimatoprost,513,2646,308,0.108
ACH-000601,Bimiralisib,3196,2685,968,0.197
ACH-000601,Binimetinib,6399,8563,4649,0.4508
ACH-000601,Bisoprolol (hemifumarate),1960,3427,1120,0.2625
ACH-000601,Bortezomib,5113,5109,3006,0.4166
ACH-000601,Bosentan (hydrate),1278,4219,889,0.1929
ACH-000601,Brimonidine,2301,2269,762,0.2001
ACH-000601,Brivudine,2599,3212,1035,0.2167
ACH-000601,Budesonide,5150,4558,2091,0.2745
ACH-000601,Busulfan,1222,1848,435,0.1651
ACH-000601,CP21R7,2071,584,259,0.1081
ACH-000601,Cabozantinib (S-malate),2606,4114,1228,0.2236
ACH-000601,Canagliflozin,1319,2239,624,0.2127
ACH-000601,Canagliflozin (hemihydrate),3273,2627,996,0.2031
ACH-000601,Capivasertib,1386,650,269,0.1522
ACH-000601,Capmatinib,2024,939,393,0.1529
ACH-000601,Captopril,3396,2276,1113,0.2441
ACH-000601,Carbamazepine,3530,4099,1595,0.2643
ACH-000601,Celecoxib,3063,741,347,0.1004
ACH-000601,Cepharanthine,938,1977,457,0.1859
ACH-000601,Chlorhexidine (diacetate),3734,3617,1612,0.2809
ACH-000601,Ciclopirox,549,2186,352,0.1477
ACH-000601,Cilostazol,1688,4012,1031,0.2208
ACH-000601,Cinacalcet,3112,3197,1202,0.2354
ACH-000601,Citalopram (hydrobromide),3521,2526,1096,0.2214
ACH-000601,Clobetasol propionate,2660,3419,1233,0.2544
ACH-000601,Clofarabine,852,1982,359,0.1451
ACH-000601,Clonidine (hydrochloride),1158,2712,800,0.2606
ACH-000601,Clopidogrel,4750,2403,1323,0.2269
ACH-000601,Clotrimazole,637,2226,358,0.1429
ACH-000601,Cloxacillin (sodium),925,1445,408,0.208
ACH-000601,Cobimetinib,2058,6349,1510,0.2189
ACH-000601,Crizotinib (hydrochloride),3969,4369,2024,0.3206
ACH-000601,Cyclosporin A,4561,4277,2288,0.3493
ACH-000601,Cysteamine (hydrochloride),467,1782,264,0.133
ACH-000601,Cytarabine,3836,3380,1423,0.2456
ACH-000601,Cytarabine (hydrochloride),1261,2523,571,0.1777
ACH-000601,DT-061,1260,689,242,0.1418
ACH-000601,DTP3,5030,561,346,0.066
ACH-000601,Dabrafenib,2271,3320,956,0.2063
ACH-000601,Daidzin,4276,3457,1645,0.2702
ACH-000601,Dapagliflozin,2043,3012,941,0.2287
ACH-000601,"Dapagliflozin ((2S)-1,2-propanediol, hydrate)",1277,2510,557,0.1724
ACH-000601,Darinaparsin,798,3308,513,0.1428
ACH-000601,Darolutamide,4479,4114,2061,0.3155
ACH-000601,Decitabine,2098,4772,1466,0.2713
ACH-000601,Delamanid,3515,4107,1918,0.3363
ACH-000601,Demeclocycline,806,1681,367,0.1731
ACH-000601,Dexamethasone,3256,3846,1774,0.333
ACH-000601,Dexmedetomidine,1335,2916,750,0.2142
ACH-000601,Diammonium Glycyrrhizinate,921,2866,452,0.1355
ACH-000601,Digitoxin,5211,9829,4457,0.4211
ACH-000601,Dihydroartemisinin,1836,4629,1111,0.2075
ACH-000601,Dimethyl fumarate,687,2879,406,0.1285
ACH-000601,Dinaciclib,5359,9461,4327,0.4124
ACH-000601,Diphenhydramine,2331,3592,1231,0.2624
ACH-000601,Docetaxel,1761,2451,669,0.1888
ACH-000601,Docetaxel (Trihydrate),857,5084,640,0.1207
ACH-000601,Dorzolamide (hydrochloride),1268,3623,736,0.1771
ACH-000601,Doxorubicin (hydrochloride),1458,8860,1090,0.1181
ACH-000601,Doxycycline (monohydrate),806,2437,392,0.1375
ACH-000601,Drospirenone,3481,4586,1866,0.3009
ACH-000601,ERK5-IN-2,2287,2104,681,0.1836
ACH-000601,ETC-206,1665,541,287,0.1496
ACH-000601,EX229,4492,3230,1849,0.3148
ACH-000601,Econazole,3463,2312,978,0.2039
ACH-000601,Elagolix sodium,911,2531,529,0.1816
ACH-000601,Elimusertib hydrochloride,2634,2317,874,0.2144
ACH-000601,Entecavir (monohydrate),421,4253,294,0.0671
ACH-000601,Entrectinib,3558,4394,1518,0.2359
ACH-000601,Epirubicin (hydrochloride),647,9294,502,0.0532
ACH-000601,Eplerenone,890,2055,434,0.1728
ACH-000601,Erdafitinib ,167,969,101,0.0976
ACH-000601,Erlotinib,1669,3421,851,0.2008
ACH-000601,Erythromycin,2338,3373,949,0.1993
ACH-000601,Esmolol (hydrochloride),2220,3122,858,0.1913
ACH-000601,Estrone sulfate (potassium),4359,3555,1508,0.2354
ACH-000601,Everolimus,1612,713,301,0.1487
ACH-000601,Fedratinib (hydrochloride hydrate),3705,5462,2028,0.2841
ACH-000601,Fenofibrate,1822,1558,594,0.2132
ACH-000601,Ferulic acid,1625,3188,816,0.2042
ACH-000601,Filgotinib,2354,4979,1231,0.2017
ACH-000601,Finasteride,860,2529,448,0.1523
ACH-000601,Fingolimod (hydrochloride),2543,3426,1191,0.2493
ACH-000601,Flumatinib (mesylate),4571,4196,2170,0.3289
ACH-000601,Flutamide,2950,3367,1140,0.2202
ACH-000601,Fluvoxamine,1729,3116,875,0.2204
ACH-000601,Fluvoxamine (maleate),683,2919,416,0.1306
ACH-000601,Folic acid,925,1795,519,0.2358
ACH-000601,Fulvestrant,3452,3237,1298,0.2408
ACH-000601,Fumaric acid,4806,4620,2135,0.2928
ACH-000601,Furosemide,464,1547,217,0.121
ACH-000601,Fusidic acid,736,1828,423,0.1976
ACH-000601,Futibatinib,2563,1105,531,0.1693
ACH-000601,GSK1059615,3290,2318,991,0.2146
ACH-000601,Gallic acid,923,1928,495,0.2101
ACH-000601,Gallic acid (hydrate),1257,2364,483,0.1539
ACH-000601,Gefitinib,2824,2920,1171,0.2561
ACH-000601,Gemcitabine,2305,707,399,0.1527
ACH-000601,Gemfibrozil,731,2283,415,0.1597
ACH-000601,Glycyrrhizic acid,1241,1960,463,0.1691
ACH-000601,Goserelin (acetate),1033,2202,609,0.2319
ACH-000601,HI-TOPK-032,3423,2179,948,0.2037
ACH-000601,Harringtonine,3152,9974,2634,0.251
ACH-000601,Hesperidin,1399,2597,644,0.1921
ACH-000601,Hexylresorcinol,651,2318,431,0.1698
ACH-000601,Homoharringtonine,6568,5875,3681,0.4201
ACH-000601,Hydroxyfasudil,4284,572,267,0.0582
ACH-000601,Hydroxyurea,623,2442,319,0.1162
ACH-000601,IQ 1,2146,939,398,0.1481
ACH-000601,Idarubicin (hydrochloride),5743,10686,4916,0.427
ACH-000601,Idoxuridine,3709,3267,1560,0.288
ACH-000601,Imiquimod (hydrochloride),3673,3332,1356,0.24
ACH-000601,Imiquimod (maleate),781,1226,239,0.1352
ACH-000601,Indacaterol (maleate),4192,3063,1532,0.2677
ACH-000601,Infigratinib,1675,1780,607,0.2131
ACH-000601,Ipatasertib,2890,1281,597,0.167
ACH-000601,Irinotecan,2038,1070,504,0.1935
ACH-000601,Irinotecan (hydrochloride),6270,4105,2432,0.3062
ACH-000601,Isocorydine,725,1929,349,0.1514
ACH-000601,Ivermectin,3021,2409,1043,0.2377
ACH-000601,Ixazomib,1265,1709,471,0.1882
ACH-000601,Ixazomib citrate,2656,10194,2085,0.1937
ACH-000601,L-Eflornithine (monohydrochloride),4375,2397,1235,0.223
ACH-000601,L-Thyroxine (sodium salt pentahydrate),421,1936,237,0.1118
ACH-000601,LB-100,1530,458,210,0.1181
ACH-000601,LJI308,2326,1000,520,0.1853
ACH-000601,LY-2584702 (tosylate salt),2448,1056,511,0.1707
ACH-000601,LY2090314,887,567,164,0.1271
ACH-000601,Lactate (calcium),3148,5058,1554,0.2336
ACH-000601,Lapatinib ditosylate,1602,452,196,0.1055
ACH-000601,Larotrectinib,1042,2230,442,0.1562
ACH-000601,Lenalidomide (hemihydrate),445,2137,229,0.0973
ACH-000601,Levobupivacaine (hydrochloride),1355,2802,716,0.2081
ACH-000601,Lidocaine (hydrochloride),1033,3019,557,0.1594
ACH-000601,Ligustrazine,828,2541,441,0.1506
ACH-000601,Lipoic acid,685,1445,343,0.1919
ACH-000601,Lonafarnib,1290,1664,436,0.1732
ACH-000601,Loperamide (hydrochloride),3479,3470,1344,0.2398
ACH-000601,Lopinavir,3484,3756,1775,0.3248
ACH-000601,Lucanthone,3144,3449,1437,0.2787
ACH-000601,Lumateperone (tosylate),693,1953,391,0.1734
ACH-000601,MK-3903,2374,1106,401,0.1302
ACH-000601,MK-8353,1852,672,315,0.1426
ACH-000601,ML264,2340,1173,530,0.1777
ACH-000601,Macitentan,653,1764,299,0.1412
ACH-000601,Malotilate,5238,4903,2855,0.3918
ACH-000601,Mebendazole,1136,6662,879,0.127
ACH-000601,Medroxyprogesterone acetate,826,2442,405,0.1415
ACH-000601,Megestrol,1420,1696,436,0.1627
ACH-000601,Meloxicam,2982,3087,1138,0.2308
ACH-000601,Menadione,939,1897,425,0.1763
ACH-000601,Methotrexate,2238,3205,985,0.221
ACH-000601,Methyl aminolevulinate (hydrochloride),3857,2939,1446,0.2703
ACH-000601,Methylprednisolone succinate,4379,3313,202,0.027
ACH-000601,Methylthiouracil,2401,3825,1145,0.2253
ACH-000601,Mifepristone,1030,2873,516,0.1523
ACH-000601,Minodronic acid,1552,1027,453,0.2131
ACH-000601,Mitoxantrone (dihydrochloride),1059,6710,767,0.1095
ACH-000601,Monocrotaline,1002,2794,586,0.1826
ACH-000601,Mozavaptan,960,2138,457,0.173
ACH-000601,NG25,1031,2427,497,0.1678
ACH-000601,NVP-BHG712,2510,1006,400,0.1284
ACH-000601,Nafamostat (mesylate),3535,2580,1073,0.2128
ACH-000601,Naproxen,3185,2461,1111,0.245
ACH-000601,Neratinib,2447,3938,1226,0.2376
ACH-000601,Neratinib (maleate),905,4004,620,0.1446
ACH-000601,Nevirapine,1106,3202,637,0.1735
ACH-000601,Niclosamide (olamine),1049,7452,779,0.1009
ACH-000601,Norepinephrine (hydrochloride),604,2382,366,0.1397
ACH-000601,OTS514,1264,1139,364,0.1785
ACH-000601,Olanzapine,724,2562,477,0.1698
ACH-000601,Oleic acid,1474,602,276,0.1533
ACH-000601,Omeprazole,1799,3146,767,0.1836
ACH-000601,Omeprazole (sodium),2821,2971,950,0.1962
ACH-000601,Orlistat,858,2898,472,0.1437
ACH-000601,Osimertinib (mesylate),2948,4172,1545,0.2771
ACH-000601,Ouabain (Octahydrate),7100,11191,5933,0.4801
ACH-000601,Oxaliplatin,2380,1215,663,0.2261
ACH-000601,Oxaprozin,3708,3501,1477,0.2577
ACH-000601,PF-06260933,3499,1082,593,0.1487
ACH-000601,PH-797804,2598,5487,1431,0.2151
ACH-000601,Paclitaxel,2306,2531,719,0.1746
ACH-000601,Palmatine (chloride),962,2189,417,0.1525
ACH-000601,Panobinostat,7775,13068,6620,0.4654
ACH-000601,Pasireotide (acetate),1068,2499,542,0.1792
ACH-000601,Pemetrexed,1345,2529,620,0.1905
ACH-000601,Pemigatinib,466,736,59,0.0516
ACH-000601,Penfluridol,1268,2159,454,0.1527
ACH-000601,Pentagastrin,783,2140,438,0.1763
ACH-000601,Pentamidine (isethionate),2253,2765,861,0.2071
ACH-000601,Pentoxifylline,3999,4755,2139,0.3234
ACH-000601,Peretinoin,3041,7530,2565,0.3204
ACH-000601,Perindopril (erbumine),1747,2781,698,0.1822
ACH-000601,Pexidartinib (hydrochloride),1263,3186,658,0.1736
ACH-000601,Phenylephrine (hydrochloride),3872,3399,1491,0.258
ACH-000601,Phenytoin (sodium),1277,2774,633,0.1852
ACH-000601,Pimitespib,1961,686,322,0.1385
ACH-000601,Pimozide,2471,3295,1095,0.2344
ACH-000601,Pioglitazone,3295,3622,1680,0.3208
ACH-000601,Piroxicam,5266,3468,1982,0.2935
ACH-000601,Pitavastatin (Calcium),1590,4526,1030,0.2025
ACH-000601,Ponatinib,3115,7373,1917,0.2237
ACH-000601,Posaconazole,821,3843,529,0.1279
ACH-000601,Pralsetinib,2959,1832,812,0.2041
ACH-000601,Pravastatin (sodium),3970,2731,1293,0.2391
ACH-000601,Procainamide (hydrochloride),624,1445,255,0.1406
ACH-000601,Proglumide,1741,2147,607,0.185
ACH-000601,Pyridoxine,809,1873,364,0.157
ACH-000601,Pyridoxine (hydrochloride),1548,1875,657,0.2375
ACH-000601,Quinestrol,957,2063,524,0.2099
ACH-000601,Quinidine (15% dihydroquinidine),895,3125,575,0.1669
ACH-000601,RMC-6236,2627,2503,891,0.2102
ACH-000601,Radotinib,1130,2317,557,0.1927
ACH-000601,Ralimetinib dimesylate,4096,413,294,0.0698
ACH-000601,Raltitrexed,602,2653,401,0.1405
ACH-000601,Ranolazine,1823,2540,719,0.1973
ACH-000601,Rapamycin,1230,3867,862,0.2035
ACH-000601,Regorafenib,4580,670,441,0.0917
ACH-000601,Relugolix,668,1674,390,0.1998
ACH-000601,Resveratrol,866,2796,484,0.1523
ACH-000601,Retinoic acid,1553,2062,592,0.1958
ACH-000601,Rifaximin,670,2048,317,0.132
ACH-000601,Riluzole hydrochloride,1244,3292,739,0.1946
ACH-000601,Rimonabant,882,1940,485,0.2075
ACH-000601,Ritonavir,585,2346,294,0.1115
ACH-000601,Ropivacaine (hydrochloride monohydrate),848,2294,480,0.1803
ACH-000601,Rosiglitazone,1214,2201,611,0.2179
ACH-000601,Roxadustat,1321,3964,896,0.2041
ACH-000601,Rucaparib (phosphate),902,2569,443,0.1463
ACH-000601,Rutin (trihydrate),2085,2803,956,0.2431
ACH-000601,S-Adenosyl-L-methionine (disulfate tosylate),952,2917,621,0.1912
ACH-000601,SBI-0640756,1974,1024,46,0.0156
ACH-000601,Sacubitril/Valsartan,1383,4316,984,0.2087
ACH-000601,Salicylic acid,842,2364,487,0.1791
ACH-000601,Sapanisertib,4093,2705,1240,0.2231
ACH-000601,Saquinavir,636,2597,337,0.1164
ACH-000601,Selinexor ,2044,5022,1341,0.2342
ACH-000601,Sildenafil,717,3192,408,0.1165
ACH-000601,Silodosin,610,1216,244,0.1542
ACH-000601,Simotinib,785,672,149,0.1139
ACH-000601,Sinomenine,548,1537,295,0.1648
ACH-000601,Sivelestat (sodium tetrahydrate),1273,5152,852,0.1529
ACH-000601,Sodium Salicylate,910,2736,539,0.1735
ACH-000601,Sonidegib,5567,494,284,0.0492
ACH-000601,Sulfatinib,743,1710,381,0.1839
ACH-000601,Sulfisoxazole,2595,2521,802,0.1859
ACH-000601,Sunitinib,4153,4792,2177,0.3217
ACH-000601,TAK-733,1402,3071,656,0.1719
ACH-000601,TAK-901,3156,6978,2084,0.2589
ACH-000601,Tadalafil,814,4184,572,0.1292
ACH-000601,Talc,3217,1767,810,0.1941
ACH-000601,Tazarotene,4025,3866,1730,0.2808
ACH-000601,Temsirolimus,1308,3123,713,0.1918
ACH-000601,Temuterkib,2859,1184,528,0.1502
ACH-000601,Terfenadine,2515,2651,816,0.1876
ACH-000601,Tetracycline (hydrochloride),664,3779,439,0.1096
ACH-000601,Thymol,736,1654,308,0.1479
ACH-000601,Thymopentin,814,3084,431,0.1243
ACH-000601,Tirabrutinib,2283,3743,1248,0.2612
ACH-000601,Tirabrutinib (hydrochloride),5063,4827,2282,0.2999
ACH-000601,Tofacitinib,862,3498,560,0.1474
ACH-000601,Tofacitinib (citrate),804,3057,481,0.1423
ACH-000601,Tolcapone,637,3036,439,0.1357
ACH-000601,Tolmetin,1120,2293,583,0.206
ACH-000601,Tomivosertib,2769,1785,758,0.1997
ACH-000601,Topotecan (hydrochloride),4588,8956,3149,0.3029
ACH-000601,Torkinib,2717,1137,473,0.1399
ACH-000601,Trametinib,6971,8371,4886,0.4673
ACH-000601,Trametinib (DMSO_TF solvate),4995,7239,3714,0.4359
ACH-000601,Tranilast,686,2940,425,0.1328
ACH-000601,Triamcinolone,1141,2689,635,0.1987
ACH-000601,Triclosan,635,2360,360,0.1366
ACH-000601,Trifluridine,567,2757,324,0.108
ACH-000601,Trimetrexate,771,2823,477,0.153
ACH-000601,Tubulin inhibitor 6,1511,552,262,0.1455
ACH-000601,Tucatinib,2076,876,451,0.1803
ACH-000601,Tucidinostat,1610,7774,1320,0.1637
ACH-000601,ULK-101,2557,1001,379,0.1192
ACH-000601,Uridine,2183,3426,1060,0.233
ACH-000601,Valdecoxib,2644,2738,1062,0.2458
ACH-000601,Vandetanib,3755,4268,1919,0.3144
ACH-000601,Vemurafenib,1908,1179,401,0.1493
ACH-000601,Verapamil,711,1889,336,0.1484
ACH-000601,Verteporfin,964,4176,601,0.1324
ACH-000601,Vilanterol,433,2211,246,0.1026
ACH-000601,Vinblastine (sulfate),2300,5347,1705,0.2869
ACH-000601,Vismodegib,1740,2316,689,0.2046
ACH-000601,Vitamin K4,3670,2819,1284,0.2467
ACH-000601,Volasertib,2605,555,268,0.0927
ACH-000601,Voriconazole,3128,2906,1294,0.273
ACH-000601,Vortioxetine,3801,4054,1877,0.314
ACH-000601,XRK3F2,2423,1459,558,0.1679
ACH-000601,Zileuton,2712,2274,860,0.2084
ACH-000601,c-Kit-IN-1,8785,2653,2380,0.2628
ACH-000601,crizotinib,991,3738,593,0.1434
ACH-000601,olaparib,3673,288,197,0.0523
ACH-000601,palbociclib,2247,1340,497,0.1608
ACH-000601,venetoclax,2599,2702,1058,0.2494
ACH-000601,vincristine,3958,2599,1495,0.2953
ACH-000601,γ-Oryzanol,2125,2054,684,0.1957
ACH-000628,(R)-Verapamil (hydrochloride),0,0,0,
ACH-000628,(S)-Crizotinib,0,2,0,0.0
ACH-000628,18β-Glycyrrhetinic acid,0,0,0,
ACH-000628,4EGI-1,0,0,0,
ACH-000628,5-Azacytidine,0,0,0,
ACH-000628,5-Fluorouracil,0,0,0,
ACH-000628,8-Hydroxyquinoline,0,0,0,
ACH-000628,9-ING-41,0,0,0,
ACH-000628,APTO-253,0,0,0,
ACH-000628,AT7519,0,0,0,
ACH-000628,AZD-7648,0,0,0,
ACH-000628,AZD-8055,0,0,0,
ACH-000628,AZD1390,0,0,0,
ACH-000628,AZD2858,0,0,0,
ACH-000628,Abemaciclib,0,0,0,
ACH-000628,Abiraterone acetate,0,0,0,
ACH-000628,Acetazolamide,0,0,0,
ACH-000628,Acetohexamide,0,0,0,
ACH-000628,Adagrasib,0,3,0,0.0
ACH-000628,Adenine,0,0,0,
ACH-000628,Adenosine,0,0,0,
ACH-000628,Afatinib,0,0,0,
ACH-000628,Aliskiren,0,0,0,
ACH-000628,Allantoin,0,0,0,
ACH-000628,Allopurinol,0,0,0,
ACH-000628,Almonertinib (hydrochloride),0,0,0,
ACH-000628,Almonertinib (mesylate),0,0,0,
ACH-000628,Alpelisib,0,0,0,
ACH-000628,Altretamine,0,2,0,0.0
ACH-000628,Amsacrine,0,0,0,
ACH-000628,Anastrozole,0,0,0,
ACH-000628,Anethole trithione,0,0,0,
ACH-000628,Apalutamide,0,2,0,0.0
ACH-000628,Aprepitant,0,0,0,
ACH-000628,Arbutin,0,0,0,
ACH-000628,Artemether,0,0,0,
ACH-000628,Artesunate,0,0,0,
ACH-000628,Asciminib,0,0,0,
ACH-000628,Aspirin,0,0,0,
ACH-000628,Ataluren,0,0,0,
ACH-000628,Atazanavir (sulfate),0,0,0,
ACH-000628,Auranofin,0,0,0,
ACH-000628,Azithromycin (hydrate),0,0,0,
ACH-000628,BAY1125976,0,0,0,
ACH-000628,BI-3406,0,0,0,
ACH-000628,BI-78D3,0,0,0,
ACH-000628,Baicalin,0,0,0,
ACH-000628,Balsalazide (sodium hydrate),0,0,0,
ACH-000628,Belinostat,0,0,0,
ACH-000628,Belumosudil,0,2,0,0.0
ACH-000628,Belumosudil (mesylate),0,0,0,
ACH-000628,Belzutifan,0,0,0,
ACH-000628,Bendamustine,0,0,0,
ACH-000628,Benproperine (phosphate),0,1,0,0.0
ACH-000628,Bentamapimod,0,0,0,
ACH-000628,Benztropine (mesylate),0,0,0,
ACH-000628,Berbamine,0,0,0,
ACH-000628,Berbamine (dihydrochloride),0,0,0,
ACH-000628,Berberine (chloride hydrate),0,0,0,
ACH-000628,Bergenin,0,0,0,
ACH-000628,Bestatin,0,2,0,0.0
ACH-000628,Bestatin (hydrochloride),0,0,0,
ACH-000628,Betamethasone dipropionate,0,2,0,0.0
ACH-000628,Bexarotene,0,0,0,
ACH-000628,Bicalutamide,0,0,0,
ACH-000628,Bimatoprost,0,0,0,
ACH-000628,Bimiralisib,0,0,0,
ACH-000628,Binimetinib,0,0,0,
ACH-000628,Bisoprolol (hemifumarate),0,2,0,0.0
ACH-000628,Bortezomib,0,0,0,
ACH-000628,Bosentan (hydrate),0,0,0,
ACH-000628,Brimonidine,0,0,0,
ACH-000628,Brivudine,0,0,0,
ACH-000628,Budesonide,0,0,0,
ACH-000628,Busulfan,0,0,0,
ACH-000628,CP21R7,0,0,0,
ACH-000628,Cabozantinib (S-malate),0,0,0,
ACH-000628,Canagliflozin,0,0,0,
ACH-000628,Canagliflozin (hemihydrate),0,0,0,
ACH-000628,Capivasertib,0,0,0,
ACH-000628,Capmatinib,0,0,0,
ACH-000628,Captopril,0,0,0,
ACH-000628,Carbamazepine,0,0,0,
ACH-000628,Celecoxib,0,0,0,
ACH-000628,Cepharanthine,0,0,0,
ACH-000628,Chlorhexidine (diacetate),0,0,0,
ACH-000628,Ciclopirox,0,0,0,
ACH-000628,Cilostazol,0,0,0,
ACH-000628,Cinacalcet,0,0,0,
ACH-000628,Citalopram (hydrobromide),0,0,0,
ACH-000628,Clobetasol propionate,0,0,0,
ACH-000628,Clofarabine,0,4,0,0.0
ACH-000628,Clonidine (hydrochloride),0,0,0,
ACH-000628,Clopidogrel,0,0,0,
ACH-000628,Clotrimazole,0,0,0,
ACH-000628,Cloxacillin (sodium),0,0,0,
ACH-000628,Cobimetinib,0,3,0,0.0
ACH-000628,Crizotinib (hydrochloride),0,0,0,
ACH-000628,Cyclosporin A,0,0,0,
ACH-000628,Cysteamine (hydrochloride),0,0,0,
ACH-000628,Cytarabine,0,1,0,0.0
ACH-000628,Cytarabine (hydrochloride),0,3,0,0.0
ACH-000628,DT-061,0,0,0,
ACH-000628,DTP3,0,0,0,
ACH-000628,Dabrafenib,0,0,0,
ACH-000628,Daidzin,0,0,0,
ACH-000628,Dapagliflozin,0,0,0,
ACH-000628,"Dapagliflozin ((2S)-1,2-propanediol, hydrate)",0,2,0,0.0
ACH-000628,Darinaparsin,0,0,0,
ACH-000628,Darolutamide,0,0,0,
ACH-000628,Decitabine,0,0,0,
ACH-000628,Delamanid,0,0,0,
ACH-000628,Demeclocycline,0,0,0,
ACH-000628,Dexamethasone,0,0,0,
ACH-000628,Dexmedetomidine,0,0,0,
ACH-000628,Diammonium Glycyrrhizinate,0,0,0,
ACH-000628,Digitoxin,0,0,0,
ACH-000628,Dihydroartemisinin,0,0,0,
ACH-000628,Dimethyl fumarate,0,2,0,0.0
ACH-000628,Dinaciclib,0,0,0,
ACH-000628,Diphenhydramine,0,0,0,
ACH-000628,Docetaxel,0,0,0,
ACH-000628,Docetaxel (Trihydrate),0,0,0,
ACH-000628,Dorzolamide (hydrochloride),0,0,0,
ACH-000628,Doxorubicin (hydrochloride),0,3,0,0.0
ACH-000628,Doxycycline (monohydrate),0,3,0,0.0
ACH-000628,Drospirenone,0,0,0,
ACH-000628,ERK5-IN-2,0,0,0,
ACH-000628,ETC-206,0,0,0,
ACH-000628,EX229,0,0,0,
ACH-000628,Econazole,0,0,0,
ACH-000628,Elagolix sodium,0,0,0,
ACH-000628,Elimusertib hydrochloride,0,0,0,
ACH-000628,Entecavir (monohydrate),0,1,0,0.0
ACH-000628,Entrectinib,0,0,0,
ACH-000628,Epirubicin (hydrochloride),0,3,0,0.0
ACH-000628,Eplerenone,0,0,0,
ACH-000628,Erlotinib,0,0,0,
ACH-000628,Erythromycin,0,0,0,
ACH-000628,Esmolol (hydrochloride),0,0,0,
ACH-000628,Estrone sulfate (potassium),0,0,0,
ACH-000628,Everolimus,0,0,0,
ACH-000628,Fedratinib (hydrochloride hydrate),0,0,0,
ACH-000628,Fenofibrate,0,0,0,
ACH-000628,Ferulic acid,0,0,0,
ACH-000628,Filgotinib,0,0,0,
ACH-000628,Finasteride,0,2,0,0.0
ACH-000628,Fingolimod (hydrochloride),0,0,0,
ACH-000628,Flumatinib (mesylate),0,0,0,
ACH-000628,Flutamide,0,0,0,
ACH-000628,Fluvoxamine,0,0,0,
ACH-000628,Fluvoxamine (maleate),0,0,0,
ACH-000628,Folic acid,0,0,0,
ACH-000628,Fulvestrant,0,0,0,
ACH-000628,Fumaric acid,0,0,0,
ACH-000628,Furosemide,0,0,0,
ACH-000628,Fusidic acid,0,0,0,
ACH-000628,Futibatinib,0,0,0,
ACH-000628,GSK1059615,0,0,0,
ACH-000628,Gallic acid,0,0,0,
ACH-000628,Gallic acid (hydrate),0,0,0,
ACH-000628,Gefitinib,0,0,0,
ACH-000628,Gemcitabine,0,0,0,
ACH-000628,Gemfibrozil,0,0,0,
ACH-000628,Glycyrrhizic acid,0,4,0,0.0
ACH-000628,Goserelin (acetate),0,0,0,
ACH-000628,HI-TOPK-032,0,0,0,
ACH-000628,Harringtonine,0,2,0,0.0
ACH-000628,Hesperidin,0,0,0,
ACH-000628,Hexylresorcinol,0,0,0,
ACH-000628,Homoharringtonine,0,0,0,
ACH-000628,Hydroxyfasudil,0,0,0,
ACH-000628,Hydroxyurea,0,0,0,
ACH-000628,IQ 1,0,0,0,
ACH-000628,Idarubicin (hydrochloride),0,0,0,
ACH-000628,Idoxuridine,0,0,0,
ACH-000628,Imiquimod (hydrochloride),0,0,0,
ACH-000628,Imiquimod (maleate),0,4,0,0.0
ACH-000628,Indacaterol (maleate),0,0,0,
ACH-000628,Infigratinib,0,0,0,
ACH-000628,Ipatasertib,0,0,0,
ACH-000628,Irinotecan,0,0,0,
ACH-000628,Irinotecan (hydrochloride),0,3,0,0.0
ACH-000628,Isocorydine,0,0,0,
ACH-000628,Ivermectin,0,0,0,
ACH-000628,Ixazomib,0,0,0,
ACH-000628,Ixazomib citrate,0,0,0,
ACH-000628,L-Eflornithine (monohydrochloride),0,0,0,
ACH-000628,L-Thyroxine (sodium salt pentahydrate),0,0,0,
ACH-000628,LB-100,0,0,0,
ACH-000628,LJI308,0,0,0,
ACH-000628,LY2090314,0,0,0,
ACH-000628,Lactate (calcium),0,0,0,
ACH-000628,Lapatinib ditosylate,0,0,0,
ACH-000628,Larotrectinib,0,0,0,
ACH-000628,Lenalidomide (hemihydrate),0,0,0,
ACH-000628,Levobupivacaine (hydrochloride),0,0,0,
ACH-000628,Lidocaine (hydrochloride),0,0,0,
ACH-000628,Ligustrazine,0,0,0,
ACH-000628,Lipoic acid,0,0,0,
ACH-000628,Lonafarnib,0,0,0,
ACH-000628,Loperamide (hydrochloride),0,0,0,
ACH-000628,Lopinavir,0,0,0,
ACH-000628,Lucanthone,0,2,0,0.0
ACH-000628,Lumateperone (tosylate),0,0,0,
ACH-000628,MK-3903,0,0,0,
ACH-000628,MK-8353,0,0,0,
ACH-000628,ML264,0,0,0,
ACH-000628,Macitentan,0,1,0,0.0
ACH-000628,Malotilate,0,0,0,
ACH-000628,Mebendazole,0,0,0,
ACH-000628,Medroxyprogesterone acetate,0,0,0,
ACH-000628,Megestrol,0,0,0,
ACH-000628,Meloxicam,0,0,0,
ACH-000628,Menadione,0,2,0,0.0
ACH-000628,Methotrexate,0,0,0,
ACH-000628,Methyl aminolevulinate (hydrochloride),0,0,0,
ACH-000628,Methylprednisolone succinate,0,0,0,
ACH-000628,Methylthiouracil,0,0,0,
ACH-000628,Mifepristone,0,0,0,
ACH-000628,Minodronic acid,0,0,0,
ACH-000628,Mitoxantrone (dihydrochloride),0,0,0,
ACH-000628,Monocrotaline,0,0,0,
ACH-000628,Mozavaptan,0,4,0,0.0
ACH-000628,NG25,0,0,0,
ACH-000628,NVP-BHG712,0,0,0,
ACH-000628,Nafamostat (mesylate),0,0,0,
ACH-000628,Naproxen,0,0,0,
ACH-000628,Neratinib,0,0,0,
ACH-000628,Neratinib (maleate),0,0,0,
ACH-000628,Nevirapine,0,0,0,
ACH-000628,Niclosamide (olamine),0,3,0,0.0
ACH-000628,Norepinephrine (hydrochloride),0,0,0,
ACH-000628,OTS514,0,0,0,
ACH-000628,Olanzapine,0,0,0,
ACH-000628,Oleic acid,0,0,0,
ACH-000628,Omeprazole,0,0,0,
ACH-000628,Omeprazole (sodium),0,0,0,
ACH-000628,Orlistat,0,0,0,
ACH-000628,Osimertinib (mesylate),0,0,0,
ACH-000628,Ouabain (Octahydrate),0,0,0,
ACH-000628,Oxaliplatin,0,0,0,
ACH-000628,Oxaprozin,0,0,0,
ACH-000628,PF-06260933,0,0,0,
ACH-000628,PH-797804,0,0,0,
ACH-000628,Paclitaxel,0,0,0,
ACH-000628,Palmatine (chloride),0,0,0,
ACH-000628,Panobinostat,0,0,0,
ACH-000628,Pasireotide (acetate),0,0,0,
ACH-000628,Pemetrexed,0,3,0,0.0
ACH-000628,Pemigatinib,0,0,0,
ACH-000628,Penfluridol,0,4,0,0.0
ACH-000628,Pentagastrin,0,0,0,
ACH-000628,Pentamidine (isethionate),0,0,0,
ACH-000628,Pentoxifylline,0,0,0,
ACH-000628,Peretinoin,0,2,0,0.0
ACH-000628,Perindopril (erbumine),0,0,0,
ACH-000628,Pexidartinib (hydrochloride),0,4,0,0.0
ACH-000628,Phenylephrine (hydrochloride),0,0,0,
ACH-000628,Phenytoin (sodium),0,4,0,0.0
ACH-000628,Pimitespib,0,0,0,
ACH-000628,Pimozide,0,0,0,
ACH-000628,Pioglitazone,0,0,0,
ACH-000628,Piroxicam,0,0,0,
ACH-000628,Pitavastatin (Calcium),0,4,0,0.0
ACH-000628,Ponatinib,0,0,0,
ACH-000628,Posaconazole,0,0,0,
ACH-000628,Pralsetinib,0,0,0,
ACH-000628,Pravastatin (sodium),0,2,0,0.0
ACH-000628,Procainamide (hydrochloride),0,4,0,0.0
ACH-000628,Proglumide,0,0,0,
ACH-000628,Pyridoxine,0,0,0,
ACH-000628,Pyridoxine (hydrochloride),0,0,0,
ACH-000628,Quinestrol,0,0,0,
ACH-000628,Quinidine (15% dihydroquinidine),0,1,0,0.0
ACH-000628,RMC-6236,0,0,0,
ACH-000628,Radotinib,0,0,0,
ACH-000628,Ralimetinib dimesylate,0,0,0,
ACH-000628,Raltitrexed,0,0,0,
ACH-000628,Ranolazine,0,0,0,
ACH-000628,Rapamycin,0,0,0,
ACH-000628,Regorafenib,0,0,0,
ACH-000628,Relugolix,0,0,0,
ACH-000628,Resveratrol,0,0,0,
ACH-000628,Retinoic acid,0,0,0,
ACH-000628,Rifaximin,0,3,0,0.0
ACH-000628,Riluzole hydrochloride,0,0,0,
ACH-000628,Rimonabant,0,0,0,
ACH-000628,Ritonavir,0,0,0,
ACH-000628,Ropivacaine (hydrochloride monohydrate),0,0,0,
ACH-000628,Rosiglitazone,0,0,0,
ACH-000628,Roxadustat,0,0,0,
ACH-000628,Rucaparib (phosphate),0,4,0,0.0
ACH-000628,Rutin (trihydrate),0,1,0,0.0
ACH-000628,S-Adenosyl-L-methionine (disulfate tosylate),0,0,0,
ACH-000628,Sacubitril/Valsartan,0,2,0,0.0
ACH-000628,Salicylic acid,0,0,0,
ACH-000628,Sapanisertib,0,0,0,
ACH-000628,Saquinavir,0,0,0,
ACH-000628,Selinexor ,0,0,0,
ACH-000628,Sildenafil,0,3,0,0.0
ACH-000628,Silodosin,0,1,0,0.0
ACH-000628,Simotinib,0,4,0,0.0
ACH-000628,Sinomenine,0,0,0,
ACH-000628,Sivelestat (sodium tetrahydrate),0,0,0,
ACH-000628,Sodium Salicylate,0,0,0,
ACH-000628,Sonidegib,0,0,0,
ACH-000628,Sulfatinib,0,4,0,0.0
ACH-000628,Sulfisoxazole,0,0,0,
ACH-000628,Sunitinib,0,0,0,
ACH-000628,TAK-733,0,0,0,
ACH-000628,TAK-901,0,0,0,
ACH-000628,Tadalafil,0,0,0,
ACH-000628,Talc,0,0,0,
ACH-000628,Tazarotene,0,0,0,
ACH-000628,Temsirolimus,0,0,0,
ACH-000628,Temuterkib,0,0,0,
ACH-000628,Terfenadine,0,0,0,
ACH-000628,Tetracycline (hydrochloride),0,0,0,
ACH-000628,Thymol,0,0,0,
ACH-000628,Thymopentin,0,1,0,0.0
ACH-000628,Tirabrutinib,0,0,0,
ACH-000628,Tirabrutinib (hydrochloride),0,0,0,
ACH-000628,Tofacitinib,0,0,0,
ACH-000628,Tofacitinib (citrate),0,0,0,
ACH-000628,Tolcapone,0,0,0,
ACH-000628,Tolmetin,0,2,0,0.0
ACH-000628,Tomivosertib,0,0,0,
ACH-000628,Topotecan (hydrochloride),0,1,0,0.0
ACH-000628,Torkinib,0,0,0,
ACH-000628,Trametinib,0,0,0,
ACH-000628,Trametinib (DMSO_TF solvate),0,0,0,
ACH-000628,Tranilast,0,0,0,
ACH-000628,Triamcinolone,0,0,0,
ACH-000628,Triclosan,0,0,0,
ACH-000628,Trifluridine,0,0,0,
ACH-000628,Trimetrexate,0,0,0,
ACH-000628,Tubulin inhibitor 6,0,0,0,
ACH-000628,Tucatinib,0,0,0,
ACH-000628,Tucidinostat,0,0,0,
ACH-000628,ULK-101,0,0,0,
ACH-000628,Uridine,0,0,0,
ACH-000628,Valdecoxib,0,0,0,
ACH-000628,Vandetanib,0,0,0,
ACH-000628,Vemurafenib,0,0,0,
ACH-000628,Verapamil,0,0,0,
ACH-000628,Verteporfin,0,0,0,
ACH-000628,Vilanterol,0,0,0,
ACH-000628,Vinblastine (sulfate),0,0,0,
ACH-000628,Vismodegib,0,0,0,
ACH-000628,Vitamin K4,0,0,0,
ACH-000628,Volasertib,0,0,0,
ACH-000628,Voriconazole,0,0,0,
ACH-000628,Vortioxetine,0,0,0,
ACH-000628,XRK3F2,0,0,0,
ACH-000628,Zileuton,0,0,0,
ACH-000628,c-Kit-IN-1,0,0,0,
ACH-000628,crizotinib,0,0,0,
ACH-000628,olaparib,0,0,0,
ACH-000628,palbociclib,0,0,0,
ACH-000628,venetoclax,0,0,0,
ACH-000628,vincristine,0,0,0,
ACH-000628,γ-Oryzanol,0,0,0,
ACH-000669,(R)-Verapamil (hydrochloride),971,1786,367,0.1536
ACH-000669,(S)-Crizotinib,522,744,119,0.1037
ACH-000669,18β-Glycyrrhetinic acid,535,1304,203,0.1241
ACH-000669,4EGI-1,1937,829,417,0.1775
ACH-000669,5-Azacytidine,1198,1933,381,0.1385
ACH-000669,5-Fluorouracil,940,1134,292,0.1639
ACH-000669,8-Hydroxyquinoline,725,1606,329,0.1643
ACH-000669,9-ING-41,3109,1071,484,0.131
ACH-000669,APTO-253,1955,754,271,0.1112
ACH-000669,AT7519,1381,577,272,0.1613
ACH-000669,AZD-7648,2626,1380,587,0.1717
ACH-000669,AZD-8055,2075,987,417,0.1577
ACH-000669,AZD1390,1907,1075,411,0.1599
ACH-000669,AZD2858,1037,848,183,0.1075
ACH-000669,Abemaciclib,5456,1692,1259,0.2138
ACH-000669,Abiraterone acetate,1448,1617,442,0.1685
ACH-000669,Acetazolamide,2170,1271,528,0.1813
ACH-000669,Acetohexamide,687,1612,272,0.1342
ACH-000669,Adagrasib,2227,1918,865,0.2637
ACH-000669,Adenine,913,1616,440,0.2106
ACH-000669,Adenosine,902,2347,476,0.1717
ACH-000669,Afatinib,1716,2910,715,0.1828
ACH-000669,Aliskiren,710,1491,323,0.172
ACH-000669,Allantoin,1223,2221,537,0.1847
ACH-000669,Allopurinol,3088,1576,800,0.207
ACH-000669,Almonertinib (hydrochloride),916,1346,313,0.1606
ACH-000669,Almonertinib (mesylate),890,2129,460,0.1798
ACH-000669,Alpelisib,1561,1092,420,0.1881
ACH-000669,Altretamine,155,452,82,0.1562
ACH-000669,Amsacrine,781,2208,401,0.1549
ACH-000669,Anastrozole,1212,951,390,0.22
ACH-000669,Anethole trithione,1662,2348,881,0.2816
ACH-000669,Apalutamide,89,868,46,0.0505
ACH-000669,Aprepitant,2416,1458,681,0.2133
ACH-000669,Arbutin,295,569,141,0.195
ACH-000669,Artemether,1756,1623,607,0.219
ACH-000669,Artesunate,1275,2201,655,0.2322
ACH-000669,Asciminib,2301,1489,633,0.2005
ACH-000669,Aspirin,1291,869,314,0.1701
ACH-000669,Ataluren,1335,1439,416,0.1764
ACH-000669,Atazanavir (sulfate),1613,1561,554,0.2115
ACH-000669,Auranofin,1542,7946,1083,0.1289
ACH-000669,Azithromycin (hydrate),706,1430,298,0.1621
ACH-000669,BAY1125976,2577,2778,1002,0.2302
ACH-000669,BI-3406,2571,1220,695,0.2245
ACH-000669,BI-78D3,3243,815,420,0.1154
ACH-000669,Baicalin,736,1773,415,0.1982
ACH-000669,Balsalazide (sodium hydrate),857,1603,431,0.2124
ACH-000669,Belinostat,1739,8337,1339,0.1533
ACH-000669,Belumosudil,993,1456,363,0.174
ACH-000669,Belumosudil (mesylate),1962,605,296,0.1303
ACH-000669,Belzutifan,1371,1135,243,0.1074
ACH-000669,Bendamustine,208,370,78,0.156
ACH-000669,Benproperine (phosphate),269,835,135,0.1393
ACH-000669,Bentamapimod,2622,1145,512,0.1573
ACH-000669,Benztropine (mesylate),933,879,191,0.1178
ACH-000669,Berbamine,1674,1442,515,0.198
ACH-000669,Berbamine (dihydrochloride),1015,937,231,0.1342
ACH-000669,Berberine (chloride hydrate),731,1679,346,0.1676
ACH-000669,Bergenin,639,1362,271,0.1566
ACH-000669,Bestatin,91,1317,52,0.0383
ACH-000669,Bestatin (hydrochloride),1411,1316,418,0.181
ACH-000669,Betamethasone dipropionate,740,2263,555,0.2267
ACH-000669,Bexarotene,1607,2458,794,0.2427
ACH-000669,Bicalutamide,946,785,207,0.1358
ACH-000669,Bimatoprost,789,1957,336,0.1394
ACH-000669,Bimiralisib,3220,2197,898,0.1987
ACH-000669,Binimetinib,4479,3891,2126,0.3405
ACH-000669,Bisoprolol (hemifumarate),435,1307,217,0.1423
ACH-000669,Bortezomib,4373,4498,2358,0.362
ACH-000669,Bosentan (hydrate),178,1710,116,0.0655
ACH-000669,Brimonidine,985,536,153,0.1118
ACH-000669,Brivudine,2863,4337,1318,0.2241
ACH-000669,Budesonide,3198,4105,1777,0.3216
ACH-000669,Busulfan,1264,1506,415,0.1762
ACH-000669,CP21R7,1890,577,237,0.1063
ACH-000669,Cabozantinib (S-malate),1090,1979,407,0.1529
ACH-000669,Canagliflozin,312,1005,146,0.1247
ACH-000669,Canagliflozin (hemihydrate),1324,1561,367,0.1458
ACH-000669,Capivasertib,2473,638,320,0.1147
ACH-000669,Capmatinib,2219,875,440,0.1658
ACH-000669,Captopril,1332,1078,361,0.1762
ACH-000669,Carbamazepine,1318,1656,421,0.1649
ACH-000669,Celecoxib,2898,968,390,0.1122
ACH-000669,Cepharanthine,1031,1411,376,0.182
ACH-000669,Chlorhexidine (diacetate),1209,2021,525,0.1941
ACH-000669,Ciclopirox,654,1748,322,0.1548
ACH-000669,Cilostazol,321,1833,190,0.0967
ACH-000669,Cinacalcet,1183,1371,370,0.1694
ACH-000669,Citalopram (hydrobromide),2809,1167,510,0.1471
ACH-000669,Clobetasol propionate,2863,3186,1425,0.3082
ACH-000669,Clofarabine,139,905,60,0.061
ACH-000669,Clonidine (hydrochloride),976,2178,644,0.2566
ACH-000669,Clopidogrel,3074,1346,727,0.1969
ACH-000669,Clotrimazole,735,1731,340,0.1599
ACH-000669,Cloxacillin (sodium),744,1034,314,0.2145
ACH-000669,Cobimetinib,241,2157,155,0.0691
ACH-000669,Crizotinib (hydrochloride),1840,2391,763,0.22
ACH-000669,Cyclosporin A,2572,2062,937,0.2534
ACH-000669,Cysteamine (hydrochloride),514,1279,236,0.1516
ACH-000669,Cytarabine,811,1265,286,0.1598
ACH-000669,Cytarabine (hydrochloride),279,703,120,0.1392
ACH-000669,DT-061,1642,869,332,0.1524
ACH-000669,DTP3,2708,407,195,0.0668
ACH-000669,Dabrafenib,2137,2414,711,0.1852
ACH-000669,Daidzin,1252,1189,370,0.1787
ACH-000669,Dapagliflozin,970,1004,290,0.1722
ACH-000669,"Dapagliflozin ((2S)-1,2-propanediol, hydrate)",305,1017,100,0.0818
ACH-000669,Darinaparsin,890,2399,438,0.1536
ACH-000669,Darolutamide,1952,1847,738,0.2411
ACH-000669,Decitabine,625,2264,412,0.1663
ACH-000669,Delamanid,1588,2126,655,0.2141
ACH-000669,Demeclocycline,620,1377,274,0.159
ACH-000669,Dexamethasone,2676,3616,1675,0.3628
ACH-000669,Dexmedetomidine,147,764,79,0.095
ACH-000669,Diammonium Glycyrrhizinate,1037,2103,418,0.1536
ACH-000669,Digitoxin,3786,6914,2885,0.3692
ACH-000669,Dihydroartemisinin,680,1870,295,0.1308
ACH-000669,Dimethyl fumarate,93,886,57,0.0618
ACH-000669,Dinaciclib,3457,7534,2719,0.3287
ACH-000669,Diphenhydramine,1043,1027,399,0.2388
ACH-000669,Docetaxel,2909,2128,876,0.2105
ACH-000669,Docetaxel (Trihydrate),309,2197,226,0.0991
ACH-000669,Dorzolamide (hydrochloride),252,1462,148,0.0945
ACH-000669,Doxorubicin (hydrochloride),267,4978,190,0.0376
ACH-000669,Doxycycline (monohydrate),155,929,73,0.0722
ACH-000669,Drospirenone,2168,2105,754,0.2143
ACH-000669,ERK5-IN-2,2127,2612,710,0.1762
ACH-000669,ETC-206,1806,654,320,0.1495
ACH-000669,EX229,4230,2841,1554,0.2817
ACH-000669,Econazole,1457,2163,506,0.1625
ACH-000669,Elagolix sodium,847,1995,382,0.1553
ACH-000669,Elimusertib hydrochloride,2992,2050,897,0.2164
ACH-000669,Encorafenib,7602,2570,87,0.0086
ACH-000669,Entecavir (monohydrate),59,1758,40,0.0225
ACH-000669,Entrectinib,1324,1792,395,0.1452
ACH-000669,Epirubicin (hydrochloride),120,4665,72,0.0153
ACH-000669,Eplerenone,134,588,70,0.1074
ACH-000669,Erdafitinib ,5253,760,94,0.0159
ACH-000669,Erlotinib,468,1522,238,0.1358
ACH-000669,Erythromycin,675,1234,209,0.1229
ACH-000669,Esmolol (hydrochloride),1303,816,241,0.1283
ACH-000669,Estrone sulfate (potassium),1813,1412,482,0.1757
ACH-000669,Everolimus,1984,767,338,0.1401
ACH-000669,Fedratinib (hydrochloride hydrate),1521,2670,655,0.1852
ACH-000669,Fenofibrate,587,536,162,0.1686
ACH-000669,Ferulic acid,381,1290,179,0.12
ACH-000669,Filgotinib,870,1946,344,0.1392
ACH-000669,Finasteride,134,1104,72,0.0617
ACH-000669,Fingolimod (hydrochloride),888,1487,296,0.1424
ACH-000669,Flumatinib (mesylate),1204,2064,551,0.2028
ACH-000669,Flutamide,1356,1351,351,0.149
ACH-000669,Fluvoxamine,356,1256,169,0.1171
ACH-000669,Fluvoxamine (maleate),622,2242,322,0.1267
ACH-000669,Folic acid,744,1353,360,0.2073
ACH-000669,Fulvestrant,1624,1830,578,0.201
ACH-000669,Fumaric acid,1182,2150,532,0.19
ACH-000669,Furosemide,556,1274,250,0.1582
ACH-000669,Fusidic acid,680,1448,321,0.1776
ACH-000669,Futibatinib,2680,1035,501,0.1559
ACH-000669,GSK1059615,3094,2704,955,0.1972
ACH-000669,Gallic acid,1031,1648,463,0.2089
ACH-000669,Gallic acid (hydrate),1092,1917,404,0.1551
ACH-000669,Gefitinib,1088,3252,577,0.1533
ACH-000669,Gemcitabine,2790,1510,742,0.2085
ACH-000669,Gemfibrozil,796,1741,356,0.1632
ACH-000669,Glycyrrhizic acid,371,694,101,0.1048
ACH-000669,Goserelin (acetate),781,1771,427,0.2009
ACH-000669,HI-TOPK-032,3289,1851,815,0.1884
ACH-000669,Harringtonine,858,8785,761,0.0857
ACH-000669,Hesperidin,338,810,142,0.1412
ACH-000669,Hexylresorcinol,769,1631,391,0.1946
ACH-000669,Homoharringtonine,7926,9562,6169,0.545
ACH-000669,Hydroxyfasudil,2761,628,199,0.0624
ACH-000669,Hydroxyurea,128,1045,58,0.052
ACH-000669,IQ 1,1918,959,376,0.1503
ACH-000669,Idarubicin (hydrochloride),6046,10186,4938,0.4372
ACH-000669,Idoxuridine,1777,1541,598,0.2199
ACH-000669,Imiquimod (hydrochloride),1302,1450,359,0.15
ACH-000669,Imiquimod (maleate),114,483,33,0.0585
ACH-000669,Indacaterol (maleate),2241,1358,544,0.1781
ACH-000669,Infigratinib,1746,1784,574,0.1942
ACH-000669,Ipatasertib,3579,1775,831,0.1837
ACH-000669,Irinotecan,2316,847,419,0.1527
ACH-000669,Irinotecan (hydrochloride),2923,1521,705,0.1886
ACH-000669,Isocorydine,978,1395,388,0.1955
ACH-000669,Ivermectin,1096,1055,274,0.146
ACH-000669,Ixazomib,1503,1266,444,0.191
ACH-000669,Ixazomib citrate,2179,6636,1701,0.2391
ACH-000669,L-Eflornithine (monohydrochloride),2042,1019,449,0.1719
ACH-000669,L-Thyroxine (sodium salt pentahydrate),673,1587,230,0.1133
ACH-000669,LB-100,1440,608,225,0.1234
ACH-000669,LJI308,2104,883,441,0.1732
ACH-000669,LY-2584702 (tosylate salt),2014,1068,408,0.1526
ACH-000669,LY2090314,1134,808,237,0.139
ACH-000669,Lactate (calcium),1547,2024,495,0.1609
ACH-000669,Lapatinib ditosylate,2304,696,299,0.1107
ACH-000669,Larotrectinib,1072,1506,348,0.1561
ACH-000669,Lenalidomide (hemihydrate),587,1777,251,0.1188
ACH-000669,Levobupivacaine (hydrochloride),260,1218,137,0.1022
ACH-000669,Lidocaine (hydrochloride),1273,2259,483,0.1584
ACH-000669,Ligustrazine,164,1033,98,0.0892
ACH-000669,Lipoic acid,499,1052,245,0.1876
ACH-000669,Lonafarnib,1875,1600,540,0.184
ACH-000669,Loperamide (hydrochloride),1714,1403,476,0.1802
ACH-000669,Lopinavir,1311,2272,571,0.1896
ACH-000669,Lucanthone,1580,1272,530,0.2283
ACH-000669,Lumateperone (tosylate),571,1294,312,0.2009
ACH-000669,MK-3903,2117,1185,410,0.1418
ACH-000669,MK-8353,2948,693,428,0.1332
ACH-000669,ML264,2392,1187,500,0.1624
ACH-000669,Macitentan,106,782,53,0.0635
ACH-000669,Malotilate,2709,2743,1320,0.3195
ACH-000669,Mebendazole,284,2539,192,0.073
ACH-000669,Medroxyprogesterone acetate,1063,2787,583,0.1785
ACH-000669,Megestrol,1074,1486,373,0.1706
ACH-000669,Meloxicam,1236,1256,339,0.1575
ACH-000669,Menadione,170,1094,85,0.0721
ACH-000669,Methotrexate,853,1531,312,0.1506
ACH-000669,Methyl aminolevulinate (hydrochloride),1481,1685,542,0.2066
ACH-000669,Methylprednisolone succinate,2896,106,65,0.0221
ACH-000669,Methylthiouracil,1001,1528,376,0.1746
ACH-000669,Mifepristone,232,1022,137,0.1226
ACH-000669,Minodronic acid,1727,1224,520,0.2139
ACH-000669,Mitoxantrone (dihydrochloride),1039,5554,703,0.1194
ACH-000669,Monocrotaline,254,1401,142,0.0939
ACH-000669,Mozavaptan,221,744,94,0.1079
ACH-000669,NG25,1386,1850,542,0.2012
ACH-000669,NVP-BHG712,2601,1301,507,0.1493
ACH-000669,Nafamostat (mesylate),1634,1365,425,0.1651
ACH-000669,Naproxen,613,708,201,0.1795
ACH-000669,Neratinib,660,1463,191,0.0989
ACH-000669,Neratinib (maleate),919,3401,586,0.1569
ACH-000669,Nevirapine,215,1199,109,0.0835
ACH-000669,Niclosamide (olamine),254,3683,203,0.0544
ACH-000669,Norepinephrine (hydrochloride),613,1693,272,0.1337
ACH-000669,OTS514,1935,1085,419,0.1611
ACH-000669,Olanzapine,762,1826,426,0.197
ACH-000669,Oleic acid,1612,674,321,0.1634
ACH-000669,Omeprazole,774,953,207,0.1362
ACH-000669,Omeprazole (sodium),932,958,222,0.1331
ACH-000669,Orlistat,242,995,106,0.0937
ACH-000669,Osimertinib (mesylate),1173,1908,411,0.1539
ACH-000669,Ouabain (Octahydrate),6334,8283,4682,0.4713
ACH-000669,Oxaliplatin,2735,1526,841,0.2459
ACH-000669,Oxaprozin,2168,1551,603,0.1935
ACH-000669,PF-06260933,2441,785,284,0.0965
ACH-000669,PH-797804,2700,4037,1118,0.199
ACH-000669,Paclitaxel,2238,2554,751,0.1858
ACH-000669,Palmatine (chloride),1017,1543,321,0.1434
ACH-000669,Panobinostat,6639,10445,5608,0.4887
ACH-000669,Pasireotide (acetate),1216,1824,514,0.2035
ACH-000669,Pemetrexed,325,940,148,0.1325
ACH-000669,Pemigatinib,497,501,50,0.0527
ACH-000669,Penfluridol,174,764,76,0.0882
ACH-000669,Pentagastrin,798,1914,374,0.16
ACH-000669,Pentamidine (isethionate),1148,1879,463,0.1806
ACH-000669,Pentoxifylline,2008,2329,813,0.2307
ACH-000669,Peretinoin,743,3643,546,0.1422
ACH-000669,Perindopril (erbumine),718,916,213,0.1499
ACH-000669,Pexidartinib (hydrochloride),244,1058,167,0.1471
ACH-000669,Phenylephrine (hydrochloride),1616,2493,645,0.1862
ACH-000669,Phenytoin (sodium),193,818,110,0.1221
ACH-000669,Pimitespib,2123,659,294,0.1182
ACH-000669,Pimozide,926,1454,290,0.1388
ACH-000669,Pioglitazone,1690,1837,672,0.2354
ACH-000669,Piroxicam,3578,1802,1047,0.2416
ACH-000669,Pitavastatin (Calcium),262,2408,163,0.065
ACH-000669,Ponatinib,2032,4312,990,0.1849
ACH-000669,Posaconazole,162,1745,133,0.075
ACH-000669,Pralsetinib,2038,1490,602,0.2057
ACH-000669,Pravastatin (sodium),1199,1406,433,0.1994
ACH-000669,Procainamide (hydrochloride),110,405,39,0.0819
ACH-000669,Proglumide,559,937,141,0.1041
ACH-000669,Pyridoxine,772,2039,358,0.1459
ACH-000669,Pyridoxine (hydrochloride),1707,1314,596,0.2458
ACH-000669,Quinestrol,871,1773,439,0.1991
ACH-000669,Quinidine (15% dihydroquinidine),176,1433,107,0.0712
ACH-000669,RMC-6236,2768,2347,997,0.2421
ACH-000669,Radotinib,1245,2218,610,0.2138
ACH-000669,Ralimetinib dimesylate,2538,2490,255,0.0534
ACH-000669,Raltitrexed,483,1828,287,0.1418
ACH-000669,Ranolazine,598,1078,176,0.1173
ACH-000669,Rapamycin,1067,2617,557,0.1781
ACH-000669,Regorafenib,3015,710,403,0.1213
ACH-000669,Relugolix,667,1079,308,0.2142
ACH-000669,Resveratrol,814,2254,371,0.1376
ACH-000669,Retinoic acid,1447,2066,599,0.2056
ACH-000669,Rifaximin,90,731,45,0.058
ACH-000669,Riluzole hydrochloride,1358,2571,694,0.2145
ACH-000669,Rimonabant,690,1565,350,0.1837
ACH-000669,Ritonavir,688,2002,320,0.135
ACH-000669,Ropivacaine (hydrochloride monohydrate),674,1636,352,0.1798
ACH-000669,Rosiglitazone,238,733,124,0.1464
ACH-000669,Roxadustat,323,1703,202,0.1107
ACH-000669,Rucaparib (phosphate),117,819,71,0.0821
ACH-000669,Rutin (trihydrate),900,830,307,0.2157
ACH-000669,S-Adenosyl-L-methionine (disulfate tosylate),1013,2676,612,0.1989
ACH-000669,SBI-0640756,436,760,35,0.0301
ACH-000669,Sacubitril/Valsartan,260,2080,192,0.0894
ACH-000669,Salicylic acid,724,1854,375,0.1702
ACH-000669,Sapanisertib,4201,2919,1356,0.2353
ACH-000669,Saquinavir,808,1892,301,0.1255
ACH-000669,Selinexor ,1968,4240,1192,0.2376
ACH-000669,Sildenafil,108,1263,78,0.0603
ACH-000669,Silodosin,116,239,40,0.127
ACH-000669,Simotinib,161,338,50,0.1114
ACH-000669,Sinomenine,664,1304,266,0.1563
ACH-000669,Sivelestat (sodium tetrahydrate),263,2260,191,0.0819
ACH-000669,Sodium Salicylate,1011,1846,419,0.1719
ACH-000669,Sonidegib,3637,517,204,0.0516
ACH-000669,Sulfatinib,133,383,57,0.1242
ACH-000669,Sulfisoxazole,1191,1831,451,0.1754
ACH-000669,Sunitinib,1703,2091,603,0.189
ACH-000669,TAK-733,1735,2747,770,0.2074
ACH-000669,TAK-901,2602,5740,1430,0.2069
ACH-000669,Tadalafil,149,1692,106,0.0611
ACH-000669,Talc,1387,973,324,0.1591
ACH-000669,Tazarotene,1709,1787,623,0.2168
ACH-000669,Temsirolimus,1341,2076,536,0.186
ACH-000669,Temuterkib,2458,1227,475,0.148
ACH-000669,Terfenadine,1263,2072,507,0.1793
ACH-000669,Tetracycline (hydrochloride),125,1496,85,0.0553
ACH-000669,Thymol,827,1211,268,0.1514
ACH-000669,Thymopentin,166,1169,89,0.0714
ACH-000669,Tirabrutinib,814,1519,411,0.2138
ACH-000669,Tirabrutinib (hydrochloride),2420,2274,878,0.2301
ACH-000669,Tofacitinib,915,2166,445,0.1688
ACH-000669,Tofacitinib (citrate),909,2032,420,0.1666
ACH-000669,Tolcapone,527,2646,324,0.1137
ACH-000669,Tolmetin,292,862,141,0.1392
ACH-000669,Tomivosertib,2606,1011,505,0.1623
ACH-000669,Topotecan (hydrochloride),1117,5130,677,0.1215
ACH-000669,Torkinib,2572,1064,432,0.1348
ACH-000669,Trametinib,4740,4413,2411,0.3576
ACH-000669,Trametinib (DMSO_TF solvate),1485,2571,904,0.2868
ACH-000669,Tranilast,77,894,51,0.0554
ACH-000669,Triamcinolone,1659,3360,1058,0.2671
ACH-000669,Triclosan,637,1726,318,0.1555
ACH-000669,Trifluridine,423,1542,216,0.1235
ACH-000669,Trimetrexate,676,2150,343,0.1381
ACH-000669,Tubulin inhibitor 6,1814,740,329,0.1479
ACH-000669,Tucatinib,2348,1034,538,0.1892
ACH-000669,Tucidinostat,1558,7011,1233,0.1681
ACH-000669,ULK-101,2772,862,356,0.1086
ACH-000669,Uridine,885,1765,380,0.1674
ACH-000669,Valdecoxib,712,1238,238,0.139
ACH-000669,Vandetanib,1599,1867,619,0.2174
ACH-000669,Vemurafenib,2470,863,404,0.1379
ACH-000669,Verapamil,155,727,74,0.0916
ACH-000669,Verteporfin,243,1610,130,0.0754
ACH-000669,Vilanterol,664,1811,306,0.1411
ACH-000669,Vinblastine (sulfate),1320,4110,920,0.204
ACH-000669,Vismodegib,618,843,146,0.111
ACH-000669,Vitamin K4,1614,1436,439,0.1681
ACH-000669,Volasertib,2466,640,327,0.1177
ACH-000669,Voriconazole,1056,1263,287,0.1412
ACH-000669,Vortioxetine,1439,1789,535,0.1987
ACH-000669,XRK3F2,2623,1132,450,0.1362
ACH-000669,Zileuton,1296,816,277,0.151
ACH-000669,c-Kit-IN-1,5436,1668,1310,0.2261
ACH-000669,crizotinib,134,1697,90,0.0517
ACH-000669,olaparib,1547,91,44,0.0276
ACH-000669,palbociclib,2675,1010,403,0.1228
ACH-000669,venetoclax,2947,2170,916,0.218
ACH-000669,vincristine,3729,1605,978,0.2245
ACH-000669,γ-Oryzanol,754,916,202,0.1376
ACH-000681,(R)-Verapamil (hydrochloride),2198,2821,829,0.1979
ACH-000681,(S)-Crizotinib,617,1097,180,0.1173
ACH-000681,18β-Glycyrrhetinic acid,1019,2740,522,0.1613
ACH-000681,4EGI-1,2462,1282,627,0.2012
ACH-000681,5-Azacytidine,1348,1472,387,0.1591
ACH-000681,5-Fluorouracil,1286,1812,543,0.2125
ACH-000681,8-Hydroxyquinoline,1449,2985,718,0.1932
ACH-000681,9-ING-41,4620,2264,1220,0.2154
ACH-000681,APTO-253,3590,1172,546,0.1295
ACH-000681,AT7519,2296,1164,623,0.2196
ACH-000681,AZD-7648,3955,2339,1150,0.2236
ACH-000681,AZD-8055,2941,2116,937,0.2274
ACH-000681,AZD1390,3280,1783,822,0.1938
ACH-000681,AZD2858,1817,1432,373,0.1297
ACH-000681,Abemaciclib,6337,13151,2266,0.1316
ACH-000681,Abiraterone acetate,1682,2352,630,0.1851
ACH-000681,Acetazolamide,1978,1939,745,0.2349
ACH-000681,Acetohexamide,1097,2600,485,0.151
ACH-000681,Adagrasib,4296,2708,1613,0.2992
ACH-000681,Adenine,2215,2480,940,0.2503
ACH-000681,Adenosine,1516,3569,910,0.218
ACH-000681,Afatinib,3270,4674,1623,0.2568
ACH-000681,Aliskiren,1383,2457,630,0.1963
ACH-000681,Allantoin,2170,3627,1116,0.2384
ACH-000681,Allopurinol,3421,2434,1259,0.2739
ACH-000681,Almonertinib (hydrochloride),1741,2384,744,0.2201
ACH-000681,Almonertinib (mesylate),1468,2465,710,0.2203
ACH-000681,Alpelisib,2383,1831,805,0.2361
ACH-000681,Altretamine,269,666,152,0.1941
ACH-000681,Amsacrine,2543,6181,1761,0.2529
ACH-000681,Anastrozole,2079,1468,671,0.2333
ACH-000681,Anethole trithione,3393,3464,1698,0.3291
ACH-000681,Apalutamide,155,1503,84,0.0534
ACH-000681,Aprepitant,2776,2138,1087,0.284
ACH-000681,Arbutin,405,781,221,0.229
ACH-000681,Artemether,2478,2545,1107,0.2827
ACH-000681,Artesunate,2730,3220,1272,0.2719
ACH-000681,Asciminib,2243,2565,984,0.2573
ACH-000681,Aspirin,1484,1448,513,0.2121
ACH-000681,Ataluren,1644,2354,776,0.2408
ACH-000681,Atazanavir (sulfate),1961,2553,1010,0.2882
ACH-000681,Auranofin,1495,3800,814,0.1817
ACH-000681,Azithromycin (hydrate),1094,2242,502,0.1771
ACH-000681,BAY1125976,3743,3688,1568,0.2674
ACH-000681,BI-3406,3751,2321,1301,0.2727
ACH-000681,BI-78D3,4911,1458,820,0.1478
ACH-000681,Baicalin,1348,3520,831,0.2058
ACH-000681,Balsalazide (sodium hydrate),1452,2464,784,0.2503
ACH-000681,Belinostat,2188,10028,1830,0.1762
ACH-000681,Belumosudil,1442,2658,736,0.2188
ACH-000681,Belumosudil (mesylate),3464,1423,732,0.1762
ACH-000681,Belzutifan,2521,1750,570,0.154
ACH-000681,Bendamustine,323,541,100,0.1309
ACH-000681,Benproperine (phosphate),587,1788,285,0.1364
ACH-000681,Bentamapimod,4124,1847,955,0.1904
ACH-000681,Benztropine (mesylate),1041,1460,350,0.1627
ACH-000681,Berbamine,3078,3197,1251,0.249
ACH-000681,Berbamine (dihydrochloride),1386,1615,460,0.181
ACH-000681,Berberine (chloride hydrate),1271,3273,681,0.1763
ACH-000681,Bergenin,1040,2655,528,0.1667
ACH-000681,Bestatin,80,2197,67,0.0303
ACH-000681,Bestatin (hydrochloride),1480,2229,591,0.1895
ACH-000681,Betamethasone dipropionate,1173,2937,855,0.2627
ACH-000681,Bexarotene,2054,3012,1079,0.2706
ACH-000681,Bicalutamide,1184,1181,314,0.1531
ACH-000681,Bimatoprost,1728,3337,809,0.1901
ACH-000681,Bimiralisib,4382,4511,1896,0.271
ACH-000681,Binimetinib,6077,5227,3178,0.3911
ACH-000681,Bisoprolol (hemifumarate),744,1993,402,0.1722
ACH-000681,Bortezomib,6434,6808,3890,0.416
ACH-000681,Bosentan (hydrate),416,2607,310,0.1143
ACH-000681,Brimonidine,1080,764,219,0.1348
ACH-000681,Brivudine,4678,5672,2461,0.312
ACH-000681,Budesonide,3862,4329,2041,0.3319
ACH-000681,Busulfan,2618,2338,915,0.2264
ACH-000681,CP21R7,2824,1222,544,0.1553
ACH-000681,Cabozantinib (S-malate),1225,2782,594,0.174
ACH-000681,Canagliflozin,548,1816,326,0.16
ACH-000681,Canagliflozin (hemihydrate),1370,1790,495,0.1857
ACH-000681,Capivasertib,3071,1148,601,0.1661
ACH-000681,Capmatinib,2857,1560,746,0.2032
ACH-000681,Captopril,1247,1519,424,0.181
ACH-000681,Carbamazepine,1465,1756,522,0.1934
ACH-000681,Celecoxib,3736,1315,567,0.1264
ACH-000681,Cepharanthine,1796,2628,887,0.2508
ACH-000681,Chlorhexidine (diacetate),1995,3404,1081,0.2503
ACH-000681,Ciclopirox,1169,3349,720,0.1896
ACH-000681,Cilostazol,542,2857,386,0.1281
ACH-000681,Cinacalcet,1067,1531,404,0.1841
ACH-000681,Citalopram (hydrobromide),3313,1535,735,0.1787
ACH-000681,Clobetasol propionate,3316,4008,1912,0.3533
ACH-000681,Clofarabine,327,1040,127,0.1024
ACH-000681,Clonidine (hydrochloride),2140,3687,1434,0.3264
ACH-000681,Clopidogrel,3168,1547,891,0.233
ACH-000681,Clotrimazole,1353,3095,672,0.178
ACH-000681,Cloxacillin (sodium),1522,1897,692,0.2538
ACH-000681,Cobimetinib,307,3668,212,0.0563
ACH-000681,Crizotinib (hydrochloride),2417,3508,1380,0.3036
ACH-000681,Cyclosporin A,3227,2973,1535,0.329
ACH-000681,Cysteamine (hydrochloride),1058,2671,597,0.1906
ACH-000681,Cytarabine,1441,2118,614,0.2085
ACH-000681,Cytarabine (hydrochloride),574,1432,285,0.1656
ACH-000681,DT-061,2314,1332,553,0.1788
ACH-000681,DTP3,3469,9663,496,0.0393
ACH-000681,Dabrafenib,3494,3551,1363,0.2399
ACH-000681,Daidzin,1684,1693,563,0.2001
ACH-000681,Dapagliflozin,1021,1952,409,0.1595
ACH-000681,"Dapagliflozin ((2S)-1,2-propanediol, hydrate)",439,1436,197,0.1174
ACH-000681,Darinaparsin,1755,4166,1067,0.2198
ACH-000681,Darolutamide,2568,2691,1225,0.3037
ACH-000681,Decitabine,1010,2869,663,0.2062
ACH-000681,Delamanid,1593,2852,885,0.2486
ACH-000681,Demeclocycline,1288,2168,589,0.2054
ACH-000681,Dexamethasone,2503,3821,1664,0.3571
ACH-000681,Dexmedetomidine,273,1743,191,0.1047
ACH-000681,Diammonium Glycyrrhizinate,2114,3894,1075,0.2179
ACH-000681,Digitoxin,2889,7426,2366,0.2976
ACH-000681,Dihydroartemisinin,668,2446,321,0.1149
ACH-000681,Dimethyl fumarate,132,894,80,0.0846
ACH-000681,Dinaciclib,3686,7720,2993,0.3558
ACH-000681,Diphenhydramine,1345,1282,454,0.2089
ACH-000681,Docetaxel,3587,3542,1498,0.266
ACH-000681,Docetaxel (Trihydrate),260,2989,186,0.0607
ACH-000681,Dorzolamide (hydrochloride),386,2577,273,0.1015
ACH-000681,Doxorubicin (hydrochloride),557,5128,394,0.0745
ACH-000681,Doxycycline (monohydrate),309,1347,147,0.0974
ACH-000681,Drospirenone,2333,2368,910,0.24
ACH-000681,ERK5-IN-2,3560,3529,1324,0.2297
ACH-000681,ETC-206,2966,1121,608,0.1748
ACH-000681,EX229,5563,3816,2204,0.3072
ACH-000681,Econazole,1474,2650,657,0.1895
ACH-000681,Elagolix sodium,1678,3448,906,0.2147
ACH-000681,Elimusertib hydrochloride,4002,3283,1637,0.2898
ACH-000681,Encorafenib,11814,3560,185,0.0122
ACH-000681,Entecavir (monohydrate),63,2734,47,0.0171
ACH-000681,Entrectinib,1274,2177,494,0.1671
ACH-000681,Epirubicin (hydrochloride),166,4692,107,0.0225
ACH-000681,Eplerenone,251,1186,163,0.1279
ACH-000681,Erdafitinib ,8993,1455,108,0.0104
ACH-000681,Erlotinib,613,2356,361,0.1384
ACH-000681,Erythromycin,798,1733,285,0.1269
ACH-000681,Esmolol (hydrochloride),1805,1102,409,0.1637
ACH-000681,Estrone sulfate (potassium),2195,1666,627,0.1939
ACH-000681,Everolimus,2830,1481,704,0.1952
ACH-000681,Fedratinib (hydrochloride hydrate),2444,3304,1250,0.2779
ACH-000681,Fenofibrate,849,1074,312,0.1937
ACH-000681,Ferulic acid,547,1695,251,0.1261
ACH-000681,Filgotinib,921,2475,427,0.1438
ACH-000681,Finasteride,258,1650,148,0.0841
ACH-000681,Fingolimod (hydrochloride),861,2148,361,0.1363
ACH-000681,Flumatinib (mesylate),1919,3476,1090,0.2532
ACH-000681,Flutamide,1218,1953,484,0.1801
ACH-000681,Fluvoxamine,768,1509,298,0.1506
ACH-000681,Fluvoxamine (maleate),1049,3613,629,0.156
ACH-000681,Folic acid,1755,2603,883,0.2541
ACH-000681,Fulvestrant,1791,2443,819,0.2398
ACH-000681,Fumaric acid,1801,2786,838,0.2235
ACH-000681,Furosemide,924,2044,412,0.1612
ACH-000681,Fusidic acid,1549,2451,752,0.2315
ACH-000681,Futibatinib,4233,1925,1100,0.2175
ACH-000681,GSK1059615,4302,4061,1688,0.2529
ACH-000681,Gallic acid,2135,2632,956,0.2509
ACH-000681,Gallic acid (hydrate),2286,3228,914,0.1987
ACH-000681,Gefitinib,1561,2446,798,0.2487
ACH-000681,Gemcitabine,4254,2143,1300,0.2551
ACH-000681,Gemfibrozil,1441,3655,802,0.1868
ACH-000681,Glycyrrhizic acid,487,791,148,0.131
ACH-000681,Goserelin (acetate),1965,2951,1086,0.2836
ACH-000681,HI-TOPK-032,5483,3230,1808,0.2618
ACH-000681,Harringtonine,2366,11519,2220,0.1903
ACH-000681,Hesperidin,527,1099,229,0.1639
ACH-000681,Hexylresorcinol,1594,3036,869,0.2311
ACH-000681,Homoharringtonine,10910,12564,9443,0.673
ACH-000681,Hydroxyfasudil,4322,828,342,0.0711
ACH-000681,Hydroxyurea,210,1237,87,0.064
ACH-000681,IQ 1,3170,1740,800,0.1946
ACH-000681,Idarubicin (hydrochloride),11713,16182,10264,0.5822
ACH-000681,Idoxuridine,2240,2046,901,0.2662
ACH-000681,Imiquimod (hydrochloride),1222,2244,498,0.1678
ACH-000681,Imiquimod (maleate),152,745,63,0.0755
ACH-000681,Indacaterol (maleate),2538,2042,912,0.2486
ACH-000681,Infigratinib,2708,2620,1049,0.2452
ACH-000681,Ipatasertib,4255,2735,1275,0.2231
ACH-000681,Irinotecan,2886,1515,727,0.1979
ACH-000681,Irinotecan (hydrochloride),4044,1802,1049,0.2187
ACH-000681,Isocorydine,1497,2394,691,0.2159
ACH-000681,Ivermectin,1302,1658,439,0.1741
ACH-000681,Ixazomib,2611,2576,1053,0.2547
ACH-000681,Ixazomib citrate,962,7300,719,0.0953
ACH-000681,L-Eflornithine (monohydrochloride),2014,1117,488,0.1846
ACH-000681,L-Thyroxine (sodium salt pentahydrate),840,2904,411,0.1233
ACH-000681,LB-100,2585,1075,457,0.1427
ACH-000681,LJI308,3415,1930,1068,0.2497
ACH-000681,LY-2584702 (tosylate salt),3515,1623,777,0.1782
ACH-000681,LY2090314,1800,1348,479,0.1795
ACH-000681,Lactate (calcium),2135,2575,707,0.1766
ACH-000681,Lapatinib ditosylate,2691,1335,520,0.1483
ACH-000681,Larotrectinib,2508,2671,845,0.195
ACH-000681,Lenalidomide (hemihydrate),944,3075,510,0.1453
ACH-000681,Levobupivacaine (hydrochloride),346,1953,230,0.1112
ACH-000681,Lidocaine (hydrochloride),2065,4131,1064,0.2073
ACH-000681,Ligustrazine,360,1713,220,0.1187
ACH-000681,Lipoic acid,1173,1885,564,0.2261
ACH-000681,Lonafarnib,2191,3859,1120,0.2272
ACH-000681,Loperamide (hydrochloride),1969,2030,758,0.2339
ACH-000681,Lopinavir,1497,1931,663,0.2398
ACH-000681,Lucanthone,1796,1950,730,0.242
ACH-000681,Lumateperone (tosylate),1175,2302,670,0.2387
ACH-000681,MK-3903,3306,2424,926,0.1928
ACH-000681,MK-8353,3326,1137,676,0.1785
ACH-000681,ML264,3918,1956,964,0.1963
ACH-000681,Macitentan,182,1446,117,0.0774
ACH-000681,Malotilate,3214,3666,1853,0.3686
ACH-000681,Mebendazole,439,2716,280,0.0974
ACH-000681,Medroxyprogesterone acetate,2506,4773,1508,0.2613
ACH-000681,Megestrol,2774,3051,1104,0.2338
ACH-000681,Meloxicam,1323,1651,418,0.1635
ACH-000681,Menadione,332,1227,158,0.1128
ACH-000681,Methotrexate,888,1875,354,0.1469
ACH-000681,Methyl aminolevulinate (hydrochloride),1565,2497,755,0.2283
ACH-000681,Methylprednisolone succinate,4015,225,165,0.0405
ACH-000681,Methylthiouracil,1276,2466,595,0.1891
ACH-000681,Mifepristone,324,1413,182,0.117
ACH-000681,Minodronic acid,2929,1966,956,0.2427
ACH-000681,Mitoxantrone (dihydrochloride),2333,9771,1808,0.1756
ACH-000681,Monocrotaline,312,2300,216,0.0902
ACH-000681,Mozavaptan,284,1134,143,0.1122
ACH-000681,NG25,2101,3437,1107,0.2498
ACH-000681,NVP-BHG712,3964,2264,942,0.1782
ACH-000681,Nafamostat (mesylate),1741,1723,583,0.2024
ACH-000681,Naproxen,949,1352,360,0.1855
ACH-000681,Neratinib,772,2070,347,0.1391
ACH-000681,Neratinib (maleate),1922,4334,1174,0.231
ACH-000681,Nevirapine,334,2046,219,0.1013
ACH-000681,Niclosamide (olamine),252,4333,201,0.0458
ACH-000681,Norepinephrine (hydrochloride),1308,3225,660,0.1704
ACH-000681,OTS514,2482,1816,702,0.1952
ACH-000681,Olanzapine,1644,3474,992,0.2404
ACH-000681,Oleic acid,3110,1184,653,0.1793
ACH-000681,Omeprazole,1039,1085,315,0.1741
ACH-000681,Omeprazole (sodium),806,1257,261,0.1448
ACH-000681,Orlistat,299,1873,181,0.0909
ACH-000681,Osimertinib (mesylate),1245,2486,598,0.1909
ACH-000681,Ouabain (Octahydrate),5701,8468,4448,0.4576
ACH-000681,Oxaliplatin,3603,2356,1304,0.2801
ACH-000681,Oxaprozin,2029,2431,890,0.2493
ACH-000681,PF-06260933,3738,12869,790,0.0499
ACH-000681,PH-797804,3965,5306,1930,0.2629
ACH-000681,Paclitaxel,3732,3490,1371,0.2343
ACH-000681,Palmatine (chloride),2349,2913,882,0.2014
ACH-000681,Panobinostat,7244,12348,6247,0.4681
ACH-000681,Pasireotide (acetate),2395,3239,1080,0.2372
ACH-000681,Pemetrexed,581,1194,228,0.1474
ACH-000681,Pemigatinib,524,970,62,0.0433
ACH-000681,Penfluridol,410,1192,157,0.1087
ACH-000681,Pentagastrin,1352,3035,823,0.2309
ACH-000681,Pentamidine (isethionate),2241,3631,1102,0.231
ACH-000681,Pentoxifylline,2406,3045,1277,0.3059
ACH-000681,Peretinoin,436,3346,327,0.0946
ACH-000681,Perindopril (erbumine),682,1095,237,0.1539
ACH-000681,Pexidartinib (hydrochloride),490,1502,252,0.1448
ACH-000681,Phenylephrine (hydrochloride),1612,2970,727,0.1886
ACH-000681,Phenytoin (sodium),430,1537,217,0.124
ACH-000681,Pimitespib,3820,1235,743,0.1723
ACH-000681,Pimozide,977,1804,370,0.1535
ACH-000681,Pioglitazone,2198,2789,1146,0.2984
ACH-000681,Piroxicam,3610,2444,1448,0.3144
ACH-000681,Pitavastatin (Calcium),464,2526,269,0.0989
ACH-000681,Ponatinib,2430,5072,1326,0.2147
ACH-000681,Posaconazole,241,2598,177,0.0665
ACH-000681,Pralsetinib,3337,2953,1292,0.2585
ACH-000681,Pravastatin (sodium),1733,1137,474,0.1978
ACH-000681,Procainamide (hydrochloride),185,475,62,0.1037
ACH-000681,Proglumide,760,1400,255,0.1339
ACH-000681,Pyridoxine,1502,2895,737,0.2014
ACH-000681,Pyridoxine (hydrochloride),3485,2439,1250,0.2674
ACH-000681,Quinestrol,1657,3281,918,0.2284
ACH-000681,Quinidine (15% dihydroquinidine),377,2462,235,0.0902
ACH-000681,RMC-6236,3951,4034,1788,0.2885
ACH-000681,Radotinib,2331,3499,1280,0.2813
ACH-000681,Ralimetinib dimesylate,3798,9345,756,0.061
ACH-000681,Raltitrexed,1252,3409,751,0.1921
ACH-000681,Ranolazine,647,1630,272,0.1357
ACH-000681,Rapamycin,1860,4446,1104,0.2122
ACH-000681,Regorafenib,3867,1506,868,0.1927
ACH-000681,Relugolix,1261,2140,706,0.262
ACH-000681,Resveratrol,1485,3349,796,0.1971
ACH-000681,Retinoic acid,3249,3881,1462,0.2579
ACH-000681,Rifaximin,142,1553,91,0.0567
ACH-000681,Riluzole hydrochloride,2539,4292,1388,0.255
ACH-000681,Rimonabant,1603,2506,836,0.2554
ACH-000681,Ritonavir,1354,3435,687,0.1675
ACH-000681,Ropivacaine (hydrochloride monohydrate),1682,3193,920,0.2326
ACH-000681,Rosiglitazone,348,1378,210,0.1385
ACH-000681,Roxadustat,710,2615,449,0.1561
ACH-000681,Rucaparib (phosphate),149,1455,98,0.0651
ACH-000681,Rutin (trihydrate),1078,1303,461,0.2401
ACH-000681,S-Adenosyl-L-methionine (disulfate tosylate),1981,4323,1361,0.2753
ACH-000681,SBI-0640756,5981,1659,131,0.0174
ACH-000681,Sacubitril/Valsartan,578,3081,468,0.1467
ACH-000681,Salicylic acid,1364,3118,735,0.1962
ACH-000681,Sapanisertib,5407,3846,1987,0.2735
ACH-000681,Saquinavir,1195,3439,631,0.1576
ACH-000681,Selinexor ,4170,7307,2768,0.3178
ACH-000681,Sildenafil,188,1485,116,0.0745
ACH-000681,Silodosin,161,312,68,0.1679
ACH-000681,Simotinib,159,474,55,0.0952
ACH-000681,Sinomenine,1167,2312,553,0.189
ACH-000681,Sivelestat (sodium tetrahydrate),428,3555,291,0.0788
ACH-000681,Sodium Salicylate,1732,3266,862,0.2084
ACH-000681,Sonidegib,5189,802,457,0.0826
ACH-000681,Sulfatinib,233,685,118,0.1475
ACH-000681,Sulfisoxazole,1865,3538,960,0.2161
ACH-000681,Sunitinib,1937,3074,962,0.2376
ACH-000681,TAK-733,2587,4044,1342,0.2537
ACH-000681,TAK-901,4266,9097,2923,0.28
ACH-000681,Tadalafil,314,2465,229,0.0898
ACH-000681,Talc,1201,1492,439,0.1948
ACH-000681,Tazarotene,2228,2614,998,0.2596
ACH-000681,Temsirolimus,2468,3420,1116,0.2339
ACH-000681,Temuterkib,3892,2246,982,0.1905
ACH-000681,Terfenadine,2156,3703,1074,0.2245
ACH-000681,Tetracycline (hydrochloride),184,2343,122,0.0507
ACH-000681,Thymol,1560,2107,563,0.1814
ACH-000681,Thymopentin,339,1806,190,0.0972
ACH-000681,Tirabrutinib,1133,1806,528,0.219
ACH-000681,Tirabrutinib (hydrochloride),2998,3215,1348,0.2771
ACH-000681,Tofacitinib,1568,3819,836,0.1837
ACH-000681,Tofacitinib (citrate),1977,3585,1083,0.2418
ACH-000681,Tolcapone,1155,4418,803,0.1683
ACH-000681,Tolmetin,509,1225,238,0.1591
ACH-000681,Tomivosertib,3982,1983,1059,0.2159
ACH-000681,Topotecan (hydrochloride),1640,4360,923,0.1818
ACH-000681,Torkinib,3478,1747,772,0.1734
ACH-000681,Trametinib,6057,5693,3340,0.3971
ACH-000681,Trametinib (DMSO_TF solvate),1641,3935,1173,0.2664
ACH-000681,Tranilast,166,1376,110,0.0768
ACH-000681,Triamcinolone,3849,5346,2498,0.373
ACH-000681,Triclosan,1259,3100,669,0.1813
ACH-000681,Trifluridine,1094,3926,637,0.1453
ACH-000681,Trimetrexate,1279,4170,777,0.1663
ACH-000681,Tubulin inhibitor 6,2609,1263,658,0.2047
ACH-000681,Tucatinib,3029,1784,950,0.2459
ACH-000681,Tucidinostat,2180,8547,1750,0.1949
ACH-000681,ULK-101,4003,1548,702,0.1448
ACH-000681,Uridine,976,2643,513,0.1652
ACH-000681,Valdecoxib,778,1551,290,0.1422
ACH-000681,Vandetanib,1857,2510,922,0.2676
ACH-000681,Vemurafenib,3144,1699,755,0.1847
ACH-000681,Verapamil,250,1414,136,0.089
ACH-000681,Verteporfin,244,2201,169,0.0743
ACH-000681,Vilanterol,1236,3203,678,0.1803
ACH-000681,Vinblastine (sulfate),2683,5311,1735,0.2772
ACH-000681,Vismodegib,575,808,135,0.1082
ACH-000681,Vitamin K4,1603,1984,521,0.1699
ACH-000681,Volasertib,3046,1273,624,0.1689
ACH-000681,Voriconazole,1118,1694,422,0.1766
ACH-000681,Vortioxetine,1332,2401,614,0.1969
ACH-000681,XRK3F2,3352,2279,920,0.1953
ACH-000681,Zileuton,1063,1305,333,0.1636
ACH-000681,c-Kit-IN-1,5843,2429,1842,0.2865
ACH-000681,crizotinib,287,2320,223,0.0935
ACH-000681,olaparib,3371,8184,444,0.04
ACH-000681,palbociclib,2902,2011,846,0.208
ACH-000681,venetoclax,3751,3898,1815,0.3111
ACH-000681,vincristine,4829,2105,1261,0.2223
ACH-000681,γ-Oryzanol,1118,1774,510,0.2141
ACH-000750,(R)-Verapamil (hydrochloride),1404,3376,724,0.1785
ACH-000750,(S)-Crizotinib,1180,1497,369,0.1599
ACH-000750,18β-Glycyrrhetinic acid,1166,3137,631,0.1718
ACH-000750,4EGI-1,2861,1732,931,0.2542
ACH-000750,5-Azacytidine,2006,5317,1281,0.212
ACH-000750,5-Fluorouracil,1970,2449,802,0.2217
ACH-000750,8-Hydroxyquinoline,1166,3370,753,0.199
ACH-000750,9-ING-41,4875,2336,1313,0.2226
ACH-000750,APTO-253,3606,1043,547,0.1333
ACH-000750,AT7519,2245,1152,631,0.2281
ACH-000750,AZD-7648,4039,1869,973,0.1972
ACH-000750,AZD-8055,2935,1895,917,0.2343
ACH-000750,AZD1390,2984,1731,727,0.1823
ACH-000750,AZD2858,1806,1621,469,0.1586
ACH-000750,Abemaciclib,5986,3122,2275,0.3329
ACH-000750,Abiraterone acetate,2422,2359,796,0.1997
ACH-000750,Acetazolamide,3115,1917,948,0.2321
ACH-000750,Acetohexamide,985,3166,503,0.1379
ACH-000750,Adagrasib,4336,3692,1946,0.32
ACH-000750,Adenine,1577,2559,816,0.2458
ACH-000750,Adenosine,1358,3436,853,0.2164
ACH-000750,Afatinib,3450,4276,1669,0.2755
ACH-000750,Aliskiren,1322,2746,669,0.1968
ACH-000750,Allantoin,1973,3786,1109,0.2385
ACH-000750,Allopurinol,3901,2263,1227,0.2485
ACH-000750,Almonertinib (hydrochloride),1553,3039,801,0.2113
ACH-000750,Almonertinib (mesylate),2411,3261,1054,0.2282
ACH-000750,Alpelisib,2007,1440,633,0.2249
ACH-000750,Altretamine,674,907,272,0.2078
ACH-000750,Amsacrine,1547,4380,1031,0.2106
ACH-000750,Anastrozole,1942,1394,626,0.231
ACH-000750,Anethole trithione,2528,3528,1491,0.3266
ACH-000750,Apalutamide,366,1542,160,0.0915
ACH-000750,Aprepitant,3589,2333,1276,0.2746
ACH-000750,Arbutin,758,1183,327,0.2026
ACH-000750,Artemether,2571,3519,1288,0.2682
ACH-000750,Artesunate,2096,3884,1249,0.264
ACH-000750,Asciminib,2746,2329,1011,0.2488
ACH-000750,Aspirin,2106,1586,663,0.2189
ACH-000750,Ataluren,2460,1771,706,0.2003
ACH-000750,Atazanavir (sulfate),2531,2987,1322,0.3151
ACH-000750,Auranofin,2400,7876,1744,0.2044
ACH-000750,Azithromycin (hydrate),1107,2894,617,0.1823
ACH-000750,BAY1125976,4356,3875,1786,0.2771
ACH-000750,BI-3406,2607,1517,749,0.2219
ACH-000750,BI-78D3,5101,1528,916,0.1603
ACH-000750,Baicalin,1460,3571,954,0.234
ACH-000750,Balsalazide (sodium hydrate),1305,2925,786,0.2282
ACH-000750,Belinostat,2438,9245,1949,0.2002
ACH-000750,Belumosudil,2275,3054,923,0.2095
ACH-000750,Belumosudil (mesylate),3052,1575,776,0.2015
ACH-000750,Belzutifan,2316,1854,617,0.1737
ACH-000750,Bendamustine,768,805,213,0.1566
ACH-000750,Benproperine (phosphate),1307,1898,522,0.1946
ACH-000750,Bentamapimod,3945,1509,761,0.1622
ACH-000750,Benztropine (mesylate),1822,1283,405,0.15
ACH-000750,Berbamine,3123,3288,1377,0.2735
ACH-000750,Berbamine (dihydrochloride),2321,1916,707,0.2003
ACH-000750,Berberine (chloride hydrate),1141,3176,677,0.186
ACH-000750,Bergenin,1097,2865,600,0.1785
ACH-000750,Bestatin,327,2638,211,0.0766
ACH-000750,Bestatin (hydrochloride),2464,1923,715,0.1947
ACH-000750,Betamethasone dipropionate,1047,2829,705,0.2223
ACH-000750,Bexarotene,2686,3995,1507,0.2913
ACH-000750,Bicalutamide,1797,1574,509,0.1778
ACH-000750,Bimatoprost,1334,4127,812,0.1747
ACH-000750,Bimiralisib,4582,3914,1737,0.257
ACH-000750,Binimetinib,5139,5206,2687,0.3509
ACH-000750,Bisoprolol (hemifumarate),944,2078,479,0.1884
ACH-000750,Bortezomib,6395,6242,3697,0.4135
ACH-000750,Bosentan (hydrate),704,3195,475,0.1387
ACH-000750,Brimonidine,1589,1052,345,0.1503
ACH-000750,Brivudine,4072,4527,1785,0.262
ACH-000750,Budesonide,3941,4229,1887,0.3003
ACH-000750,Busulfan,1713,3093,833,0.2097
ACH-000750,CP21R7,3061,1262,647,0.176
ACH-000750,Cabozantinib (S-malate),2066,2765,819,0.2041
ACH-000750,Canagliflozin,594,1891,316,0.1457
ACH-000750,Canagliflozin (hemihydrate),2235,1719,585,0.1736
ACH-000750,Capivasertib,2542,1286,561,0.1717
ACH-000750,Capmatinib,2598,1775,729,0.2001
ACH-000750,Captopril,2302,2083,695,0.1883
ACH-000750,Carbamazepine,2293,2903,1004,0.2395
ACH-000750,Celecoxib,4443,1059,582,0.1183
ACH-000750,Cepharanthine,1776,2959,965,0.256
ACH-000750,Chlorhexidine (diacetate),2418,3388,1233,0.2696
ACH-000750,Ciclopirox,1194,3165,704,0.1926
ACH-000750,Cilostazol,832,2902,523,0.1629
ACH-000750,Cinacalcet,1861,2057,677,0.2089
ACH-000750,Citalopram (hydrobromide),2630,1440,632,0.1838
ACH-000750,Clobetasol propionate,3551,3763,1735,0.311
ACH-000750,Clofarabine,645,1483,297,0.1622
ACH-000750,Clonidine (hydrochloride),1845,3757,1255,0.2887
ACH-000750,Clopidogrel,3220,1908,994,0.2404
ACH-000750,Clotrimazole,1117,3143,626,0.1723
ACH-000750,Cloxacillin (sodium),1505,2140,783,0.2736
ACH-000750,Cobimetinib,427,3642,324,0.0865
ACH-000750,Crizotinib (hydrochloride),2883,3291,1384,0.2889
ACH-000750,Cyclosporin A,3153,3359,1620,0.3312
ACH-000750,Cysteamine (hydrochloride),864,2713,536,0.1763
ACH-000750,Cytarabine,2139,2829,934,0.2315
ACH-000750,Cytarabine (hydrochloride),835,2143,458,0.1817
ACH-000750,DT-061,2171,1176,481,0.1678
ACH-000750,DTP3,3917,10635,699,0.0505
ACH-000750,Dabrafenib,3273,3754,1342,0.2361
ACH-000750,Daidzin,2574,1911,771,0.2076
ACH-000750,Dapagliflozin,1330,1738,488,0.1891
ACH-000750,"Dapagliflozin ((2S)-1,2-propanediol, hydrate)",687,1591,293,0.1476
ACH-000750,Darinaparsin,1517,4100,937,0.2002
ACH-000750,Darolutamide,3239,2797,1408,0.3042
ACH-000750,Decitabine,1205,3705,822,0.2011
ACH-000750,Delamanid,2358,3407,1315,0.2955
ACH-000750,Demeclocycline,1068,2575,587,0.1921
ACH-000750,Dexamethasone,2395,3630,1517,0.3365
ACH-000750,Dexmedetomidine,401,1747,232,0.1211
ACH-000750,Diammonium Glycyrrhizinate,1642,3731,840,0.1853
ACH-000750,Digitoxin,4061,7934,3356,0.3885
ACH-000750,Dihydroartemisinin,1144,4135,635,0.1367
ACH-000750,Dimethyl fumarate,340,1579,196,0.1138
ACH-000750,Dinaciclib,5051,9670,4055,0.3802
ACH-000750,Diphenhydramine,2152,2086,905,0.2715
ACH-000750,Docetaxel,3505,4098,1723,0.293
ACH-000750,Docetaxel (Trihydrate),465,3741,318,0.0818
ACH-000750,Dorzolamide (hydrochloride),699,2775,434,0.1428
ACH-000750,Doxorubicin (hydrochloride),664,6602,479,0.0706
ACH-000750,Doxycycline (monohydrate),577,1617,280,0.1463
ACH-000750,Drospirenone,3119,2924,1262,0.264
ACH-000750,ERK5-IN-2,3637,4218,1540,0.2439
ACH-000750,ETC-206,2732,1265,663,0.1989
ACH-000750,EX229,5725,3836,2347,0.3253
ACH-000750,Econazole,2204,2585,882,0.2257
ACH-000750,Elagolix sodium,1592,3832,951,0.2126
ACH-000750,Elimusertib hydrochloride,3917,2627,1255,0.2373
ACH-000750,Encorafenib,8088,3588,290,0.0255
ACH-000750,Entecavir (monohydrate),237,2840,168,0.0578
ACH-000750,Entrectinib,2368,2943,967,0.2226
ACH-000750,Epirubicin (hydrochloride),404,6956,320,0.0455
ACH-000750,Eplerenone,396,1222,192,0.1346
ACH-000750,Erdafitinib ,11286,1449,94,0.0074
ACH-000750,Erlotinib,1622,2404,647,0.1915
ACH-000750,Erythromycin,1419,2128,575,0.1935
ACH-000750,Esmolol (hydrochloride),1822,1844,620,0.2035
ACH-000750,Estrone sulfate (potassium),2903,2690,992,0.2156
ACH-000750,Everolimus,2769,1555,739,0.2061
ACH-000750,Fedratinib (hydrochloride hydrate),2764,4215,1512,0.2766
ACH-000750,Fenofibrate,1638,1081,409,0.1771
ACH-000750,Ferulic acid,1010,2075,499,0.193
ACH-000750,Filgotinib,1738,2631,704,0.1921
ACH-000750,Finasteride,691,1968,333,0.1432
ACH-000750,Fingolimod (hydrochloride),1541,2573,757,0.2255
ACH-000750,Flumatinib (mesylate),2495,3588,1301,0.2721
ACH-000750,Flutamide,2076,2411,759,0.2036
ACH-000750,Fluvoxamine,1295,2352,694,0.235
ACH-000750,Fluvoxamine (maleate),1233,3837,813,0.191
ACH-000750,Folic acid,1173,2548,650,0.2117
ACH-000750,Fulvestrant,2437,2209,887,0.236
ACH-000750,Fumaric acid,2787,3435,1249,0.2512
ACH-000750,Furosemide,850,2187,436,0.1676
ACH-000750,Fusidic acid,1137,2705,731,0.235
ACH-000750,Futibatinib,3824,2004,1020,0.2121
ACH-000750,GSK1059615,4887,4011,1902,0.2719
ACH-000750,Gallic acid,1529,2889,871,0.2456
ACH-000750,Gallic acid (hydrate),1772,3307,890,0.2125
ACH-000750,Gefitinib,1751,3215,875,0.2139
ACH-000750,Gemcitabine,3608,1835,1000,0.2251
ACH-000750,Gemfibrozil,1402,3202,840,0.2232
ACH-000750,Glycyrrhizic acid,728,1414,221,0.115
ACH-000750,Goserelin (acetate),1633,3258,1009,0.2599
ACH-000750,HI-TOPK-032,5056,2523,1370,0.2206
ACH-000750,Harringtonine,2045,9359,1832,0.1914
ACH-000750,Hesperidin,785,1704,369,0.1741
ACH-000750,Hexylresorcinol,1638,3080,941,0.2491
ACH-000750,Homoharringtonine,9560,11282,7600,0.5739
ACH-000750,Hydroxyfasudil,4649,946,469,0.0915
ACH-000750,Hydroxyurea,419,1679,169,0.0876
ACH-000750,IQ 1,3449,1751,881,0.204
ACH-000750,Idarubicin (hydrochloride),8027,12778,6588,0.4634
ACH-000750,Idoxuridine,2981,2349,1112,0.2636
ACH-000750,Imiquimod (hydrochloride),2008,2533,801,0.2142
ACH-000750,Imiquimod (maleate),346,882,125,0.1133
ACH-000750,Indacaterol (maleate),3241,2634,1356,0.3001
ACH-000750,Infigratinib,2563,3097,1127,0.2486
ACH-000750,Ipatasertib,5876,2211,1418,0.2126
ACH-000750,Irinotecan,2533,1706,788,0.2283
ACH-000750,Irinotecan (hydrochloride),4789,2978,1586,0.2566
ACH-000750,Isocorydine,1422,3079,788,0.2122
ACH-000750,Ivermectin,1951,1836,652,0.208
ACH-000750,Ixazomib,2356,2516,1014,0.2628
ACH-000750,Ixazomib citrate,1945,8543,1590,0.1787
ACH-000750,L-Eflornithine (monohydrochloride),2709,1873,866,0.233
ACH-000750,L-Thyroxine (sodium salt pentahydrate),1092,2977,518,0.1459
ACH-000750,LB-100,2792,1091,517,0.1536
ACH-000750,LJI308,3478,2149,1154,0.258
ACH-000750,LY-2584702 (tosylate salt),3787,1900,1020,0.2186
ACH-000750,LY2090314,1744,1203,435,0.1732
ACH-000750,Lactate (calcium),2219,2611,741,0.1812
ACH-000750,Lapatinib ditosylate,2592,1249,560,0.1707
ACH-000750,Larotrectinib,1889,3701,952,0.2053
ACH-000750,Lenalidomide (hemihydrate),868,3112,520,0.1503
ACH-000750,Levobupivacaine (hydrochloride),890,1798,398,0.1738
ACH-000750,Lidocaine (hydrochloride),1924,4337,1129,0.22
ACH-000750,Ligustrazine,473,2073,294,0.1306
ACH-000750,Lipoic acid,877,1972,499,0.2123
ACH-000750,Lonafarnib,2953,2610,935,0.202
ACH-000750,Loperamide (hydrochloride),2688,2383,1009,0.2484
ACH-000750,Lopinavir,2248,2671,1149,0.3048
ACH-000750,Lucanthone,2814,2278,990,0.2413
ACH-000750,Lumateperone (tosylate),1208,2686,692,0.2161
ACH-000750,MK-3903,3605,1941,863,0.1843
ACH-000750,MK-8353,2880,1023,543,0.1616
ACH-000750,ML264,3750,1912,874,0.1825
ACH-000750,Macitentan,291,1307,142,0.0975
ACH-000750,Malotilate,3891,3651,1947,0.348
ACH-000750,Mebendazole,745,3389,467,0.1274
ACH-000750,Medroxyprogesterone acetate,1523,3940,887,0.1938
ACH-000750,Megestrol,2063,2574,787,0.2044
ACH-000750,Meloxicam,2147,1643,576,0.1792
ACH-000750,Menadione,548,1383,253,0.1508
ACH-000750,Methotrexate,1346,2873,635,0.1772
ACH-000750,Methyl aminolevulinate (hydrochloride),2162,2636,956,0.2488
ACH-000750,Methylprednisolone succinate,5026,7930,572,0.0462
ACH-000750,Methylthiouracil,1526,2188,626,0.2027
ACH-000750,Mifepristone,540,1664,272,0.1408
ACH-000750,Minodronic acid,2745,1932,912,0.2422
ACH-000750,Mitoxantrone (dihydrochloride),1969,7643,1401,0.1706
ACH-000750,Monocrotaline,449,2184,285,0.1214
ACH-000750,Mozavaptan,673,1877,348,0.158
ACH-000750,NG25,2001,3706,1021,0.2179
ACH-000750,NVP-BHG712,4027,1862,861,0.1712
ACH-000750,Nafamostat (mesylate),2694,2041,818,0.2088
ACH-000750,Naproxen,1465,1524,512,0.2067
ACH-000750,Neratinib,1332,2431,598,0.1889
ACH-000750,Neratinib (maleate),1759,4827,1171,0.2163
ACH-000750,Nevirapine,465,2156,276,0.1177
ACH-000750,Niclosamide (olamine),541,5200,427,0.0804
ACH-000750,Norepinephrine (hydrochloride),1229,3417,737,0.1885
ACH-000750,OTS514,2147,2076,731,0.2093
ACH-000750,Olanzapine,1406,3591,919,0.2254
ACH-000750,Oleic acid,2636,1235,672,0.2101
ACH-000750,Omeprazole,1538,1531,457,0.175
ACH-000750,Omeprazole (sodium),1456,2197,540,0.1735
ACH-000750,Orlistat,720,2010,351,0.1475
ACH-000750,Osimertinib (mesylate),1935,3167,987,0.2399
ACH-000750,Ouabain (Octahydrate),6326,8544,4856,0.4849
ACH-000750,Oxaliplatin,3572,2410,1330,0.2859
ACH-000750,Oxaprozin,3043,2706,1124,0.243
ACH-000750,PF-06260933,3600,5339,1050,0.1331
ACH-000750,PH-797804,4480,4914,1997,0.27
ACH-000750,Paclitaxel,2931,3740,1089,0.1951
ACH-000750,Palmatine (chloride),1720,3142,839,0.2086
ACH-000750,Panobinostat,7124,11111,6064,0.4982
ACH-000750,Pasireotide (acetate),2025,3518,1122,0.2538
ACH-000750,Pemetrexed,728,1653,372,0.1852
ACH-000750,Pemigatinib,663,1223,104,0.0584
ACH-000750,Penfluridol,635,1514,266,0.1413
ACH-000750,Pentagastrin,1263,3913,834,0.1921
ACH-000750,Pentamidine (isethionate),2014,3629,997,0.2146
ACH-000750,Pentoxifylline,3067,3252,1385,0.2807
ACH-000750,Peretinoin,1293,4889,1030,0.1999
ACH-000750,Perindopril (erbumine),868,1254,297,0.1627
ACH-000750,Pexidartinib (hydrochloride),1227,2320,631,0.2164
ACH-000750,Phenylephrine (hydrochloride),2527,2970,1030,0.2306
ACH-000750,Phenytoin (sodium),828,1532,346,0.1718
ACH-000750,Pimitespib,3672,1103,703,0.1726
ACH-000750,Pimozide,1618,2200,632,0.1984
ACH-000750,Pioglitazone,2735,2933,1321,0.3039
ACH-000750,Piroxicam,4193,2445,1472,0.2849
ACH-000750,Pitavastatin (Calcium),1191,3927,856,0.2008
ACH-000750,Ponatinib,2750,5300,1601,0.2483
ACH-000750,Posaconazole,438,2772,279,0.0952
ACH-000750,Pralsetinib,3383,3389,1455,0.2737
ACH-000750,Pravastatin (sodium),2632,1950,846,0.2264
ACH-000750,Procainamide (hydrochloride),663,1037,231,0.1572
ACH-000750,Proglumide,1079,1853,368,0.1435
ACH-000750,Pyridoxine,1289,3262,667,0.1717
ACH-000750,Pyridoxine (hydrochloride),2232,2501,983,0.2621
ACH-000750,Quinestrol,1642,3064,914,0.241
ACH-000750,Quinidine (15% dihydroquinidine),664,2447,408,0.1509
ACH-000750,RMC-6236,3269,4358,1425,0.2298
ACH-000750,Radotinib,1992,3336,1064,0.2495
ACH-000750,Ralimetinib dimesylate,4385,812,483,0.1025
ACH-000750,Raltitrexed,1269,3594,828,0.2052
ACH-000750,Ranolazine,1087,1883,429,0.1688
ACH-000750,Rapamycin,1642,4916,1153,0.2133
ACH-000750,Regorafenib,4132,1728,998,0.2053
ACH-000750,Relugolix,1051,2336,631,0.229
ACH-000750,Resveratrol,1579,3973,965,0.2104
ACH-000750,Retinoic acid,2800,3673,1366,0.2675
ACH-000750,Rifaximin,306,1433,164,0.1041
ACH-000750,Riluzole hydrochloride,2263,4458,1417,0.2672
ACH-000750,Rimonabant,1515,2993,885,0.2443
ACH-000750,Ritonavir,1031,3671,592,0.144
ACH-000750,Ropivacaine (hydrochloride monohydrate),1511,3255,1015,0.2706
ACH-000750,Rosiglitazone,725,1685,369,0.1808
ACH-000750,Roxadustat,771,3104,495,0.1464
ACH-000750,Rucaparib (phosphate),407,1564,222,0.1269
ACH-000750,Rutin (trihydrate),2024,1866,777,0.2496
ACH-000750,S-Adenosyl-L-methionine (disulfate tosylate),1840,4331,1290,0.2643
ACH-000750,SBI-0640756,561,1632,125,0.0604
ACH-000750,Sacubitril/Valsartan,864,3161,611,0.179
ACH-000750,Salicylic acid,1433,3509,917,0.2278
ACH-000750,Sapanisertib,5807,3927,2116,0.2778
ACH-000750,Saquinavir,1258,3429,696,0.1744
ACH-000750,Selinexor ,2929,6789,2059,0.2688
ACH-000750,Sildenafil,449,2266,304,0.1261
ACH-000750,Silodosin,425,499,128,0.1608
ACH-000750,Simotinib,442,584,127,0.1413
ACH-000750,Sinomenine,1037,2450,556,0.1897
ACH-000750,Sivelestat (sodium tetrahydrate),649,3322,425,0.1199
ACH-000750,Sodium Salicylate,1895,3772,1073,0.2336
ACH-000750,Sonidegib,5746,4062,713,0.0784
ACH-000750,Sulfatinib,614,1007,271,0.2007
ACH-000750,Sulfisoxazole,3214,3458,1359,0.2558
ACH-000750,Sunitinib,2922,3325,1326,0.2695
ACH-000750,TAK-733,2222,3915,1165,0.2343
ACH-000750,TAK-901,4330,8748,2947,0.2909
ACH-000750,Tadalafil,636,3002,444,0.139
ACH-000750,Talc,1934,1739,600,0.1952
ACH-000750,Tazarotene,2964,2995,1304,0.2801
ACH-000750,Temsirolimus,1881,3863,1075,0.2302
ACH-000750,Temuterkib,4371,2081,1026,0.1891
ACH-000750,Terfenadine,2457,3966,1249,0.2414
ACH-000750,Tetracycline (hydrochloride),387,2531,269,0.1015
ACH-000750,Thymol,1309,2657,590,0.1748
ACH-000750,Thymopentin,515,2431,327,0.1249
ACH-000750,Tirabrutinib,1997,2371,1010,0.3008
ACH-000750,Tirabrutinib (hydrochloride),3509,3406,1529,0.2839
ACH-000750,Tofacitinib,1243,3451,685,0.1709
ACH-000750,Tofacitinib (citrate),1577,3288,836,0.2075
ACH-000750,Tolcapone,1271,4385,913,0.1925
ACH-000750,Tolmetin,680,1324,332,0.1986
ACH-000750,Tomivosertib,3618,2078,1057,0.2279
ACH-000750,Topotecan (hydrochloride),2503,6178,1577,0.222
ACH-000750,Torkinib,3585,1606,816,0.1865
ACH-000750,Trametinib,6423,7182,4003,0.4169
ACH-000750,Trametinib (DMSO_TF solvate),2621,4490,1547,0.278
ACH-000750,Tranilast,394,1636,184,0.0997
ACH-000750,Triamcinolone,2446,4291,1636,0.3207
ACH-000750,Triclosan,1293,3224,765,0.2039
ACH-000750,Trifluridine,989,3682,607,0.1494
ACH-000750,Trimetrexate,1440,3816,868,0.1978
ACH-000750,Tubulin inhibitor 6,2509,1141,589,0.1924
ACH-000750,Tucatinib,2798,1620,826,0.23
ACH-000750,Tucidinostat,2983,9624,2505,0.248
ACH-000750,ULK-101,4499,1734,887,0.1659
ACH-000750,Uridine,1539,2533,699,0.2072
ACH-000750,Valdecoxib,1217,2025,451,0.1616
ACH-000750,Vandetanib,2694,3494,1392,0.2902
ACH-000750,Vemurafenib,2743,1563,621,0.1685
ACH-000750,Verapamil,515,1536,272,0.1529
ACH-000750,Verteporfin,613,3442,395,0.1079
ACH-000750,Vilanterol,1155,3652,733,0.1799
ACH-000750,Vinblastine (sulfate),1871,5243,1336,0.2312
ACH-000750,Vismodegib,1011,1449,320,0.1495
ACH-000750,Vitamin K4,2722,2148,788,0.193
ACH-000750,Volasertib,2830,1108,539,0.1586
ACH-000750,Voriconazole,1626,2482,702,0.2061
ACH-000750,Vortioxetine,2259,2882,1092,0.2697
ACH-000750,XRK3F2,3996,1782,940,0.1943
ACH-000750,Zileuton,2124,1847,629,0.1882
ACH-000750,c-Kit-IN-1,6543,11443,2064,0.1296
ACH-000750,crizotinib,605,2839,412,0.1359
ACH-000750,olaparib,3587,10559,578,0.0426
ACH-000750,palbociclib,3086,2118,960,0.2262
ACH-000750,venetoclax,3167,3116,1309,0.2632
ACH-000750,vincristine,4597,2077,1223,0.2244
ACH-000750,γ-Oryzanol,1557,1348,481,0.1984
ACH-000757,(R)-Verapamil (hydrochloride),821,2265,304,0.1093
ACH-000757,(S)-Crizotinib,401,940,172,0.1471
ACH-000757,18β-Glycyrrhetinic acid,508,2444,249,0.0921
ACH-000757,4EGI-1,2832,1422,803,0.2327
ACH-000757,5-Azacytidine,1030,2501,414,0.1328
ACH-000757,5-Fluorouracil,706,675,201,0.1703
ACH-000757,8-Hydroxyquinoline,763,3363,458,0.1249
ACH-000757,9-ING-41,4058,1852,986,0.2002
ACH-000757,APTO-253,2731,1083,433,0.1281
ACH-000757,AT7519,1680,761,353,0.1691
ACH-000757,AZD-7648,3821,1775,833,0.1749
ACH-000757,AZD-8055,2936,1559,731,0.1942
ACH-000757,AZD1390,2407,1603,576,0.1677
ACH-000757,AZD2858,1439,1300,296,0.1212
ACH-000757,Abemaciclib,3720,1536,862,0.1962
ACH-000757,Abiraterone acetate,934,1413,322,0.159
ACH-000757,Acetazolamide,1225,854,281,0.1563
ACH-000757,Acetohexamide,592,2516,295,0.1049
ACH-000757,Adagrasib,2036,2948,1014,0.2554
ACH-000757,Adenine,1281,2914,765,0.223
ACH-000757,Adenosine,872,4031,607,0.1413
ACH-000757,Afatinib,2369,4477,1091,0.1896
ACH-000757,Aliskiren,880,2480,424,0.1444
ACH-000757,Allantoin,1352,3991,797,0.1753
ACH-000757,Allopurinol,1916,1105,455,0.1773
ACH-000757,Almonertinib (hydrochloride),891,2763,393,0.1205
ACH-000757,Almonertinib (mesylate),1119,1575,386,0.1672
ACH-000757,Alpelisib,1449,1225,359,0.1551
ACH-000757,Altretamine,195,602,115,0.1686
ACH-000757,Amsacrine,980,4764,672,0.1325
ACH-000757,Anastrozole,1414,1397,485,0.2085
ACH-000757,Anethole trithione,2187,4301,1454,0.2888
ACH-000757,Apalutamide,91,752,54,0.0684
ACH-000757,Aprepitant,1668,834,330,0.1519
ACH-000757,Arbutin,353,967,208,0.1871
ACH-000757,Artemether,991,1094,345,0.1983
ACH-000757,Artesunate,1965,5117,1220,0.2081
ACH-000757,Asciminib,1692,1181,468,0.1946
ACH-000757,Aspirin,1002,821,292,0.1907
ACH-000757,Ataluren,1147,760,225,0.1338
ACH-000757,Atazanavir (sulfate),1091,1248,473,0.2535
ACH-000757,Auranofin,989,7302,678,0.0891
ACH-000757,Azithromycin (hydrate),737,2400,389,0.1416
ACH-000757,BAY1125976,3672,3885,1503,0.2483
ACH-000757,BI-3406,2618,2103,901,0.2359
ACH-000757,BI-78D3,4092,1231,614,0.1304
ACH-000757,Baicalin,999,3592,662,0.1685
ACH-000757,Balsalazide (sodium hydrate),1058,2922,667,0.2013
ACH-000757,Belinostat,1520,8506,1131,0.1272
ACH-000757,Belumosudil,1172,1756,420,0.1675
ACH-000757,Belumosudil (mesylate),2277,1567,461,0.1363
ACH-000757,Belzutifan,1663,1775,417,0.138
ACH-000757,Bendamustine,161,572,83,0.1277
ACH-000757,Benproperine (phosphate),504,943,188,0.1493
ACH-000757,Bentamapimod,2887,1408,576,0.1549
ACH-000757,Benztropine (mesylate),596,749,154,0.1293
ACH-000757,Berbamine,2195,2442,875,0.2326
ACH-000757,Berbamine (dihydrochloride),1548,1318,393,0.1589
ACH-000757,Berberine (chloride hydrate),675,3788,451,0.1124
ACH-000757,Bergenin,435,2367,219,0.0848
ACH-000757,Bestatin,58,1140,42,0.0363
ACH-000757,Bestatin (hydrochloride),1307,843,334,0.1839
ACH-000757,Betamethasone dipropionate,255,982,137,0.1245
ACH-000757,Bexarotene,897,1235,302,0.165
ACH-000757,Bicalutamide,918,852,227,0.1471
ACH-000757,Bimatoprost,788,3074,424,0.1233
ACH-000757,Bimiralisib,4258,5189,1866,0.2461
ACH-000757,Binimetinib,4981,4879,2406,0.3228
ACH-000757,Bisoprolol (hemifumarate),495,1806,312,0.1569
ACH-000757,Bortezomib,4377,5329,2293,0.3093
ACH-000757,Bosentan (hydrate),265,1772,203,0.1107
ACH-000757,Brimonidine,783,535,165,0.1431
ACH-000757,Brivudine,3169,4587,1421,0.2243
ACH-000757,Budesonide,1677,1526,498,0.1841
ACH-000757,Busulfan,1343,3021,622,0.1662
ACH-000757,CP21R7,2876,960,411,0.12
ACH-000757,Cabozantinib (S-malate),1000,2227,392,0.1383
ACH-000757,Canagliflozin,390,1135,210,0.1597
ACH-000757,Canagliflozin (hemihydrate),1424,945,327,0.1601
ACH-000757,Capivasertib,1366,753,238,0.1265
ACH-000757,Capmatinib,1717,1733,536,0.1839
ACH-000757,Captopril,1170,433,130,0.0883
ACH-000757,Carbamazepine,1549,1787,578,0.2096
ACH-000757,Celecoxib,3994,903,447,0.1004
ACH-000757,Cepharanthine,1169,3187,665,0.1802
ACH-000757,Chlorhexidine (diacetate),2074,4776,1210,0.2145
ACH-000757,Ciclopirox,441,3181,280,0.0838
ACH-000757,Cilostazol,318,1925,212,0.1044
ACH-000757,Cinacalcet,1099,1241,316,0.1561
ACH-000757,Citalopram (hydrobromide),873,832,266,0.1849
ACH-000757,Clobetasol propionate,1132,750,234,0.142
ACH-000757,Clofarabine,166,1136,96,0.0796
ACH-000757,Clonidine (hydrochloride),1505,4150,1140,0.2525
ACH-000757,Clopidogrel,1711,1034,429,0.1852
ACH-000757,Clotrimazole,610,2781,320,0.1042
ACH-000757,Cloxacillin (sodium),981,1919,496,0.2063
ACH-000757,Cobimetinib,251,3150,176,0.0546
ACH-000757,Crizotinib (hydrochloride),1657,1938,706,0.2444
ACH-000757,Cyclosporin A,1743,1588,595,0.2175
ACH-000757,Cysteamine (hydrochloride),437,2658,256,0.0902
ACH-000757,Cytarabine,1249,2223,539,0.1838
ACH-000757,Cytarabine (hydrochloride),546,1585,331,0.1839
ACH-000757,DT-061,1364,830,236,0.1205
ACH-000757,DTP3,3457,550,315,0.0853
ACH-000757,Dabrafenib,2649,3467,1024,0.2011
ACH-000757,Daidzin,1335,1506,383,0.1558
ACH-000757,Dapagliflozin,600,888,226,0.1791
ACH-000757,"Dapagliflozin ((2S)-1,2-propanediol, hydrate)",451,1118,162,0.1151
ACH-000757,Darinaparsin,985,4153,637,0.1415
ACH-000757,Darolutamide,1731,1810,712,0.2517
ACH-000757,Decitabine,625,3200,474,0.1415
ACH-000757,Delamanid,1255,1391,521,0.2452
ACH-000757,Demeclocycline,772,2417,403,0.1447
ACH-000757,Dexamethasone,685,843,239,0.1854
ACH-000757,Dexmedetomidine,141,955,87,0.0862
ACH-000757,Diammonium Glycyrrhizinate,905,3412,497,0.1301
ACH-000757,Digitoxin,3791,6347,2603,0.3455
ACH-000757,Dihydroartemisinin,592,2056,279,0.1178
ACH-000757,Dimethyl fumarate,92,814,57,0.0671
ACH-000757,Dinaciclib,814,2838,458,0.1434
ACH-000757,Diphenhydramine,1026,993,389,0.2387
ACH-000757,Docetaxel,3468,3999,1507,0.2529
ACH-000757,Docetaxel (Trihydrate),214,2302,140,0.0589
ACH-000757,Dorzolamide (hydrochloride),264,1664,159,0.0899
ACH-000757,Doxorubicin (hydrochloride),349,3602,225,0.0604
ACH-000757,Doxycycline (monohydrate),107,1262,73,0.0563
ACH-000757,Drospirenone,1968,2241,758,0.2196
ACH-000757,ERK5-IN-2,2772,3357,927,0.1782
ACH-000757,ETC-206,2449,969,452,0.1524
ACH-000757,EX229,4627,2256,1092,0.1886
ACH-000757,Econazole,1023,581,217,0.1565
ACH-000757,Elagolix sodium,1186,3301,692,0.1823
ACH-000757,Elimusertib hydrochloride,3845,3159,1392,0.248
ACH-000757,Encorafenib,10845,3793,134,0.0092
ACH-000757,Entecavir (monohydrate),18,1105,15,0.0135
ACH-000757,Entrectinib,896,1980,378,0.1513
ACH-000757,Epirubicin (hydrochloride),145,3686,102,0.0274
ACH-000757,Eplerenone,114,815,81,0.0955
ACH-000757,Erdafitinib ,8316,1215,95,0.0101
ACH-000757,Erlotinib,590,1685,286,0.1438
ACH-000757,Erythromycin,558,1114,193,0.1305
ACH-000757,Esmolol (hydrochloride),871,970,232,0.1442
ACH-000757,Estrone sulfate (potassium),1849,1359,497,0.1833
ACH-000757,Everolimus,1401,850,274,0.1386
ACH-000757,Fedratinib (hydrochloride hydrate),1377,2194,485,0.1572
ACH-000757,Fenofibrate,736,619,205,0.1783
ACH-000757,Ferulic acid,313,1511,200,0.1232
ACH-000757,Filgotinib,658,1749,238,0.1097
ACH-000757,Finasteride,128,1180,85,0.0695
ACH-000757,Fingolimod (hydrochloride),795,1589,350,0.1721
ACH-000757,Flumatinib (mesylate),1116,2017,539,0.2078
ACH-000757,Flutamide,794,1470,275,0.1383
ACH-000757,Fluvoxamine,348,1868,233,0.1175
ACH-000757,Fluvoxamine (maleate),695,3291,419,0.1175
ACH-000757,Folic acid,902,3207,620,0.1777
ACH-000757,Fulvestrant,823,899,248,0.1682
ACH-000757,Fumaric acid,1339,2459,574,0.178
ACH-000757,Furosemide,573,2183,303,0.1235
ACH-000757,Fusidic acid,892,2877,559,0.1741
ACH-000757,Futibatinib,3482,1493,768,0.1826
ACH-000757,GSK1059615,4263,2787,1161,0.1971
ACH-000757,Gallic acid,1323,3098,735,0.1994
ACH-000757,Gallic acid (hydrate),1326,2844,582,0.1622
ACH-000757,Gefitinib,702,1308,250,0.142
ACH-000757,Gemcitabine,2325,1480,595,0.1854
ACH-000757,Gemfibrozil,825,2515,427,0.1466
ACH-000757,Glycyrrhizic acid,415,653,138,0.1484
ACH-000757,Goserelin (acetate),964,3236,658,0.1858
ACH-000757,HI-TOPK-032,4137,2325,990,0.1809
ACH-000757,Harringtonine,1058,7351,777,0.1018
ACH-000757,Hesperidin,307,1170,144,0.108
ACH-000757,Hexylresorcinol,921,3014,581,0.1732
ACH-000757,Homoharringtonine,6349,4104,2244,0.2734
ACH-000757,Hydroxyfasudil,3744,925,343,0.0793
ACH-000757,Hydroxyurea,109,1001,49,0.0462
ACH-000757,IQ 1,2685,1530,584,0.1608
ACH-000757,Idarubicin (hydrochloride),2521,7611,1449,0.1669
ACH-000757,Idoxuridine,1630,1231,491,0.2072
ACH-000757,Imiquimod (hydrochloride),1142,1825,392,0.1522
ACH-000757,Imiquimod (maleate),156,468,55,0.0967
ACH-000757,Indacaterol (maleate),1175,834,271,0.1559
ACH-000757,Infigratinib,1734,2643,750,0.2068
ACH-000757,Ipatasertib,4246,1779,962,0.19
ACH-000757,Irinotecan,1828,1220,475,0.1846
ACH-000757,Irinotecan (hydrochloride),4069,1688,821,0.1663
ACH-000757,Isocorydine,876,2615,470,0.1556
ACH-000757,Ivermectin,785,725,220,0.1705
ACH-000757,Ixazomib,1559,2069,519,0.1669
ACH-000757,Ixazomib citrate,890,6742,655,0.0939
ACH-000757,L-Eflornithine (monohydrochloride),1510,900,363,0.1773
ACH-000757,L-Thyroxine (sodium salt pentahydrate),688,2662,278,0.0905
ACH-000757,LB-100,1888,713,264,0.113
ACH-000757,LJI308,2788,2008,864,0.2197
ACH-000757,LY-2584702 (tosylate salt),2410,1351,566,0.1772
ACH-000757,LY2090314,1087,831,218,0.1282
ACH-000757,Lactate (calcium),828,1439,286,0.1444
ACH-000757,Lapatinib ditosylate,1449,708,226,0.117
ACH-000757,Larotrectinib,934,3148,464,0.1282
ACH-000757,Lenalidomide (hemihydrate),370,3213,220,0.0654
ACH-000757,Levobupivacaine (hydrochloride),444,1082,216,0.1649
ACH-000757,Lidocaine (hydrochloride),1423,4471,848,0.1681
ACH-000757,Ligustrazine,171,1230,117,0.0911
ACH-000757,Lipoic acid,483,1897,300,0.1442
ACH-000757,Lonafarnib,1361,1932,412,0.143
ACH-000757,Loperamide (hydrochloride),1303,1132,365,0.1763
ACH-000757,Lopinavir,1303,1505,553,0.2452
ACH-000757,Lucanthone,2206,1485,699,0.2336
ACH-000757,Lumateperone (tosylate),655,2458,388,0.1424
ACH-000757,MK-3903,2516,1931,582,0.1506
ACH-000757,MK-8353,1788,690,292,0.1336
ACH-000757,ML264,2988,1804,704,0.1722
ACH-000757,Macitentan,113,672,74,0.1041
ACH-000757,Malotilate,2462,2576,1201,0.313
ACH-000757,Mebendazole,268,2156,193,0.0865
ACH-000757,Medroxyprogesterone acetate,883,3666,515,0.1277
ACH-000757,Megestrol,1266,2177,468,0.1573
ACH-000757,Meloxicam,1210,798,296,0.1729
ACH-000757,Menadione,286,877,140,0.1369
ACH-000757,Methotrexate,722,1193,268,0.1627
ACH-000757,Methyl aminolevulinate (hydrochloride),868,946,282,0.1841
ACH-000757,Methylprednisolone succinate,4201,293,218,0.051
ACH-000757,Methylthiouracil,632,1076,230,0.1556
ACH-000757,Mifepristone,222,1175,156,0.1257
ACH-000757,Minodronic acid,2370,1844,808,0.2372
ACH-000757,Mitoxantrone (dihydrochloride),1703,4985,1002,0.1762
ACH-000757,Monocrotaline,249,986,134,0.1217
ACH-000757,Mozavaptan,293,1150,145,0.1117
ACH-000757,NG25,1178,3482,611,0.1509
ACH-000757,NVP-BHG712,3300,1724,622,0.1413
ACH-000757,Nafamostat (mesylate),1065,865,242,0.1434
ACH-000757,Naproxen,728,1039,277,0.1859
ACH-000757,Neratinib,931,1504,296,0.1384
ACH-000757,Neratinib (maleate),1023,6595,787,0.1152
ACH-000757,Nevirapine,207,1311,132,0.0952
ACH-000757,Niclosamide (olamine),269,3795,204,0.0528
ACH-000757,Norepinephrine (hydrochloride),580,3116,349,0.1043
ACH-000757,OTS514,1278,1494,400,0.1686
ACH-000757,Olanzapine,842,3989,633,0.1508
ACH-000757,Oleic acid,2402,822,392,0.1384
ACH-000757,Omeprazole,615,1048,234,0.1638
ACH-000757,Omeprazole (sodium),470,987,164,0.1268
ACH-000757,Orlistat,247,1111,120,0.0969
ACH-000757,Osimertinib (mesylate),909,1673,365,0.1646
ACH-000757,Ouabain (Octahydrate),4190,7881,3098,0.3453
ACH-000757,Oxaliplatin,2800,2320,1136,0.2851
ACH-000757,Oxaprozin,1344,1183,380,0.177
ACH-000757,PF-06260933,2699,10886,733,0.057
ACH-000757,PH-797804,3379,4256,1436,0.2317
ACH-000757,Paclitaxel,2483,2839,745,0.1628
ACH-000757,Palmatine (chloride),809,2869,387,0.1176
ACH-000757,Panobinostat,5875,10786,4918,0.4188
ACH-000757,Pasireotide (acetate),1011,2851,488,0.1446
ACH-000757,Pemetrexed,440,1453,228,0.1369
ACH-000757,Pemigatinib,5036,892,82,0.014
ACH-000757,Penfluridol,225,1161,124,0.0983
ACH-000757,Pentagastrin,948,3442,609,0.1611
ACH-000757,Pentamidine (isethionate),1343,3931,723,0.1589
ACH-000757,Pentoxifylline,1773,1987,702,0.2296
ACH-000757,Peretinoin,711,3559,537,0.1439
ACH-000757,Perindopril (erbumine),313,413,94,0.1487
ACH-000757,Pexidartinib (hydrochloride),468,1012,241,0.1945
ACH-000757,Phenylephrine (hydrochloride),1455,988,337,0.16
ACH-000757,Phenytoin (sodium),254,1234,150,0.1121
ACH-000757,Pimitespib,2645,827,390,0.1265
ACH-000757,Pimozide,1266,1024,344,0.1768
ACH-000757,Pioglitazone,916,975,317,0.2014
ACH-000757,Piroxicam,1791,1088,467,0.1936
ACH-000757,Pitavastatin (Calcium),231,2434,151,0.0601
ACH-000757,Ponatinib,1415,4044,744,0.1578
ACH-000757,Posaconazole,190,1934,142,0.0716
ACH-000757,Pralsetinib,2248,2326,720,0.1868
ACH-000757,Pravastatin (sodium),1519,1182,377,0.1622
ACH-000757,Procainamide (hydrochloride),120,548,59,0.0969
ACH-000757,Proglumide,512,539,125,0.135
ACH-000757,Pyridoxine,797,3024,401,0.1173
ACH-000757,Pyridoxine (hydrochloride),1585,3017,916,0.2485
ACH-000757,Quinestrol,970,3087,586,0.1688
ACH-000757,Quinidine (15% dihydroquinidine),159,1125,114,0.0974
ACH-000757,RMC-6236,3459,4421,1484,0.232
ACH-000757,Radotinib,1331,3742,749,0.1732
ACH-000757,Ralimetinib dimesylate,3076,794,446,0.1303
ACH-000757,Raltitrexed,822,3610,494,0.1254
ACH-000757,Ranolazine,671,827,233,0.1842
ACH-000757,Rapamycin,1117,4519,763,0.1566
ACH-000757,Regorafenib,2421,1723,654,0.1874
ACH-000757,Relugolix,900,2496,556,0.1958
ACH-000757,Resveratrol,932,3269,523,0.1422
ACH-000757,Retinoic acid,1118,2422,467,0.152
ACH-000757,Rifaximin,73,695,47,0.0652
ACH-000757,Riluzole hydrochloride,1981,5144,1317,0.2268
ACH-000757,Rimonabant,876,2804,543,0.1731
ACH-000757,Ritonavir,622,3448,333,0.0891
ACH-000757,Ropivacaine (hydrochloride monohydrate),1007,3502,667,0.1736
ACH-000757,Rosiglitazone,231,879,119,0.1201
ACH-000757,Roxadustat,302,2315,204,0.0845
ACH-000757,Rucaparib (phosphate),77,966,60,0.061
ACH-000757,Rutin (trihydrate),972,1204,381,0.2123
ACH-000757,S-Adenosyl-L-methionine (disulfate tosylate),1164,3892,820,0.1936
ACH-000757,SBI-0640756,7829,1287,107,0.0119
ACH-000757,Sacubitril/Valsartan,306,2037,230,0.1088
ACH-000757,Salicylic acid,1131,3408,702,0.183
ACH-000757,Sapanisertib,4491,4166,1842,0.2703
ACH-000757,Saquinavir,658,3450,361,0.0963
ACH-000757,Selinexor ,2527,7974,1838,0.2122
ACH-000757,Sildenafil,96,1461,69,0.0464
ACH-000757,Silodosin,149,341,68,0.1611
ACH-000757,Simotinib,72,244,29,0.101
ACH-000757,Sinomenine,524,2191,276,0.1132
ACH-000757,Sivelestat (sodium tetrahydrate),225,2783,164,0.0577
ACH-000757,Sodium Salicylate,1395,3252,765,0.1971
ACH-000757,Sonidegib,4694,9003,580,0.0442
ACH-000757,Sulfatinib,231,632,131,0.179
ACH-000757,Sulfisoxazole,1849,3234,725,0.1664
ACH-000757,Sunitinib,1341,2605,572,0.1695
ACH-000757,TAK-733,1722,2372,584,0.1664
ACH-000757,TAK-901,3233,6182,1712,0.2223
ACH-000757,Tadalafil,109,1807,86,0.047
ACH-000757,Talc,954,430,117,0.0923
ACH-000757,Tazarotene,1154,1160,361,0.1848
ACH-000757,Temsirolimus,1599,3751,855,0.1902
ACH-000757,Temuterkib,3400,1651,683,0.1564
ACH-000757,Terfenadine,1353,3094,542,0.1388
ACH-000757,Tetracycline (hydrochloride),152,1332,105,0.0761
ACH-000757,Thymol,779,2453,356,0.1238
ACH-000757,Thymopentin,163,1602,93,0.0556
ACH-000757,Tirabrutinib,1246,1509,599,0.2778
ACH-000757,Tirabrutinib (hydrochloride),1773,1509,539,0.1965
ACH-000757,Tofacitinib,746,3081,393,0.1144
ACH-000757,Tofacitinib (citrate),744,2842,376,0.1171
ACH-000757,Tolcapone,680,3786,465,0.1162
ACH-000757,Tolmetin,395,1065,218,0.1755
ACH-000757,Tomivosertib,3318,2032,903,0.2031
ACH-000757,Topotecan (hydrochloride),1335,3321,579,0.142
ACH-000757,Torkinib,3299,1350,603,0.149
ACH-000757,Trametinib,6284,6544,3589,0.3885
ACH-000757,Trametinib (DMSO_TF solvate),2029,3720,1198,0.2632
ACH-000757,Tranilast,82,1235,59,0.0469
ACH-000757,Triamcinolone,1218,2986,691,0.1967
ACH-000757,Triclosan,767,2850,388,0.1202
ACH-000757,Trifluridine,515,3977,336,0.0808
ACH-000757,Trimetrexate,729,3291,431,0.1201
ACH-000757,Tubulin inhibitor 6,1599,856,320,0.1499
ACH-000757,Tucatinib,1684,1343,495,0.1955
ACH-000757,Tucidinostat,1776,9436,1402,0.1429
ACH-000757,ULK-101,3257,1158,445,0.1121
ACH-000757,Uridine,581,1314,271,0.1669
ACH-000757,Valdecoxib,764,915,201,0.136
ACH-000757,Vandetanib,1408,1395,418,0.1753
ACH-000757,Vemurafenib,1491,1270,290,0.1174
ACH-000757,Verapamil,121,824,74,0.085
ACH-000757,Verteporfin,219,2682,156,0.0568
ACH-000757,Vilanterol,468,2810,239,0.0786
ACH-000757,Vinblastine (sulfate),1398,5398,1019,0.1764
ACH-000757,Vismodegib,547,810,160,0.1337
ACH-000757,Vitamin K4,1336,1072,377,0.1856
ACH-000757,Volasertib,1717,850,289,0.1269
ACH-000757,Voriconazole,719,888,196,0.1389
ACH-000757,Vortioxetine,1392,1511,524,0.2203
ACH-000757,XRK3F2,3150,1723,738,0.1785
ACH-000757,Zileuton,696,739,207,0.1686
ACH-000757,c-Kit-IN-1,4213,7577,871,0.0798
ACH-000757,crizotinib,136,1654,93,0.0548
ACH-000757,olaparib,2631,7668,406,0.041
ACH-000757,palbociclib,2686,2048,788,0.1997
ACH-000757,venetoclax,2091,2045,592,0.167
ACH-000757,vincristine,4013,2262,1145,0.2232
ACH-000757,γ-Oryzanol,616,583,173,0.1686
ACH-000790,(R)-Verapamil (hydrochloride),133,836,73,0.0815
ACH-000790,(S)-Crizotinib,342,809,141,0.1396
ACH-000790,18β-Glycyrrhetinic acid,155,767,86,0.1029
ACH-000790,4EGI-1,658,229,121,0.158
ACH-000790,5-Azacytidine,1276,3859,694,0.1563
ACH-000790,5-Fluorouracil,1126,1174,318,0.1604
ACH-000790,8-Hydroxyquinoline,207,927,124,0.1228
ACH-000790,9-ING-41,1947,383,192,0.0898
ACH-000790,APTO-253,1020,112,55,0.0511
ACH-000790,AT7519,618,191,97,0.1362
ACH-000790,AZD-7648,1623,253,133,0.0763
ACH-000790,AZD-8055,1053,259,132,0.1119
ACH-000790,AZD1390,971,283,112,0.0981
ACH-000790,AZD2858,648,234,66,0.0809
ACH-000790,Abemaciclib,2324,321,238,0.0989
ACH-000790,Abiraterone acetate,1673,1977,605,0.1987
ACH-000790,Acetazolamide,1664,1740,562,0.1977
ACH-000790,Acetohexamide,153,1080,94,0.0825
ACH-000790,Adagrasib,1578,1956,620,0.2128
ACH-000790,Adenine,288,1073,176,0.1485
ACH-000790,Adenosine,206,1449,143,0.0946
ACH-000790,Afatinib,1521,1966,577,0.1983
ACH-000790,Aliskiren,161,653,100,0.1401
ACH-000790,Allantoin,475,1462,192,0.11
ACH-000790,Allopurinol,2523,2233,1003,0.2673
ACH-000790,Almonertinib (hydrochloride),222,822,109,0.1166
ACH-000790,Almonertinib (mesylate),1238,1802,452,0.1747
ACH-000790,Alpelisib,607,334,117,0.142
ACH-000790,Altretamine,369,704,172,0.1909
ACH-000790,Amsacrine,249,1449,173,0.1134
ACH-000790,Anastrozole,568,179,81,0.1216
ACH-000790,Anethole trithione,588,1431,370,0.2244
ACH-000790,Apalutamide,166,711,69,0.0854
ACH-000790,Aprepitant,1810,1316,520,0.1995
ACH-000790,Arbutin,509,1256,256,0.1696
ACH-000790,Artemether,1527,2873,787,0.2178
ACH-000790,Artesunate,900,3023,588,0.1763
ACH-000790,Asciminib,1427,1711,512,0.195
ACH-000790,Aspirin,1433,1447,489,0.2045
ACH-000790,Ataluren,1385,890,292,0.1473
ACH-000790,Atazanavir (sulfate),1609,1975,707,0.2457
ACH-000790,Auranofin,1223,8760,870,0.0955
ACH-000790,Azithromycin (hydrate),172,850,108,0.1182
ACH-000790,BAY1125976,1515,1519,400,0.1519
ACH-000790,BI-3406,1380,378,228,0.149
ACH-000790,BI-78D3,1830,235,121,0.0622
ACH-000790,Baicalin,232,1114,157,0.132
ACH-000790,Balsalazide (sodium hydrate),248,845,150,0.1591
ACH-000790,Belinostat,1484,9876,1138,0.1113
ACH-000790,Belumosudil,1375,1631,397,0.1522
ACH-000790,Belumosudil (mesylate),802,151,76,0.0867
ACH-000790,Belzutifan,614,367,69,0.0757
ACH-000790,Bendamustine,389,755,157,0.1591
ACH-000790,Benproperine (phosphate),661,1101,214,0.1382
ACH-000790,Bentamapimod,1070,183,67,0.0565
ACH-000790,Benztropine (mesylate),780,878,181,0.1225
ACH-000790,Berbamine,1725,650,294,0.1413
ACH-000790,Berbamine (dihydrochloride),1611,1012,313,0.1355
ACH-000790,Berberine (chloride hydrate),189,932,128,0.1289
ACH-000790,Bergenin,114,980,72,0.0705
ACH-000790,Bestatin,117,1069,67,0.0599
ACH-000790,Bestatin (hydrochloride),1494,1327,453,0.1913
ACH-000790,Betamethasone dipropionate,1140,2789,750,0.2359
ACH-000790,Bexarotene,1798,2463,869,0.2562
ACH-000790,Bicalutamide,1480,1474,421,0.1662
ACH-000790,Bimatoprost,276,1606,152,0.0879
ACH-000790,Bimiralisib,2307,871,396,0.1423
ACH-000790,Binimetinib,3370,3482,1658,0.3192
ACH-000790,Bisoprolol (hemifumarate),698,1768,344,0.1621
ACH-000790,Bortezomib,1963,2108,832,0.2569
ACH-000790,Bosentan (hydrate),293,2316,184,0.0759
ACH-000790,Brimonidine,950,806,214,0.1388
ACH-000790,Brivudine,1454,930,310,0.1495
ACH-000790,Budesonide,3039,4300,1771,0.3181
ACH-000790,Busulfan,260,833,121,0.1245
ACH-000790,CP21R7,1199,215,95,0.072
ACH-000790,Cabozantinib (S-malate),1403,2093,544,0.1843
ACH-000790,Canagliflozin,308,1207,148,0.1083
ACH-000790,Canagliflozin (hemihydrate),1174,1082,297,0.1516
ACH-000790,Capivasertib,580,196,84,0.1214
ACH-000790,Capmatinib,664,185,102,0.1365
ACH-000790,Captopril,1289,1278,343,0.1542
ACH-000790,Carbamazepine,1973,2301,780,0.2232
ACH-000790,Celecoxib,1697,199,101,0.0563
ACH-000790,Cepharanthine,235,1057,123,0.1052
ACH-000790,Chlorhexidine (diacetate),1529,991,346,0.1592
ACH-000790,Ciclopirox,231,1289,130,0.0935
ACH-000790,Cilostazol,348,1939,208,0.1
ACH-000790,Cinacalcet,1244,1934,519,0.1952
ACH-000790,Citalopram (hydrobromide),2688,1320,559,0.1621
ACH-000790,Clobetasol propionate,3211,3688,1757,0.3417
ACH-000790,Clofarabine,266,1329,139,0.0955
ACH-000790,Clonidine (hydrochloride),264,1267,193,0.1442
ACH-000790,Clopidogrel,1777,1855,690,0.2345
ACH-000790,Clotrimazole,190,1062,119,0.105
ACH-000790,Cloxacillin (sodium),122,492,82,0.1541
ACH-000790,Cobimetinib,285,1958,180,0.0873
ACH-000790,Crizotinib (hydrochloride),2123,3229,1136,0.2694
ACH-000790,Cyclosporin A,1868,2777,865,0.2288
ACH-000790,Cysteamine (hydrochloride),133,844,94,0.1065
ACH-000790,Cytarabine,1668,1811,545,0.1858
ACH-000790,Cytarabine (hydrochloride),848,1823,443,0.1988
ACH-000790,DT-061,665,189,86,0.112
ACH-000790,DTP3,2890,120,44,0.0148
ACH-000790,Dabrafenib,838,1218,233,0.1278
ACH-000790,Daidzin,1681,1610,455,0.1604
ACH-000790,Dapagliflozin,862,1909,375,0.1565
ACH-000790,"Dapagliflozin ((2S)-1,2-propanediol, hydrate)",440,1136,165,0.1169
ACH-000790,Darinaparsin,239,1553,162,0.0994
ACH-000790,Darolutamide,1534,2279,684,0.2186
ACH-000790,Decitabine,1028,3111,640,0.1829
ACH-000790,Delamanid,1647,2445,849,0.2618
ACH-000790,Demeclocycline,153,886,85,0.0891
ACH-000790,Dexamethasone,2594,3674,1677,0.3653
ACH-000790,Dexmedetomidine,381,1553,217,0.1264
ACH-000790,Diammonium Glycyrrhizinate,231,1161,104,0.0807
ACH-000790,Digitoxin,4024,8121,3016,0.3304
ACH-000790,Dihydroartemisinin,834,4574,523,0.1071
ACH-000790,Dimethyl fumarate,199,754,110,0.1305
ACH-000790,Dinaciclib,2217,5009,1326,0.2247
ACH-000790,Diphenhydramine,895,1061,352,0.2195
ACH-000790,Docetaxel,1149,1035,321,0.1723
ACH-000790,Docetaxel (Trihydrate),216,2308,148,0.0623
ACH-000790,Dorzolamide (hydrochloride),490,1899,243,0.1132
ACH-000790,Doxorubicin (hydrochloride),533,2694,286,0.0972
ACH-000790,Doxycycline (monohydrate),256,1038,117,0.0994
ACH-000790,Drospirenone,2371,2833,1151,0.284
ACH-000790,ERK5-IN-2,1473,825,254,0.1243
ACH-000790,ETC-206,833,216,115,0.1231
ACH-000790,EX229,2020,562,286,0.1246
ACH-000790,Econazole,1146,2381,500,0.1652
ACH-000790,Elagolix sodium,184,1158,123,0.1009
ACH-000790,Elimusertib hydrochloride,1887,864,393,0.1667
ACH-000790,Encorafenib,358,824,35,0.0305
ACH-000790,Entecavir (monohydrate),112,1001,58,0.055
ACH-000790,Entrectinib,1445,2523,625,0.187
ACH-000790,Epirubicin (hydrochloride),177,2003,100,0.0481
ACH-000790,Eplerenone,247,1001,124,0.1103
ACH-000790,Erdafitinib ,4535,229,30,0.0063
ACH-000790,Erlotinib,517,1608,233,0.1232
ACH-000790,Erythromycin,863,1795,328,0.1408
ACH-000790,Esmolol (hydrochloride),1013,1185,267,0.1383
ACH-000790,Estrone sulfate (potassium),1808,2234,676,0.2008
ACH-000790,Everolimus,613,202,98,0.1367
ACH-000790,Fedratinib (hydrochloride hydrate),1441,2913,732,0.2021
ACH-000790,Fenofibrate,917,712,232,0.1661
ACH-000790,Ferulic acid,674,2098,372,0.155
ACH-000790,Filgotinib,1009,2378,429,0.145
ACH-000790,Finasteride,338,924,151,0.1359
ACH-000790,Fingolimod (hydrochloride),1176,1654,404,0.1665
ACH-000790,Flumatinib (mesylate),1774,1977,656,0.212
ACH-000790,Flutamide,1413,1871,423,0.1479
ACH-000790,Fluvoxamine,465,2379,320,0.1268
ACH-000790,Fluvoxamine (maleate),206,1082,132,0.1142
ACH-000790,Folic acid,191,706,109,0.1383
ACH-000790,Fulvestrant,1206,1785,464,0.1836
ACH-000790,Fumaric acid,2206,2716,854,0.2099
ACH-000790,Furosemide,75,610,44,0.0686
ACH-000790,Fusidic acid,183,745,124,0.1542
ACH-000790,Futibatinib,1414,288,115,0.0725
ACH-000790,GSK1059615,2248,1283,467,0.1524
ACH-000790,Gallic acid,275,947,166,0.1572
ACH-000790,Gallic acid (hydrate),255,1072,117,0.0967
ACH-000790,Gefitinib,745,1256,265,0.1526
ACH-000790,Gemcitabine,810,266,138,0.1471
ACH-000790,Gemfibrozil,229,1046,142,0.1253
ACH-000790,Glycyrrhizic acid,485,682,97,0.0907
ACH-000790,Goserelin (acetate),240,1116,168,0.1414
ACH-000790,HI-TOPK-032,1986,334,135,0.0618
ACH-000790,Harringtonine,652,8491,513,0.0594
ACH-000790,Hesperidin,589,1266,239,0.1479
ACH-000790,Hexylresorcinol,245,926,160,0.1583
ACH-000790,Homoharringtonine,3516,7954,2938,0.3444
ACH-000790,Hydroxyfasudil,1977,276,83,0.0382
ACH-000790,Hydroxyurea,124,806,49,0.0556
ACH-000790,IQ 1,1254,436,162,0.106
ACH-000790,Idarubicin (hydrochloride),2569,6510,1935,0.2709
ACH-000790,Idoxuridine,1942,2218,856,0.2591
ACH-000790,Imiquimod (hydrochloride),1216,1770,344,0.1302
ACH-000790,Imiquimod (maleate),218,546,50,0.07
ACH-000790,Indacaterol (maleate),1770,1556,528,0.1887
ACH-000790,Infigratinib,625,489,171,0.1813
ACH-000790,Ipatasertib,1579,390,178,0.0994
ACH-000790,Irinotecan,595,268,101,0.1325
ACH-000790,Irinotecan (hydrochloride),3340,1641,723,0.1698
ACH-000790,Isocorydine,180,706,102,0.1301
ACH-000790,Ivermectin,1076,944,268,0.153
ACH-000790,Ixazomib,661,334,125,0.1437
ACH-000790,Ixazomib citrate,1124,5601,679,0.1123
ACH-000790,L-Eflornithine (monohydrochloride),1615,1616,581,0.2192
ACH-000790,L-Thyroxine (sodium salt pentahydrate),313,907,88,0.0777
ACH-000790,LB-100,779,106,62,0.0753
ACH-000790,LJI308,1263,424,180,0.1194
ACH-000790,LY-2584702 (tosylate salt),1504,333,143,0.0844
ACH-000790,LY2090314,426,238,70,0.1178
ACH-000790,Lactate (calcium),2135,2021,585,0.1638
ACH-000790,Lapatinib ditosylate,550,194,82,0.1239
ACH-000790,Larotrectinib,233,1039,136,0.1197
ACH-000790,Lenalidomide (hemihydrate),116,862,72,0.0795
ACH-000790,Levobupivacaine (hydrochloride),537,1302,254,0.1603
ACH-000790,Lidocaine (hydrochloride),502,1884,227,0.1051
ACH-000790,Ligustrazine,291,1319,176,0.1227
ACH-000790,Lipoic acid,134,606,93,0.1437
ACH-000790,Lonafarnib,372,198,70,0.14
ACH-000790,Loperamide (hydrochloride),1598,2120,576,0.1833
ACH-000790,Lopinavir,1440,2070,653,0.2286
ACH-000790,Lucanthone,2124,1514,647,0.2163
ACH-000790,Lumateperone (tosylate),214,602,121,0.1741
ACH-000790,MK-3903,1001,364,117,0.0938
ACH-000790,MK-8353,676,182,87,0.1128
ACH-000790,ML264,878,398,131,0.1144
ACH-000790,Macitentan,196,632,83,0.1114
ACH-000790,Malotilate,2905,3392,1499,0.3124
ACH-000790,Mebendazole,544,2902,342,0.1102
ACH-000790,Medroxyprogesterone acetate,381,1886,246,0.1217
ACH-000790,Megestrol,274,914,117,0.1092
ACH-000790,Meloxicam,1611,1279,446,0.1825
ACH-000790,Menadione,310,1044,141,0.1162
ACH-000790,Methotrexate,995,1895,372,0.1477
ACH-000790,Methyl aminolevulinate (hydrochloride),1205,2026,517,0.1905
ACH-000790,Methylprednisolone succinate,2585,197,55,0.0202
ACH-000790,Methylthiouracil,874,1491,384,0.1938
ACH-000790,Mifepristone,348,1211,205,0.1514
ACH-000790,Minodronic acid,905,236,126,0.1241
ACH-000790,Mitoxantrone (dihydrochloride),306,1983,190,0.0905
ACH-000790,Monocrotaline,225,925,95,0.09
ACH-000790,Mozavaptan,349,1475,178,0.1081
ACH-000790,NG25,656,521,157,0.1539
ACH-000790,NVP-BHG712,1405,286,111,0.0703
ACH-000790,Nafamostat (mesylate),1428,1809,507,0.1857
ACH-000790,Naproxen,983,1029,289,0.1677
ACH-000790,Neratinib,671,2389,307,0.1115
ACH-000790,Neratinib (maleate),279,2313,201,0.0841
ACH-000790,Nevirapine,275,1523,152,0.0923
ACH-000790,Niclosamide (olamine),378,4889,282,0.0566
ACH-000790,Norepinephrine (hydrochloride),206,1133,126,0.1039
ACH-000790,OTS514,538,302,100,0.1351
ACH-000790,Olanzapine,221,1343,160,0.114
ACH-000790,Oleic acid,950,161,95,0.0935
ACH-000790,Omeprazole,920,1278,312,0.1654
ACH-000790,Omeprazole (sodium),650,1720,259,0.1227
ACH-000790,Orlistat,311,1084,127,0.1002
ACH-000790,Osimertinib (mesylate),1191,2393,539,0.177
ACH-000790,Ouabain (Octahydrate),2933,10377,2375,0.2172
ACH-000790,Oxaliplatin,1253,532,263,0.1728
ACH-000790,Oxaprozin,1695,2187,597,0.1817
ACH-000790,PF-06260933,1361,537,180,0.1048
ACH-000790,PH-797804,1602,268,124,0.071
ACH-000790,Paclitaxel,895,1076,237,0.1367
ACH-000790,Palmatine (chloride),175,815,91,0.1012
ACH-000790,Panobinostat,5897,12314,4880,0.3661
ACH-000790,Pasireotide (acetate),253,822,128,0.1352
ACH-000790,Pemetrexed,660,2031,375,0.1619
ACH-000790,Pemigatinib,457,244,37,0.0557
ACH-000790,Penfluridol,452,851,164,0.144
ACH-000790,Pentagastrin,193,1135,125,0.1039
ACH-000790,Pentamidine (isethionate),614,1216,205,0.1262
ACH-000790,Pentoxifylline,1856,2829,899,0.2375
ACH-000790,Peretinoin,667,3606,507,0.1346
ACH-000790,Perindopril (erbumine),469,1266,210,0.1377
ACH-000790,Pexidartinib (hydrochloride),530,1123,262,0.1884
ACH-000790,Phenylephrine (hydrochloride),1757,3410,885,0.2067
ACH-000790,Phenytoin (sodium),417,1156,200,0.1457
ACH-000790,Pimitespib,937,223,106,0.1006
ACH-000790,Pimozide,1121,1591,352,0.1492
ACH-000790,Pioglitazone,1827,1877,738,0.2488
ACH-000790,Piroxicam,2603,1983,941,0.2582
ACH-000790,Pitavastatin (Calcium),439,3131,273,0.0828
ACH-000790,Ponatinib,1507,3551,678,0.1548
ACH-000790,Posaconazole,236,1664,154,0.0882
ACH-000790,Pralsetinib,1138,480,227,0.1632
ACH-000790,Pravastatin (sodium),1977,1249,434,0.1554
ACH-000790,Procainamide (hydrochloride),296,529,94,0.1286
ACH-000790,Proglumide,1043,1247,329,0.1678
ACH-000790,Pyridoxine,235,1291,123,0.0877
ACH-000790,Pyridoxine (hydrochloride),443,591,160,0.1831
ACH-000790,Quinestrol,265,1202,191,0.1497
ACH-000790,Quinidine (15% dihydroquinidine),328,1478,170,0.1039
ACH-000790,RMC-6236,1465,1217,398,0.1743
ACH-000790,Radotinib,251,1182,152,0.1187
ACH-000790,Ralimetinib dimesylate,1769,179,93,0.0501
ACH-000790,Raltitrexed,194,1252,131,0.0996
ACH-000790,Ranolazine,898,1101,302,0.178
ACH-000790,Rapamycin,342,2189,237,0.1033
ACH-000790,Regorafenib,1490,245,137,0.0857
ACH-000790,Relugolix,148,570,82,0.1289
ACH-000790,Resveratrol,274,1561,153,0.091
ACH-000790,Retinoic acid,326,1459,207,0.1312
ACH-000790,Rifaximin,144,692,75,0.0986
ACH-000790,Riluzole hydrochloride,343,1910,226,0.1115
ACH-000790,Rimonabant,224,1045,146,0.13
ACH-000790,Ritonavir,153,1074,86,0.0754
ACH-000790,Ropivacaine (hydrochloride monohydrate),268,1041,156,0.1353
ACH-000790,Rosiglitazone,309,951,153,0.1382
ACH-000790,Roxadustat,474,2364,286,0.1121
ACH-000790,Rucaparib (phosphate),145,719,77,0.0978
ACH-000790,Rutin (trihydrate),1147,1228,438,0.2261
ACH-000790,S-Adenosyl-L-methionine (disulfate tosylate),372,1291,214,0.1477
ACH-000790,SBI-0640756,283,284,21,0.0385
ACH-000790,Sacubitril/Valsartan,561,2400,368,0.1419
ACH-000790,Salicylic acid,312,1021,190,0.1662
ACH-000790,Sapanisertib,2030,1517,511,0.1683
ACH-000790,Saquinavir,262,1242,128,0.093
ACH-000790,Selinexor ,662,2405,443,0.1688
ACH-000790,Sildenafil,140,1439,77,0.0513
ACH-000790,Silodosin,222,342,68,0.1371
ACH-000790,Simotinib,267,297,64,0.128
ACH-000790,Sinomenine,207,722,111,0.1357
ACH-000790,Sivelestat (sodium tetrahydrate),294,2474,191,0.0741
ACH-000790,Sodium Salicylate,264,1182,148,0.114
ACH-000790,Sonidegib,2671,222,75,0.0266
ACH-000790,Sulfatinib,265,799,133,0.1429
ACH-000790,Sulfisoxazole,2425,1146,446,0.1427
ACH-000790,Sunitinib,1711,2893,812,0.2141
ACH-000790,TAK-733,935,636,198,0.1442
ACH-000790,TAK-901,1882,4927,924,0.157
ACH-000790,Tadalafil,207,1635,137,0.0804
ACH-000790,Talc,850,1030,236,0.1436
ACH-000790,Tazarotene,1954,2555,908,0.2522
ACH-000790,Temsirolimus,266,1385,171,0.1155
ACH-000790,Temuterkib,1429,324,141,0.0875
ACH-000790,Terfenadine,1751,904,279,0.1174
ACH-000790,Tetracycline (hydrochloride),223,1263,126,0.0926
ACH-000790,Thymol,191,789,74,0.0817
ACH-000790,Thymopentin,293,1726,179,0.0973
ACH-000790,Tirabrutinib,1252,1857,631,0.2546
ACH-000790,Tirabrutinib (hydrochloride),2542,3452,1267,0.268
ACH-000790,Tofacitinib,292,1665,187,0.1056
ACH-000790,Tofacitinib (citrate),284,1524,170,0.1038
ACH-000790,Tolcapone,185,1238,130,0.1005
ACH-000790,Tolmetin,528,1487,286,0.1654
ACH-000790,Tomivosertib,1173,224,105,0.0813
ACH-000790,Topotecan (hydrochloride),1676,5163,944,0.1601
ACH-000790,Torkinib,1092,254,94,0.0751
ACH-000790,Trametinib,3830,3936,1921,0.3287
ACH-000790,Trametinib (DMSO_TF solvate),1950,2321,907,0.2696
ACH-000790,Tranilast,143,1190,83,0.0664
ACH-000790,Triamcinolone,745,2871,578,0.1903
ACH-000790,Triclosan,166,1095,112,0.0975
ACH-000790,Trifluridine,152,953,86,0.0844
ACH-000790,Trimetrexate,224,1120,117,0.0954
ACH-000790,Tubulin inhibitor 6,770,153,70,0.0821
ACH-000790,Tucatinib,782,245,126,0.1398
ACH-000790,Tucidinostat,303,5948,251,0.0418
ACH-000790,ULK-101,1210,265,92,0.0665
ACH-000790,Uridine,949,2134,489,0.1885
ACH-000790,Valdecoxib,841,1390,291,0.15
ACH-000790,Vandetanib,1472,2341,656,0.2078
ACH-000790,Vemurafenib,550,291,128,0.1795
ACH-000790,Verapamil,236,771,114,0.1277
ACH-000790,Verteporfin,590,3321,378,0.107
ACH-000790,Vilanterol,144,892,82,0.086
ACH-000790,Vinblastine (sulfate),359,2657,282,0.1031
ACH-000790,Vismodegib,593,907,174,0.1312
ACH-000790,Vitamin K4,1702,1923,646,0.2169
ACH-000790,Volasertib,676,144,84,0.1141
ACH-000790,Voriconazole,978,1858,373,0.1514
ACH-000790,Vortioxetine,1446,1904,643,0.2375
ACH-000790,XRK3F2,1670,452,173,0.0888
ACH-000790,Zileuton,1133,1597,434,0.189
ACH-000790,c-Kit-IN-1,4804,274,250,0.0518
ACH-000790,crizotinib,178,1357,102,0.0712
ACH-000790,olaparib,1172,54,19,0.0157
ACH-000790,palbociclib,687,365,128,0.1385
ACH-000790,venetoclax,1029,552,234,0.1737
ACH-000790,vincristine,2008,392,206,0.0939
ACH-000790,γ-Oryzanol,952,911,278,0.1754
ACH-000793,(R)-Verapamil (hydrochloride),1700,3811,942,0.2062
ACH-000793,(S)-Crizotinib,646,1278,245,0.1459
ACH-000793,18β-Glycyrrhetinic acid,1260,3013,686,0.1912
ACH-000793,4EGI-1,4642,2618,1582,0.2786
ACH-000793,5-Azacytidine,1727,4325,977,0.1925
ACH-000793,5-Fluorouracil,1571,1238,400,0.166
ACH-000793,8-Hydroxyquinoline,1477,3362,806,0.1999
ACH-000793,9-ING-41,4699,2671,1357,0.2257
ACH-000793,APTO-253,3489,2425,1007,0.2052
ACH-000793,AT7519,2256,1538,731,0.2387
ACH-000793,AZD-7648,3913,2540,1189,0.2259
ACH-000793,AZD-8055,4689,3103,1811,0.3028
ACH-000793,AZD1390,3445,2748,1167,0.2322
ACH-000793,AZD2858,1941,1934,511,0.1519
ACH-000793,Abemaciclib,5670,3060,2193,0.3355
ACH-000793,Abiraterone acetate,1806,2112,643,0.1963
ACH-000793,Acetazolamide,2405,1350,536,0.1665
ACH-000793,Acetohexamide,1678,3460,834,0.1938
ACH-000793,Adagrasib,3485,3598,1768,0.3326
ACH-000793,Adenine,2266,3735,1310,0.2793
ACH-000793,Adenosine,1946,4099,1228,0.2549
ACH-000793,Afatinib,3780,6279,2200,0.2799
ACH-000793,Aliskiren,1827,3418,1035,0.2458
ACH-000793,Allantoin,2760,4424,1502,0.2643
ACH-000793,Allopurinol,3172,2015,923,0.2165
ACH-000793,Almonertinib (hydrochloride),2203,3272,1008,0.2257
ACH-000793,Almonertinib (mesylate),1461,2413,620,0.1905
ACH-000793,Alpelisib,3312,2656,1379,0.3005
ACH-000793,Altretamine,314,728,160,0.1814
ACH-000793,Amsacrine,1916,3763,1109,0.2427
ACH-000793,Anastrozole,2108,2319,926,0.2645
ACH-000793,Anethole trithione,3350,4231,2081,0.3784
ACH-000793,Apalutamide,158,1601,80,0.0476
ACH-000793,Aprepitant,2747,1471,633,0.1766
ACH-000793,Arbutin,455,1096,239,0.1822
ACH-000793,Artemether,2397,1959,763,0.2124
ACH-000793,Artesunate,3692,6576,2734,0.3629
ACH-000793,Asciminib,3022,1821,748,0.1827
ACH-000793,Aspirin,1721,1335,481,0.1868
ACH-000793,Ataluren,1883,1010,355,0.1399
ACH-000793,Atazanavir (sulfate),1587,1553,576,0.2246
ACH-000793,Auranofin,1487,6969,935,0.1243
ACH-000793,Azithromycin (hydrate),1566,3311,843,0.209
ACH-000793,BAY1125976,4207,5540,2081,0.2715
ACH-000793,BI-3406,4625,3327,1983,0.3322
ACH-000793,BI-78D3,5109,2284,1186,0.1911
ACH-000793,Baicalin,1825,4646,1265,0.243
ACH-000793,Balsalazide (sodium hydrate),1807,3960,1219,0.268
ACH-000793,Belinostat,1730,9249,1334,0.1383
ACH-000793,Belumosudil,1789,2052,627,0.1951
ACH-000793,Belumosudil (mesylate),4340,5135,2374,0.3343
ACH-000793,Belzutifan,3022,2048,771,0.1793
ACH-000793,Bendamustine,285,871,144,0.1423
ACH-000793,Benproperine (phosphate),676,1308,281,0.165
ACH-000793,Bentamapimod,3968,2478,1164,0.2204
ACH-000793,Benztropine (mesylate),1117,925,207,0.1128
ACH-000793,Berbamine,2919,3209,1266,0.2604
ACH-000793,Berbamine (dihydrochloride),2460,1703,687,0.1976
ACH-000793,Berberine (chloride hydrate),1419,4149,924,0.199
ACH-000793,Bergenin,1638,3465,939,0.2255
ACH-000793,Bestatin,201,1318,117,0.0835
ACH-000793,Bestatin (hydrochloride),1700,1785,538,0.1826
ACH-000793,Betamethasone dipropionate,346,903,131,0.1172
ACH-000793,Bexarotene,2381,2936,1160,0.279
ACH-000793,Bicalutamide,1688,1728,488,0.1667
ACH-000793,Bimatoprost,1768,4490,1033,0.1977
ACH-000793,Bimiralisib,4526,6113,2287,0.2738
ACH-000793,Binimetinib,5288,4201,2368,0.3325
ACH-000793,Bisoprolol (hemifumarate),586,1807,348,0.1702
ACH-000793,Bortezomib,5861,7530,3745,0.3882
ACH-000793,Bosentan (hydrate),342,2216,216,0.0922
ACH-000793,Brimonidine,1294,1247,325,0.1467
ACH-000793,Brivudine,4161,5742,2193,0.2844
ACH-000793,Budesonide,2446,2305,696,0.1716
ACH-000793,Busulfan,2181,3070,901,0.2071
ACH-000793,CP21R7,3003,2556,1059,0.2353
ACH-000793,Cabozantinib (S-malate),2069,5969,1340,0.2001
ACH-000793,Canagliflozin,337,1141,169,0.1291
ACH-000793,Canagliflozin (hemihydrate),1480,1525,367,0.1391
ACH-000793,Capivasertib,3029,1436,736,0.1974
ACH-000793,Capmatinib,3292,1798,840,0.1976
ACH-000793,Captopril,2145,971,429,0.1597
ACH-000793,Carbamazepine,1704,2283,626,0.1863
ACH-000793,Celecoxib,3937,1668,722,0.1479
ACH-000793,Cepharanthine,2387,3715,1363,0.2876
ACH-000793,Chlorhexidine (diacetate),2523,4330,1431,0.2639
ACH-000793,Ciclopirox,1186,4011,766,0.1729
ACH-000793,Cilostazol,549,2084,281,0.1195
ACH-000793,Cinacalcet,1964,1825,596,0.1867
ACH-000793,Citalopram (hydrobromide),1915,1324,489,0.1778
ACH-000793,Clobetasol propionate,1601,1113,348,0.1471
ACH-000793,Clofarabine,235,1438,128,0.0828
ACH-000793,Clonidine (hydrochloride),2526,4607,1792,0.3355
ACH-000793,Clopidogrel,2407,1287,547,0.1738
ACH-000793,Clotrimazole,1808,4050,1102,0.2317
ACH-000793,Cloxacillin (sodium),2208,2909,1131,0.2837
ACH-000793,Cobimetinib,203,2456,129,0.051
ACH-000793,Crizotinib (hydrochloride),2556,2816,1094,0.2557
ACH-000793,Cyclosporin A,2594,2795,1145,0.2698
ACH-000793,Cysteamine (hydrochloride),1213,3065,722,0.203
ACH-000793,Cytarabine,1808,1823,575,0.1882
ACH-000793,Cytarabine (hydrochloride),344,1387,176,0.1132
ACH-000793,DT-061,3072,1651,779,0.1975
ACH-000793,DTP3,5137,10100,801,0.0555
ACH-000793,Dabrafenib,3316,4507,1594,0.2559
ACH-000793,Daidzin,1912,1729,562,0.1825
ACH-000793,Dapagliflozin,1513,1356,443,0.1826
ACH-000793,"Dapagliflozin ((2S)-1,2-propanediol, hydrate)",513,1457,217,0.1238
ACH-000793,Darinaparsin,2032,4349,1258,0.2456
ACH-000793,Darolutamide,2365,1736,709,0.209
ACH-000793,Decitabine,757,2958,513,0.1602
ACH-000793,Delamanid,1889,2204,803,0.2441
ACH-000793,Demeclocycline,1493,2895,831,0.2336
ACH-000793,Dexamethasone,1530,1262,456,0.1952
ACH-000793,Dexmedetomidine,283,1490,157,0.0972
ACH-000793,Diammonium Glycyrrhizinate,1689,4332,988,0.1963
ACH-000793,Digitoxin,2598,6981,1891,0.246
ACH-000793,Dihydroartemisinin,824,3925,498,0.1171
ACH-000793,Dimethyl fumarate,146,1469,98,0.0646
ACH-000793,Dinaciclib,2999,7187,2341,0.2984
ACH-000793,Diphenhydramine,1191,2039,644,0.249
ACH-000793,Docetaxel,4827,4221,1947,0.2742
ACH-000793,Docetaxel (Trihydrate),345,2879,239,0.0801
ACH-000793,Dorzolamide (hydrochloride),392,2115,234,0.1029
ACH-000793,Doxorubicin (hydrochloride),485,4185,341,0.0788
ACH-000793,Doxycycline (monohydrate),250,1562,153,0.0922
ACH-000793,Drospirenone,2289,3004,967,0.2235
ACH-000793,ERK5-IN-2,3667,5974,1888,0.2435
ACH-000793,ETC-206,2541,1644,798,0.2356
ACH-000793,EX229,5286,4267,2327,0.322
ACH-000793,Econazole,2001,1062,381,0.1421
ACH-000793,Elagolix sodium,1994,4012,1163,0.2401
ACH-000793,Elimusertib hydrochloride,4708,3248,1730,0.2779
ACH-000793,Encorafenib,9353,4660,265,0.0193
ACH-000793,Entecavir (monohydrate),59,1321,41,0.0306
ACH-000793,Entrectinib,2064,4277,1106,0.2113
ACH-000793,Epirubicin (hydrochloride),179,5098,118,0.0229
ACH-000793,Eplerenone,271,806,135,0.1433
ACH-000793,Erdafitinib ,9904,1987,123,0.0105
ACH-000793,Erlotinib,1035,2018,470,0.182
ACH-000793,Erythromycin,1540,1657,380,0.1349
ACH-000793,Esmolol (hydrochloride),1392,1877,439,0.1551
ACH-000793,Estrone sulfate (potassium),2304,1897,624,0.1744
ACH-000793,Everolimus,3030,2185,955,0.2242
ACH-000793,Fedratinib (hydrochloride hydrate),2189,4185,1217,0.236
ACH-000793,Fenofibrate,992,797,322,0.2195
ACH-000793,Ferulic acid,385,1774,246,0.1286
ACH-000793,Filgotinib,1071,3212,520,0.1382
ACH-000793,Finasteride,116,1350,84,0.0608
ACH-000793,Fingolimod (hydrochloride),1382,1803,501,0.1867
ACH-000793,Flumatinib (mesylate),1896,1957,724,0.2314
ACH-000793,Flutamide,1773,1798,478,0.1545
ACH-000793,Fluvoxamine,411,2411,278,0.1093
ACH-000793,Fluvoxamine (maleate),1622,4143,1062,0.2258
ACH-000793,Folic acid,1512,3660,956,0.2268
ACH-000793,Fulvestrant,2063,1414,469,0.1559
ACH-000793,Fumaric acid,1918,2747,790,0.2039
ACH-000793,Furosemide,1063,2650,580,0.1851
ACH-000793,Fusidic acid,1972,3668,1243,0.2827
ACH-000793,Futibatinib,4221,2133,1159,0.2231
ACH-000793,GSK1059615,4831,6025,2440,0.2899
ACH-000793,Gallic acid,1957,3733,1223,0.2738
ACH-000793,Gallic acid (hydrate),2203,4237,1131,0.213
ACH-000793,Gefitinib,1201,1255,299,0.1386
ACH-000793,Gemcitabine,3390,2460,1229,0.266
ACH-000793,Gemfibrozil,1578,3463,906,0.2191
ACH-000793,Glycyrrhizic acid,512,1191,173,0.1131
ACH-000793,Goserelin (acetate),2561,4293,1643,0.3153
ACH-000793,HI-TOPK-032,4501,3396,1528,0.2399
ACH-000793,Harringtonine,884,9080,777,0.0846
ACH-000793,Hesperidin,378,1172,187,0.1372
ACH-000793,Hexylresorcinol,1882,4207,1218,0.2501
ACH-000793,Homoharringtonine,8087,10221,6283,0.5225
ACH-000793,Hydroxyfasudil,6264,2102,1388,0.1989
ACH-000793,Hydroxyurea,205,1302,108,0.0772
ACH-000793,IQ 1,3330,2587,1067,0.22
ACH-000793,Idarubicin (hydrochloride),8616,14306,7522,0.4884
ACH-000793,Idoxuridine,1941,1645,612,0.2058
ACH-000793,Imiquimod (hydrochloride),2209,1905,594,0.1688
ACH-000793,Imiquimod (maleate),204,933,76,0.0716
ACH-000793,Indacaterol (maleate),2841,1590,669,0.1778
ACH-000793,Infigratinib,2775,3293,1173,0.2396
ACH-000793,Ipatasertib,4770,5175,2090,0.2661
ACH-000793,Irinotecan,2983,2363,1099,0.2588
ACH-000793,Irinotecan (hydrochloride),5707,1940,1147,0.1765
ACH-000793,Isocorydine,2009,3170,1056,0.2561
ACH-000793,Ivermectin,1481,1362,414,0.1704
ACH-000793,Ixazomib,3729,4072,1901,0.3222
ACH-000793,Ixazomib citrate,3618,8878,2683,0.2734
ACH-000793,L-Eflornithine (monohydrochloride),2075,1273,470,0.1633
ACH-000793,L-Thyroxine (sodium salt pentahydrate),1611,3550,842,0.195
ACH-000793,LB-100,2666,1630,699,0.1943
ACH-000793,LJI308,3600,4198,1688,0.2763
ACH-000793,LY-2584702 (tosylate salt),3618,2244,1024,0.2117
ACH-000793,LY2090314,2349,1750,670,0.1954
ACH-000793,Lactate (calcium),2031,2351,586,0.1544
ACH-000793,Lapatinib ditosylate,3224,1632,786,0.1931
ACH-000793,Larotrectinib,2274,3990,1152,0.2254
ACH-000793,Lenalidomide (hemihydrate),1101,3348,671,0.1776
ACH-000793,Levobupivacaine (hydrochloride),431,1366,226,0.1439
ACH-000793,Lidocaine (hydrochloride),2284,4084,1161,0.223
ACH-000793,Ligustrazine,286,1382,157,0.1039
ACH-000793,Lipoic acid,1443,2910,850,0.2426
ACH-000793,Lonafarnib,3202,1547,617,0.1493
ACH-000793,Loperamide (hydrochloride),1906,2045,607,0.1815
ACH-000793,Lopinavir,2322,2197,979,0.2766
ACH-000793,Lucanthone,2025,1600,718,0.247
ACH-000793,Lumateperone (tosylate),1452,3272,898,0.2347
ACH-000793,MK-3903,3670,3402,1323,0.2301
ACH-000793,MK-8353,3511,1344,851,0.2125
ACH-000793,ML264,4010,2682,1193,0.2169
ACH-000793,Macitentan,196,938,86,0.0821
ACH-000793,Malotilate,3184,2847,1411,0.3054
ACH-000793,Mebendazole,361,2717,257,0.0911
ACH-000793,Medroxyprogesterone acetate,1760,4373,1034,0.2028
ACH-000793,Megestrol,2038,3574,899,0.1907
ACH-000793,Meloxicam,1708,1375,417,0.1564
ACH-000793,Menadione,300,1279,156,0.1096
ACH-000793,Methotrexate,1653,1922,555,0.1838
ACH-000793,Methyl aminolevulinate (hydrochloride),2418,1521,667,0.2039
ACH-000793,Methylprednisolone succinate,4538,11499,758,0.0496
ACH-000793,Methylthiouracil,1457,1505,442,0.1754
ACH-000793,Mifepristone,357,2085,228,0.103
ACH-000793,Minodronic acid,2761,2647,1182,0.2797
ACH-000793,Mitoxantrone (dihydrochloride),2210,6540,1477,0.2031
ACH-000793,Monocrotaline,232,1021,126,0.1118
ACH-000793,Mozavaptan,369,1374,181,0.1159
ACH-000793,NG25,2424,4555,1398,0.2505
ACH-000793,NVP-BHG712,4180,2813,1180,0.203
ACH-000793,Nafamostat (mesylate),2098,1706,533,0.1629
ACH-000793,Naproxen,1009,1117,291,0.1586
ACH-000793,Neratinib,1119,1913,443,0.1711
ACH-000793,Neratinib (maleate),2045,6739,1544,0.2133
ACH-000793,Nevirapine,325,1476,183,0.1131
ACH-000793,Niclosamide (olamine),333,4758,246,0.0508
ACH-000793,Norepinephrine (hydrochloride),1446,3800,832,0.1885
ACH-000793,OTS514,2921,2170,958,0.2318
ACH-000793,Olanzapine,1868,4319,1228,0.2476
ACH-000793,Oleic acid,2727,1582,747,0.2097
ACH-000793,Omeprazole,1071,1825,418,0.1687
ACH-000793,Omeprazole (sodium),1975,1376,405,0.1375
ACH-000793,Orlistat,356,1574,194,0.1118
ACH-000793,Osimertinib (mesylate),1926,2271,701,0.2005
ACH-000793,Ouabain (Octahydrate),3701,9417,2926,0.2871
ACH-000793,Oxaliplatin,3555,3182,1748,0.3504
ACH-000793,Oxaprozin,2268,1746,563,0.1631
ACH-000793,PF-06260933,3918,1915,888,0.1796
ACH-000793,PH-797804,4162,6864,2380,0.2753
ACH-000793,Paclitaxel,3960,4809,1833,0.2643
ACH-000793,Palmatine (chloride),1956,2999,768,0.1834
ACH-000793,Panobinostat,6794,11757,5748,0.449
ACH-000793,Pasireotide (acetate),2245,3923,1264,0.2577
ACH-000793,Pemetrexed,491,1628,271,0.1466
ACH-000793,Pemigatinib,676,1423,113,0.0569
ACH-000793,Penfluridol,275,2607,158,0.058
ACH-000793,Pentagastrin,1922,4026,1221,0.2583
ACH-000793,Pentamidine (isethionate),2441,3570,1134,0.2325
ACH-000793,Pentoxifylline,2435,2684,990,0.2398
ACH-000793,Peretinoin,668,4086,488,0.1144
ACH-000793,Perindopril (erbumine),983,1089,306,0.1733
ACH-000793,Pexidartinib (hydrochloride),586,2368,370,0.1432
ACH-000793,Phenylephrine (hydrochloride),2153,1413,540,0.1785
ACH-000793,Phenytoin (sodium),399,1079,210,0.1656
ACH-000793,Pimitespib,3359,1196,633,0.1614
ACH-000793,Pimozide,1681,1795,549,0.1876
ACH-000793,Pioglitazone,2047,2508,936,0.2586
ACH-000793,Piroxicam,2799,1700,787,0.212
ACH-000793,Pitavastatin (Calcium),397,2534,252,0.0941
ACH-000793,Ponatinib,5392,7720,3786,0.406
ACH-000793,Posaconazole,270,2330,188,0.0779
ACH-000793,Pralsetinib,3637,3045,1312,0.2443
ACH-000793,Pravastatin (sodium),1810,1735,572,0.1924
ACH-000793,Procainamide (hydrochloride),134,762,71,0.0861
ACH-000793,Proglumide,1038,946,218,0.1234
ACH-000793,Pyridoxine,1844,3386,971,0.228
ACH-000793,Pyridoxine (hydrochloride),2738,2909,1205,0.2713
ACH-000793,Quinestrol,2211,4094,1395,0.2841
ACH-000793,Quinidine (15% dihydroquinidine),196,1072,123,0.1074
ACH-000793,RMC-6236,4006,5237,2133,0.3
ACH-000793,Radotinib,2127,3666,1184,0.2569
ACH-000793,Ralimetinib dimesylate,4264,1590,825,0.164
ACH-000793,Raltitrexed,1335,3616,850,0.2073
ACH-000793,Ranolazine,1012,1069,260,0.1428
ACH-000793,Rapamycin,2715,5511,1755,0.2712
ACH-000793,Regorafenib,4872,3429,1967,0.3105
ACH-000793,Relugolix,1702,3176,1037,0.27
ACH-000793,Resveratrol,1734,4170,1029,0.2111
ACH-000793,Retinoic acid,2769,4339,1553,0.2796
ACH-000793,Rifaximin,91,860,55,0.0614
ACH-000793,Riluzole hydrochloride,2905,5061,1847,0.3018
ACH-000793,Rimonabant,2158,4144,1417,0.2901
ACH-000793,Ritonavir,1450,3270,728,0.1824
ACH-000793,Ropivacaine (hydrochloride monohydrate),1659,3453,1000,0.2432
ACH-000793,Rosiglitazone,418,1504,241,0.1434
ACH-000793,Roxadustat,326,2432,210,0.0824
ACH-000793,Rucaparib (phosphate),324,1192,152,0.1114
ACH-000793,Rutin (trihydrate),958,1358,426,0.2254
ACH-000793,S-Adenosyl-L-methionine (disulfate tosylate),2245,4555,1530,0.2903
ACH-000793,SBI-0640756,5343,2909,189,0.0234
ACH-000793,Sacubitril/Valsartan,377,2172,276,0.1214
ACH-000793,Salicylic acid,1791,4425,1169,0.2316
ACH-000793,Sapanisertib,5369,5912,2658,0.3082
ACH-000793,Saquinavir,1359,3785,767,0.1752
ACH-000793,Selinexor ,4378,7649,3100,0.3473
ACH-000793,Sildenafil,281,1887,185,0.0933
ACH-000793,Silodosin,180,499,84,0.1412
ACH-000793,Simotinib,108,476,62,0.1188
ACH-000793,Sinomenine,1533,3221,866,0.2227
ACH-000793,Sivelestat (sodium tetrahydrate),426,2619,273,0.0985
ACH-000793,Sodium Salicylate,2435,4652,1436,0.2541
ACH-000793,Sonidegib,6574,5809,1299,0.1172
ACH-000793,Sulfatinib,285,2183,184,0.0806
ACH-000793,Sulfisoxazole,3095,4384,1480,0.2467
ACH-000793,Sunitinib,2166,3795,1119,0.2311
ACH-000793,TAK-733,2282,4709,1312,0.231
ACH-000793,TAK-901,4052,8485,2682,0.2721
ACH-000793,Tadalafil,237,2248,164,0.0707
ACH-000793,Talc,1841,703,243,0.1056
ACH-000793,Tazarotene,2579,2388,965,0.2411
ACH-000793,Temsirolimus,2918,4603,1644,0.2797
ACH-000793,Temuterkib,4132,2822,1265,0.2224
ACH-000793,Terfenadine,2867,4151,1489,0.2693
ACH-000793,Tetracycline (hydrochloride),200,1700,131,0.0741
ACH-000793,Thymol,1640,2630,661,0.1832
ACH-000793,Thymopentin,229,1901,151,0.0763
ACH-000793,Tirabrutinib,1121,2234,622,0.2276
ACH-000793,Tirabrutinib (hydrochloride),2580,2933,1038,0.232
ACH-000793,Tofacitinib,1888,4856,1094,0.1936
ACH-000793,Tofacitinib (citrate),2105,4575,1283,0.2377
ACH-000793,Tolcapone,1400,4813,1030,0.1987
ACH-000793,Tolmetin,370,1480,236,0.1462
ACH-000793,Tomivosertib,3993,3064,1436,0.2555
ACH-000793,Topotecan (hydrochloride),2019,6591,1280,0.1746
ACH-000793,Torkinib,3779,2332,1042,0.2056
ACH-000793,Trametinib,6296,7121,3972,0.4205
ACH-000793,Trametinib (DMSO_TF solvate),2333,2992,1175,0.2831
ACH-000793,Tranilast,161,1441,108,0.0723
ACH-000793,Triamcinolone,2568,4091,1507,0.2925
ACH-000793,Triclosan,1748,3901,1010,0.2177
ACH-000793,Trifluridine,1071,3596,641,0.1592
ACH-000793,Trimetrexate,1648,4211,1030,0.2133
ACH-000793,Tubulin inhibitor 6,3553,1472,819,0.1947
ACH-000793,Tucatinib,3251,2222,1200,0.2808
ACH-000793,Tucidinostat,4255,11345,3513,0.2906
ACH-000793,ULK-101,4215,2169,974,0.18
ACH-000793,Uridine,1368,1954,563,0.2041
ACH-000793,Valdecoxib,1412,1390,414,0.1734
ACH-000793,Vandetanib,1900,3990,1057,0.2187
ACH-000793,Vemurafenib,3838,2783,1317,0.2483
ACH-000793,Verapamil,174,929,104,0.1041
ACH-000793,Verteporfin,377,3328,226,0.065
ACH-000793,Vilanterol,1364,3255,792,0.207
ACH-000793,Vinblastine (sulfate),2804,6748,2054,0.2739
ACH-000793,Vismodegib,1309,1008,285,0.1403
ACH-000793,Vitamin K4,2188,1850,651,0.1922
ACH-000793,Volasertib,3490,2064,912,0.1965
ACH-000793,Voriconazole,2110,1263,495,0.172
ACH-000793,Vortioxetine,2323,1887,801,0.235
ACH-000793,XRK3F2,3957,2759,1150,0.2066
ACH-000793,Zileuton,2031,1400,547,0.1897
ACH-000793,c-Kit-IN-1,6461,2753,2138,0.3021
ACH-000793,crizotinib,184,1960,129,0.064
ACH-000793,olaparib,5879,12598,1767,0.1057
ACH-000793,palbociclib,4036,2356,1228,0.2378
ACH-000793,venetoclax,3800,3685,1725,0.2995
ACH-000793,vincristine,4023,2377,1249,0.2425
ACH-000793,γ-Oryzanol,1108,1004,304,0.1681
ACH-000842,(R)-Verapamil (hydrochloride),2749,4740,1318,0.2136
ACH-000842,(S)-Crizotinib,1770,3121,822,0.202
ACH-000842,18β-Glycyrrhetinic acid,2527,4120,1209,0.2223
ACH-000842,4EGI-1,4662,2707,1543,0.2648
ACH-000842,5-Azacytidine,3294,7721,2111,0.2371
ACH-000842,5-Fluorouracil,2568,4649,1327,0.2253
ACH-000842,8-Hydroxyquinoline,3287,5423,1897,0.2784
ACH-000842,9-ING-41,6677,5323,2753,0.2977
ACH-000842,APTO-253,5682,3256,1553,0.2103
ACH-000842,AT7519,4130,2072,1242,0.2504
ACH-000842,AZD-7648,5891,5370,2489,0.2837
ACH-000842,AZD-8055,5438,5354,2676,0.3297
ACH-000842,AZD1390,4462,3921,1655,0.246
ACH-000842,AZD2858,2571,3204,854,0.1735
ACH-000842,Abemaciclib,8405,17639,3753,0.1684
ACH-000842,Abiraterone acetate,3916,5466,2055,0.2805
ACH-000842,Acetazolamide,4282,3747,1617,0.2522
ACH-000842,Acetohexamide,3040,4529,1404,0.2277
ACH-000842,Adagrasib,7562,7188,4228,0.4018
ACH-000842,Adenine,4172,4981,2359,0.3472
ACH-000842,Adenosine,3459,6220,2265,0.3055
ACH-000842,Afatinib,7251,9423,4574,0.378
ACH-000842,Aliskiren,3770,4775,1904,0.2867
ACH-000842,Allantoin,4385,6148,2491,0.3097
ACH-000842,Allopurinol,5483,5128,2530,0.3131
ACH-000842,Almonertinib (hydrochloride),3491,4499,1569,0.2444
ACH-000842,Almonertinib (mesylate),4817,4963,2211,0.2921
ACH-000842,Alpelisib,4832,3916,1933,0.2836
ACH-000842,Altretamine,1014,2167,568,0.2174
ACH-000842,Amsacrine,4240,7520,2806,0.3134
ACH-000842,Anastrozole,4379,4053,1941,0.299
ACH-000842,Anethole trithione,5345,6721,3575,0.421
ACH-000842,Apalutamide,532,3410,312,0.086
ACH-000842,Aprepitant,5082,3660,1905,0.2786
ACH-000842,Arbutin,1406,2848,812,0.2359
ACH-000842,Artemether,4413,5226,2271,0.3082
ACH-000842,Artesunate,5457,7556,3619,0.3852
ACH-000842,Asciminib,4906,4339,2070,0.2885
ACH-000842,Aspirin,3245,3676,1502,0.2772
ACH-000842,Ataluren,3724,3658,1498,0.2546
ACH-000842,Atazanavir (sulfate),3388,4439,1907,0.3221
ACH-000842,Auranofin,2940,13864,2383,0.1652
ACH-000842,Azithromycin (hydrate),3409,3979,1479,0.2503
ACH-000842,BAY1125976,5639,7797,3140,0.305
ACH-000842,BI-3406,7554,5222,3553,0.3852
ACH-000842,BI-78D3,7320,4112,2250,0.245
ACH-000842,Baicalin,3431,5999,2190,0.3025
ACH-000842,Balsalazide (sodium hydrate),3829,5617,2393,0.3393
ACH-000842,Belinostat,4142,13491,3514,0.2489
ACH-000842,Belumosudil,4776,5441,2278,0.2869
ACH-000842,Belumosudil (mesylate),5402,2909,1497,0.2197
ACH-000842,Belzutifan,4377,2937,1108,0.1785
ACH-000842,Bendamustine,1100,2063,508,0.1913
ACH-000842,Benproperine (phosphate),1852,3555,925,0.2064
ACH-000842,Bentamapimod,5714,3740,1902,0.2519
ACH-000842,Benztropine (mesylate),2563,3680,1107,0.2155
ACH-000842,Berbamine,6134,5241,2801,0.3267
ACH-000842,Berbamine (dihydrochloride),5017,3798,1703,0.2395
ACH-000842,Berberine (chloride hydrate),3055,6139,1874,0.256
ACH-000842,Bergenin,2613,4579,1347,0.2305
ACH-000842,Bestatin,511,4060,354,0.0839
ACH-000842,Bestatin (hydrochloride),3788,4665,1882,0.2864
ACH-000842,Betamethasone dipropionate,1039,2704,545,0.1704
ACH-000842,Bexarotene,3811,4893,2008,0.2999
ACH-000842,Bicalutamide,3265,3892,1409,0.2451
ACH-000842,Bimatoprost,3460,5898,1873,0.2502
ACH-000842,Bimiralisib,7111,8747,4008,0.3382
ACH-000842,Binimetinib,10806,11491,7827,0.5409
ACH-000842,Bisoprolol (hemifumarate),2388,4370,1395,0.2601
ACH-000842,Bortezomib,7973,9102,5175,0.4349
ACH-000842,Bosentan (hydrate),1180,5081,837,0.1543
ACH-000842,Brimonidine,2695,3056,980,0.2054
ACH-000842,Brivudine,6034,8060,3391,0.3168
ACH-000842,Budesonide,4183,4768,1665,0.2285
ACH-000842,Busulfan,4130,4768,1848,0.2621
ACH-000842,CP21R7,4696,2915,1357,0.217
ACH-000842,Cabozantinib (S-malate),3067,5345,1681,0.2497
ACH-000842,Canagliflozin,1378,3690,830,0.1958
ACH-000842,Canagliflozin (hemihydrate),3001,3903,1213,0.2131
ACH-000842,Capivasertib,4392,2334,1200,0.2172
ACH-000842,Capmatinib,5635,3360,1977,0.2817
ACH-000842,Captopril,4354,3217,1559,0.2593
ACH-000842,Carbamazepine,3593,5210,1798,0.2567
ACH-000842,Celecoxib,5560,3386,1573,0.2133
ACH-000842,Cepharanthine,4020,4548,2022,0.3089
ACH-000842,Chlorhexidine (diacetate),5532,5803,2850,0.3359
ACH-000842,Ciclopirox,2259,5134,1284,0.2102
ACH-000842,Cilostazol,1972,5714,1365,0.2159
ACH-000842,Cinacalcet,3027,4353,1393,0.2327
ACH-000842,Citalopram (hydrobromide),3852,3741,1534,0.2532
ACH-000842,Clobetasol propionate,3081,3042,1088,0.2161
ACH-000842,Clofarabine,896,3017,457,0.1322
ACH-000842,Clonidine (hydrochloride),4330,6956,3224,0.3999
ACH-000842,Clopidogrel,5228,3936,2051,0.2883
ACH-000842,Clotrimazole,3050,5553,1741,0.2537
ACH-000842,Cloxacillin (sodium),3178,4396,1835,0.3197
ACH-000842,Cobimetinib,1343,8089,1112,0.1337
ACH-000842,Crizotinib (hydrochloride),4266,6023,2493,0.3198
ACH-000842,Cyclosporin A,4998,5425,2663,0.3432
ACH-000842,Cysteamine (hydrochloride),2169,4352,1186,0.2223
ACH-000842,Cytarabine,4846,5603,2305,0.283
ACH-000842,Cytarabine (hydrochloride),1588,4435,989,0.1965
ACH-000842,DT-061,4352,3004,1454,0.2464
ACH-000842,DTP3,8028,12592,1421,0.074
ACH-000842,Dabrafenib,5446,6798,2919,0.313
ACH-000842,Daidzin,5300,4518,2119,0.2752
ACH-000842,Dapagliflozin,3188,4498,1497,0.2419
ACH-000842,"Dapagliflozin ((2S)-1,2-propanediol, hydrate)",1333,3661,647,0.1488
ACH-000842,Darinaparsin,4435,5980,2553,0.3247
ACH-000842,Darolutamide,4745,5465,2628,0.3466
ACH-000842,Decitabine,2798,6305,2113,0.3023
ACH-000842,Delamanid,3769,5659,2277,0.3184
ACH-000842,Demeclocycline,3143,4457,1565,0.2593
ACH-000842,Dexamethasone,2599,3244,1112,0.235
ACH-000842,Dexmedetomidine,1283,4046,831,0.1847
ACH-000842,Diammonium Glycyrrhizinate,3635,5904,1956,0.2579
ACH-000842,Digitoxin,8894,12449,7615,0.5547
ACH-000842,Dihydroartemisinin,2085,6788,1340,0.1779
ACH-000842,Dimethyl fumarate,651,3660,392,0.1
ACH-000842,Dinaciclib,4991,9969,3878,0.3499
ACH-000842,Diphenhydramine,3011,4419,1741,0.306
ACH-000842,Docetaxel,6377,5859,3047,0.3316
ACH-000842,Docetaxel (Trihydrate),701,5708,498,0.0842
ACH-000842,Dorzolamide (hydrochloride),1539,4952,987,0.1793
ACH-000842,Doxorubicin (hydrochloride),1872,10624,1471,0.1334
ACH-000842,Doxycycline (monohydrate),829,3955,512,0.1199
ACH-000842,Drospirenone,4767,6254,2771,0.3359
ACH-000842,ERK5-IN-2,5405,7936,2984,0.2881
ACH-000842,ETC-206,4827,2741,1524,0.2522
ACH-000842,EX229,6942,5698,3161,0.3335
ACH-000842,Econazole,3567,3396,1326,0.2352
ACH-000842,Elagolix sodium,4012,5647,2222,0.2988
ACH-000842,Elimusertib hydrochloride,6691,6921,3632,0.3639
ACH-000842,Encorafenib,9981,7504,446,0.0262
ACH-000842,Entecavir (monohydrate),412,4222,281,0.0646
ACH-000842,Entrectinib,3373,5397,1564,0.217
ACH-000842,Epirubicin (hydrochloride),626,10923,506,0.0458
ACH-000842,Eplerenone,991,2891,570,0.1721
ACH-000842,Erdafitinib ,7659,3218,253,0.0238
ACH-000842,Erlotinib,2243,4400,1210,0.2227
ACH-000842,Erythromycin,2477,4385,1092,0.1893
ACH-000842,Esmolol (hydrochloride),3078,3888,1308,0.2312
ACH-000842,Estrone sulfate (potassium),4393,4972,2110,0.2908
ACH-000842,Everolimus,4601,3559,1718,0.2667
ACH-000842,Fedratinib (hydrochloride hydrate),4035,6556,2375,0.2891
ACH-000842,Fenofibrate,2573,2294,1017,0.2642
ACH-000842,Ferulic acid,1965,4405,1115,0.2122
ACH-000842,Filgotinib,2452,5538,1267,0.1885
ACH-000842,Finasteride,870,3598,558,0.1427
ACH-000842,Fingolimod (hydrochloride),2706,4573,1375,0.2329
ACH-000842,Flumatinib (mesylate),4879,5240,2550,0.3369
ACH-000842,Flutamide,3029,4412,1273,0.2064
ACH-000842,Fluvoxamine,1954,5216,1258,0.2128
ACH-000842,Fluvoxamine (maleate),2551,5714,1623,0.2444
ACH-000842,Folic acid,3600,5408,2236,0.3302
ACH-000842,Fulvestrant,3771,4068,1531,0.2427
ACH-000842,Fumaric acid,6082,6203,2995,0.3224
ACH-000842,Furosemide,2477,3554,1205,0.2497
ACH-000842,Fusidic acid,3754,5100,2199,0.3304
ACH-000842,Futibatinib,5822,3361,1825,0.248
ACH-000842,GSK1059615,6397,7677,3390,0.3173
ACH-000842,Gallic acid,4163,5333,2434,0.3447
ACH-000842,Gallic acid (hydrate),4005,5281,1985,0.2719
ACH-000842,Gefitinib,3050,5426,1672,0.2457
ACH-000842,Gemcitabine,6098,4582,2647,0.3295
ACH-000842,Gemfibrozil,3123,5052,1697,0.262
ACH-000842,Glycyrrhizic acid,1833,2499,629,0.1699
ACH-000842,Goserelin (acetate),3775,5937,2462,0.3396
ACH-000842,HI-TOPK-032,7157,4986,2552,0.2661
ACH-000842,Harringtonine,2459,14079,2263,0.1585
ACH-000842,Hesperidin,1576,3462,862,0.2064
ACH-000842,Hexylresorcinol,3760,5475,2195,0.3118
ACH-000842,Homoharringtonine,12859,15704,11210,0.646
ACH-000842,Hydroxyfasudil,7503,1403,714,0.0872
ACH-000842,Hydroxyurea,597,3308,319,0.089
ACH-000842,IQ 1,5035,3842,1799,0.2542
ACH-000842,Idarubicin (hydrochloride),13022,18334,11509,0.5799
ACH-000842,Idoxuridine,4097,4726,2074,0.3073
ACH-000842,Imiquimod (hydrochloride),3659,4703,1631,0.2423
ACH-000842,Imiquimod (maleate),629,2141,257,0.1023
ACH-000842,Indacaterol (maleate),4494,4366,1836,0.2614
ACH-000842,Infigratinib,4801,4408,2165,0.3074
ACH-000842,Ipatasertib,6152,5363,2647,0.2985
ACH-000842,Irinotecan,6215,4234,2510,0.3162
ACH-000842,Irinotecan (hydrochloride),7401,5245,3044,0.317
ACH-000842,Isocorydine,3119,4883,1689,0.2675
ACH-000842,Ivermectin,2990,3649,1312,0.2463
ACH-000842,Ixazomib,4493,3772,1865,0.2914
ACH-000842,Ixazomib citrate,3027,12242,2441,0.1903
ACH-000842,L-Eflornithine (monohydrochloride),4169,3867,1777,0.2839
ACH-000842,L-Thyroxine (sodium salt pentahydrate),2288,4482,1137,0.2018
ACH-000842,LB-100,4399,2659,1186,0.202
ACH-000842,LJI308,4785,3187,1823,0.2965
ACH-000842,LY-2584702 (tosylate salt),4981,3302,1613,0.2418
ACH-000842,LY2090314,3472,2992,1172,0.2215
ACH-000842,Lactate (calcium),3825,5901,1843,0.2338
ACH-000842,Lapatinib ditosylate,4721,2639,1374,0.2295
ACH-000842,Larotrectinib,3944,5616,2007,0.2657
ACH-000842,Lenalidomide (hemihydrate),1958,4318,945,0.1773
ACH-000842,Levobupivacaine (hydrochloride),1450,4080,880,0.1892
ACH-000842,Lidocaine (hydrochloride),4201,6057,2247,0.2805
ACH-000842,Ligustrazine,978,3831,625,0.1494
ACH-000842,Lipoic acid,2844,3795,1514,0.2954
ACH-000842,Lonafarnib,5129,3411,1593,0.2293
ACH-000842,Loperamide (hydrochloride),3719,5339,1923,0.2695
ACH-000842,Lopinavir,3971,5078,2239,0.3288
ACH-000842,Lucanthone,4136,4413,2061,0.3177
ACH-000842,Lumateperone (tosylate),2747,4477,1652,0.2965
ACH-000842,MK-3903,5357,5046,2067,0.248
ACH-000842,MK-8353,6301,2739,1956,0.2761
ACH-000842,ML264,5708,4836,2304,0.2796
ACH-000842,Macitentan,723,2410,369,0.1335
ACH-000842,Malotilate,6418,6638,3802,0.4108
ACH-000842,Mebendazole,1713,7007,1302,0.1755
ACH-000842,Medroxyprogesterone acetate,3172,5101,1639,0.2471
ACH-000842,Megestrol,3811,4650,1598,0.2328
ACH-000842,Meloxicam,3554,3696,1460,0.2522
ACH-000842,Menadione,929,3148,527,0.1485
ACH-000842,Methotrexate,2695,4921,1480,0.2412
ACH-000842,Methyl aminolevulinate (hydrochloride),3619,4533,1765,0.2763
ACH-000842,Methylprednisolone succinate,6771,668,473,0.0679
ACH-000842,Methylthiouracil,3180,5115,1696,0.257
ACH-000842,Mifepristone,1080,3914,652,0.1502
ACH-000842,Minodronic acid,4977,4355,2251,0.3179
ACH-000842,Mitoxantrone (dihydrochloride),4534,11752,3335,0.2575
ACH-000842,Monocrotaline,1044,3407,630,0.1649
ACH-000842,Mozavaptan,1143,3316,624,0.1627
ACH-000842,NG25,3938,5282,2220,0.3171
ACH-000842,NVP-BHG712,5838,4472,1999,0.2405
ACH-000842,Nafamostat (mesylate),3873,4196,1537,0.2353
ACH-000842,Naproxen,3822,3020,1367,0.2497
ACH-000842,Neratinib,2215,4281,1130,0.2106
ACH-000842,Neratinib (maleate),3517,7361,2351,0.2757
ACH-000842,Nevirapine,1011,4170,654,0.1445
ACH-000842,Niclosamide (olamine),1397,8761,1123,0.1243
ACH-000842,Norepinephrine (hydrochloride),2819,4814,1513,0.2472
ACH-000842,OTS514,3453,3338,1332,0.244
ACH-000842,Olanzapine,3570,5984,2237,0.3057
ACH-000842,Oleic acid,4997,2871,1519,0.2393
ACH-000842,Omeprazole,2905,3896,1354,0.2486
ACH-000842,Omeprazole (sodium),3368,4217,1314,0.2095
ACH-000842,Orlistat,939,3934,616,0.1447
ACH-000842,Osimertinib (mesylate),3040,5168,1562,0.235
ACH-000842,Ouabain (Octahydrate),10127,14470,8710,0.5482
ACH-000842,Oxaliplatin,6373,4715,2911,0.356
ACH-000842,Oxaprozin,3960,4912,1860,0.2653
ACH-000842,PF-06260933,5860,14415,2210,0.1223
ACH-000842,PH-797804,5266,9762,3459,0.299
ACH-000842,Paclitaxel,6392,8205,3554,0.3218
ACH-000842,Palmatine (chloride),3783,4423,1603,0.2428
ACH-000842,Panobinostat,11099,16075,9740,0.5587
ACH-000842,Pasireotide (acetate),4121,5728,2200,0.2876
ACH-000842,Pemetrexed,1636,4018,940,0.1994
ACH-000842,Pemigatinib,960,2120,228,0.0799
ACH-000842,Penfluridol,1380,3288,627,0.1552
ACH-000842,Pentagastrin,3026,5796,1948,0.2834
ACH-000842,Pentamidine (isethionate),4650,5560,2306,0.2918
ACH-000842,Pentoxifylline,4786,6512,2967,0.3561
ACH-000842,Peretinoin,2587,7582,2064,0.2547
ACH-000842,Perindopril (erbumine),2303,5068,1223,0.1989
ACH-000842,Pexidartinib (hydrochloride),1963,3779,1091,0.2346
ACH-000842,Phenylephrine (hydrochloride),4044,4091,1814,0.287
ACH-000842,Phenytoin (sodium),1353,3659,826,0.1973
ACH-000842,Pimitespib,5355,2321,1335,0.2105
ACH-000842,Pimozide,2597,4531,1342,0.2319
ACH-000842,Pioglitazone,3759,5111,2097,0.3096
ACH-000842,Piroxicam,5465,4955,2614,0.3349
ACH-000842,Pitavastatin (Calcium),2045,6644,1529,0.2135
ACH-000842,Ponatinib,4019,8597,2556,0.2541
ACH-000842,Posaconazole,953,5076,646,0.12
ACH-000842,Pralsetinib,5912,4899,2567,0.3114
ACH-000842,Pravastatin (sodium),5551,4121,2158,0.2872
ACH-000842,Procainamide (hydrochloride),797,1709,372,0.1743
ACH-000842,Proglumide,2125,2969,790,0.1836
ACH-000842,Pyridoxine,3579,5181,1873,0.272
ACH-000842,Pyridoxine (hydrochloride),5280,5397,2898,0.3725
ACH-000842,Quinestrol,3883,5556,2312,0.3244
ACH-000842,Quinidine (15% dihydroquinidine),949,4240,614,0.1342
ACH-000842,RMC-6236,6935,7889,3947,0.3629
ACH-000842,Radotinib,3706,4777,1955,0.2995
ACH-000842,Ralimetinib dimesylate,6540,13573,1579,0.0852
ACH-000842,Raltitrexed,3095,6407,2044,0.2741
ACH-000842,Ranolazine,1905,3279,823,0.1887
ACH-000842,Rapamycin,4073,6461,2476,0.3073
ACH-000842,Regorafenib,7203,3190,2009,0.2396
ACH-000842,Relugolix,2744,4774,1745,0.3023
ACH-000842,Resveratrol,3325,5758,1844,0.2547
ACH-000842,Retinoic acid,4230,4898,2022,0.2845
ACH-000842,Rifaximin,545,2702,335,0.115
ACH-000842,Riluzole hydrochloride,5758,6984,3506,0.3796
ACH-000842,Rimonabant,3712,4858,2177,0.3405
ACH-000842,Ritonavir,2873,4774,1438,0.2316
ACH-000842,Ropivacaine (hydrochloride monohydrate),3234,4973,1912,0.3037
ACH-000842,Rosiglitazone,1388,3284,819,0.2126
ACH-000842,Roxadustat,1515,5658,1121,0.1852
ACH-000842,Rucaparib (phosphate),913,3203,512,0.1421
ACH-000842,Rutin (trihydrate),3133,3959,1625,0.2972
ACH-000842,S-Adenosyl-L-methionine (disulfate tosylate),3745,6436,2575,0.3385
ACH-000842,SBI-0640756,7233,3955,320,0.0294
ACH-000842,Sacubitril/Valsartan,1467,5595,1150,0.1945
ACH-000842,Salicylic acid,3691,6232,2369,0.3136
ACH-000842,Sapanisertib,7125,7433,3731,0.3446
ACH-000842,Saquinavir,2423,4955,1274,0.2087
ACH-000842,Selinexor ,6169,9861,4436,0.3826
ACH-000842,Sildenafil,902,4235,565,0.1236
ACH-000842,Silodosin,743,1452,297,0.1565
ACH-000842,Simotinib,795,936,182,0.1175
ACH-000842,Sinomenine,2268,4427,1247,0.2289
ACH-000842,Sivelestat (sodium tetrahydrate),1389,6320,955,0.1414
ACH-000842,Sodium Salicylate,4447,5700,2359,0.3029
ACH-000842,Sonidegib,7742,4554,938,0.0826
ACH-000842,Sulfatinib,858,2233,471,0.1798
ACH-000842,Sulfisoxazole,6508,5628,2862,0.3086
ACH-000842,Sunitinib,3842,5836,2184,0.2914
ACH-000842,TAK-733,4220,6426,2424,0.2948
ACH-000842,TAK-901,6288,12563,4885,0.3498
ACH-000842,Tadalafil,726,5235,545,0.1006
ACH-000842,Talc,3203,2771,1094,0.2242
ACH-000842,Tazarotene,4426,5332,2275,0.304
ACH-000842,Temsirolimus,3887,5396,2038,0.2813
ACH-000842,Temuterkib,6126,4725,2228,0.2584
ACH-000842,Terfenadine,4716,5559,2291,0.2869
ACH-000842,Tetracycline (hydrochloride),738,4613,482,0.099
ACH-000842,Thymol,3371,3506,1249,0.2219
ACH-000842,Thymopentin,1021,4473,633,0.1302
ACH-000842,Tirabrutinib,3224,4356,1833,0.3189
ACH-000842,Tirabrutinib (hydrochloride),5168,6382,2785,0.3177
ACH-000842,Tofacitinib,3205,5338,1663,0.2417
ACH-000842,Tofacitinib (citrate),3381,4867,1616,0.2437
ACH-000842,Tolcapone,2913,6069,1878,0.2644
ACH-000842,Tolmetin,1384,3544,831,0.2028
ACH-000842,Tomivosertib,6463,4210,2443,0.2968
ACH-000842,Topotecan (hydrochloride),5792,10027,3973,0.3354
ACH-000842,Torkinib,5719,3863,1895,0.2465
ACH-000842,Trametinib,11367,12613,8686,0.5679
ACH-000842,Trametinib (DMSO_TF solvate),6063,8482,4412,0.4354
ACH-000842,Tranilast,550,3889,374,0.092
ACH-000842,Triamcinolone,4389,5030,2374,0.337
ACH-000842,Triclosan,3261,5034,1762,0.2697
ACH-000842,Trifluridine,2445,5770,1474,0.2187
ACH-000842,Trimetrexate,3345,5939,1984,0.2718
ACH-000842,Tubulin inhibitor 6,4326,2753,1489,0.2664
ACH-000842,Tucatinib,5377,4166,2422,0.3401
ACH-000842,Tucidinostat,7031,15251,6002,0.3687
ACH-000842,ULK-101,6133,3156,1517,0.1952
ACH-000842,Uridine,2928,5264,1711,0.264
ACH-000842,Valdecoxib,2499,3469,1248,0.2644
ACH-000842,Vandetanib,3759,4522,1852,0.2881
ACH-000842,Vemurafenib,5295,5643,2544,0.3031
ACH-000842,Verapamil,888,2764,485,0.1531
ACH-000842,Verteporfin,1319,5895,853,0.1341
ACH-000842,Vilanterol,2483,4837,1321,0.2202
ACH-000842,Vinblastine (sulfate),3974,7215,2537,0.2932
ACH-000842,Vismodegib,2188,3032,908,0.2106
ACH-000842,Vitamin K4,4290,4640,1977,0.2843
ACH-000842,Volasertib,6016,3228,1897,0.2582
ACH-000842,Voriconazole,3226,3808,1420,0.2529
ACH-000842,Vortioxetine,4007,4820,2075,0.3073
ACH-000842,XRK3F2,5290,5933,2351,0.265
ACH-000842,Zileuton,3489,3344,1388,0.2549
ACH-000842,c-Kit-IN-1,10899,15697,3556,0.1543
ACH-000842,crizotinib,974,4898,661,0.1268
ACH-000842,olaparib,6168,12702,979,0.0547
ACH-000842,palbociclib,5497,4140,2122,0.2824
ACH-000842,venetoclax,6717,5733,3378,0.3724
ACH-000842,vincristine,6424,3935,2265,0.2798
ACH-000842,γ-Oryzanol,2574,2703,911,0.2087
ACH-000853,(R)-Verapamil (hydrochloride),35,292,11,0.0348
ACH-000853,(S)-Crizotinib,2,57,2,0.0351
ACH-000853,18β-Glycyrrhetinic acid,59,479,23,0.0447
ACH-000853,4EGI-1,100,95,10,0.0541
ACH-000853,5-Azacytidine,159,141,25,0.0909
ACH-000853,5-Fluorouracil,190,57,21,0.0929
ACH-000853,8-Hydroxyquinoline,92,222,37,0.1336
ACH-000853,9-ING-41,1038,81,53,0.0497
ACH-000853,APTO-253,286,123,21,0.0541
ACH-000853,AT7519,134,63,15,0.0824
ACH-000853,AZD-7648,946,160,61,0.0584
ACH-000853,AZD-8055,338,28,7,0.0195
ACH-000853,AZD1390,469,166,44,0.0745
ACH-000853,AZD2858,183,153,20,0.0633
ACH-000853,Abemaciclib,607,72,43,0.0676
ACH-000853,Abiraterone acetate,85,89,12,0.0741
ACH-000853,Acetazolamide,240,62,10,0.0342
ACH-000853,Acetohexamide,11,407,5,0.0121
ACH-000853,Adagrasib,177,144,53,0.1978
ACH-000853,Adenine,7,199,7,0.0352
ACH-000853,Adenosine,53,328,16,0.0438
ACH-000853,Afatinib,297,445,89,0.1363
ACH-000853,Aliskiren,41,284,21,0.0691
ACH-000853,Allantoin,76,293,23,0.0665
ACH-000853,Allopurinol,232,67,23,0.0833
ACH-000853,Almonertinib (hydrochloride),40,280,23,0.0774
ACH-000853,Almonertinib (mesylate),100,7,5,0.049
ACH-000853,Alpelisib,211,146,20,0.0593
ACH-000853,Altretamine,11,16,3,0.125
ACH-000853,Amsacrine,20,334,14,0.0412
ACH-000853,Anastrozole,42,46,8,0.1
ACH-000853,Anethole trithione,34,146,17,0.1043
ACH-000853,Apalutamide,3,37,2,0.0526
ACH-000853,Aprepitant,302,57,19,0.0559
ACH-000853,Arbutin,27,74,12,0.1348
ACH-000853,Artemether,134,34,12,0.0769
ACH-000853,Artesunate,73,178,21,0.0913
ACH-000853,Asciminib,156,95,15,0.0636
ACH-000853,Aspirin,118,115,20,0.0939
ACH-000853,Ataluren,73,38,8,0.0777
ACH-000853,Atazanavir (sulfate),270,186,58,0.1457
ACH-000853,Auranofin,372,959,122,0.1009
ACH-000853,Azithromycin (hydrate),42,308,9,0.0264
ACH-000853,BAY1125976,850,136,65,0.0706
ACH-000853,BI-3406,263,154,25,0.0638
ACH-000853,BI-78D3,944,259,83,0.0741
ACH-000853,Baicalin,14,273,8,0.0287
ACH-000853,Balsalazide (sodium hydrate),35,79,9,0.0857
ACH-000853,Belinostat,402,2162,221,0.0943
ACH-000853,Belumosudil,138,89,19,0.0913
ACH-000853,Belumosudil (mesylate),400,137,38,0.0762
ACH-000853,Belzutifan,264,106,14,0.0393
ACH-000853,Bendamustine,7,49,4,0.0769
ACH-000853,Benproperine (phosphate),12,59,8,0.127
ACH-000853,Bentamapimod,529,90,27,0.0456
ACH-000853,Benztropine (mesylate),82,86,5,0.0307
ACH-000853,Berbamine,165,280,41,0.1015
ACH-000853,Berbamine (dihydrochloride),178,42,18,0.0891
ACH-000853,Berberine (chloride hydrate),80,149,22,0.1063
ACH-000853,Bergenin,60,205,14,0.0558
ACH-000853,Bestatin,2,78,1,0.0127
ACH-000853,Bestatin (hydrochloride),265,62,28,0.0936
ACH-000853,Betamethasone dipropionate,61,139,18,0.0989
ACH-000853,Bexarotene,313,38,16,0.0478
ACH-000853,Bicalutamide,31,92,5,0.0424
ACH-000853,Bimatoprost,9,410,7,0.017
ACH-000853,Bimiralisib,787,473,156,0.1413
ACH-000853,Binimetinib,705,174,75,0.0933
ACH-000853,Bisoprolol (hemifumarate),27,105,9,0.0732
ACH-000853,Bortezomib,996,590,304,0.2371
ACH-000853,Bosentan (hydrate),19,137,12,0.0833
ACH-000853,Brimonidine,126,115,21,0.0955
ACH-000853,Brivudine,443,241,69,0.1122
ACH-000853,Budesonide,471,188,49,0.0803
ACH-000853,Busulfan,134,182,37,0.1326
ACH-000853,CP21R7,474,208,50,0.0791
ACH-000853,Cabozantinib (S-malate),129,63,11,0.0608
ACH-000853,Canagliflozin,15,90,7,0.0714
ACH-000853,Canagliflozin (hemihydrate),180,80,9,0.0359
ACH-000853,Capivasertib,122,237,26,0.0781
ACH-000853,Capmatinib,312,135,23,0.0542
ACH-000853,Captopril,166,53,12,0.058
ACH-000853,Carbamazepine,147,159,30,0.1087
ACH-000853,Celecoxib,772,96,24,0.0284
ACH-000853,Cepharanthine,24,541,11,0.0199
ACH-000853,Chlorhexidine (diacetate),239,547,67,0.0932
ACH-000853,Ciclopirox,59,386,19,0.0446
ACH-000853,Cilostazol,7,103,3,0.028
ACH-000853,Cinacalcet,154,54,15,0.0777
ACH-000853,Citalopram (hydrobromide),98,216,32,0.1135
ACH-000853,Clobetasol propionate,114,67,16,0.097
ACH-000853,Clofarabine,24,87,8,0.0777
ACH-000853,Clonidine (hydrochloride),22,93,13,0.1275
ACH-000853,Clopidogrel,232,72,17,0.0592
ACH-000853,Clotrimazole,79,600,27,0.0414
ACH-000853,Cloxacillin (sodium),33,113,11,0.0815
ACH-000853,Cobimetinib,4,24,0,0.0
ACH-000853,Crizotinib (hydrochloride),254,145,28,0.0755
ACH-000853,Cyclosporin A,262,260,70,0.1549
ACH-000853,Cysteamine (hydrochloride),66,268,23,0.074
ACH-000853,Cytarabine,76,209,18,0.0674
ACH-000853,Cytarabine (hydrochloride),8,63,7,0.1094
ACH-000853,DT-061,67,149,17,0.0854
ACH-000853,DTP3,183,44,13,0.0607
ACH-000853,Dabrafenib,626,325,90,0.1045
ACH-000853,Daidzin,250,32,14,0.0522
ACH-000853,Dapagliflozin,64,50,10,0.0962
ACH-000853,"Dapagliflozin ((2S)-1,2-propanediol, hydrate)",19,102,11,0.1
ACH-000853,Darinaparsin,44,587,18,0.0294
ACH-000853,Darolutamide,220,124,35,0.1133
ACH-000853,Decitabine,112,660,51,0.0707
ACH-000853,Delamanid,197,80,20,0.0778
ACH-000853,Demeclocycline,62,277,23,0.0728
ACH-000853,Dexamethasone,72,109,15,0.0904
ACH-000853,Dexmedetomidine,3,75,3,0.04
ACH-000853,Diammonium Glycyrrhizinate,80,339,28,0.0716
ACH-000853,Digitoxin,772,1581,436,0.2274
ACH-000853,Dihydroartemisinin,29,156,11,0.0632
ACH-000853,Dimethyl fumarate,9,9,3,0.2
ACH-000853,Dinaciclib,831,2654,667,0.2367
ACH-000853,Diphenhydramine,76,29,10,0.1053
ACH-000853,Docetaxel,699,456,148,0.147
ACH-000853,Docetaxel (Trihydrate),1,264,1,0.0038
ACH-000853,Dorzolamide (hydrochloride),43,179,15,0.0725
ACH-000853,Doxorubicin (hydrochloride),16,354,14,0.0393
ACH-000853,Doxycycline (monohydrate),4,113,4,0.0354
ACH-000853,Drospirenone,217,174,28,0.0771
ACH-000853,ERK5-IN-2,496,432,78,0.0918
ACH-000853,ETC-206,181,55,19,0.0876
ACH-000853,EX229,983,264,111,0.0977
ACH-000853,Econazole,107,29,7,0.0543
ACH-000853,Elagolix sodium,98,333,24,0.059
ACH-000853,Elimusertib hydrochloride,357,220,68,0.1336
ACH-000853,Entecavir (monohydrate),17,68,8,0.1039
ACH-000853,Entrectinib,119,216,15,0.0469
ACH-000853,Epirubicin (hydrochloride),25,351,5,0.0135
ACH-000853,Eplerenone,6,139,5,0.0357
ACH-000853,Erlotinib,5,113,3,0.0261
ACH-000853,Erythromycin,142,158,21,0.0753
ACH-000853,Esmolol (hydrochloride),200,18,7,0.0332
ACH-000853,Estrone sulfate (potassium),326,133,22,0.0503
ACH-000853,Everolimus,150,123,22,0.0876
ACH-000853,Fedratinib (hydrochloride hydrate),298,272,95,0.2
ACH-000853,Fenofibrate,40,52,11,0.1358
ACH-000853,Ferulic acid,14,163,7,0.0412
ACH-000853,Filgotinib,20,89,14,0.1474
ACH-000853,Finasteride,25,68,9,0.1071
ACH-000853,Fingolimod (hydrochloride),68,294,18,0.0523
ACH-000853,Flumatinib (mesylate),123,178,36,0.1358
ACH-000853,Flutamide,125,125,13,0.0549
ACH-000853,Fluvoxamine,6,80,5,0.0617
ACH-000853,Fluvoxamine (maleate),77,534,31,0.0534
ACH-000853,Folic acid,44,32,5,0.0704
ACH-000853,Fulvestrant,233,46,15,0.0568
ACH-000853,Fumaric acid,151,88,17,0.0766
ACH-000853,Furosemide,81,258,12,0.0367
ACH-000853,Fusidic acid,3,123,1,0.008
ACH-000853,Futibatinib,549,174,51,0.0759
ACH-000853,GSK1059615,911,329,94,0.082
ACH-000853,Gallic acid,80,123,13,0.0684
ACH-000853,Gallic acid (hydrate),56,410,17,0.0379
ACH-000853,Gefitinib,77,100,11,0.0663
ACH-000853,Gemcitabine,518,19,14,0.0268
ACH-000853,Gemfibrozil,65,359,22,0.0547
ACH-000853,Glycyrrhizic acid,31,124,12,0.0839
ACH-000853,Goserelin (acetate),63,96,23,0.1691
ACH-000853,HI-TOPK-032,625,329,80,0.0915
ACH-000853,Harringtonine,105,984,58,0.0563
ACH-000853,Hesperidin,6,85,6,0.0706
ACH-000853,Hexylresorcinol,7,131,6,0.0455
ACH-000853,Homoharringtonine,845,1995,495,0.2111
ACH-000853,Hydroxyfasudil,665,123,43,0.0577
ACH-000853,Hydroxyurea,85,29,6,0.0556
ACH-000853,IQ 1,420,128,31,0.06
ACH-000853,Idarubicin (hydrochloride),622,1485,355,0.2026
ACH-000853,Idoxuridine,386,79,37,0.0864
ACH-000853,Imiquimod (hydrochloride),115,318,26,0.0639
ACH-000853,Imiquimod (maleate),7,166,4,0.0237
ACH-000853,Indacaterol (maleate),95,59,9,0.0621
ACH-000853,Infigratinib,310,194,52,0.115
ACH-000853,Ipatasertib,875,174,93,0.0973
ACH-000853,Irinotecan,237,96,22,0.0707
ACH-000853,Irinotecan (hydrochloride),300,37,22,0.0698
ACH-000853,Isocorydine,8,267,5,0.0185
ACH-000853,Ivermectin,185,29,7,0.0338
ACH-000853,Ixazomib,235,364,48,0.0871
ACH-000853,Ixazomib citrate,121,779,56,0.0664
ACH-000853,L-Eflornithine (monohydrochloride),230,48,12,0.0451
ACH-000853,L-Thyroxine (sodium salt pentahydrate),23,232,9,0.0366
ACH-000853,LB-100,185,3,1,0.0053
ACH-000853,LJI308,487,260,58,0.0842
ACH-000853,LY-2584702 (tosylate salt),691,293,89,0.0994
ACH-000853,LY2090314,65,44,7,0.0686
ACH-000853,Lactate (calcium),61,82,7,0.0515
ACH-000853,Lapatinib ditosylate,235,60,13,0.0461
ACH-000853,Larotrectinib,52,389,18,0.0426
ACH-000853,Lenalidomide (hemihydrate),54,391,16,0.0373
ACH-000853,Levobupivacaine (hydrochloride),19,97,7,0.0642
ACH-000853,Lidocaine (hydrochloride),236,776,92,0.1
ACH-000853,Ligustrazine,17,84,11,0.1222
ACH-000853,Lipoic acid,14,28,5,0.1351
ACH-000853,Lonafarnib,171,160,22,0.0712
ACH-000853,Loperamide (hydrochloride),191,71,16,0.065
ACH-000853,Lopinavir,260,168,55,0.1475
ACH-000853,Lucanthone,202,91,33,0.1269
ACH-000853,Lumateperone (tosylate),33,122,9,0.0616
ACH-000853,MK-3903,362,148,28,0.0581
ACH-000853,MK-8353,164,101,17,0.0685
ACH-000853,ML264,638,118,53,0.0754
ACH-000853,Macitentan,9,12,3,0.1667
ACH-000853,Malotilate,822,425,181,0.1698
ACH-000853,Mebendazole,16,201,5,0.0236
ACH-000853,Medroxyprogesterone acetate,51,518,16,0.0289
ACH-000853,Megestrol,187,358,41,0.0813
ACH-000853,Meloxicam,202,64,17,0.0683
ACH-000853,Menadione,24,84,10,0.102
ACH-000853,Methotrexate,161,45,19,0.1016
ACH-000853,Methyl aminolevulinate (hydrochloride),90,26,6,0.0545
ACH-000853,Methylprednisolone succinate,879,57,35,0.0388
ACH-000853,Methylthiouracil,10,53,7,0.125
ACH-000853,Mifepristone,16,35,7,0.1591
ACH-000853,Minodronic acid,69,178,18,0.0786
ACH-000853,Mitoxantrone (dihydrochloride),78,1922,45,0.023
ACH-000853,Monocrotaline,10,73,7,0.0921
ACH-000853,Mozavaptan,7,129,5,0.0382
ACH-000853,NG25,174,212,38,0.1092
ACH-000853,NVP-BHG712,849,107,33,0.0358
ACH-000853,Nafamostat (mesylate),142,50,16,0.0909
ACH-000853,Naproxen,76,54,21,0.1927
ACH-000853,Neratinib,314,84,22,0.0585
ACH-000853,Neratinib (maleate),42,431,28,0.0629
ACH-000853,Nevirapine,34,71,14,0.1538
ACH-000853,Niclosamide (olamine),11,350,9,0.0256
ACH-000853,Norepinephrine (hydrochloride),60,308,27,0.0792
ACH-000853,OTS514,175,122,19,0.0683
ACH-000853,Olanzapine,20,417,9,0.021
ACH-000853,Oleic acid,159,47,21,0.1135
ACH-000853,Omeprazole,23,100,12,0.1081
ACH-000853,Omeprazole (sodium),37,27,4,0.0667
ACH-000853,Orlistat,37,40,12,0.1846
ACH-000853,Osimertinib (mesylate),101,221,25,0.0842
ACH-000853,Ouabain (Octahydrate),317,1832,195,0.0998
ACH-000853,Oxaliplatin,124,143,22,0.0898
ACH-000853,Oxaprozin,139,122,20,0.083
ACH-000853,PF-06260933,434,33,11,0.0241
ACH-000853,PH-797804,728,366,104,0.1051
ACH-000853,Paclitaxel,234,151,35,0.1
ACH-000853,Palmatine (chloride),77,419,32,0.069
ACH-000853,Panobinostat,920,2580,688,0.2447
ACH-000853,Pasireotide (acetate),91,338,33,0.0833
ACH-000853,Pemetrexed,29,157,17,0.1006
ACH-000853,Pemigatinib,207,221,24,0.0594
ACH-000853,Penfluridol,24,131,13,0.0915
ACH-000853,Pentagastrin,53,238,13,0.0468
ACH-000853,Pentamidine (isethionate),208,509,38,0.056
ACH-000853,Pentoxifylline,395,153,33,0.0641
ACH-000853,Peretinoin,26,357,19,0.0522
ACH-000853,Perindopril (erbumine),6,5,3,0.375
ACH-000853,Pexidartinib (hydrochloride),10,47,6,0.1176
ACH-000853,Phenylephrine (hydrochloride),124,54,8,0.0471
ACH-000853,Phenytoin (sodium),10,25,5,0.1667
ACH-000853,Pimitespib,506,126,39,0.0658
ACH-000853,Pimozide,183,81,21,0.0864
ACH-000853,Pioglitazone,161,72,22,0.1043
ACH-000853,Piroxicam,385,27,12,0.03
ACH-000853,Pitavastatin (Calcium),30,241,13,0.0504
ACH-000853,Ponatinib,167,35,5,0.0254
ACH-000853,Posaconazole,28,138,12,0.0779
ACH-000853,Pralsetinib,340,210,65,0.134
ACH-000853,Pravastatin (sodium),150,57,20,0.107
ACH-000853,Procainamide (hydrochloride),2,53,0,0.0
ACH-000853,Proglumide,79,27,5,0.0495
ACH-000853,Pyridoxine,77,482,30,0.0567
ACH-000853,Pyridoxine (hydrochloride),254,69,26,0.0875
ACH-000853,Quinestrol,12,199,7,0.0343
ACH-000853,Quinidine (15% dihydroquinidine),3,93,3,0.0323
ACH-000853,RMC-6236,229,311,32,0.063
ACH-000853,Radotinib,49,527,27,0.0492
ACH-000853,Ralimetinib dimesylate,707,49,25,0.0342
ACH-000853,Raltitrexed,68,204,19,0.0751
ACH-000853,Ranolazine,145,42,11,0.0625
ACH-000853,Rapamycin,71,661,30,0.0427
ACH-000853,Regorafenib,280,127,35,0.0941
ACH-000853,Relugolix,22,24,3,0.0698
ACH-000853,Resveratrol,166,377,48,0.097
ACH-000853,Retinoic acid,127,231,25,0.0751
ACH-000853,Rifaximin,4,35,3,0.0833
ACH-000853,Riluzole hydrochloride,58,462,16,0.0317
ACH-000853,Rimonabant,25,109,11,0.0894
ACH-000853,Ritonavir,21,693,15,0.0215
ACH-000853,Ropivacaine (hydrochloride monohydrate),60,561,32,0.0543
ACH-000853,Rosiglitazone,18,55,10,0.1587
ACH-000853,Roxadustat,15,198,10,0.0493
ACH-000853,Rucaparib (phosphate),3,115,2,0.0172
ACH-000853,Rutin (trihydrate),52,40,12,0.15
ACH-000853,S-Adenosyl-L-methionine (disulfate tosylate),93,579,39,0.0616
ACH-000853,SBI-0640756,39,242,18,0.0684
ACH-000853,Sacubitril/Valsartan,28,123,17,0.1269
ACH-000853,Salicylic acid,90,557,34,0.0555
ACH-000853,Sapanisertib,980,280,135,0.12
ACH-000853,Saquinavir,86,630,32,0.0468
ACH-000853,Selinexor ,213,457,46,0.0737
ACH-000853,Sildenafil,6,313,6,0.0192
ACH-000853,Silodosin,8,37,6,0.1538
ACH-000853,Simotinib,2,32,2,0.0625
ACH-000853,Sinomenine,60,76,12,0.0968
ACH-000853,Sivelestat (sodium tetrahydrate),18,254,15,0.0584
ACH-000853,Sodium Salicylate,103,446,30,0.0578
ACH-000853,Sonidegib,1057,141,104,0.0951
ACH-000853,Sulfatinib,8,51,3,0.0536
ACH-000853,Sulfisoxazole,286,269,51,0.1012
ACH-000853,Sunitinib,329,461,84,0.119
ACH-000853,TAK-733,322,150,37,0.0851
ACH-000853,TAK-901,727,1762,235,0.1043
ACH-000853,Tadalafil,11,75,9,0.1169
ACH-000853,Talc,207,57,19,0.0776
ACH-000853,Tazarotene,109,126,22,0.1033
ACH-000853,Temsirolimus,46,522,15,0.0271
ACH-000853,Temuterkib,716,114,43,0.0546
ACH-000853,Terfenadine,220,514,42,0.0607
ACH-000853,Tetracycline (hydrochloride),2,82,2,0.0244
ACH-000853,Thymol,53,322,12,0.0331
ACH-000853,Thymopentin,8,174,7,0.04
ACH-000853,Tirabrutinib,108,59,22,0.1517
ACH-000853,Tirabrutinib (hydrochloride),336,116,39,0.0944
ACH-000853,Tofacitinib,135,224,18,0.0528
ACH-000853,Tofacitinib (citrate),45,253,21,0.0758
ACH-000853,Tolcapone,53,396,29,0.069
ACH-000853,Tolmetin,14,41,8,0.1702
ACH-000853,Tomivosertib,392,99,24,0.0514
ACH-000853,Topotecan (hydrochloride),128,772,56,0.0664
ACH-000853,Torkinib,258,300,46,0.0898
ACH-000853,Trametinib,1006,277,101,0.0854
ACH-000853,Trametinib (DMSO_TF solvate),64,31,11,0.131
ACH-000853,Tranilast,11,59,4,0.0606
ACH-000853,Triamcinolone,92,403,31,0.0668
ACH-000853,Triclosan,27,244,12,0.0463
ACH-000853,Trifluridine,69,354,30,0.0763
ACH-000853,Trimetrexate,81,569,27,0.0433
ACH-000853,Tubulin inhibitor 6,124,99,15,0.0721
ACH-000853,Tucatinib,421,121,39,0.0775
ACH-000853,Tucidinostat,45,1399,26,0.0183
ACH-000853,ULK-101,746,166,47,0.0543
ACH-000853,Uridine,47,28,10,0.1538
ACH-000853,Valdecoxib,97,93,16,0.092
ACH-000853,Vandetanib,203,140,35,0.1136
ACH-000853,Vemurafenib,68,109,6,0.0351
ACH-000853,Verapamil,5,5,1,0.1111
ACH-000853,Verteporfin,7,138,6,0.0432
ACH-000853,Vilanterol,88,553,23,0.0372
ACH-000853,Vinblastine (sulfate),85,995,45,0.0435
ACH-000853,Vismodegib,79,18,6,0.0659
ACH-000853,Vitamin K4,106,89,14,0.0773
ACH-000853,Volasertib,238,217,36,0.0859
ACH-000853,Voriconazole,43,49,9,0.1084
ACH-000853,Vortioxetine,108,145,24,0.1048
ACH-000853,XRK3F2,848,124,64,0.0705
ACH-000853,Zileuton,76,26,11,0.1209
ACH-000853,c-Kit-IN-1,388,198,46,0.0852
ACH-000853,crizotinib,4,118,4,0.0339
ACH-000853,olaparib,199,51,20,0.087
ACH-000853,palbociclib,275,319,47,0.0859
ACH-000853,venetoclax,232,242,42,0.0972
ACH-000853,vincristine,993,206,95,0.0861
ACH-000853,γ-Oryzanol,140,97,18,0.0822
ACH-000861,(R)-Verapamil (hydrochloride),2237,3776,1134,0.2324
ACH-000861,(S)-Crizotinib,1650,1786,480,0.1624
ACH-000861,18β-Glycyrrhetinic acid,1831,3288,861,0.2022
ACH-000861,4EGI-1,4160,2356,1353,0.2621
ACH-000861,5-Azacytidine,3049,3628,1202,0.2195
ACH-000861,5-Fluorouracil,2579,2502,989,0.2417
ACH-000861,8-Hydroxyquinoline,1976,4489,1218,0.2321
ACH-000861,9-ING-41,5451,2756,1454,0.2153
ACH-000861,APTO-253,4855,1661,918,0.164
ACH-000861,AT7519,3330,1333,843,0.2207
ACH-000861,AZD-7648,4925,2705,1491,0.2429
ACH-000861,AZD-8055,4765,3273,1760,0.2803
ACH-000861,AZD1390,4107,2078,1036,0.2012
ACH-000861,AZD2858,2303,1998,649,0.1777
ACH-000861,Abemaciclib,6669,11454,2220,0.1396
ACH-000861,Abiraterone acetate,2995,3527,1282,0.2447
ACH-000861,Acetazolamide,4030,2386,1190,0.2277
ACH-000861,Acetohexamide,1780,3602,867,0.192
ACH-000861,Adagrasib,7430,8288,5182,0.4918
ACH-000861,Adenine,2356,3290,1297,0.2982
ACH-000861,Adenosine,2249,4611,1435,0.2645
ACH-000861,Afatinib,5531,6115,2882,0.3288
ACH-000861,Aliskiren,2050,3789,1138,0.2421
ACH-000861,Allantoin,3025,4751,1735,0.2872
ACH-000861,Allopurinol,5619,3311,1914,0.2728
ACH-000861,Almonertinib (hydrochloride),2266,3440,1065,0.2295
ACH-000861,Almonertinib (mesylate),3163,4427,1677,0.2836
ACH-000861,Alpelisib,3712,2786,1298,0.2496
ACH-000861,Altretamine,789,1285,332,0.1906
ACH-000861,Amsacrine,2656,6709,1909,0.256
ACH-000861,Anastrozole,2891,1853,1027,0.2763
ACH-000861,Anethole trithione,3327,4869,2159,0.3576
ACH-000861,Apalutamide,410,2360,236,0.0931
ACH-000861,Aprepitant,4954,3000,1771,0.2864
ACH-000861,Arbutin,1038,1596,484,0.2251
ACH-000861,Artemether,4092,3539,1761,0.3
ACH-000861,Artesunate,3104,4036,1783,0.3328
ACH-000861,Asciminib,3862,3097,1477,0.2694
ACH-000861,Aspirin,3281,2160,1051,0.2394
ACH-000861,Ataluren,3660,3083,1414,0.2653
ACH-000861,Atazanavir (sulfate),3461,3138,1620,0.3254
ACH-000861,Auranofin,3521,10084,2459,0.2206
ACH-000861,Azithromycin (hydrate),1995,3452,998,0.2243
ACH-000861,BAY1125976,4473,4776,1947,0.2666
ACH-000861,BI-3406,6073,3166,2219,0.3161
ACH-000861,BI-78D3,6151,1953,1227,0.1784
ACH-000861,Baicalin,1996,4325,1296,0.2579
ACH-000861,Balsalazide (sodium hydrate),1868,3716,1173,0.2659
ACH-000861,Belinostat,3940,11292,3280,0.2744
ACH-000861,Belumosudil,3095,3720,1446,0.2693
ACH-000861,Belumosudil (mesylate),4674,2292,1283,0.2258
ACH-000861,Belzutifan,3537,1910,746,0.1587
ACH-000861,Bendamustine,928,1360,305,0.1538
ACH-000861,Benproperine (phosphate),1378,2076,583,0.2031
ACH-000861,Bentamapimod,5180,1817,1069,0.1803
ACH-000861,Benztropine (mesylate),2351,2084,744,0.2016
ACH-000861,Berbamine,4237,4081,1998,0.3161
ACH-000861,Berbamine (dihydrochloride),3317,2278,1005,0.219
ACH-000861,Berberine (chloride hydrate),1823,4436,1145,0.2239
ACH-000861,Bergenin,1566,3348,826,0.2021
ACH-000861,Bestatin,368,2750,216,0.0744
ACH-000861,Bestatin (hydrochloride),2809,3222,1140,0.2331
ACH-000861,Betamethasone dipropionate,2017,4658,1480,0.2849
ACH-000861,Bexarotene,4020,4308,2080,0.3329
ACH-000861,Bicalutamide,2395,2080,779,0.2108
ACH-000861,Bimatoprost,2241,4625,1209,0.2137
ACH-000861,Bimiralisib,5598,6138,2663,0.2935
ACH-000861,Binimetinib,8089,7574,4891,0.454
ACH-000861,Bisoprolol (hemifumarate),1389,2844,742,0.2125
ACH-000861,Bortezomib,7853,7632,4889,0.4614
ACH-000861,Bosentan (hydrate),1093,3685,762,0.1897
ACH-000861,Brimonidine,2800,1540,661,0.1797
ACH-000861,Brivudine,5436,6904,2979,0.3182
ACH-000861,Budesonide,6397,6352,3583,0.3909
ACH-000861,Busulfan,3008,3641,1402,0.2672
ACH-000861,CP21R7,3851,1820,958,0.2033
ACH-000861,Cabozantinib (S-malate),2390,4743,1237,0.2098
ACH-000861,Canagliflozin,761,2119,411,0.1665
ACH-000861,Canagliflozin (hemihydrate),3255,3012,1098,0.2124
ACH-000861,Capivasertib,3550,1674,860,0.1971
ACH-000861,Capmatinib,4491,2256,1261,0.2299
ACH-000861,Captopril,2495,2757,942,0.2186
ACH-000861,Carbamazepine,3411,3222,1325,0.2496
ACH-000861,Celecoxib,4942,1422,757,0.135
ACH-000861,Cepharanthine,2661,3591,1333,0.271
ACH-000861,Chlorhexidine (diacetate),3473,4526,1866,0.3043
ACH-000861,Ciclopirox,1633,3845,989,0.2203
ACH-000861,Cilostazol,1070,3635,713,0.1786
ACH-000861,Cinacalcet,2674,2874,1083,0.2426
ACH-000861,Citalopram (hydrobromide),4906,2339,1269,0.2123
ACH-000861,Clobetasol propionate,5096,6038,3196,0.4026
ACH-000861,Clofarabine,674,1546,249,0.1263
ACH-000861,Clonidine (hydrochloride),2272,4642,1660,0.3159
ACH-000861,Clopidogrel,5193,2594,1590,0.2566
ACH-000861,Clotrimazole,2027,4068,1158,0.2346
ACH-000861,Cloxacillin (sodium),1835,2740,1029,0.2902
ACH-000861,Cobimetinib,1111,4876,763,0.1461
ACH-000861,Crizotinib (hydrochloride),3689,4448,1979,0.3214
ACH-000861,Cyclosporin A,5038,4319,2464,0.3575
ACH-000861,Cysteamine (hydrochloride),1574,3534,945,0.227
ACH-000861,Cytarabine,3010,2989,1200,0.2501
ACH-000861,Cytarabine (hydrochloride),1323,2303,603,0.1995
ACH-000861,DT-061,3158,2130,888,0.2018
ACH-000861,DTP3,5553,1030,677,0.1146
ACH-000861,Dabrafenib,4620,4663,2042,0.282
ACH-000861,Daidzin,3216,2475,1124,0.2461
ACH-000861,Dapagliflozin,1982,2617,834,0.2215
ACH-000861,"Dapagliflozin ((2S)-1,2-propanediol, hydrate)",748,2206,360,0.1388
ACH-000861,Darinaparsin,2510,5043,1563,0.2609
ACH-000861,Darolutamide,4259,3366,1813,0.3119
ACH-000861,Decitabine,1343,3977,892,0.2014
ACH-000861,Delamanid,3736,4049,2025,0.3516
ACH-000861,Demeclocycline,1986,3181,1027,0.2481
ACH-000861,Dexamethasone,4426,5908,3063,0.4213
ACH-000861,Dexmedetomidine,839,2276,434,0.1619
ACH-000861,Diammonium Glycyrrhizinate,2660,4822,1415,0.2332
ACH-000861,Digitoxin,5433,10278,4674,0.4235
ACH-000861,Dihydroartemisinin,1588,3315,800,0.195
ACH-000861,Dimethyl fumarate,467,1860,275,0.134
ACH-000861,Dinaciclib,6450,11893,5536,0.4323
ACH-000861,Diphenhydramine,2527,2479,1101,0.2819
ACH-000861,Docetaxel,4945,5862,2688,0.3311
ACH-000861,Docetaxel (Trihydrate),574,4749,408,0.083
ACH-000861,Dorzolamide (hydrochloride),850,3324,540,0.1486
ACH-000861,Doxorubicin (hydrochloride),1050,8395,798,0.0923
ACH-000861,Doxycycline (monohydrate),801,1763,351,0.1586
ACH-000861,Drospirenone,3733,3709,1671,0.2896
ACH-000861,ERK5-IN-2,4288,4991,1857,0.2502
ACH-000861,ETC-206,3936,1468,904,0.2009
ACH-000861,EX229,5828,3861,2132,0.2821
ACH-000861,Econazole,3349,3194,1196,0.2237
ACH-000861,Elagolix sodium,2248,4573,1362,0.2495
ACH-000861,Elimusertib hydrochloride,5272,3992,2186,0.3088
ACH-000861,Encorafenib,14462,4359,265,0.0143
ACH-000861,Entecavir (monohydrate),288,3804,237,0.0615
ACH-000861,Entrectinib,3326,3206,1099,0.2023
ACH-000861,Epirubicin (hydrochloride),429,8587,334,0.0385
ACH-000861,Eplerenone,808,1626,373,0.181
ACH-000861,Erdafitinib ,10524,2255,158,0.0125
ACH-000861,Erlotinib,1852,3166,959,0.2363
ACH-000861,Erythromycin,2396,2593,847,0.2045
ACH-000861,Esmolol (hydrochloride),3177,2334,957,0.2101
ACH-000861,Estrone sulfate (potassium),4540,2679,1316,0.2229
ACH-000861,Everolimus,3915,2073,1090,0.2225
ACH-000861,Fedratinib (hydrochloride hydrate),3896,5571,2194,0.3017
ACH-000861,Fenofibrate,1564,1334,522,0.2197
ACH-000861,Ferulic acid,1350,2579,622,0.1881
ACH-000861,Filgotinib,2169,3535,1006,0.2141
ACH-000861,Finasteride,813,2338,430,0.158
ACH-000861,Fingolimod (hydrochloride),2669,2701,1044,0.2413
ACH-000861,Flumatinib (mesylate),3612,4397,1906,0.3123
ACH-000861,Flutamide,3080,2564,963,0.2057
ACH-000861,Fluvoxamine,1607,2383,709,0.2161
ACH-000861,Fluvoxamine (maleate),1910,4355,1164,0.2282
ACH-000861,Folic acid,1609,3317,982,0.249
ACH-000861,Fulvestrant,3433,3493,1442,0.2629
ACH-000861,Fumaric acid,3593,4254,1746,0.2862
ACH-000861,Furosemide,1568,3109,833,0.2167
ACH-000861,Fusidic acid,1786,3566,1104,0.2599
ACH-000861,Futibatinib,4763,2593,1479,0.2517
ACH-000861,GSK1059615,5326,6215,2538,0.2819
ACH-000861,Gallic acid,2203,3723,1312,0.2844
ACH-000861,Gallic acid (hydrate),2971,4043,1432,0.2565
ACH-000861,Gefitinib,2810,4696,1543,0.2588
ACH-000861,Gemcitabine,5431,2732,1711,0.2652
ACH-000861,Gemfibrozil,2282,3873,1245,0.2536
ACH-000861,Glycyrrhizic acid,800,1625,322,0.1531
ACH-000861,Goserelin (acetate),2212,3988,1422,0.2976
ACH-000861,HI-TOPK-032,6715,4121,2473,0.2957
ACH-000861,Harringtonine,1763,12555,1646,0.1299
ACH-000861,Hesperidin,948,1933,410,0.1659
ACH-000861,Hexylresorcinol,2163,4233,1357,0.2693
ACH-000861,Homoharringtonine,12797,16074,11434,0.6557
ACH-000861,Hydroxyfasudil,6286,1207,698,0.1027
ACH-000861,Hydroxyurea,474,2072,245,0.1065
ACH-000861,IQ 1,4015,2802,1371,0.2517
ACH-000861,Idarubicin (hydrochloride),10835,16621,9596,0.5373
ACH-000861,Idoxuridine,3922,3215,1644,0.2993
ACH-000861,Imiquimod (hydrochloride),3154,3051,1229,0.247
ACH-000861,Imiquimod (maleate),410,1048,145,0.1104
ACH-000861,Indacaterol (maleate),4008,2982,1498,0.2728
ACH-000861,Infigratinib,4254,3810,1804,0.2882
ACH-000861,Ipatasertib,5089,3059,1535,0.2321
ACH-000861,Irinotecan,4845,2780,1563,0.2578
ACH-000861,Irinotecan (hydrochloride),6329,3856,2372,0.3036
ACH-000861,Isocorydine,2074,3816,1107,0.2314
ACH-000861,Ivermectin,3451,2377,1156,0.2474
ACH-000861,Ixazomib,3816,3666,1680,0.2896
ACH-000861,Ixazomib citrate,2441,10224,1906,0.1772
ACH-000861,L-Eflornithine (monohydrochloride),4256,2080,1139,0.2192
ACH-000861,L-Thyroxine (sodium salt pentahydrate),8392,3702,796,0.0705
ACH-000861,LB-100,3506,1300,690,0.1676
ACH-000861,LJI308,4027,2469,1340,0.2599
ACH-000861,LY-2584702 (tosylate salt),4091,2404,1224,0.2322
ACH-000861,LY2090314,2789,1480,728,0.2056
ACH-000861,Lactate (calcium),3653,3347,1282,0.2242
ACH-000861,Lapatinib ditosylate,4276,1685,928,0.1844
ACH-000861,Larotrectinib,2994,4290,1428,0.2439
ACH-000861,Lenalidomide (hemihydrate),1351,3576,781,0.1884
ACH-000861,Levobupivacaine (hydrochloride),905,2455,502,0.1756
ACH-000861,Lidocaine (hydrochloride),2906,4726,1517,0.2481
ACH-000861,Ligustrazine,809,2284,444,0.1676
ACH-000861,Lipoic acid,1354,2713,792,0.2418
ACH-000861,Lonafarnib,4150,3134,1384,0.2346
ACH-000861,Loperamide (hydrochloride),3632,3064,1371,0.2575
ACH-000861,Lopinavir,3067,2573,1131,0.2508
ACH-000861,Lucanthone,3259,2942,1417,0.2962
ACH-000861,Lumateperone (tosylate),1711,3516,1080,0.2604
ACH-000861,MK-3903,4653,2985,1338,0.2124
ACH-000861,MK-8353,4389,1458,921,0.187
ACH-000861,ML264,5126,2331,1294,0.21
ACH-000861,Macitentan,541,1348,238,0.1442
ACH-000861,Malotilate,5276,4580,2736,0.3843
ACH-000861,Mebendazole,1047,4534,671,0.1367
ACH-000861,Medroxyprogesterone acetate,2632,4751,1511,0.2573
ACH-000861,Megestrol,3688,3771,1555,0.2634
ACH-000861,Meloxicam,2751,2965,1000,0.212
ACH-000861,Menadione,754,1441,315,0.1676
ACH-000861,Methotrexate,1914,3078,855,0.2067
ACH-000861,Methyl aminolevulinate (hydrochloride),3554,3301,1497,0.2794
ACH-000861,Methylprednisolone succinate,5146,10424,869,0.0591
ACH-000861,Methylthiouracil,2634,3511,1162,0.2332
ACH-000861,Mifepristone,813,2406,438,0.1575
ACH-000861,Minodronic acid,3752,2359,1386,0.2933
ACH-000861,Mitoxantrone (dihydrochloride),2805,11939,2200,0.1754
ACH-000861,Monocrotaline,803,2992,497,0.1507
ACH-000861,Mozavaptan,799,1453,328,0.1705
ACH-000861,NG25,2909,4664,1633,0.2749
ACH-000861,NVP-BHG712,4965,2523,1222,0.195
ACH-000861,Nafamostat (mesylate),3548,2882,1204,0.2304
ACH-000861,Naproxen,2076,2032,774,0.2322
ACH-000861,Neratinib,1819,2542,704,0.1925
ACH-000861,Neratinib (maleate),2199,5661,1491,0.2341
ACH-000861,Nevirapine,541,2638,353,0.1249
ACH-000861,Niclosamide (olamine),689,6276,511,0.0792
ACH-000861,Norepinephrine (hydrochloride),1960,3788,1094,0.2351
ACH-000861,OTS514,3158,2498,1090,0.2387
ACH-000861,Olanzapine,2288,4484,1490,0.2821
ACH-000861,Oleic acid,3858,1498,907,0.2039
ACH-000861,Omeprazole,2166,2331,753,0.2011
ACH-000861,Omeprazole (sodium),2261,1977,701,0.1982
ACH-000861,Orlistat,749,2658,414,0.1383
ACH-000861,Osimertinib (mesylate),2698,3887,1379,0.2649
ACH-000861,Ouabain (Octahydrate),8629,11495,6947,0.5272
ACH-000861,Oxaliplatin,5713,2972,1892,0.2785
ACH-000861,Oxaprozin,3448,3413,1552,0.2923
ACH-000861,PF-06260933,5280,10607,1439,0.0996
ACH-000861,PH-797804,4505,7034,2551,0.2838
ACH-000861,Paclitaxel,4948,4327,1948,0.2659
ACH-000861,Palmatine (chloride),2780,3503,1202,0.2366
ACH-000861,Panobinostat,9193,13325,7878,0.5381
ACH-000861,Pasireotide (acetate),3244,4664,1825,0.3
ACH-000861,Pemetrexed,1200,1987,485,0.1795
ACH-000861,Pemigatinib,680,1661,150,0.0685
ACH-000861,Penfluridol,1057,2373,422,0.1403
ACH-000861,Pentagastrin,1797,3988,1124,0.2411
ACH-000861,Pentamidine (isethionate),2762,4338,1480,0.2633
ACH-000861,Pentoxifylline,3975,4309,2020,0.3225
ACH-000861,Peretinoin,1759,5584,1342,0.2236
ACH-000861,Perindopril (erbumine),1859,2417,727,0.2048
ACH-000861,Pexidartinib (hydrochloride),1276,2331,606,0.2019
ACH-000861,Phenylephrine (hydrochloride),3687,4200,1638,0.2621
ACH-000861,Phenytoin (sodium),1001,2207,520,0.1935
ACH-000861,Pimitespib,5301,2025,1351,0.2261
ACH-000861,Pimozide,2068,3184,919,0.2121
ACH-000861,Pioglitazone,4043,3706,1951,0.3365
ACH-000861,Piroxicam,5954,3502,2253,0.3128
ACH-000861,Pitavastatin (Calcium),1176,4176,720,0.1554
ACH-000861,Ponatinib,3579,7325,2301,0.2675
ACH-000861,Posaconazole,821,3490,556,0.1481
ACH-000861,Pralsetinib,4803,3743,1959,0.2974
ACH-000861,Pravastatin (sodium),3344,2545,1170,0.2479
ACH-000861,Procainamide (hydrochloride),608,1161,247,0.1623
ACH-000861,Proglumide,1535,2084,521,0.1682
ACH-000861,Pyridoxine,2024,3598,1068,0.2345
ACH-000861,Pyridoxine (hydrochloride),3260,3699,1625,0.3046
ACH-000861,Quinestrol,2131,3966,1263,0.2613
ACH-000861,Quinidine (15% dihydroquinidine),868,3141,552,0.1597
ACH-000861,RMC-6236,5528,5297,2712,0.3343
ACH-000861,Radotinib,2771,3986,1473,0.2788
ACH-000861,Ralimetinib dimesylate,5213,11742,896,0.0558
ACH-000861,Raltitrexed,1645,4844,1126,0.21
ACH-000861,Ranolazine,1554,2294,610,0.1884
ACH-000861,Rapamycin,2828,5365,1789,0.2794
ACH-000861,Regorafenib,5868,2388,1519,0.2255
ACH-000861,Relugolix,1495,2878,908,0.262
ACH-000861,Resveratrol,1991,4737,1222,0.2219
ACH-000861,Retinoic acid,3742,3955,1720,0.2878
ACH-000861,Rifaximin,475,1792,239,0.1179
ACH-000861,Riluzole hydrochloride,3499,5394,2100,0.3091
ACH-000861,Rimonabant,2018,3835,1264,0.2754
ACH-000861,Ritonavir,1853,4245,1050,0.208
ACH-000861,Ropivacaine (hydrochloride monohydrate),2039,3993,1222,0.2541
ACH-000861,Rosiglitazone,933,2018,518,0.2129
ACH-000861,Roxadustat,851,3652,571,0.1452
ACH-000861,Rucaparib (phosphate),619,2043,336,0.1445
ACH-000861,Rutin (trihydrate),2107,2276,891,0.2552
ACH-000861,S-Adenosyl-L-methionine (disulfate tosylate),2533,5314,1776,0.2925
ACH-000861,SBI-0640756,5620,2363,257,0.0333
ACH-000861,Sacubitril/Valsartan,1209,4074,879,0.1996
ACH-000861,Salicylic acid,2213,4121,1311,0.261
ACH-000861,Sapanisertib,5757,5100,2435,0.2891
ACH-000861,Saquinavir,1638,4049,852,0.1762
ACH-000861,Selinexor ,3980,7905,2859,0.3168
ACH-000861,Sildenafil,612,2665,383,0.1323
ACH-000861,Silodosin,502,853,187,0.1601
ACH-000861,Simotinib,386,927,127,0.1071
ACH-000861,Sinomenine,1725,3068,902,0.2318
ACH-000861,Sivelestat (sodium tetrahydrate),782,3911,535,0.1287
ACH-000861,Sodium Salicylate,2681,4405,1531,0.2756
ACH-000861,Sonidegib,6438,1259,842,0.1228
ACH-000861,Sulfatinib,724,2297,416,0.1597
ACH-000861,Sulfisoxazole,3564,4311,1698,0.2749
ACH-000861,Sunitinib,4194,4847,2265,0.3343
ACH-000861,TAK-733,3310,4106,1501,0.2538
ACH-000861,TAK-901,5378,9534,3678,0.3274
ACH-000861,Tadalafil,731,3691,572,0.1486
ACH-000861,Talc,2544,2110,908,0.2424
ACH-000861,Tazarotene,4158,3737,1759,0.2867
ACH-000861,Temsirolimus,2633,4566,1416,0.2449
ACH-000861,Temuterkib,5415,2591,1371,0.2066
ACH-000861,Terfenadine,3277,5095,1716,0.2578
ACH-000861,Tetracycline (hydrochloride),518,3192,337,0.0999
ACH-000861,Thymol,2039,2890,838,0.2048
ACH-000861,Thymopentin,744,2420,442,0.1624
ACH-000861,Tirabrutinib,2097,2779,1051,0.2748
ACH-000861,Tirabrutinib (hydrochloride),5034,4679,2369,0.3226
ACH-000861,Tofacitinib,1890,3989,971,0.1978
ACH-000861,Tofacitinib (citrate),2027,3523,1020,0.2252
ACH-000861,Tolcapone,1879,5223,1358,0.2364
ACH-000861,Tolmetin,991,1833,466,0.1976
ACH-000861,Tomivosertib,5355,2369,1472,0.2354
ACH-000861,Topotecan (hydrochloride),3568,7411,2347,0.2719
ACH-000861,Torkinib,4720,2293,1184,0.2031
ACH-000861,Trametinib,8312,9199,5643,0.4755
ACH-000861,Trametinib (DMSO_TF solvate),3899,5836,2641,0.3723
ACH-000861,Tranilast,550,1919,277,0.1264
ACH-000861,Triamcinolone,4008,5723,2609,0.3663
ACH-000861,Triclosan,1992,3807,1145,0.246
ACH-000861,Trifluridine,1587,4786,996,0.1852
ACH-000861,Trimetrexate,2032,4897,1293,0.2294
ACH-000861,Tubulin inhibitor 6,3485,1517,848,0.2041
ACH-000861,Tucatinib,4434,2243,1410,0.2677
ACH-000861,Tucidinostat,4344,11684,3567,0.2863
ACH-000861,ULK-101,4622,2109,1017,0.178
ACH-000861,Uridine,2316,3572,1136,0.2391
ACH-000861,Valdecoxib,2012,2414,767,0.2096
ACH-000861,Vandetanib,3440,4606,1878,0.3045
ACH-000861,Vemurafenib,4718,2604,1407,0.2379
ACH-000861,Verapamil,866,1782,424,0.1906
ACH-000861,Verteporfin,769,3600,432,0.1097
ACH-000861,Vilanterol,1583,3776,908,0.204
ACH-000861,Vinblastine (sulfate),3614,6052,2346,0.3205
ACH-000861,Vismodegib,1404,1631,443,0.1709
ACH-000861,Vitamin K4,3312,2887,1190,0.2376
ACH-000861,Volasertib,4347,1631,887,0.1742
ACH-000861,Voriconazole,2460,2214,844,0.2204
ACH-000861,Vortioxetine,3098,3263,1298,0.2564
ACH-000861,XRK3F2,4550,3043,1321,0.2106
ACH-000861,Zileuton,2816,1725,779,0.2071
ACH-000861,c-Kit-IN-1,7800,2530,1943,0.2317
ACH-000861,crizotinib,1180,3674,787,0.1935
ACH-000861,olaparib,5401,10621,1061,0.0709
ACH-000861,palbociclib,4829,3002,1508,0.2385
ACH-000861,venetoclax,5056,4132,2157,0.3068
ACH-000861,vincristine,5455,2975,1974,0.3058
ACH-000861,γ-Oryzanol,2146,2239,817,0.229
ACH-000875,(R)-Verapamil (hydrochloride),2552,3326,1111,0.2331
ACH-000875,(S)-Crizotinib,1264,1598,497,0.2101
ACH-000875,18β-Glycyrrhetinic acid,1580,3217,846,0.2141
ACH-000875,4EGI-1,3018,3438,1479,0.2972
ACH-000875,5-Azacytidine,2001,2460,790,0.2152
ACH-000875,5-Fluorouracil,2254,1418,605,0.1973
ACH-000875,8-Hydroxyquinoline,1932,3789,1148,0.251
ACH-000875,9-ING-41,5784,3364,1865,0.2561
ACH-000875,APTO-253,3939,2732,1272,0.2356
ACH-000875,AT7519,2883,2057,1016,0.2589
ACH-000875,AZD-7648,4542,4188,1976,0.2926
ACH-000875,AZD-8055,2964,4986,1597,0.2514
ACH-000875,AZD1390,4105,3448,1599,0.2686
ACH-000875,AZD2858,1845,2523,552,0.1447
ACH-000875,Abemaciclib,6298,5197,3185,0.3833
ACH-000875,Abiraterone acetate,2271,2472,854,0.2196
ACH-000875,Acetazolamide,2845,1870,742,0.1868
ACH-000875,Acetohexamide,1701,3329,841,0.2008
ACH-000875,Adagrasib,4809,4609,2573,0.3759
ACH-000875,Adenine,2680,3575,1545,0.328
ACH-000875,Adenosine,2037,4630,1394,0.2644
ACH-000875,Afatinib,4221,7743,2826,0.3093
ACH-000875,Aliskiren,1799,3519,1027,0.2393
ACH-000875,Allantoin,2707,4360,1523,0.2747
ACH-000875,Allopurinol,3458,2307,1035,0.2188
ACH-000875,Almonertinib (hydrochloride),2394,3323,1144,0.2502
ACH-000875,Almonertinib (mesylate),2438,2742,1117,0.2749
ACH-000875,Alpelisib,2907,3861,1453,0.2734
ACH-000875,Altretamine,759,1155,345,0.2199
ACH-000875,Amsacrine,2282,4872,1563,0.2796
ACH-000875,Anastrozole,2511,2717,1186,0.2934
ACH-000875,Anethole trithione,3203,4718,2134,0.3688
ACH-000875,Apalutamide,530,2331,265,0.1021
ACH-000875,Aprepitant,3149,1644,755,0.187
ACH-000875,Arbutin,966,1833,546,0.2423
ACH-000875,Artemether,2230,2067,691,0.1916
ACH-000875,Artesunate,3088,4020,1661,0.3049
ACH-000875,Asciminib,2857,2363,918,0.2134
ACH-000875,Aspirin,1926,1661,651,0.2217
ACH-000875,Ataluren,2716,1588,654,0.1792
ACH-000875,Atazanavir (sulfate),2136,2042,868,0.2622
ACH-000875,Auranofin,2566,7374,1661,0.2006
ACH-000875,Azithromycin (hydrate),1638,2914,793,0.211
ACH-000875,BAY1125976,4995,5826,2719,0.3356
ACH-000875,BI-3406,4335,4231,2105,0.3258
ACH-000875,BI-78D3,6116,3355,1956,0.2603
ACH-000875,Baicalin,1960,4208,1327,0.2741
ACH-000875,Balsalazide (sodium hydrate),2102,3678,1295,0.2887
ACH-000875,Belinostat,2521,8981,1985,0.2086
ACH-000875,Belumosudil,2315,4604,1351,0.2426
ACH-000875,Belumosudil (mesylate),3615,2833,1213,0.2317
ACH-000875,Belzutifan,2659,3628,1065,0.2039
ACH-000875,Bendamustine,894,1692,422,0.195
ACH-000875,Benproperine (phosphate),1210,2120,589,0.2149
ACH-000875,Bentamapimod,4315,2694,1304,0.2286
ACH-000875,Benztropine (mesylate),1668,1548,478,0.1746
ACH-000875,Berbamine,4169,2973,1528,0.2722
ACH-000875,Berbamine (dihydrochloride),2883,2091,895,0.2194
ACH-000875,Berberine (chloride hydrate),1711,4483,1121,0.221
ACH-000875,Bergenin,1355,2959,716,0.199
ACH-000875,Bestatin,457,2140,272,0.117
ACH-000875,Bestatin (hydrochloride),2060,2748,829,0.2083
ACH-000875,Betamethasone dipropionate,1785,3235,1211,0.3179
ACH-000875,Bexarotene,1997,2117,817,0.2478
ACH-000875,Bicalutamide,1428,1935,470,0.1625
ACH-000875,Bimatoprost,1856,4138,1046,0.2114
ACH-000875,Bimiralisib,5471,7808,3146,0.3105
ACH-000875,Binimetinib,7294,6517,4168,0.4322
ACH-000875,Bisoprolol (hemifumarate),1475,2730,838,0.2489
ACH-000875,Bortezomib,7631,8930,5123,0.4479
ACH-000875,Bosentan (hydrate),1083,3136,719,0.2054
ACH-000875,Brimonidine,1916,2088,739,0.2263
ACH-000875,Brivudine,5038,8133,3263,0.3293
ACH-000875,Budesonide,4162,4398,2077,0.3204
ACH-000875,Busulfan,3021,3128,1220,0.2475
ACH-000875,CP21R7,3542,2252,1072,0.227
ACH-000875,Cabozantinib (S-malate),1726,2914,827,0.2169
ACH-000875,Canagliflozin,1104,2035,539,0.2073
ACH-000875,Canagliflozin (hemihydrate),2496,2014,714,0.1881
ACH-000875,Capivasertib,3244,2702,1195,0.2515
ACH-000875,Capmatinib,4008,3110,1490,0.2647
ACH-000875,Captopril,2666,1320,642,0.192
ACH-000875,Carbamazepine,2502,2588,931,0.2239
ACH-000875,Celecoxib,4513,2163,1076,0.1921
ACH-000875,Cepharanthine,2201,3501,1240,0.2779
ACH-000875,Chlorhexidine (diacetate),2818,3994,1548,0.2941
ACH-000875,Ciclopirox,1495,4432,1005,0.2042
ACH-000875,Cilostazol,1543,3266,914,0.2347
ACH-000875,Cinacalcet,2301,2077,670,0.1807
ACH-000875,Citalopram (hydrobromide),3517,1630,779,0.1783
ACH-000875,Clobetasol propionate,3476,4004,1893,0.3388
ACH-000875,Clofarabine,768,1823,383,0.1735
ACH-000875,Clonidine (hydrochloride),2572,4698,1848,0.3408
ACH-000875,Clopidogrel,3116,1734,833,0.2074
ACH-000875,Clotrimazole,1713,3502,940,0.2199
ACH-000875,Cloxacillin (sodium),2072,2919,1105,0.2844
ACH-000875,Cobimetinib,1330,3943,860,0.1949
ACH-000875,Crizotinib (hydrochloride),2943,3349,1262,0.2509
ACH-000875,Cyclosporin A,3155,2486,1152,0.2566
ACH-000875,Cysteamine (hydrochloride),1657,3200,964,0.2476
ACH-000875,Cytarabine,2389,2250,907,0.243
ACH-000875,Cytarabine (hydrochloride),1114,2089,548,0.2064
ACH-000875,DT-061,2983,2826,1080,0.2284
ACH-000875,DTP3,4623,12455,1131,0.0709
ACH-000875,Dabrafenib,3984,5420,2124,0.2918
ACH-000875,Daidzin,2811,2393,1063,0.2567
ACH-000875,Dapagliflozin,1745,1664,599,0.2132
ACH-000875,"Dapagliflozin ((2S)-1,2-propanediol, hydrate)",1205,1920,498,0.1896
ACH-000875,Darinaparsin,2272,5210,1535,0.2581
ACH-000875,Darolutamide,2890,2591,1210,0.2833
ACH-000875,Decitabine,1971,4266,1356,0.2778
ACH-000875,Delamanid,2434,2787,1124,0.2743
ACH-000875,Demeclocycline,1789,3201,910,0.223
ACH-000875,Dexamethasone,3091,4196,2006,0.3799
ACH-000875,Dexmedetomidine,844,1957,464,0.1985
ACH-000875,Diammonium Glycyrrhizinate,2636,5160,1538,0.2458
ACH-000875,Digitoxin,1911,6513,1356,0.1919
ACH-000875,Dihydroartemisinin,1096,2876,605,0.1797
ACH-000875,Dimethyl fumarate,597,1622,313,0.1642
ACH-000875,Dinaciclib,6364,10462,5432,0.4767
ACH-000875,Diphenhydramine,2116,2081,887,0.268
ACH-000875,Docetaxel,4195,4765,2030,0.2929
ACH-000875,Docetaxel (Trihydrate),613,3369,403,0.1126
ACH-000875,Dorzolamide (hydrochloride),1147,2746,636,0.1953
ACH-000875,Doxorubicin (hydrochloride),1259,4768,813,0.1559
ACH-000875,Doxycycline (monohydrate),718,2393,415,0.1539
ACH-000875,Drospirenone,2992,3509,1414,0.278
ACH-000875,ERK5-IN-2,4348,6809,2470,0.2843
ACH-000875,ETC-206,2878,2228,1035,0.2542
ACH-000875,EX229,6132,6085,3300,0.3701
ACH-000875,Econazole,2493,2738,902,0.2084
ACH-000875,Elagolix sodium,2144,4161,1323,0.2656
ACH-000875,Elimusertib hydrochloride,5078,4701,2333,0.3133
ACH-000875,Entecavir (monohydrate),331,2784,244,0.085
ACH-000875,Entrectinib,2464,2844,838,0.1875
ACH-000875,Epirubicin (hydrochloride),389,5273,276,0.0512
ACH-000875,Eplerenone,844,1637,435,0.2126
ACH-000875,Erdafitinib ,12169,2708,224,0.0153
ACH-000875,Erlotinib,1313,2465,670,0.2156
ACH-000875,Erythromycin,1754,2064,595,0.1846
ACH-000875,Esmolol (hydrochloride),2296,2715,979,0.2428
ACH-000875,Estrone sulfate (potassium),3119,2394,937,0.2048
ACH-000875,Everolimus,3485,2860,1222,0.2385
ACH-000875,Fedratinib (hydrochloride hydrate),3098,4166,1608,0.2843
ACH-000875,Fenofibrate,1628,1489,594,0.2354
ACH-000875,Ferulic acid,1323,2657,740,0.2284
ACH-000875,Filgotinib,1305,3538,648,0.1545
ACH-000875,Finasteride,675,2003,389,0.1699
ACH-000875,Fingolimod (hydrochloride),1841,2611,876,0.245
ACH-000875,Flumatinib (mesylate),3087,3249,1515,0.3143
ACH-000875,Flutamide,1867,2213,714,0.2121
ACH-000875,Fluvoxamine,1225,2845,776,0.2356
ACH-000875,Fluvoxamine (maleate),1737,4817,1172,0.2178
ACH-000875,Folic acid,1880,3525,1196,0.2842
ACH-000875,Fulvestrant,2271,1671,573,0.1701
ACH-000875,Fumaric acid,3268,3592,1551,0.2921
ACH-000875,Furosemide,1208,2748,659,0.1999
ACH-000875,Fusidic acid,1787,3371,1066,0.2605
ACH-000875,Futibatinib,4553,4001,1982,0.3016
ACH-000875,GSK1059615,5960,6744,3151,0.3298
ACH-000875,Gallic acid,2242,3737,1313,0.2814
ACH-000875,Gallic acid (hydrate),2786,3903,1313,0.2442
ACH-000875,Gefitinib,1751,1958,595,0.1911
ACH-000875,Gemcitabine,4510,3453,1896,0.3125
ACH-000875,Gemfibrozil,1767,4076,1050,0.2191
ACH-000875,Glycyrrhizic acid,1322,1819,513,0.1952
ACH-000875,Goserelin (acetate),2400,3829,1438,0.3001
ACH-000875,HI-TOPK-032,5539,5239,2557,0.311
ACH-000875,Harringtonine,2006,10306,1781,0.1691
ACH-000875,Hesperidin,975,1861,454,0.1906
ACH-000875,Hexylresorcinol,1948,3630,1156,0.2614
ACH-000875,Homoharringtonine,10616,13588,9251,0.6187
ACH-000875,Hydroxyfasudil,5389,1633,862,0.1399
ACH-000875,Hydroxyurea,546,2079,294,0.1261
ACH-000875,IQ 1,3680,3899,1667,0.282
ACH-000875,Idarubicin (hydrochloride),7908,13397,6692,0.4579
ACH-000875,Idoxuridine,2842,2057,953,0.2415
ACH-000875,Imiquimod (hydrochloride),2745,2839,1047,0.2308
ACH-000875,Imiquimod (maleate),553,1099,184,0.1253
ACH-000875,Indacaterol (maleate),2699,2882,1225,0.2812
ACH-000875,Infigratinib,3370,5194,1815,0.2689
ACH-000875,Ipatasertib,5591,3290,1848,0.2628
ACH-000875,Irinotecan,3353,3555,1480,0.2727
ACH-000875,Irinotecan (hydrochloride),4563,2592,1502,0.2657
ACH-000875,Isocorydine,2210,3728,1254,0.2677
ACH-000875,Ivermectin,2062,1596,608,0.1993
ACH-000875,Ixazomib,2930,4594,1691,0.2899
ACH-000875,Ixazomib citrate,1697,7189,1232,0.161
ACH-000875,L-Eflornithine (monohydrochloride),2777,1748,731,0.1927
ACH-000875,L-Thyroxine (sodium salt pentahydrate),1786,3529,932,0.2126
ACH-000875,LB-100,2697,1910,825,0.2181
ACH-000875,LJI308,3934,3276,1683,0.3045
ACH-000875,LY-2584702 (tosylate salt),3993,2984,1486,0.2706
ACH-000875,LY2090314,2324,2763,899,0.2147
ACH-000875,Lactate (calcium),2436,2991,925,0.2055
ACH-000875,Lapatinib ditosylate,3814,2333,1059,0.2081
ACH-000875,Larotrectinib,3099,3851,1453,0.2643
ACH-000875,Lenalidomide (hemihydrate),1162,4183,702,0.1512
ACH-000875,Levobupivacaine (hydrochloride),1130,2191,586,0.2143
ACH-000875,Lidocaine (hydrochloride),2434,4847,1524,0.2647
ACH-000875,Ligustrazine,708,2452,442,0.1626
ACH-000875,Lipoic acid,1393,2561,787,0.2485
ACH-000875,Lonafarnib,4729,5898,2585,0.3214
ACH-000875,Loperamide (hydrochloride),2747,2501,886,0.2031
ACH-000875,Lopinavir,2616,2350,1052,0.2688
ACH-000875,Lucanthone,2502,2452,1136,0.2975
ACH-000875,Lumateperone (tosylate),1600,3328,976,0.247
ACH-000875,MK-3903,3756,4975,1755,0.2516
ACH-000875,MK-8353,3468,2110,1095,0.2443
ACH-000875,ML264,4562,3955,1874,0.2821
ACH-000875,Macitentan,586,1424,280,0.1618
ACH-000875,Malotilate,4051,4010,2292,0.3973
ACH-000875,Mebendazole,1155,3439,737,0.1911
ACH-000875,Medroxyprogesterone acetate,2541,5596,1766,0.2772
ACH-000875,Megestrol,3508,3603,1451,0.2564
ACH-000875,Meloxicam,2043,2006,676,0.2004
ACH-000875,Menadione,901,1714,461,0.214
ACH-000875,Methotrexate,1612,2462,668,0.1961
ACH-000875,Methyl aminolevulinate (hydrochloride),2941,1824,798,0.2012
ACH-000875,Methylprednisolone succinate,5360,9785,993,0.0702
ACH-000875,Methylthiouracil,1593,2132,625,0.2016
ACH-000875,Mifepristone,1001,2453,531,0.1817
ACH-000875,Minodronic acid,3007,3546,1545,0.3085
ACH-000875,Mitoxantrone (dihydrochloride),2556,9823,1955,0.1875
ACH-000875,Monocrotaline,803,2029,462,0.1949
ACH-000875,Mozavaptan,848,2265,461,0.1738
ACH-000875,NG25,2365,5672,1540,0.237
ACH-000875,NVP-BHG712,4835,3740,1759,0.2581
ACH-000875,Nafamostat (mesylate),2273,1730,565,0.1643
ACH-000875,Naproxen,1940,1966,759,0.2412
ACH-000875,Neratinib,2014,2528,888,0.243
ACH-000875,Neratinib (maleate),2251,5690,1597,0.2517
ACH-000875,Nevirapine,736,2257,447,0.1756
ACH-000875,Niclosamide (olamine),850,5741,656,0.1105
ACH-000875,Norepinephrine (hydrochloride),1579,4640,1002,0.1921
ACH-000875,OTS514,3046,2804,1092,0.2295
ACH-000875,Olanzapine,2287,4304,1454,0.283
ACH-000875,Oleic acid,3176,2424,1157,0.2604
ACH-000875,Omeprazole,1334,2388,599,0.1918
ACH-000875,Omeprazole (sodium),2030,1441,499,0.1679
ACH-000875,Orlistat,791,2129,449,0.1817
ACH-000875,Osimertinib (mesylate),2349,2864,1076,0.2601
ACH-000875,Ouabain (Octahydrate),2155,7994,1633,0.1918
ACH-000875,Oxaliplatin,4160,3828,2148,0.3678
ACH-000875,Oxaprozin,2287,2103,752,0.2067
ACH-000875,PF-06260933,4455,3661,1569,0.2397
ACH-000875,PH-797804,5007,7951,3115,0.3165
ACH-000875,Paclitaxel,3853,4783,1796,0.2626
ACH-000875,Palmatine (chloride),3233,4279,1580,0.2664
ACH-000875,Panobinostat,6579,10991,5647,0.4736
ACH-000875,Pasireotide (acetate),3266,3732,1498,0.2724
ACH-000875,Pemetrexed,1321,2548,722,0.2294
ACH-000875,Pemigatinib,793,1803,138,0.0561
ACH-000875,Penfluridol,795,2207,422,0.1636
ACH-000875,Pentagastrin,1798,3969,1112,0.2389
ACH-000875,Pentamidine (isethionate),2551,4107,1343,0.2527
ACH-000875,Pentoxifylline,3198,3257,1410,0.2795
ACH-000875,Peretinoin,1452,4077,973,0.2136
ACH-000875,Perindopril (erbumine),1042,1907,428,0.1698
ACH-000875,Pexidartinib (hydrochloride),1174,2145,592,0.2171
ACH-000875,Phenylephrine (hydrochloride),2778,3985,1320,0.2425
ACH-000875,Phenytoin (sodium),1036,2164,549,0.2071
ACH-000875,Pimitespib,3942,1842,1065,0.2257
ACH-000875,Pimozide,2082,2478,839,0.2255
ACH-000875,Pioglitazone,2493,2443,1072,0.2774
ACH-000875,Piroxicam,3207,2304,1078,0.2432
ACH-000875,Pitavastatin (Calcium),1115,3025,666,0.1917
ACH-000875,Ponatinib,2380,3859,1094,0.2126
ACH-000875,Posaconazole,792,3457,516,0.1382
ACH-000875,Pralsetinib,3237,5552,1929,0.2812
ACH-000875,Pravastatin (sodium),3043,1994,959,0.2352
ACH-000875,Procainamide (hydrochloride),539,1244,276,0.1831
ACH-000875,Proglumide,1248,1159,345,0.1673
ACH-000875,Pyridoxine,2016,3936,1093,0.2249
ACH-000875,Pyridoxine (hydrochloride),3983,4170,2191,0.3675
ACH-000875,Quinestrol,2127,4263,1366,0.2719
ACH-000875,Quinidine (15% dihydroquinidine),835,1934,422,0.1798
ACH-000875,RMC-6236,4432,6130,2476,0.3062
ACH-000875,Radotinib,3050,4322,1809,0.3252
ACH-000875,Ralimetinib dimesylate,4907,1610,949,0.1704
ACH-000875,Raltitrexed,1927,4095,1192,0.2468
ACH-000875,Ranolazine,1041,1731,387,0.1623
ACH-000875,Rapamycin,2502,4301,1519,0.2875
ACH-000875,Regorafenib,5121,2795,1523,0.2382
ACH-000875,Relugolix,1679,3124,1003,0.2639
ACH-000875,Resveratrol,1862,3842,1100,0.2389
ACH-000875,Retinoic acid,4127,4065,1837,0.2891
ACH-000875,Rifaximin,422,1464,223,0.1341
ACH-000875,Riluzole hydrochloride,3502,5325,2188,0.3296
ACH-000875,Rimonabant,2089,3651,1311,0.296
ACH-000875,Ritonavir,1832,3714,966,0.2109
ACH-000875,Ropivacaine (hydrochloride monohydrate),2114,3794,1292,0.2799
ACH-000875,Rosiglitazone,1049,1960,536,0.2167
ACH-000875,Roxadustat,1094,3377,723,0.1929
ACH-000875,Rucaparib (phosphate),710,1998,368,0.1573
ACH-000875,Rutin (trihydrate),1746,2083,788,0.2591
ACH-000875,S-Adenosyl-L-methionine (disulfate tosylate),2345,5156,1704,0.2939
ACH-000875,SBI-0640756,9168,3100,255,0.0212
ACH-000875,Sacubitril/Valsartan,1237,2965,792,0.2323
ACH-000875,Salicylic acid,1983,4491,1307,0.253
ACH-000875,Sapanisertib,5860,5931,2947,0.3332
ACH-000875,Saquinavir,1506,4064,867,0.1844
ACH-000875,Selinexor ,4423,9577,3263,0.3039
ACH-000875,Sildenafil,721,2214,384,0.1505
ACH-000875,Silodosin,665,998,284,0.2059
ACH-000875,Simotinib,527,607,118,0.1161
ACH-000875,Sinomenine,1446,2919,769,0.2138
ACH-000875,Sivelestat (sodium tetrahydrate),907,4096,619,0.1412
ACH-000875,Sodium Salicylate,2470,4150,1363,0.2593
ACH-000875,Sonidegib,6008,5777,1151,0.1082
ACH-000875,Sulfatinib,770,1918,425,0.1878
ACH-000875,Sulfisoxazole,3316,4068,1569,0.2698
ACH-000875,Sunitinib,3118,3666,1590,0.3061
ACH-000875,TAK-733,2914,6357,1858,0.2506
ACH-000875,TAK-901,4775,10913,3585,0.2962
ACH-000875,Tadalafil,743,3052,512,0.156
ACH-000875,Talc,2029,1415,471,0.1584
ACH-000875,Tazarotene,2486,2257,854,0.2196
ACH-000875,Temsirolimus,3670,4195,1755,0.2872
ACH-000875,Temuterkib,4910,4294,1937,0.2665
ACH-000875,Terfenadine,2721,4266,1397,0.2499
ACH-000875,Tetracycline (hydrochloride),667,2494,402,0.1457
ACH-000875,Thymol,1832,2628,813,0.2229
ACH-000875,Thymopentin,664,2360,407,0.1555
ACH-000875,Tirabrutinib,1970,2651,1045,0.2922
ACH-000875,Tirabrutinib (hydrochloride),3248,3379,1390,0.2654
ACH-000875,Tofacitinib,1748,4990,1101,0.1953
ACH-000875,Tofacitinib (citrate),2586,4644,1556,0.2742
ACH-000875,Tolcapone,1649,4879,1138,0.2111
ACH-000875,Tolmetin,1105,1891,613,0.2572
ACH-000875,Tomivosertib,4595,3486,1831,0.293
ACH-000875,Topotecan (hydrochloride),2964,7327,2011,0.2429
ACH-000875,Torkinib,4436,3636,1769,0.2807
ACH-000875,Trametinib,7283,8883,5011,0.4492
ACH-000875,Trametinib (DMSO_TF solvate),3280,3928,1901,0.3582
ACH-000875,Tranilast,511,1997,291,0.1313
ACH-000875,Triamcinolone,4105,6497,3049,0.4037
ACH-000875,Triclosan,1745,3772,1034,0.2306
ACH-000875,Trifluridine,1258,3761,736,0.1718
ACH-000875,Trimetrexate,1740,4796,1076,0.1971
ACH-000875,Tubulin inhibitor 6,3607,2155,1139,0.2464
ACH-000875,Tucatinib,3545,3483,1639,0.3041
ACH-000875,Tucidinostat,4742,11691,4107,0.3332
ACH-000875,ULK-101,5031,2301,1224,0.2004
ACH-000875,Uridine,1535,2133,680,0.2276
ACH-000875,Valdecoxib,1703,1720,505,0.1731
ACH-000875,Vandetanib,2683,2297,1054,0.2685
ACH-000875,Vemurafenib,3645,3288,1384,0.2494
ACH-000875,Verapamil,669,1640,387,0.2014
ACH-000875,Verteporfin,731,3143,444,0.1294
ACH-000875,Vilanterol,1927,4993,1334,0.2388
ACH-000875,Vinblastine (sulfate),3628,5591,2328,0.3378
ACH-000875,Vismodegib,1309,1453,434,0.1864
ACH-000875,Vitamin K4,2546,2069,770,0.2003
ACH-000875,Volasertib,3717,2171,1039,0.2143
ACH-000875,Voriconazole,2416,2028,759,0.206
ACH-000875,Vortioxetine,3027,2812,1277,0.2799
ACH-000875,XRK3F2,5100,3901,1790,0.2482
ACH-000875,Zileuton,2209,1658,579,0.1761
ACH-000875,c-Kit-IN-1,7279,5177,3577,0.4029
ACH-000875,crizotinib,808,2578,469,0.1608
ACH-000875,olaparib,3586,1497,874,0.2077
ACH-000875,palbociclib,4271,3811,1726,0.2716
ACH-000875,venetoclax,4165,5951,2459,0.3211
ACH-000875,vincristine,5273,3700,2219,0.3285
ACH-000875,γ-Oryzanol,1473,1335,466,0.199
ACH-000890,(R)-Verapamil (hydrochloride),0,126,0,0.0
ACH-000890,(S)-Crizotinib,3,25,2,0.0769
ACH-000890,18β-Glycyrrhetinic acid,10,198,5,0.0246
ACH-000890,4EGI-1,26,37,5,0.0862
ACH-000890,5-Azacytidine,9,25,1,0.0303
ACH-000890,5-Fluorouracil,69,5,3,0.0423
ACH-000890,8-Hydroxyquinoline,24,125,15,0.1119
ACH-000890,9-ING-41,575,8,7,0.0122
ACH-000890,APTO-253,193,27,6,0.028
ACH-000890,AT7519,52,5,3,0.0556
ACH-000890,AZD-7648,423,10,7,0.0164
ACH-000890,AZD-8055,102,13,5,0.0455
ACH-000890,AZD1390,239,15,7,0.0283
ACH-000890,AZD2858,353,18,9,0.0249
ACH-000890,Abemaciclib,495,4,2,0.004
ACH-000890,Abiraterone acetate,31,15,9,0.2432
ACH-000890,Acetazolamide,93,9,2,0.02
ACH-000890,Acetohexamide,7,197,5,0.0251
ACH-000890,Adagrasib,26,24,6,0.1364
ACH-000890,Adenine,21,71,9,0.1084
ACH-000890,Adenosine,21,167,6,0.033
ACH-000890,Afatinib,93,271,24,0.0706
ACH-000890,Aliskiren,8,88,5,0.0549
ACH-000890,Allantoin,61,209,14,0.0547
ACH-000890,Allopurinol,72,14,6,0.075
ACH-000890,Almonertinib (hydrochloride),11,223,5,0.0218
ACH-000890,Almonertinib (mesylate),48,16,1,0.0159
ACH-000890,Alpelisib,123,29,13,0.0935
ACH-000890,Altretamine,2,11,2,0.1818
ACH-000890,Amsacrine,4,249,3,0.012
ACH-000890,Anastrozole,14,6,3,0.1765
ACH-000890,Anethole trithione,10,125,8,0.063
ACH-000890,Apalutamide,1,8,1,0.125
ACH-000890,Aprepitant,109,6,4,0.036
ACH-000890,Arbutin,2,33,2,0.0606
ACH-000890,Artemether,29,4,4,0.1379
ACH-000890,Artesunate,30,40,13,0.2281
ACH-000890,Asciminib,160,32,9,0.0492
ACH-000890,Aspirin,15,15,4,0.1538
ACH-000890,Ataluren,29,14,4,0.1026
ACH-000890,Atazanavir (sulfate),108,66,16,0.1013
ACH-000890,Auranofin,82,1589,36,0.022
ACH-000890,Azithromycin (hydrate),12,166,5,0.0289
ACH-000890,BAY1125976,358,403,54,0.0764
ACH-000890,BI-3406,265,39,15,0.0519
ACH-000890,BI-78D3,819,32,15,0.0179
ACH-000890,Baicalin,6,75,4,0.0519
ACH-000890,Balsalazide (sodium hydrate),11,23,7,0.2593
ACH-000890,Belinostat,133,1161,73,0.0598
ACH-000890,Belumosudil,14,47,3,0.0517
ACH-000890,Belumosudil (mesylate),173,20,8,0.0432
ACH-000890,Belzutifan,255,4,3,0.0117
ACH-000890,Bendamustine,2,6,2,0.3333
ACH-000890,Benproperine (phosphate),1,12,1,0.0833
ACH-000890,Bentamapimod,324,50,18,0.0506
ACH-000890,Benztropine (mesylate),46,5,4,0.0851
ACH-000890,Berbamine,34,206,11,0.048
ACH-000890,Berbamine (dihydrochloride),40,14,7,0.1489
ACH-000890,Berberine (chloride hydrate),49,74,9,0.0789
ACH-000890,Bergenin,3,45,1,0.0213
ACH-000890,Bestatin,0,7,0,0.0
ACH-000890,Bestatin (hydrochloride),71,19,9,0.1111
ACH-000890,Betamethasone dipropionate,6,172,6,0.0349
ACH-000890,Bexarotene,81,22,11,0.1196
ACH-000890,Bicalutamide,1,6,1,0.1667
ACH-000890,Bimatoprost,5,232,3,0.0128
ACH-000890,Bimiralisib,501,240,46,0.0662
ACH-000890,Binimetinib,757,269,136,0.1528
ACH-000890,Bisoprolol (hemifumarate),3,95,3,0.0316
ACH-000890,Bortezomib,879,614,272,0.2228
ACH-000890,Bosentan (hydrate),3,54,3,0.0556
ACH-000890,Brimonidine,10,15,4,0.1905
ACH-000890,Brivudine,406,126,44,0.0902
ACH-000890,Budesonide,323,172,73,0.173
ACH-000890,Busulfan,21,77,6,0.0652
ACH-000890,CP21R7,279,12,5,0.0175
ACH-000890,Cabozantinib (S-malate),32,28,7,0.1321
ACH-000890,Canagliflozin,4,33,3,0.0882
ACH-000890,Canagliflozin (hemihydrate),98,62,3,0.0191
ACH-000890,Capivasertib,33,39,9,0.1429
ACH-000890,Capmatinib,167,22,8,0.0442
ACH-000890,Captopril,58,2,1,0.0169
ACH-000890,Carbamazepine,32,79,4,0.0374
ACH-000890,Celecoxib,441,37,11,0.0236
ACH-000890,Cepharanthine,25,210,16,0.0731
ACH-000890,Chlorhexidine (diacetate),37,272,28,0.0996
ACH-000890,Ciclopirox,16,231,8,0.0335
ACH-000890,Cilostazol,0,21,0,0.0
ACH-000890,Cinacalcet,10,33,3,0.075
ACH-000890,Citalopram (hydrobromide),79,32,10,0.099
ACH-000890,Clobetasol propionate,212,223,81,0.2288
ACH-000890,Clofarabine,1,30,1,0.0333
ACH-000890,Clonidine (hydrochloride),9,48,5,0.0962
ACH-000890,Clopidogrel,41,7,3,0.0667
ACH-000890,Clotrimazole,18,53,8,0.127
ACH-000890,Cloxacillin (sodium),3,19,1,0.0476
ACH-000890,Cobimetinib,0,65,0,0.0
ACH-000890,Crizotinib (hydrochloride),76,58,6,0.0469
ACH-000890,Cyclosporin A,55,55,14,0.1458
ACH-000890,Cysteamine (hydrochloride),7,118,3,0.0246
ACH-000890,Cytarabine,7,8,2,0.1538
ACH-000890,Cytarabine (hydrochloride),1,18,1,0.0556
ACH-000890,DT-061,37,48,11,0.1486
ACH-000890,DTP3,92,4,3,0.0323
ACH-000890,Dabrafenib,124,308,33,0.0827
ACH-000890,Daidzin,20,3,3,0.15
ACH-000890,Dapagliflozin,15,4,3,0.1875
ACH-000890,"Dapagliflozin ((2S)-1,2-propanediol, hydrate)",3,42,2,0.0465
ACH-000890,Darinaparsin,19,390,14,0.0354
ACH-000890,Darolutamide,76,55,9,0.0738
ACH-000890,Decitabine,6,276,6,0.0217
ACH-000890,Delamanid,27,21,9,0.2308
ACH-000890,Demeclocycline,9,118,6,0.0496
ACH-000890,Dexamethasone,161,174,64,0.2362
ACH-000890,Dexmedetomidine,3,16,3,0.1875
ACH-000890,Diammonium Glycyrrhizinate,25,149,9,0.0545
ACH-000890,Digitoxin,402,1159,247,0.188
ACH-000890,Dihydroartemisinin,8,42,3,0.0638
ACH-000890,Dimethyl fumarate,3,7,2,0.25
ACH-000890,Dinaciclib,60,781,46,0.0579
ACH-000890,Diphenhydramine,2,2,1,0.3333
ACH-000890,Docetaxel,284,253,47,0.0959
ACH-000890,Docetaxel (Trihydrate),1,138,1,0.0072
ACH-000890,Dorzolamide (hydrochloride),3,41,3,0.0732
ACH-000890,Doxorubicin (hydrochloride),4,212,3,0.0141
ACH-000890,Doxycycline (monohydrate),5,27,3,0.1034
ACH-000890,Drospirenone,93,41,16,0.1356
ACH-000890,ERK5-IN-2,390,142,24,0.0472
ACH-000890,ETC-206,101,4,3,0.0294
ACH-000890,EX229,660,154,66,0.0882
ACH-000890,Econazole,60,51,5,0.0472
ACH-000890,Elagolix sodium,48,143,10,0.0552
ACH-000890,Elimusertib hydrochloride,287,230,68,0.1514
ACH-000890,Entecavir (monohydrate),2,17,1,0.0556
ACH-000890,Entrectinib,2,72,1,0.0137
ACH-000890,Epirubicin (hydrochloride),1,90,1,0.0111
ACH-000890,Eplerenone,1,18,1,0.0556
ACH-000890,Erlotinib,0,41,0,0.0
ACH-000890,Erythromycin,16,70,5,0.0617
ACH-000890,Esmolol (hydrochloride),11,8,3,0.1875
ACH-000890,Estrone sulfate (potassium),125,17,5,0.0365
ACH-000890,Everolimus,59,1,0,0.0
ACH-000890,Fedratinib (hydrochloride hydrate),67,76,13,0.1
ACH-000890,Fenofibrate,0,8,0,0.0
ACH-000890,Ferulic acid,0,53,0,0.0
ACH-000890,Filgotinib,6,13,4,0.2667
ACH-000890,Finasteride,3,8,2,0.2222
ACH-000890,Fingolimod (hydrochloride),14,49,4,0.0678
ACH-000890,Flumatinib (mesylate),11,23,6,0.2143
ACH-000890,Flutamide,5,62,2,0.0308
ACH-000890,Fluvoxamine,2,12,1,0.0769
ACH-000890,Fluvoxamine (maleate),14,205,4,0.0186
ACH-000890,Folic acid,9,9,3,0.2
ACH-000890,Fulvestrant,14,18,4,0.1429
ACH-000890,Fumaric acid,7,20,3,0.125
ACH-000890,Furosemide,10,128,5,0.0376
ACH-000890,Fusidic acid,5,92,3,0.0319
ACH-000890,Futibatinib,402,24,13,0.0315
ACH-000890,GSK1059615,477,266,54,0.0784
ACH-000890,Gallic acid,14,28,5,0.1351
ACH-000890,Gallic acid (hydrate),25,183,11,0.0558
ACH-000890,Gefitinib,7,14,3,0.1667
ACH-000890,Gemcitabine,173,52,18,0.087
ACH-000890,Gemfibrozil,47,209,17,0.0711
ACH-000890,Glycyrrhizic acid,8,38,5,0.122
ACH-000890,Goserelin (acetate),3,27,3,0.1111
ACH-000890,HI-TOPK-032,460,68,20,0.0394
ACH-000890,Harringtonine,3,911,3,0.0033
ACH-000890,Hesperidin,3,37,3,0.0811
ACH-000890,Hexylresorcinol,6,31,3,0.0882
ACH-000890,Homoharringtonine,1661,3332,1260,0.3375
ACH-000890,Hydroxyfasudil,326,12,5,0.015
ACH-000890,Hydroxyurea,2,24,2,0.0833
ACH-000890,IQ 1,250,39,13,0.0471
ACH-000890,Idarubicin (hydrochloride),802,2283,565,0.2242
ACH-000890,Idoxuridine,165,7,5,0.0299
ACH-000890,Imiquimod (hydrochloride),19,160,8,0.0468
ACH-000890,Imiquimod (maleate),2,13,2,0.1538
ACH-000890,Indacaterol (maleate),64,10,6,0.0882
ACH-000890,Infigratinib,105,112,25,0.1302
ACH-000890,Ipatasertib,396,75,22,0.049
ACH-000890,Irinotecan,71,11,4,0.0513
ACH-000890,Irinotecan (hydrochloride),73,5,3,0.04
ACH-000890,Isocorydine,3,121,3,0.0248
ACH-000890,Ivermectin,68,29,10,0.1149
ACH-000890,Ixazomib,94,139,19,0.0888
ACH-000890,Ixazomib citrate,6,895,6,0.0067
ACH-000890,L-Eflornithine (monohydrochloride),105,18,5,0.0424
ACH-000890,L-Thyroxine (sodium salt pentahydrate),4,97,1,0.01
ACH-000890,LB-100,113,2,1,0.0088
ACH-000890,LJI308,392,88,31,0.069
ACH-000890,LY-2584702 (tosylate salt),387,41,12,0.0288
ACH-000890,LY2090314,40,11,5,0.1087
ACH-000890,Lactate (calcium),16,60,5,0.0704
ACH-000890,Lapatinib ditosylate,35,43,2,0.0263
ACH-000890,Larotrectinib,29,202,9,0.0405
ACH-000890,Lenalidomide (hemihydrate),26,232,9,0.0361
ACH-000890,Levobupivacaine (hydrochloride),2,11,2,0.1818
ACH-000890,Lidocaine (hydrochloride),104,456,17,0.0313
ACH-000890,Ligustrazine,2,33,2,0.0606
ACH-000890,Lipoic acid,2,52,1,0.0189
ACH-000890,Lonafarnib,43,31,6,0.0882
ACH-000890,Loperamide (hydrochloride),117,25,12,0.0923
ACH-000890,Lopinavir,38,74,6,0.0566
ACH-000890,Lucanthone,62,6,3,0.0462
ACH-000890,Lumateperone (tosylate),4,17,2,0.1053
ACH-000890,MK-3903,268,33,12,0.0415
ACH-000890,MK-8353,86,11,5,0.0543
ACH-000890,ML264,250,25,13,0.0496
ACH-000890,Macitentan,0,2,0,0.0
ACH-000890,Malotilate,215,145,41,0.1285
ACH-000890,Mebendazole,3,81,1,0.012
ACH-000890,Medroxyprogesterone acetate,61,454,28,0.0575
ACH-000890,Megestrol,22,126,10,0.0725
ACH-000890,Meloxicam,62,24,9,0.1169
ACH-000890,Menadione,3,21,3,0.1429
ACH-000890,Methotrexate,92,20,12,0.12
ACH-000890,Methyl aminolevulinate (hydrochloride),9,2,1,0.1
ACH-000890,Methylprednisolone succinate,429,2,2,0.0047
ACH-000890,Methylthiouracil,14,9,4,0.2105
ACH-000890,Mifepristone,2,27,0,0.0
ACH-000890,Minodronic acid,63,13,8,0.1176
ACH-000890,Mitoxantrone (dihydrochloride),43,850,33,0.0384
ACH-000890,Monocrotaline,4,32,4,0.125
ACH-000890,Mozavaptan,2,15,2,0.1333
ACH-000890,NG25,137,80,17,0.085
ACH-000890,NVP-BHG712,447,17,11,0.0243
ACH-000890,Nafamostat (mesylate),51,18,4,0.0615
ACH-000890,Naproxen,5,20,4,0.1905
ACH-000890,Neratinib,30,52,7,0.0933
ACH-000890,Neratinib (maleate),38,253,22,0.0818
ACH-000890,Nevirapine,5,30,5,0.1667
ACH-000890,Niclosamide (olamine),2,163,2,0.0123
ACH-000890,Norepinephrine (hydrochloride),17,142,8,0.053
ACH-000890,OTS514,87,80,15,0.0987
ACH-000890,Olanzapine,22,177,13,0.0699
ACH-000890,Oleic acid,58,7,3,0.0484
ACH-000890,Omeprazole,12,41,9,0.2045
ACH-000890,Omeprazole (sodium),1,14,1,0.0714
ACH-000890,Orlistat,3,9,2,0.2
ACH-000890,Osimertinib (mesylate),28,78,4,0.0392
ACH-000890,Ouabain (Octahydrate),651,2293,427,0.1696
ACH-000890,Oxaliplatin,70,62,16,0.1379
ACH-000890,Oxaprozin,120,46,11,0.071
ACH-000890,PF-06260933,286,3,1,0.0035
ACH-000890,PH-797804,380,272,39,0.0636
ACH-000890,Paclitaxel,90,186,14,0.0534
ACH-000890,Palmatine (chloride),9,158,7,0.0438
ACH-000890,Panobinostat,250,2356,200,0.0831
ACH-000890,Pasireotide (acetate),49,273,27,0.0915
ACH-000890,Pemetrexed,2,16,0,0.0
ACH-000890,Pemigatinib,96,43,4,0.0296
ACH-000890,Penfluridol,0,9,0,0.0
ACH-000890,Pentagastrin,5,81,5,0.0617
ACH-000890,Pentamidine (isethionate),77,133,20,0.1053
ACH-000890,Pentoxifylline,96,62,11,0.0748
ACH-000890,Peretinoin,2,90,2,0.0222
ACH-000890,Perindopril (erbumine),1,4,1,0.25
ACH-000890,Pexidartinib (hydrochloride),0,13,0,0.0
ACH-000890,Phenylephrine (hydrochloride),71,84,15,0.1071
ACH-000890,Phenytoin (sodium),3,13,2,0.1429
ACH-000890,Pimitespib,386,55,25,0.0601
ACH-000890,Pimozide,60,59,8,0.0721
ACH-000890,Pioglitazone,47,34,8,0.1096
ACH-000890,Piroxicam,86,4,1,0.0112
ACH-000890,Pitavastatin (Calcium),4,155,4,0.0258
ACH-000890,Ponatinib,8,110,5,0.0442
ACH-000890,Posaconazole,3,31,2,0.0625
ACH-000890,Pralsetinib,206,62,17,0.0677
ACH-000890,Pravastatin (sodium),30,4,2,0.0625
ACH-000890,Procainamide (hydrochloride),0,3,0,0.0
ACH-000890,Proglumide,16,3,2,0.1176
ACH-000890,Pyridoxine,6,112,4,0.0351
ACH-000890,Pyridoxine (hydrochloride),22,9,3,0.1071
ACH-000890,Quinestrol,3,67,3,0.0448
ACH-000890,Quinidine (15% dihydroquinidine),2,28,1,0.0345
ACH-000890,RMC-6236,231,220,39,0.0947
ACH-000890,Radotinib,4,224,2,0.0088
ACH-000890,Ralimetinib dimesylate,412,0,0,0.0
ACH-000890,Raltitrexed,8,84,6,0.0698
ACH-000890,Ranolazine,45,4,0,0.0
ACH-000890,Rapamycin,7,154,5,0.0321
ACH-000890,Regorafenib,86,27,7,0.066
ACH-000890,Relugolix,6,12,3,0.2
ACH-000890,Resveratrol,52,114,10,0.0641
ACH-000890,Retinoic acid,32,108,11,0.0853
ACH-000890,Rifaximin,1,21,1,0.0476
ACH-000890,Riluzole hydrochloride,17,179,13,0.071
ACH-000890,Rimonabant,8,83,5,0.0581
ACH-000890,Ritonavir,19,199,12,0.0583
ACH-000890,Ropivacaine (hydrochloride monohydrate),21,221,14,0.0614
ACH-000890,Rosiglitazone,0,8,0,0.0
ACH-000890,Roxadustat,6,96,4,0.0408
ACH-000890,Rucaparib (phosphate),2,22,2,0.0909
ACH-000890,Rutin (trihydrate),9,6,3,0.25
ACH-000890,S-Adenosyl-L-methionine (disulfate tosylate),20,143,12,0.0795
ACH-000890,SBI-0640756,59,39,5,0.0538
ACH-000890,Sacubitril/Valsartan,1,13,1,0.0769
ACH-000890,Salicylic acid,6,145,6,0.0414
ACH-000890,Sapanisertib,686,261,80,0.0923
ACH-000890,Saquinavir,46,400,14,0.0324
ACH-000890,Selinexor ,169,481,77,0.1344
ACH-000890,Sildenafil,3,22,1,0.0417
ACH-000890,Silodosin,2,4,2,0.5
ACH-000890,Simotinib,1,14,1,0.0714
ACH-000890,Sinomenine,35,52,6,0.0741
ACH-000890,Sivelestat (sodium tetrahydrate),3,124,3,0.0242
ACH-000890,Sodium Salicylate,12,86,11,0.1264
ACH-000890,Sonidegib,708,8,7,0.0099
ACH-000890,Sulfatinib,1,3,1,0.3333
ACH-000890,Sulfisoxazole,49,116,13,0.0855
ACH-000890,Sunitinib,126,189,25,0.0862
ACH-000890,TAK-733,217,23,13,0.0573
ACH-000890,TAK-901,491,1066,136,0.0957
ACH-000890,Tadalafil,2,17,2,0.1176
ACH-000890,Talc,117,2,2,0.0171
ACH-000890,Tazarotene,57,21,6,0.0833
ACH-000890,Temsirolimus,25,200,11,0.0514
ACH-000890,Temuterkib,489,38,12,0.0233
ACH-000890,Terfenadine,24,265,9,0.0321
ACH-000890,Tetracycline (hydrochloride),2,52,2,0.0385
ACH-000890,Thymol,18,233,5,0.0203
ACH-000890,Thymopentin,5,16,3,0.1667
ACH-000890,Tirabrutinib,15,3,1,0.0588
ACH-000890,Tirabrutinib (hydrochloride),49,17,8,0.1379
ACH-000890,Tofacitinib,43,136,11,0.0655
ACH-000890,Tofacitinib (citrate),13,203,8,0.0385
ACH-000890,Tolcapone,9,168,7,0.0412
ACH-000890,Tolmetin,1,4,1,0.25
ACH-000890,Tomivosertib,375,32,15,0.0383
ACH-000890,Topotecan (hydrochloride),11,217,9,0.0411
ACH-000890,Torkinib,251,18,8,0.0307
ACH-000890,Trametinib,735,185,91,0.1098
ACH-000890,Trametinib (DMSO_TF solvate),56,59,20,0.2105
ACH-000890,Tranilast,1,16,1,0.0625
ACH-000890,Triamcinolone,151,579,91,0.1424
ACH-000890,Triclosan,7,128,6,0.0465
ACH-000890,Trifluridine,5,178,3,0.0167
ACH-000890,Trimetrexate,9,228,4,0.0172
ACH-000890,Tubulin inhibitor 6,44,3,3,0.0682
ACH-000890,Tucatinib,131,35,16,0.1067
ACH-000890,Tucidinostat,9,904,9,0.01
ACH-000890,ULK-101,416,27,10,0.0231
ACH-000890,Uridine,4,10,3,0.2727
ACH-000890,Valdecoxib,52,9,5,0.0893
ACH-000890,Vandetanib,95,18,7,0.066
ACH-000890,Vemurafenib,64,3,2,0.0308
ACH-000890,Verapamil,0,21,0,0.0
ACH-000890,Verteporfin,2,43,2,0.0465
ACH-000890,Vilanterol,24,208,6,0.0265
ACH-000890,Vinblastine (sulfate),18,435,15,0.0342
ACH-000890,Vismodegib,6,6,1,0.0909
ACH-000890,Vitamin K4,69,22,7,0.0833
ACH-000890,Volasertib,108,21,9,0.075
ACH-000890,Voriconazole,59,11,6,0.0938
ACH-000890,Vortioxetine,94,94,16,0.093
ACH-000890,XRK3F2,375,69,16,0.0374
ACH-000890,Zileuton,64,6,4,0.0606
ACH-000890,c-Kit-IN-1,318,17,12,0.0372
ACH-000890,crizotinib,2,14,2,0.1429
ACH-000890,olaparib,80,5,5,0.0625
ACH-000890,palbociclib,116,60,10,0.0602
ACH-000890,venetoclax,125,126,27,0.1205
ACH-000890,vincristine,434,25,12,0.0268
ACH-000890,γ-Oryzanol,4,12,2,0.1429
ACH-000900,(R)-Verapamil (hydrochloride),1247,2234,495,0.1658
ACH-000900,(S)-Crizotinib,372,699,116,0.1215
ACH-000900,18β-Glycyrrhetinic acid,1104,2314,484,0.165
ACH-000900,4EGI-1,3336,1365,817,0.2104
ACH-000900,5-Azacytidine,1228,2155,484,0.167
ACH-000900,5-Fluorouracil,1036,814,261,0.1643
ACH-000900,8-Hydroxyquinoline,1425,3151,749,0.1957
ACH-000900,9-ING-41,3976,1624,818,0.1711
ACH-000900,APTO-253,3695,1144,575,0.1348
ACH-000900,AT7519,2725,1172,694,0.2167
ACH-000900,AZD-7648,3812,2000,962,0.1984
ACH-000900,AZD-8055,2941,1866,774,0.1919
ACH-000900,AZD1390,2765,1732,701,0.1847
ACH-000900,AZD2858,1456,1492,339,0.1299
ACH-000900,Abemaciclib,6259,2659,2055,0.2994
ACH-000900,Abiraterone acetate,1427,1636,434,0.1651
ACH-000900,Acetazolamide,1530,1011,320,0.1441
ACH-000900,Acetohexamide,965,2102,409,0.1539
ACH-000900,Adagrasib,4874,7202,3362,0.3858
ACH-000900,Adenine,1755,2601,872,0.2503
ACH-000900,Adenosine,1534,3238,851,0.217
ACH-000900,Afatinib,2689,4092,1225,0.2205
ACH-000900,Aliskiren,1302,2265,571,0.1906
ACH-000900,Allantoin,1994,3734,1059,0.2268
ACH-000900,Allopurinol,2316,1307,541,0.1755
ACH-000900,Almonertinib (hydrochloride),1224,2278,546,0.1847
ACH-000900,Almonertinib (mesylate),943,1655,376,0.1692
ACH-000900,Alpelisib,1862,1740,545,0.1783
ACH-000900,Altretamine,234,482,116,0.1933
ACH-000900,Amsacrine,1620,4361,1065,0.2166
ACH-000900,Anastrozole,2637,1695,810,0.23
ACH-000900,Anethole trithione,2560,3555,1573,0.3463
ACH-000900,Apalutamide,97,676,51,0.0706
ACH-000900,Aprepitant,1973,869,335,0.1336
ACH-000900,Arbutin,396,771,183,0.186
ACH-000900,Artemether,1647,1389,456,0.1767
ACH-000900,Artesunate,2261,3339,1180,0.267
ACH-000900,Asciminib,1550,1287,395,0.1618
ACH-000900,Aspirin,1263,753,272,0.156
ACH-000900,Ataluren,1274,976,303,0.1556
ACH-000900,Atazanavir (sulfate),1411,1460,511,0.2165
ACH-000900,Auranofin,1216,6165,751,0.1133
ACH-000900,Azithromycin (hydrate),1285,2077,565,0.202
ACH-000900,BAY1125976,3674,3992,1529,0.2491
ACH-000900,BI-3406,3683,2356,1302,0.2749
ACH-000900,BI-78D3,4856,1277,704,0.1297
ACH-000900,Baicalin,1381,3037,844,0.2361
ACH-000900,Balsalazide (sodium hydrate),1292,2523,758,0.248
ACH-000900,Belinostat,2051,8313,1458,0.1637
ACH-000900,Belumosudil,825,1687,300,0.1356
ACH-000900,Belumosudil (mesylate),2835,1122,475,0.1364
ACH-000900,Belzutifan,2149,1898,601,0.1744
ACH-000900,Bendamustine,187,342,69,0.15
ACH-000900,Benproperine (phosphate),330,858,134,0.1271
ACH-000900,Bentamapimod,3442,1326,602,0.1445
ACH-000900,Benztropine (mesylate),769,898,188,0.1271
ACH-000900,Berbamine,2675,3310,1223,0.2568
ACH-000900,Berbamine (dihydrochloride),1112,851,262,0.154
ACH-000900,Berberine (chloride hydrate),1280,3108,721,0.1966
ACH-000900,Bergenin,1109,2370,516,0.1741
ACH-000900,Bestatin,113,1100,50,0.043
ACH-000900,Bestatin (hydrochloride),1403,1299,431,0.1898
ACH-000900,Betamethasone dipropionate,286,1072,141,0.1159
ACH-000900,Bexarotene,1190,1534,424,0.1843
ACH-000900,Bicalutamide,935,799,206,0.1348
ACH-000900,Bimatoprost,1310,3132,686,0.1826
ACH-000900,Bimiralisib,3793,3992,1433,0.2256
ACH-000900,Binimetinib,5547,5849,2966,0.3518
ACH-000900,Bisoprolol (hemifumarate),354,1437,210,0.1328
ACH-000900,Bortezomib,5091,5401,2709,0.3481
ACH-000900,Bosentan (hydrate),228,1593,150,0.0898
ACH-000900,Brimonidine,905,595,165,0.1236
ACH-000900,Brivudine,4101,4444,1752,0.2579
ACH-000900,Budesonide,2100,1707,567,0.175
ACH-000900,Busulfan,1924,2511,798,0.2194
ACH-000900,CP21R7,3183,1059,521,0.14
ACH-000900,Cabozantinib (S-malate),1088,1949,365,0.1366
ACH-000900,Canagliflozin,280,995,144,0.1273
ACH-000900,Canagliflozin (hemihydrate),1297,1366,321,0.1371
ACH-000900,Capivasertib,2397,1212,539,0.1756
ACH-000900,Capmatinib,2707,1488,670,0.1901
ACH-000900,Captopril,963,573,175,0.1286
ACH-000900,Carbamazepine,1440,1684,458,0.1718
ACH-000900,Celecoxib,4248,1136,543,0.1122
ACH-000900,Cepharanthine,2108,2730,982,0.2547
ACH-000900,Chlorhexidine (diacetate),1886,3728,1071,0.2357
ACH-000900,Ciclopirox,1141,3065,647,0.1818
ACH-000900,Cilostazol,251,1552,159,0.0967
ACH-000900,Cinacalcet,1082,1186,303,0.1542
ACH-000900,Citalopram (hydrobromide),1563,925,297,0.1356
ACH-000900,Clobetasol propionate,1549,1413,422,0.1661
ACH-000900,Clofarabine,176,656,71,0.0933
ACH-000900,Clonidine (hydrochloride),2035,3864,1394,0.3094
ACH-000900,Clopidogrel,2469,1046,475,0.1562
ACH-000900,Clotrimazole,1190,2460,563,0.1824
ACH-000900,Cloxacillin (sodium),1516,1879,681,0.2509
ACH-000900,Cobimetinib,411,3693,291,0.0763
ACH-000900,Crizotinib (hydrochloride),1869,2335,814,0.2401
ACH-000900,Cyclosporin A,2216,1744,698,0.214
ACH-000900,Cysteamine (hydrochloride),907,2445,506,0.1778
ACH-000900,Cytarabine,813,1612,316,0.1498
ACH-000900,Cytarabine (hydrochloride),373,1168,184,0.1356
ACH-000900,DT-061,2158,1097,444,0.158
ACH-000900,DTP3,3630,7376,496,0.0472
ACH-000900,Dabrafenib,3070,3758,1273,0.2292
ACH-000900,Daidzin,1043,1165,308,0.1621
ACH-000900,Dapagliflozin,883,951,301,0.1963
ACH-000900,"Dapagliflozin ((2S)-1,2-propanediol, hydrate)",281,933,125,0.1148
ACH-000900,Darinaparsin,1687,4095,1055,0.2232
ACH-000900,Darolutamide,1846,1658,646,0.226
ACH-000900,Decitabine,668,2539,457,0.1662
ACH-000900,Delamanid,1285,1758,511,0.2018
ACH-000900,Demeclocycline,1146,2251,561,0.1978
ACH-000900,Dexamethasone,1151,1186,383,0.196
ACH-000900,Dexmedetomidine,146,740,79,0.0979
ACH-000900,Diammonium Glycyrrhizinate,1594,3382,792,0.1893
ACH-000900,Digitoxin,3909,7948,3268,0.3805
ACH-000900,Dihydroartemisinin,714,1949,303,0.1284
ACH-000900,Dimethyl fumarate,106,821,61,0.0704
ACH-000900,Dinaciclib,650,1873,274,0.1218
ACH-000900,Diphenhydramine,872,886,307,0.2116
ACH-000900,Docetaxel,3678,3501,1532,0.2713
ACH-000900,Docetaxel (Trihydrate),156,2089,121,0.057
ACH-000900,Dorzolamide (hydrochloride),187,1417,121,0.0816
ACH-000900,Doxorubicin (hydrochloride),312,3110,188,0.0581
ACH-000900,Doxycycline (monohydrate),166,855,83,0.0885
ACH-000900,Drospirenone,2199,2066,818,0.2373
ACH-000900,ERK5-IN-2,3531,3430,1235,0.2157
ACH-000900,ETC-206,3293,1519,848,0.2139
ACH-000900,EX229,5814,3599,2201,0.3052
ACH-000900,Econazole,1090,729,203,0.1256
ACH-000900,Elagolix sodium,1718,3452,936,0.2211
ACH-000900,Elimusertib hydrochloride,3856,3339,1454,0.2533
ACH-000900,Entecavir (monohydrate),19,1259,18,0.0143
ACH-000900,Entrectinib,1026,1734,300,0.122
ACH-000900,Epirubicin (hydrochloride),147,3250,81,0.0244
ACH-000900,Eplerenone,173,576,87,0.1314
ACH-000900,Erdafitinib ,8891,1325,82,0.0081
ACH-000900,Erlotinib,408,1287,178,0.1173
ACH-000900,Erythromycin,761,1187,195,0.1112
ACH-000900,Esmolol (hydrochloride),1481,832,268,0.1311
ACH-000900,Estrone sulfate (potassium),1675,1482,449,0.1658
ACH-000900,Everolimus,2274,1817,690,0.2029
ACH-000900,Fedratinib (hydrochloride hydrate),1594,2814,732,0.1991
ACH-000900,Fenofibrate,497,499,162,0.1942
ACH-000900,Ferulic acid,274,1365,167,0.1135
ACH-000900,Filgotinib,769,1874,293,0.1247
ACH-000900,Finasteride,149,1037,93,0.0851
ACH-000900,Fingolimod (hydrochloride),825,1315,231,0.121
ACH-000900,Flumatinib (mesylate),1076,2074,530,0.2023
ACH-000900,Flutamide,1121,1305,262,0.1211
ACH-000900,Fluvoxamine,356,1231,200,0.1442
ACH-000900,Fluvoxamine (maleate),1124,3041,640,0.1816
ACH-000900,Folic acid,1341,2703,766,0.2337
ACH-000900,Fulvestrant,1180,1202,329,0.1603
ACH-000900,Fumaric acid,999,2233,466,0.1685
ACH-000900,Furosemide,896,2030,393,0.1552
ACH-000900,Fusidic acid,1542,2493,818,0.2543
ACH-000900,Futibatinib,4134,1689,922,0.1881
ACH-000900,GSK1059615,4317,3114,1406,0.2334
ACH-000900,Gallic acid,1741,2781,915,0.2537
ACH-000900,Gallic acid (hydrate),2026,2864,867,0.2155
ACH-000900,Gefitinib,1101,2039,480,0.1805
ACH-000900,Gemcitabine,2970,1986,895,0.2204
ACH-000900,Gemfibrozil,1534,2921,825,0.2273
ACH-000900,Glycyrrhizic acid,306,648,87,0.1003
ACH-000900,Goserelin (acetate),1771,2934,987,0.2655
ACH-000900,HI-TOPK-032,5144,2764,1494,0.2329
ACH-000900,Harringtonine,689,6657,513,0.0751
ACH-000900,Hesperidin,255,945,141,0.1331
ACH-000900,Hexylresorcinol,1599,2601,804,0.2367
ACH-000900,Homoharringtonine,8478,10198,6257,0.5038
ACH-000900,Hydroxyfasudil,3593,593,256,0.0651
ACH-000900,Hydroxyurea,105,752,38,0.0464
ACH-000900,IQ 1,3053,1570,677,0.1716
ACH-000900,Idarubicin (hydrochloride),5521,8636,3827,0.3705
ACH-000900,Idoxuridine,1972,1291,556,0.2054
ACH-000900,Imiquimod (hydrochloride),1216,1578,365,0.1503
ACH-000900,Imiquimod (maleate),116,381,35,0.0758
ACH-000900,Indacaterol (maleate),1504,964,307,0.1421
ACH-000900,Infigratinib,2568,2302,1019,0.2646
ACH-000900,Ipatasertib,4114,2041,1026,0.2
ACH-000900,Irinotecan,2255,1407,670,0.2239
ACH-000900,Irinotecan (hydrochloride),3933,1288,656,0.1437
ACH-000900,Isocorydine,1410,2630,686,0.2045
ACH-000900,Ivermectin,1000,802,222,0.1405
ACH-000900,Ixazomib,2494,2085,787,0.2075
ACH-000900,Ixazomib citrate,925,6844,674,0.095
ACH-000900,L-Eflornithine (monohydrochloride),1882,885,393,0.1655
ACH-000900,L-Thyroxine (sodium salt pentahydrate),5232,2691,524,0.0708
ACH-000900,LB-100,2442,1106,486,0.1587
ACH-000900,LJI308,3078,1605,801,0.2063
ACH-000900,LY-2584702 (tosylate salt),3157,1638,752,0.186
ACH-000900,LY2090314,1826,1245,457,0.1748
ACH-000900,Lactate (calcium),1189,1637,332,0.1331
ACH-000900,Lapatinib ditosylate,2101,942,388,0.1461
ACH-000900,Larotrectinib,1737,2444,687,0.1966
ACH-000900,Lenalidomide (hemihydrate),915,2524,476,0.1606
ACH-000900,Levobupivacaine (hydrochloride),324,1049,173,0.1442
ACH-000900,Lidocaine (hydrochloride),1979,3760,1018,0.2156
ACH-000900,Ligustrazine,135,928,89,0.0914
ACH-000900,Lipoic acid,1059,1824,530,0.2252
ACH-000900,Lonafarnib,2080,2755,837,0.2094
ACH-000900,Loperamide (hydrochloride),1685,1315,431,0.1678
ACH-000900,Lopinavir,1250,1795,507,0.1998
ACH-000900,Lucanthone,1784,1347,553,0.2145
ACH-000900,Lumateperone (tosylate),1185,2436,647,0.2176
ACH-000900,MK-3903,2955,1626,588,0.1473
ACH-000900,MK-8353,2563,971,515,0.1706
ACH-000900,ML264,3683,1798,849,0.1833
ACH-000900,Macitentan,88,542,53,0.0919
ACH-000900,Malotilate,2883,2520,1270,0.3073
ACH-000900,Mebendazole,245,3198,171,0.0523
ACH-000900,Medroxyprogesterone acetate,1480,3268,766,0.1924
ACH-000900,Megestrol,1949,1899,575,0.1757
ACH-000900,Meloxicam,1245,1059,312,0.1566
ACH-000900,Menadione,211,612,96,0.132
ACH-000900,Methotrexate,1011,1253,293,0.1487
ACH-000900,Methyl aminolevulinate (hydrochloride),1131,1027,288,0.154
ACH-000900,Methylprednisolone succinate,4200,240,178,0.0418
ACH-000900,Methylthiouracil,1147,1338,397,0.1901
ACH-000900,Mifepristone,249,976,145,0.1343
ACH-000900,Minodronic acid,3518,2074,1122,0.251
ACH-000900,Mitoxantrone (dihydrochloride),1613,5005,993,0.1765
ACH-000900,Monocrotaline,181,992,96,0.0891
ACH-000900,Mozavaptan,239,675,97,0.1187
ACH-000900,NG25,1969,3452,953,0.2133
ACH-000900,NVP-BHG712,3697,2130,821,0.164
ACH-000900,Nafamostat (mesylate),1238,899,253,0.1343
ACH-000900,Naproxen,506,861,196,0.1674
ACH-000900,Neratinib,815,1442,233,0.1151
ACH-000900,Neratinib (maleate),1791,4443,1070,0.2072
ACH-000900,Nevirapine,152,1020,96,0.0892
ACH-000900,Niclosamide (olamine),278,2826,184,0.063
ACH-000900,Norepinephrine (hydrochloride),1183,3002,642,0.1812
ACH-000900,OTS514,2215,1792,651,0.194
ACH-000900,Olanzapine,1615,3449,992,0.2436
ACH-000900,Oleic acid,3078,1218,657,0.1805
ACH-000900,Omeprazole,786,946,231,0.1539
ACH-000900,Omeprazole (sodium),680,892,149,0.1047
ACH-000900,Orlistat,214,972,109,0.1012
ACH-000900,Osimertinib (mesylate),1094,1667,338,0.1395
ACH-000900,Ouabain (Octahydrate),6341,8940,5041,0.4923
ACH-000900,Oxaliplatin,4001,2601,1540,0.3042
ACH-000900,Oxaprozin,1417,1308,391,0.1675
ACH-000900,PF-06260933,3256,9103,643,0.0549
ACH-000900,PH-797804,3796,5500,1776,0.2362
ACH-000900,Paclitaxel,3026,3189,1036,0.2
ACH-000900,Palmatine (chloride),1675,2522,682,0.194
ACH-000900,Panobinostat,6685,10576,5277,0.4403
ACH-000900,Pasireotide (acetate),1787,3115,882,0.2194
ACH-000900,Pemetrexed,307,926,133,0.1209
ACH-000900,Pemigatinib,595,942,70,0.0477
ACH-000900,Penfluridol,167,860,85,0.0902
ACH-000900,Pentagastrin,1300,2748,725,0.2182
ACH-000900,Pentamidine (isethionate),1806,3701,989,0.2189
ACH-000900,Pentoxifylline,2087,2216,780,0.2214
ACH-000900,Peretinoin,724,4193,586,0.1353
ACH-000900,Perindopril (erbumine),669,550,149,0.1393
ACH-000900,Pexidartinib (hydrochloride),348,877,182,0.1745
ACH-000900,Phenylephrine (hydrochloride),1374,1291,352,0.1522
ACH-000900,Phenytoin (sodium),193,831,106,0.1155
ACH-000900,Pimitespib,3461,1227,723,0.1823
ACH-000900,Pimozide,952,1066,244,0.1375
ACH-000900,Pioglitazone,1588,1414,518,0.2085
ACH-000900,Piroxicam,2507,1387,637,0.1956
ACH-000900,Pitavastatin (Calcium),398,2414,269,0.1058
ACH-000900,Ponatinib,1162,5530,693,0.1155
ACH-000900,Posaconazole,170,1615,120,0.0721
ACH-000900,Pralsetinib,2894,2184,888,0.2119
ACH-000900,Pravastatin (sodium),1068,1077,314,0.1715
ACH-000900,Procainamide (hydrochloride),128,368,42,0.0925
ACH-000900,Proglumide,651,534,116,0.1085
ACH-000900,Pyridoxine,1540,2291,609,0.189
ACH-000900,Pyridoxine (hydrochloride),2135,2259,890,0.254
ACH-000900,Quinestrol,1680,2792,824,0.2259
ACH-000900,Quinidine (15% dihydroquinidine),159,1034,82,0.0738
ACH-000900,RMC-6236,3486,3368,1318,0.2381
ACH-000900,Radotinib,2374,3315,1113,0.2432
ACH-000900,Ralimetinib dimesylate,3596,585,331,0.086
ACH-000900,Raltitrexed,1283,3529,772,0.1911
ACH-000900,Ranolazine,658,613,146,0.1298
ACH-000900,Rapamycin,1828,4276,1163,0.2354
ACH-000900,Regorafenib,2827,1542,722,0.198
ACH-000900,Relugolix,1246,2341,732,0.2564
ACH-000900,Resveratrol,1772,3405,904,0.2116
ACH-000900,Retinoic acid,1829,2768,819,0.2168
ACH-000900,Rifaximin,66,581,48,0.0801
ACH-000900,Riluzole hydrochloride,2664,4698,1615,0.281
ACH-000900,Rimonabant,1674,2546,878,0.2627
ACH-000900,Ritonavir,1302,3084,657,0.1762
ACH-000900,Ropivacaine (hydrochloride monohydrate),1648,3191,959,0.2472
ACH-000900,Rosiglitazone,173,625,88,0.1239
ACH-000900,Roxadustat,201,1596,126,0.0754
ACH-000900,Rucaparib (phosphate),82,764,53,0.0668
ACH-000900,Rutin (trihydrate),990,852,335,0.2223
ACH-000900,S-Adenosyl-L-methionine (disulfate tosylate),2009,3782,1271,0.2812
ACH-000900,SBI-0640756,523,1644,71,0.0339
ACH-000900,Sacubitril/Valsartan,253,1608,187,0.1117
ACH-000900,Salicylic acid,1582,3014,883,0.2378
ACH-000900,Sapanisertib,5481,3736,1864,0.2535
ACH-000900,Saquinavir,1154,3328,605,0.156
ACH-000900,Selinexor ,2585,5623,1670,0.2554
ACH-000900,Sildenafil,113,1288,77,0.0582
ACH-000900,Silodosin,119,328,51,0.1288
ACH-000900,Simotinib,51,286,23,0.0732
ACH-000900,Sinomenine,989,2001,469,0.186
ACH-000900,Sivelestat (sodium tetrahydrate),256,2229,183,0.0795
ACH-000900,Sodium Salicylate,1853,3029,877,0.219
ACH-000900,Sonidegib,5057,3883,577,0.069
ACH-000900,Sulfatinib,166,390,78,0.1632
ACH-000900,Sulfisoxazole,1558,2823,737,0.2023
ACH-000900,Sunitinib,1826,2277,689,0.2018
ACH-000900,TAK-733,2464,3479,1107,0.2289
ACH-000900,TAK-901,4174,6391,2464,0.3042
ACH-000900,Tadalafil,175,1611,105,0.0625
ACH-000900,Talc,855,536,129,0.1022
ACH-000900,Tazarotene,1366,1231,396,0.1799
ACH-000900,Temsirolimus,2274,3524,1214,0.2648
ACH-000900,Temuterkib,3662,2056,898,0.1863
ACH-000900,Terfenadine,1757,2977,791,0.2006
ACH-000900,Tetracycline (hydrochloride),129,1334,85,0.0617
ACH-000900,Thymol,1373,2168,512,0.169
ACH-000900,Thymopentin,143,1090,83,0.0722
ACH-000900,Tirabrutinib,980,1167,468,0.2787
ACH-000900,Tirabrutinib (hydrochloride),2027,2019,657,0.1939
ACH-000900,Tofacitinib,1439,3316,778,0.1956
ACH-000900,Tofacitinib (citrate),1659,3471,896,0.2116
ACH-000900,Tolcapone,1191,3681,800,0.1965
ACH-000900,Tolmetin,364,721,183,0.2029
ACH-000900,Tomivosertib,3988,1722,906,0.1886
ACH-000900,Topotecan (hydrochloride),855,3014,379,0.1086
ACH-000900,Torkinib,3782,1631,806,0.175
ACH-000900,Trametinib,6610,7139,3938,0.4014
ACH-000900,Trametinib (DMSO_TF solvate),2172,4462,1494,0.2907
ACH-000900,Tranilast,85,938,56,0.0579
ACH-000900,Triamcinolone,1900,3295,1094,0.2668
ACH-000900,Triclosan,1388,2521,693,0.2155
ACH-000900,Trifluridine,1111,3950,612,0.1376
ACH-000900,Trimetrexate,1419,3272,796,0.2044
ACH-000900,Tubulin inhibitor 6,2645,1238,651,0.2014
ACH-000900,Tucatinib,2609,1859,905,0.254
ACH-000900,Tucidinostat,2372,8468,1797,0.1987
ACH-000900,ULK-101,3459,1630,619,0.1385
ACH-000900,Uridine,1045,1588,422,0.1909
ACH-000900,Valdecoxib,722,862,183,0.1306
ACH-000900,Vandetanib,1675,1525,506,0.1878
ACH-000900,Vemurafenib,2207,1750,604,0.1801
ACH-000900,Verapamil,66,449,38,0.0797
ACH-000900,Verteporfin,179,1635,113,0.0664
ACH-000900,Vilanterol,1140,2687,550,0.1678
ACH-000900,Vinblastine (sulfate),2348,5175,1526,0.2545
ACH-000900,Vismodegib,481,562,115,0.1239
ACH-000900,Vitamin K4,1513,1362,443,0.1822
ACH-000900,Volasertib,2987,1268,584,0.1591
ACH-000900,Voriconazole,782,936,179,0.1163
ACH-000900,Vortioxetine,1297,1541,460,0.1934
ACH-000900,XRK3F2,3229,2210,855,0.1865
ACH-000900,Zileuton,1000,719,216,0.1437
ACH-000900,c-Kit-IN-1,6134,9673,1716,0.1218
ACH-000900,crizotinib,114,1419,70,0.0478
ACH-000900,olaparib,2872,457,270,0.0883
ACH-000900,palbociclib,2649,1845,701,0.1848
ACH-000900,venetoclax,3197,2838,1222,0.2539
ACH-000900,vincristine,4927,2673,1639,0.275
ACH-000900,γ-Oryzanol,1013,742,217,0.1411
ACH-000916,(R)-Verapamil (hydrochloride),1756,3738,890,0.1933
ACH-000916,(S)-Crizotinib,1578,1533,497,0.1901
ACH-000916,18β-Glycyrrhetinic acid,1143,2788,618,0.1865
ACH-000916,4EGI-1,3720,2610,1419,0.2889
ACH-000916,5-Azacytidine,2497,4338,1259,0.2258
ACH-000916,5-Fluorouracil,2537,1668,771,0.2245
ACH-000916,8-Hydroxyquinoline,1488,3495,874,0.2127
ACH-000916,9-ING-41,4550,2349,1161,0.2023
ACH-000916,APTO-253,3009,1720,675,0.1665
ACH-000916,AT7519,2132,1758,814,0.2646
ACH-000916,AZD-7648,3304,3696,1360,0.2411
ACH-000916,AZD-8055,4543,3207,1643,0.269
ACH-000916,AZD1390,3285,2663,1085,0.2231
ACH-000916,AZD2858,1687,2264,489,0.1412
ACH-000916,Abemaciclib,6135,3376,2254,0.3106
ACH-000916,Abiraterone acetate,2084,2088,630,0.1779
ACH-000916,Acetazolamide,3293,1315,596,0.1486
ACH-000916,Acetohexamide,1347,3122,693,0.1835
ACH-000916,Adagrasib,4198,3986,2015,0.3266
ACH-000916,Adenine,2088,3058,1103,0.2728
ACH-000916,Adenosine,1509,3854,967,0.22
ACH-000916,Afatinib,4571,6162,2689,0.3343
ACH-000916,Aliskiren,1462,2571,760,0.2322
ACH-000916,Allantoin,2196,4013,1221,0.2448
ACH-000916,Allopurinol,3755,1674,818,0.1774
ACH-000916,Almonertinib (hydrochloride),1966,2931,888,0.2215
ACH-000916,Almonertinib (mesylate),2183,2225,818,0.2279
ACH-000916,Alpelisib,3000,3098,1280,0.2657
ACH-000916,Altretamine,384,823,169,0.1628
ACH-000916,Amsacrine,1467,3293,887,0.229
ACH-000916,Anastrozole,2125,2257,913,0.2632
ACH-000916,Anethole trithione,2852,4099,1813,0.3529
ACH-000916,Apalutamide,163,2418,115,0.0466
ACH-000916,Aprepitant,4167,1604,895,0.1836
ACH-000916,Arbutin,560,1334,294,0.1838
ACH-000916,Artemether,3010,2003,910,0.2218
ACH-000916,Artesunate,2585,3107,1266,0.286
ACH-000916,Asciminib,4222,1994,1048,0.2028
ACH-000916,Aspirin,2411,1540,729,0.2263
ACH-000916,Ataluren,2538,1109,466,0.1465
ACH-000916,Atazanavir (sulfate),2832,2026,1001,0.2595
ACH-000916,Auranofin,3405,4501,1595,0.2527
ACH-000916,Azithromycin (hydrate),1389,2882,728,0.2055
ACH-000916,BAY1125976,3647,5033,1762,0.2547
ACH-000916,BI-3406,4716,3946,2178,0.3359
ACH-000916,BI-78D3,4770,2155,1069,0.1825
ACH-000916,Baicalin,1532,3861,1014,0.2316
ACH-000916,Balsalazide (sodium hydrate),1887,3378,1134,0.2745
ACH-000916,Belinostat,2526,11045,2022,0.1751
ACH-000916,Belumosudil,2071,3330,999,0.2269
ACH-000916,Belumosudil (mesylate),3310,2723,1150,0.2355
ACH-000916,Belzutifan,2366,2590,801,0.1928
ACH-000916,Bendamustine,513,1301,224,0.1409
ACH-000916,Benproperine (phosphate),704,1624,335,0.1681
ACH-000916,Bentamapimod,3952,2711,1213,0.2226
ACH-000916,Benztropine (mesylate),1525,1209,361,0.1521
ACH-000916,Berbamine,3975,2740,1381,0.2589
ACH-000916,Berbamine (dihydrochloride),2771,1686,728,0.1952
ACH-000916,Berberine (chloride hydrate),1280,3442,765,0.1933
ACH-000916,Bergenin,1209,2759,666,0.2017
ACH-000916,Bestatin,297,1762,182,0.097
ACH-000916,Bestatin (hydrochloride),1830,2730,729,0.1903
ACH-000916,Betamethasone dipropionate,1933,4756,1540,0.2991
ACH-000916,Bexarotene,2983,3762,1396,0.261
ACH-000916,Bicalutamide,1296,1887,486,0.1802
ACH-000916,Bimatoprost,1519,3794,836,0.1867
ACH-000916,Bimiralisib,4044,5315,1882,0.2517
ACH-000916,Binimetinib,6748,6795,3988,0.4174
ACH-000916,Bisoprolol (hemifumarate),962,1814,501,0.2202
ACH-000916,Bortezomib,6314,7532,4172,0.4313
ACH-000916,Bosentan (hydrate),789,2655,508,0.173
ACH-000916,Brimonidine,2167,2081,761,0.2182
ACH-000916,Brivudine,3564,7544,2239,0.2525
ACH-000916,Budesonide,4378,6256,2710,0.342
ACH-000916,Busulfan,2325,2702,912,0.2216
ACH-000916,CP21R7,2199,1703,598,0.181
ACH-000916,Cabozantinib (S-malate),1829,3561,883,0.1959
ACH-000916,Canagliflozin,648,1767,338,0.1627
ACH-000916,Canagliflozin (hemihydrate),2607,1614,572,0.1568
ACH-000916,Capivasertib,3379,2028,971,0.2189
ACH-000916,Capmatinib,3728,2691,1271,0.2469
ACH-000916,Captopril,3057,1633,913,0.2417
ACH-000916,Carbamazepine,3201,2487,956,0.202
ACH-000916,Celecoxib,3313,1773,683,0.1551
ACH-000916,Cepharanthine,1742,3262,943,0.2322
ACH-000916,Chlorhexidine (diacetate),2409,3373,1213,0.2655
ACH-000916,Ciclopirox,1132,3704,758,0.1859
ACH-000916,Cilostazol,864,2807,518,0.1643
ACH-000916,Cinacalcet,2545,1579,555,0.1555
ACH-000916,Citalopram (hydrobromide),4751,1428,778,0.144
ACH-000916,Clobetasol propionate,4474,6168,3045,0.4008
ACH-000916,Clofarabine,483,1347,227,0.1416
ACH-000916,Clonidine (hydrochloride),1954,4429,1422,0.2866
ACH-000916,Clopidogrel,3678,1460,740,0.1683
ACH-000916,Clotrimazole,1415,3563,860,0.2088
ACH-000916,Cloxacillin (sodium),1826,2434,932,0.28
ACH-000916,Cobimetinib,558,4039,415,0.0992
ACH-000916,Crizotinib (hydrochloride),3227,3413,1459,0.2816
ACH-000916,Cyclosporin A,3413,2461,1225,0.2635
ACH-000916,Cysteamine (hydrochloride),1357,2977,765,0.2143
ACH-000916,Cytarabine,2352,1801,727,0.2122
ACH-000916,Cytarabine (hydrochloride),606,1360,262,0.1538
ACH-000916,DT-061,2738,2442,945,0.2231
ACH-000916,DTP3,4510,11018,842,0.0573
ACH-000916,Dabrafenib,3692,3829,1562,0.2621
ACH-000916,Daidzin,2451,1887,776,0.2179
ACH-000916,Dapagliflozin,1789,1223,418,0.1611
ACH-000916,"Dapagliflozin ((2S)-1,2-propanediol, hydrate)",801,1735,346,0.158
ACH-000916,Darinaparsin,1799,4224,1113,0.2267
ACH-000916,Darolutamide,2926,2045,967,0.2415
ACH-000916,Decitabine,1202,3458,827,0.2158
ACH-000916,Delamanid,2992,2928,1392,0.3074
ACH-000916,Demeclocycline,1541,2797,813,0.2306
ACH-000916,Dexamethasone,4282,6011,3003,0.4119
ACH-000916,Dexmedetomidine,542,1457,265,0.1528
ACH-000916,Diammonium Glycyrrhizinate,2067,4376,1134,0.2136
ACH-000916,Digitoxin,4634,8677,3783,0.397
ACH-000916,Dihydroartemisinin,1127,2343,483,0.1617
ACH-000916,Dimethyl fumarate,272,1883,175,0.0884
ACH-000916,Dinaciclib,3187,5804,2200,0.324
ACH-000916,Diphenhydramine,1507,2424,756,0.2381
ACH-000916,Docetaxel,2230,3318,1001,0.2201
ACH-000916,Docetaxel (Trihydrate),284,2253,183,0.0777
ACH-000916,Dorzolamide (hydrochloride),517,1969,282,0.1279
ACH-000916,Doxorubicin (hydrochloride),644,2384,354,0.1324
ACH-000916,Doxycycline (monohydrate),590,2120,354,0.1503
ACH-000916,Drospirenone,2406,3298,1021,0.218
ACH-000916,ERK5-IN-2,3191,4538,1391,0.2195
ACH-000916,ETC-206,2807,1501,732,0.2047
ACH-000916,EX229,4899,5899,2804,0.3508
ACH-000916,Econazole,3013,4678,1457,0.2337
ACH-000916,Elagolix sodium,1749,3908,1046,0.2268
ACH-000916,Elimusertib hydrochloride,4264,4525,2091,0.3122
ACH-000916,Encorafenib,12569,4827,236,0.0138
ACH-000916,Entecavir (monohydrate),208,2851,141,0.0483
ACH-000916,Entrectinib,3156,2509,933,0.1972
ACH-000916,Epirubicin (hydrochloride),242,1960,124,0.0597
ACH-000916,Eplerenone,323,1148,149,0.1127
ACH-000916,Erdafitinib ,10469,1975,149,0.0121
ACH-000916,Erlotinib,1419,2709,653,0.1879
ACH-000916,Erythromycin,1942,1709,522,0.1668
ACH-000916,Esmolol (hydrochloride),2286,2563,858,0.215
ACH-000916,Estrone sulfate (potassium),3485,2505,1021,0.2055
ACH-000916,Everolimus,3198,2119,1059,0.2487
ACH-000916,Fedratinib (hydrochloride hydrate),3079,3239,1234,0.2427
ACH-000916,Fenofibrate,1618,974,445,0.2073
ACH-000916,Ferulic acid,1152,2143,526,0.19
ACH-000916,Filgotinib,1196,3329,560,0.1412
ACH-000916,Finasteride,604,1614,298,0.1552
ACH-000916,Fingolimod (hydrochloride),2644,1817,719,0.1921
ACH-000916,Flumatinib (mesylate),2615,2656,1154,0.2803
ACH-000916,Flutamide,2513,2075,714,0.1843
ACH-000916,Fluvoxamine,770,2286,453,0.174
ACH-000916,Fluvoxamine (maleate),1222,3909,851,0.1988
ACH-000916,Folic acid,1567,3106,917,0.2441
ACH-000916,Fulvestrant,2821,1360,561,0.155
ACH-000916,Fumaric acid,2379,2724,975,0.2362
ACH-000916,Furosemide,962,2383,509,0.1795
ACH-000916,Fusidic acid,1632,3187,961,0.2491
ACH-000916,Futibatinib,3757,2799,1343,0.2576
ACH-000916,GSK1059615,3909,5221,1821,0.2491
ACH-000916,Gallic acid,1883,3268,1058,0.2585
ACH-000916,Gallic acid (hydrate),2178,3532,1036,0.2217
ACH-000916,Gefitinib,2144,2527,729,0.1849
ACH-000916,Gemcitabine,3775,2665,1326,0.2593
ACH-000916,Gemfibrozil,1400,3610,820,0.1957
ACH-000916,Glycyrrhizic acid,683,1635,318,0.159
ACH-000916,Goserelin (acetate),2025,3331,1206,0.2906
ACH-000916,HI-TOPK-032,4016,3528,1441,0.2361
ACH-000916,Harringtonine,1200,12431,1124,0.0899
ACH-000916,Hesperidin,685,1554,310,0.1607
ACH-000916,Hexylresorcinol,1601,3627,991,0.2339
ACH-000916,Homoharringtonine,11299,13547,9619,0.6317
ACH-000916,Hydroxyfasudil,4977,1072,518,0.0937
ACH-000916,Hydroxyurea,473,1527,219,0.123
ACH-000916,IQ 1,2879,3000,1070,0.2225
ACH-000916,Idarubicin (hydrochloride),7444,12174,6375,0.4814
ACH-000916,Idoxuridine,3007,1671,769,0.1967
ACH-000916,Imiquimod (hydrochloride),3297,2055,878,0.1962
ACH-000916,Imiquimod (maleate),306,1074,119,0.0944
ACH-000916,Indacaterol (maleate),3412,1834,931,0.2158
ACH-000916,Infigratinib,3184,3447,1353,0.2563
ACH-000916,Ipatasertib,4126,4168,1554,0.2306
ACH-000916,Irinotecan,3668,2252,1091,0.2259
ACH-000916,Irinotecan (hydrochloride),5011,2141,1234,0.2085
ACH-000916,Isocorydine,2014,2778,895,0.2297
ACH-000916,Ivermectin,2750,1614,721,0.1979
ACH-000916,Ixazomib,2804,3642,1329,0.2597
ACH-000916,Ixazomib citrate,2044,8933,1590,0.1694
ACH-000916,L-Eflornithine (monohydrochloride),3684,1629,771,0.1697
ACH-000916,L-Thyroxine (sodium salt pentahydrate),1592,3215,830,0.2087
ACH-000916,LB-100,2387,1510,595,0.1802
ACH-000916,LJI308,3153,2314,1053,0.2386
ACH-000916,LY-2584702 (tosylate salt),3044,2666,1063,0.2287
ACH-000916,LY2090314,1838,2137,638,0.1912
ACH-000916,Lactate (calcium),2724,2804,888,0.1914
ACH-000916,Lapatinib ditosylate,3847,1726,835,0.1762
ACH-000916,Larotrectinib,2143,3089,935,0.2176
ACH-000916,Lenalidomide (hemihydrate),1062,3260,630,0.1706
ACH-000916,Levobupivacaine (hydrochloride),588,1285,277,0.1736
ACH-000916,Lidocaine (hydrochloride),2091,4595,1191,0.2167
ACH-000916,Ligustrazine,554,1476,262,0.1482
ACH-000916,Lipoic acid,1120,2383,667,0.2352
ACH-000916,Lonafarnib,3734,4138,1695,0.2744
ACH-000916,Loperamide (hydrochloride),2898,2231,781,0.1796
ACH-000916,Lopinavir,2679,2274,944,0.2355
ACH-000916,Lucanthone,1965,1576,668,0.2325
ACH-000916,Lumateperone (tosylate),1234,3135,767,0.2129
ACH-000916,MK-3903,3325,3632,1240,0.2169
ACH-000916,MK-8353,4118,1725,1071,0.2244
ACH-000916,ML264,4151,2763,1277,0.2265
ACH-000916,Macitentan,200,1006,105,0.0954
ACH-000916,Malotilate,4208,3229,1865,0.3347
ACH-000916,Mebendazole,673,3543,473,0.1264
ACH-000916,Medroxyprogesterone acetate,2910,5759,1981,0.2962
ACH-000916,Megestrol,3236,3743,1425,0.2566
ACH-000916,Meloxicam,1671,2087,553,0.1725
ACH-000916,Menadione,517,1635,262,0.1386
ACH-000916,Methotrexate,1767,2078,648,0.2027
ACH-000916,Methyl aminolevulinate (hydrochloride),3663,1684,915,0.2065
ACH-000916,Methylprednisolone succinate,3720,11877,695,0.0466
ACH-000916,Methylthiouracil,1580,2030,582,0.1922
ACH-000916,Mifepristone,528,2981,362,0.115
ACH-000916,Minodronic acid,2977,2945,1320,0.2868
ACH-000916,Mitoxantrone (dihydrochloride),1916,5994,1266,0.1905
ACH-000916,Monocrotaline,582,1861,359,0.1723
ACH-000916,Mozavaptan,443,1501,204,0.1172
ACH-000916,NG25,2461,5668,1631,0.251
ACH-000916,NVP-BHG712,3735,3569,1351,0.2269
ACH-000916,Nafamostat (mesylate),2776,1775,668,0.172
ACH-000916,Naproxen,1471,1279,434,0.1874
ACH-000916,Neratinib,2400,2702,1007,0.2459
ACH-000916,Neratinib (maleate),1893,4973,1275,0.228
ACH-000916,Nevirapine,465,1605,220,0.1189
ACH-000916,Niclosamide (olamine),509,7022,414,0.0582
ACH-000916,Norepinephrine (hydrochloride),1326,3479,736,0.1809
ACH-000916,OTS514,2777,2625,1040,0.2384
ACH-000916,Olanzapine,1593,4066,1073,0.234
ACH-000916,Oleic acid,2704,1824,846,0.2298
ACH-000916,Omeprazole,1220,2215,483,0.1636
ACH-000916,Omeprazole (sodium),3140,1267,585,0.1531
ACH-000916,Orlistat,630,1977,344,0.152
ACH-000916,Osimertinib (mesylate),2705,2771,1095,0.2499
ACH-000916,Ouabain (Octahydrate),6215,10056,5009,0.4448
ACH-000916,Oxaliplatin,4172,3296,1706,0.2961
ACH-000916,Oxaprozin,2961,1893,787,0.1935
ACH-000916,PF-06260933,3779,1361,750,0.1708
ACH-000916,PH-797804,3250,7964,2049,0.2236
ACH-000916,Paclitaxel,3973,3957,1529,0.2389
ACH-000916,Palmatine (chloride),2440,3214,1045,0.2267
ACH-000916,Panobinostat,6942,13245,5985,0.4214
ACH-000916,Pasireotide (acetate),2111,3524,1118,0.2475
ACH-000916,Pemetrexed,749,1866,354,0.1566
ACH-000916,Pemigatinib,875,1632,144,0.0609
ACH-000916,Penfluridol,609,1308,223,0.1316
ACH-000916,Pentagastrin,1689,3898,1098,0.2446
ACH-000916,Pentamidine (isethionate),2205,3420,1062,0.2327
ACH-000916,Pentoxifylline,3084,2928,1139,0.2337
ACH-000916,Peretinoin,742,4938,556,0.1085
ACH-000916,Perindopril (erbumine),1182,1199,341,0.1672
ACH-000916,Pexidartinib (hydrochloride),1003,2134,491,0.1856
ACH-000916,Phenylephrine (hydrochloride),3779,5360,1860,0.2555
ACH-000916,Phenytoin (sodium),759,1382,286,0.1542
ACH-000916,Pimitespib,3438,1817,937,0.217
ACH-000916,Pimozide,1863,2024,653,0.2019
ACH-000916,Pioglitazone,3011,2317,1087,0.2563
ACH-000916,Piroxicam,4317,1876,1056,0.2056
ACH-000916,Pitavastatin (Calcium),613,2196,336,0.1359
ACH-000916,Ponatinib,1768,5420,1065,0.1739
ACH-000916,Posaconazole,418,2727,287,0.1004
ACH-000916,Pralsetinib,3610,4132,1691,0.2795
ACH-000916,Pravastatin (sodium),2324,1653,676,0.2048
ACH-000916,Procainamide (hydrochloride),410,832,178,0.1673
ACH-000916,Proglumide,1396,1273,356,0.1539
ACH-000916,Pyridoxine,1500,3449,840,0.2044
ACH-000916,Pyridoxine (hydrochloride),2894,3131,1401,0.303
ACH-000916,Quinestrol,2001,3710,1289,0.2915
ACH-000916,Quinidine (15% dihydroquinidine),527,1809,265,0.128
ACH-000916,RMC-6236,4326,5417,2289,0.3071
ACH-000916,Radotinib,2210,3604,1161,0.2495
ACH-000916,Ralimetinib dimesylate,4583,13167,1340,0.0817
ACH-000916,Raltitrexed,1403,3432,907,0.2309
ACH-000916,Ranolazine,1199,1833,442,0.1707
ACH-000916,Rapamycin,2254,5773,1643,0.2574
ACH-000916,Regorafenib,4894,2483,1401,0.2344
ACH-000916,Relugolix,1410,2846,857,0.2521
ACH-000916,Resveratrol,1596,4299,978,0.1989
ACH-000916,Retinoic acid,3162,3149,1238,0.244
ACH-000916,Rifaximin,241,1132,115,0.0914
ACH-000916,Riluzole hydrochloride,2816,4985,1647,0.2676
ACH-000916,Rimonabant,1650,3120,1006,0.2673
ACH-000916,Ritonavir,1412,3134,712,0.1857
ACH-000916,Ropivacaine (hydrochloride monohydrate),1683,3146,919,0.235
ACH-000916,Rosiglitazone,555,1190,255,0.1711
ACH-000916,Roxadustat,768,2669,495,0.1683
ACH-000916,Rucaparib (phosphate),566,1634,239,0.1219
ACH-000916,Rutin (trihydrate),1564,1542,602,0.2404
ACH-000916,S-Adenosyl-L-methionine (disulfate tosylate),1983,4670,1371,0.2596
ACH-000916,SBI-0640756,4851,2658,231,0.0317
ACH-000916,Sacubitril/Valsartan,856,2530,558,0.1973
ACH-000916,Salicylic acid,1429,3675,942,0.2263
ACH-000916,Sapanisertib,4557,5212,2104,0.2745
ACH-000916,Saquinavir,1249,3544,697,0.1702
ACH-000916,Selinexor ,3474,7474,2532,0.3009
ACH-000916,Sildenafil,359,1529,175,0.1022
ACH-000916,Silodosin,503,471,123,0.1445
ACH-000916,Simotinib,430,1269,185,0.1222
ACH-000916,Sinomenine,1317,2862,735,0.2134
ACH-000916,Sivelestat (sodium tetrahydrate),617,3395,382,0.1052
ACH-000916,Sodium Salicylate,1780,4318,1086,0.2167
ACH-000916,Sonidegib,5268,1394,783,0.1332
ACH-000916,Sulfatinib,381,1203,220,0.1613
ACH-000916,Sulfisoxazole,2510,4201,1233,0.2251
ACH-000916,Sunitinib,3210,3540,1413,0.2648
ACH-000916,TAK-733,2463,5955,1540,0.2239
ACH-000916,TAK-901,4009,9670,2906,0.2697
ACH-000916,Tadalafil,388,2562,287,0.1078
ACH-000916,Talc,2828,944,432,0.1293
ACH-000916,Tazarotene,3036,1700,744,0.1864
ACH-000916,Temsirolimus,2301,4684,1299,0.2285
ACH-000916,Temuterkib,3626,2749,1084,0.2049
ACH-000916,Terfenadine,2738,3538,1229,0.2435
ACH-000916,Tetracycline (hydrochloride),335,2657,184,0.0655
ACH-000916,Thymol,1472,2504,645,0.1936
ACH-000916,Thymopentin,400,1779,212,0.1078
ACH-000916,Tirabrutinib,1506,2470,724,0.2226
ACH-000916,Tirabrutinib (hydrochloride),3466,3146,1362,0.2594
ACH-000916,Tofacitinib,1658,4331,975,0.1945
ACH-000916,Tofacitinib (citrate),1745,3776,1038,0.2315
ACH-000916,Tolcapone,1276,4635,931,0.1869
ACH-000916,Tolmetin,596,1341,281,0.1697
ACH-000916,Tomivosertib,4069,3797,1750,0.2861
ACH-000916,Topotecan (hydrochloride),2466,7143,1659,0.2087
ACH-000916,Torkinib,3602,2946,1264,0.2392
ACH-000916,Trametinib,7206,8166,4785,0.452
ACH-000916,Trametinib (DMSO_TF solvate),3617,4873,2194,0.3485
ACH-000916,Tranilast,244,1395,126,0.0833
ACH-000916,Triamcinolone,3846,6385,2836,0.3835
ACH-000916,Triclosan,1209,3059,746,0.2118
ACH-000916,Trifluridine,1038,3302,580,0.1543
ACH-000916,Trimetrexate,1321,3999,850,0.1902
ACH-000916,Tubulin inhibitor 6,3103,1874,1004,0.2527
ACH-000916,Tucatinib,3759,2270,1254,0.2626
ACH-000916,Tucidinostat,2753,10446,2326,0.2139
ACH-000916,ULK-101,3897,2583,1116,0.2081
ACH-000916,Uridine,1714,1747,563,0.1943
ACH-000916,Valdecoxib,2066,1591,628,0.2073
ACH-000916,Vandetanib,2996,3480,1358,0.2653
ACH-000916,Vemurafenib,3787,2657,1204,0.2298
ACH-000916,Verapamil,614,1153,249,0.164
ACH-000916,Verteporfin,322,2283,188,0.0778
ACH-000916,Vilanterol,1377,3154,794,0.2125
ACH-000916,Vinblastine (sulfate),3388,7481,2425,0.2872
ACH-000916,Vismodegib,1401,1453,478,0.2012
ACH-000916,Vitamin K4,2136,1400,519,0.172
ACH-000916,Volasertib,4183,1856,927,0.1813
ACH-000916,Voriconazole,3105,1818,877,0.2168
ACH-000916,Vortioxetine,3179,2301,1088,0.2477
ACH-000916,XRK3F2,3155,2951,1004,0.1968
ACH-000916,Zileuton,2831,1498,597,0.16
ACH-000916,c-Kit-IN-1,6749,3318,2512,0.3325
ACH-000916,crizotinib,618,2526,410,0.15
ACH-000916,olaparib,3422,11596,620,0.0431
ACH-000916,palbociclib,3771,3096,1331,0.2404
ACH-000916,venetoclax,4735,4661,2255,0.3158
ACH-000916,vincristine,4167,3544,1886,0.3238
ACH-000916,γ-Oryzanol,1336,1034,300,0.1449
ACH-000927,(R)-Verapamil (hydrochloride),780,2106,383,0.153
ACH-000927,(S)-Crizotinib,168,615,81,0.1154
ACH-000927,18β-Glycyrrhetinic acid,768,1957,342,0.1435
ACH-000927,4EGI-1,2573,1183,699,0.2287
ACH-000927,5-Azacytidine,558,1886,255,0.1165
ACH-000927,5-Fluorouracil,416,496,89,0.1081
ACH-000927,8-Hydroxyquinoline,979,3125,595,0.1696
ACH-000927,9-ING-41,2899,1823,685,0.1697
ACH-000927,APTO-253,2541,1150,475,0.1477
ACH-000927,AT7519,1739,898,458,0.2102
ACH-000927,AZD-7648,2561,1590,601,0.1693
ACH-000927,AZD-8055,3113,2123,1028,0.2443
ACH-000927,AZD1390,1854,1649,530,0.1783
ACH-000927,AZD2858,1052,1281,191,0.0892
ACH-000927,Abemaciclib,2508,1439,786,0.2487
ACH-000927,Abiraterone acetate,943,826,207,0.1325
ACH-000927,Acetazolamide,873,720,206,0.1485
ACH-000927,Acetohexamide,1010,2647,491,0.1551
ACH-000927,Adagrasib,2233,2635,962,0.2463
ACH-000927,Adenine,1096,3237,720,0.1993
ACH-000927,Adenosine,1008,3134,645,0.1844
ACH-000927,Afatinib,5569,5792,3351,0.4184
ACH-000927,Aliskiren,849,1956,413,0.1727
ACH-000927,Allantoin,1642,3473,858,0.2016
ACH-000927,Allopurinol,1205,886,349,0.2003
ACH-000927,Almonertinib (hydrochloride),1288,4174,703,0.1477
ACH-000927,Almonertinib (mesylate),685,2444,315,0.1119
ACH-000927,Alpelisib,2349,1719,733,0.2198
ACH-000927,Altretamine,101,267,47,0.1464
ACH-000927,Amsacrine,1243,3854,848,0.1996
ACH-000927,Anastrozole,1730,1447,603,0.2343
ACH-000927,Anethole trithione,1831,3559,1190,0.2833
ACH-000927,Apalutamide,51,376,24,0.0596
ACH-000927,Aprepitant,940,879,251,0.1601
ACH-000927,Arbutin,69,554,42,0.0723
ACH-000927,Artemether,678,1184,261,0.163
ACH-000927,Artesunate,2291,4499,1474,0.2773
ACH-000927,Asciminib,964,1405,359,0.1786
ACH-000927,Aspirin,589,466,125,0.1344
ACH-000927,Ataluren,628,466,123,0.1267
ACH-000927,Atazanavir (sulfate),602,794,207,0.1741
ACH-000927,Auranofin,654,4840,394,0.0773
ACH-000927,Azithromycin (hydrate),850,1926,364,0.1509
ACH-000927,BAY1125976,2628,4515,1160,0.1939
ACH-000927,BI-3406,3012,1974,1066,0.2719
ACH-000927,BI-78D3,3260,1283,553,0.1386
ACH-000927,Baicalin,1178,2828,685,0.2063
ACH-000927,Balsalazide (sodium hydrate),864,2714,573,0.1907
ACH-000927,Belinostat,725,6391,496,0.0749
ACH-000927,Belumosudil,524,1316,204,0.1247
ACH-000927,Belumosudil (mesylate),1924,1078,428,0.1663
ACH-000927,Belzutifan,1754,1110,331,0.1307
ACH-000927,Bendamustine,136,274,47,0.1295
ACH-000927,Benproperine (phosphate),156,379,63,0.1335
ACH-000927,Bentamapimod,2206,1102,391,0.134
ACH-000927,Benztropine (mesylate),621,325,84,0.0974
ACH-000927,Berbamine,1532,2522,761,0.2311
ACH-000927,Berbamine (dihydrochloride),824,619,171,0.1344
ACH-000927,Berberine (chloride hydrate),2055,5292,1216,0.1983
ACH-000927,Bergenin,861,2513,426,0.1445
ACH-000927,Bestatin,57,314,23,0.0661
ACH-000927,Bestatin (hydrochloride),897,519,197,0.1616
ACH-000927,Betamethasone dipropionate,407,1090,251,0.2014
ACH-000927,Bexarotene,766,1184,329,0.203
ACH-000927,Bicalutamide,570,721,168,0.1496
ACH-000927,Bimatoprost,939,2917,490,0.1456
ACH-000927,Bimiralisib,3285,4413,1408,0.2238
ACH-000927,Binimetinib,4100,3467,1835,0.3201
ACH-000927,Bisoprolol (hemifumarate),192,812,104,0.1156
ACH-000927,Bortezomib,4396,5871,2496,0.3212
ACH-000927,Bosentan (hydrate),107,812,63,0.0736
ACH-000927,Brimonidine,443,513,86,0.0989
ACH-000927,Brivudine,2263,3940,977,0.1869
ACH-000927,Budesonide,1789,2305,842,0.2589
ACH-000927,Busulfan,1142,2530,512,0.162
ACH-000927,CP21R7,2153,895,372,0.139
ACH-000927,Cabozantinib (S-malate),605,1121,184,0.1193
ACH-000927,Canagliflozin,144,684,56,0.0725
ACH-000927,Canagliflozin (hemihydrate),758,800,158,0.1129
ACH-000927,Capivasertib,1575,798,317,0.1542
ACH-000927,Capmatinib,1564,985,414,0.1939
ACH-000927,Captopril,752,368,108,0.1067
ACH-000927,Carbamazepine,971,1410,330,0.1609
ACH-000927,Celecoxib,3135,1173,469,0.1222
ACH-000927,Cepharanthine,1188,2450,611,0.2019
ACH-000927,Chlorhexidine (diacetate),1161,3225,650,0.174
ACH-000927,Ciclopirox,1054,3378,559,0.1443
ACH-000927,Cilostazol,88,893,60,0.0651
ACH-000927,Cinacalcet,726,825,197,0.1455
ACH-000927,Citalopram (hydrobromide),877,529,141,0.1115
ACH-000927,Clobetasol propionate,1497,1676,678,0.2717
ACH-000927,Clofarabine,92,555,41,0.0677
ACH-000927,Clonidine (hydrochloride),1289,3520,914,0.2347
ACH-000927,Clopidogrel,791,823,244,0.1781
ACH-000927,Clotrimazole,908,2384,458,0.1616
ACH-000927,Cloxacillin (sodium),844,2014,462,0.1928
ACH-000927,Cobimetinib,274,1994,203,0.0983
ACH-000927,Crizotinib (hydrochloride),1025,1326,340,0.1691
ACH-000927,Cyclosporin A,890,1119,309,0.1818
ACH-000927,Cysteamine (hydrochloride),769,2532,370,0.1262
ACH-000927,Cytarabine,483,669,135,0.1327
ACH-000927,Cytarabine (hydrochloride),144,490,79,0.1423
ACH-000927,DT-061,1735,1030,389,0.1637
ACH-000927,DTP3,2750,773,433,0.1401
ACH-000927,Dabrafenib,2029,2952,746,0.1762
ACH-000927,Daidzin,959,774,211,0.1386
ACH-000927,Dapagliflozin,498,468,142,0.1723
ACH-000927,"Dapagliflozin ((2S)-1,2-propanediol, hydrate)",215,616,73,0.0963
ACH-000927,Darinaparsin,1241,3716,702,0.165
ACH-000927,Darolutamide,912,978,303,0.1909
ACH-000927,Decitabine,312,1576,193,0.1139
ACH-000927,Delamanid,922,1094,336,0.2
ACH-000927,Demeclocycline,830,2017,412,0.1692
ACH-000927,Dexamethasone,431,772,141,0.1328
ACH-000927,Dexmedetomidine,41,385,27,0.0677
ACH-000927,Diammonium Glycyrrhizinate,774,2917,456,0.141
ACH-000927,Digitoxin,3798,7283,3092,0.387
ACH-000927,Dihydroartemisinin,464,2652,265,0.0929
ACH-000927,Dimethyl fumarate,21,390,16,0.0405
ACH-000927,Dinaciclib,1816,5315,1375,0.2389
ACH-000927,Diphenhydramine,411,671,174,0.1916
ACH-000927,Docetaxel,3261,3139,1288,0.252
ACH-000927,Docetaxel (Trihydrate),62,849,35,0.04
ACH-000927,Dorzolamide (hydrochloride),121,759,54,0.0654
ACH-000927,Doxorubicin (hydrochloride),150,3316,116,0.0346
ACH-000927,Doxycycline (monohydrate),49,760,31,0.0398
ACH-000927,Drospirenone,1889,2799,1029,0.2812
ACH-000927,ERK5-IN-2,2506,4511,1080,0.1819
ACH-000927,ETC-206,1845,1129,494,0.1992
ACH-000927,EX229,2858,1952,780,0.1935
ACH-000927,Econazole,622,847,174,0.1344
ACH-000927,Elagolix sodium,1090,2833,613,0.1852
ACH-000927,Elimusertib hydrochloride,2879,2650,1002,0.2213
ACH-000927,Entecavir (monohydrate),19,216,13,0.0586
ACH-000927,Entrectinib,871,1738,344,0.1519
ACH-000927,Epirubicin (hydrochloride),102,2639,75,0.0281
ACH-000927,Eplerenone,47,342,30,0.0836
ACH-000927,Erdafitinib ,8376,1033,97,0.0104
ACH-000927,Erlotinib,240,2240,180,0.0783
ACH-000927,Erythromycin,365,510,79,0.0992
ACH-000927,Esmolol (hydrochloride),433,541,115,0.1339
ACH-000927,Estrone sulfate (potassium),948,1260,314,0.1658
ACH-000927,Everolimus,1297,1233,453,0.2181
ACH-000927,Fedratinib (hydrochloride hydrate),605,2183,290,0.1161
ACH-000927,Fenofibrate,252,257,71,0.1621
ACH-000927,Ferulic acid,172,1042,108,0.0976
ACH-000927,Filgotinib,491,2619,232,0.0806
ACH-000927,Finasteride,109,532,60,0.1033
ACH-000927,Fingolimod (hydrochloride),597,887,182,0.1398
ACH-000927,Flumatinib (mesylate),658,1089,254,0.1701
ACH-000927,Flutamide,668,1347,198,0.109
ACH-000927,Fluvoxamine,155,1184,109,0.0886
ACH-000927,Fluvoxamine (maleate),696,2231,364,0.142
ACH-000927,Folic acid,757,2568,471,0.165
ACH-000927,Fulvestrant,830,839,193,0.1308
ACH-000927,Fumaric acid,927,1246,302,0.1614
ACH-000927,Furosemide,486,1968,260,0.1185
ACH-000927,Fusidic acid,985,2548,593,0.2017
ACH-000927,Futibatinib,2822,1329,656,0.1877
ACH-000927,GSK1059615,3657,4777,1614,0.2367
ACH-000927,Gallic acid,1309,3510,794,0.1973
ACH-000927,Gallic acid (hydrate),1257,2544,605,0.1893
ACH-000927,Gefitinib,415,3021,238,0.0744
ACH-000927,Gemcitabine,2020,1529,659,0.228
ACH-000927,Gemfibrozil,1049,2229,513,0.1855
ACH-000927,Glycyrrhizic acid,208,495,62,0.0967
ACH-000927,Goserelin (acetate),1029,3136,648,0.1842
ACH-000927,HI-TOPK-032,3467,2133,885,0.1877
ACH-000927,Harringtonine,251,7467,206,0.0274
ACH-000927,Hesperidin,143,652,67,0.092
ACH-000927,Hexylresorcinol,1113,2645,629,0.201
ACH-000927,Homoharringtonine,9301,12551,8156,0.5955
ACH-000927,Hydroxyfasudil,2985,760,267,0.0768
ACH-000927,Hydroxyurea,58,388,19,0.0445
ACH-000927,IQ 1,2419,1668,663,0.1936
ACH-000927,Idarubicin (hydrochloride),6916,13671,5853,0.3972
ACH-000927,Idoxuridine,1132,848,339,0.2066
ACH-000927,Imiquimod (hydrochloride),825,894,192,0.1257
ACH-000927,Imiquimod (maleate),64,296,24,0.0714
ACH-000927,Indacaterol (maleate),995,569,200,0.1466
ACH-000927,Infigratinib,1988,2538,912,0.2524
ACH-000927,Ipatasertib,3240,1933,772,0.1754
ACH-000927,Irinotecan,2294,1084,511,0.1782
ACH-000927,Irinotecan (hydrochloride),3378,660,325,0.0875
ACH-000927,Isocorydine,672,2280,407,0.1599
ACH-000927,Ivermectin,630,436,115,0.1209
ACH-000927,Ixazomib,1691,1728,583,0.2056
ACH-000927,Ixazomib citrate,560,5020,371,0.0712
ACH-000927,L-Eflornithine (monohydrochloride),1049,752,264,0.1718
ACH-000927,L-Thyroxine (sodium salt pentahydrate),915,2205,374,0.1362
ACH-000927,LB-100,1748,952,331,0.1397
ACH-000927,LJI308,2351,1245,555,0.1825
ACH-000927,LY-2584702 (tosylate salt),2491,1296,519,0.1588
ACH-000927,LY2090314,1257,1040,311,0.1566
ACH-000927,Lactate (calcium),643,725,124,0.0997
ACH-000927,Lapatinib ditosylate,3695,1376,899,0.2155
ACH-000927,Larotrectinib,1098,2406,506,0.1688
ACH-000927,Lenalidomide (hemihydrate),602,2381,271,0.0999
ACH-000927,Levobupivacaine (hydrochloride),155,447,66,0.1231
ACH-000927,Lidocaine (hydrochloride),1211,3196,604,0.1588
ACH-000927,Ligustrazine,28,472,24,0.0504
ACH-000927,Lipoic acid,629,2659,425,0.1484
ACH-000927,Lonafarnib,1899,1398,486,0.1729
ACH-000927,Loperamide (hydrochloride),1042,1162,312,0.1649
ACH-000927,Lopinavir,763,651,198,0.1628
ACH-000927,Lucanthone,1087,550,267,0.1949
ACH-000927,Lumateperone (tosylate),767,2625,499,0.1725
ACH-000927,MK-3903,2019,1932,570,0.1686
ACH-000927,MK-8353,2188,947,473,0.1777
ACH-000927,ML264,2332,1475,545,0.1671
ACH-000927,Macitentan,47,252,25,0.0912
ACH-000927,Malotilate,1729,1616,663,0.2472
ACH-000927,Mebendazole,122,1133,83,0.0708
ACH-000927,Medroxyprogesterone acetate,2331,4578,1570,0.2941
ACH-000927,Megestrol,1043,2581,539,0.1747
ACH-000927,Meloxicam,838,710,183,0.1341
ACH-000927,Menadione,151,453,57,0.1042
ACH-000927,Methotrexate,579,1254,221,0.1371
ACH-000927,Methyl aminolevulinate (hydrochloride),683,652,163,0.1391
ACH-000927,Methylprednisolone succinate,3215,256,170,0.0515
ACH-000927,Methylthiouracil,431,551,143,0.1704
ACH-000927,Mifepristone,132,803,70,0.0809
ACH-000927,Minodronic acid,2266,1778,784,0.2405
ACH-000927,Mitoxantrone (dihydrochloride),1207,8358,874,0.1006
ACH-000927,Monocrotaline,96,267,43,0.1344
ACH-000927,Mozavaptan,134,666,72,0.0989
ACH-000927,NG25,1443,3280,688,0.1705
ACH-000927,NVP-BHG712,2551,1944,603,0.1549
ACH-000927,Nafamostat (mesylate),840,649,166,0.1255
ACH-000927,Naproxen,371,317,96,0.1622
ACH-000927,Neratinib,2011,3461,1245,0.2945
ACH-000927,Neratinib (maleate),3130,7518,2493,0.3057
ACH-000927,Nevirapine,65,473,45,0.0913
ACH-000927,Niclosamide (olamine),109,3285,87,0.0263
ACH-000927,Norepinephrine (hydrochloride),973,2688,492,0.1553
ACH-000927,OTS514,1319,1421,454,0.1986
ACH-000927,Olanzapine,1030,3296,652,0.1775
ACH-000927,Oleic acid,2324,1151,508,0.1712
ACH-000927,Omeprazole,424,710,162,0.1667
ACH-000927,Omeprazole (sodium),464,1050,177,0.1324
ACH-000927,Orlistat,120,554,54,0.0871
ACH-000927,Osimertinib (mesylate),609,3229,340,0.0972
ACH-000927,Ouabain (Octahydrate),5157,9077,4278,0.4297
ACH-000927,Oxaliplatin,3230,2215,1166,0.2725
ACH-000927,Oxaprozin,929,945,208,0.1248
ACH-000927,PF-06260933,2300,1620,506,0.1482
ACH-000927,PH-797804,2815,7038,1719,0.2113
ACH-000927,Paclitaxel,2170,2983,782,0.1789
ACH-000927,Palmatine (chloride),1106,2272,449,0.1533
ACH-000927,Panobinostat,4366,8900,3487,0.3566
ACH-000927,Pasireotide (acetate),1072,2804,537,0.1608
ACH-000927,Pemetrexed,146,867,90,0.0975
ACH-000927,Pemigatinib,499,1302,94,0.0551
ACH-000927,Penfluridol,113,952,70,0.0704
ACH-000927,Pentagastrin,814,3235,494,0.139
ACH-000927,Pentamidine (isethionate),1346,2747,665,0.194
ACH-000927,Pentoxifylline,1181,1999,555,0.2114
ACH-000927,Peretinoin,455,2640,343,0.1246
ACH-000927,Perindopril (erbumine),240,268,60,0.1339
ACH-000927,Pexidartinib (hydrochloride),165,442,81,0.154
ACH-000927,Phenylephrine (hydrochloride),833,1583,324,0.1549
ACH-000927,Phenytoin (sodium),67,392,50,0.1222
ACH-000927,Pimitespib,2263,864,393,0.1437
ACH-000927,Pimozide,621,1055,163,0.1077
ACH-000927,Pioglitazone,768,638,214,0.1795
ACH-000927,Piroxicam,1207,906,332,0.1864
ACH-000927,Pitavastatin (Calcium),136,881,85,0.0912
ACH-000927,Ponatinib,539,3235,283,0.0811
ACH-000927,Posaconazole,79,1023,54,0.0515
ACH-000927,Pralsetinib,1948,2130,689,0.2033
ACH-000927,Pravastatin (sodium),791,463,152,0.1379
ACH-000927,Procainamide (hydrochloride),67,248,23,0.0788
ACH-000927,Proglumide,709,418,121,0.1203
ACH-000927,Pyridoxine,1183,2600,534,0.1644
ACH-000927,Pyridoxine (hydrochloride),1391,2382,721,0.2362
ACH-000927,Quinestrol,1073,3227,706,0.1964
ACH-000927,Quinidine (15% dihydroquinidine),143,349,58,0.1336
ACH-000927,RMC-6236,3010,3941,1361,0.2435
ACH-000927,Radotinib,1715,3105,890,0.2265
ACH-000927,Ralimetinib dimesylate,2715,530,288,0.0974
ACH-000927,Raltitrexed,823,3186,561,0.1627
ACH-000927,Ranolazine,592,484,141,0.1508
ACH-000927,Rapamycin,1508,3972,924,0.2028
ACH-000927,Regorafenib,1669,1186,456,0.1901
ACH-000927,Relugolix,906,2325,530,0.1962
ACH-000927,Resveratrol,1024,3217,563,0.1531
ACH-000927,Retinoic acid,1314,3227,734,0.1928
ACH-000927,Rifaximin,51,276,32,0.1085
ACH-000927,Riluzole hydrochloride,1788,4124,1109,0.2309
ACH-000927,Rimonabant,1145,2975,656,0.1894
ACH-000927,Ritonavir,749,2157,337,0.1312
ACH-000927,Ropivacaine (hydrochloride monohydrate),1059,2479,604,0.2059
ACH-000927,Rosiglitazone,80,375,39,0.0938
ACH-000927,Roxadustat,171,987,87,0.0812
ACH-000927,Rucaparib (phosphate),43,300,26,0.082
ACH-000927,Rutin (trihydrate),627,680,232,0.2158
ACH-000927,S-Adenosyl-L-methionine (disulfate tosylate),1200,3208,764,0.2097
ACH-000927,SBI-0640756,6391,1396,92,0.012
ACH-000927,Sacubitril/Valsartan,133,958,97,0.0976
ACH-000927,Salicylic acid,888,2727,539,0.1752
ACH-000927,Sapanisertib,2970,4701,1369,0.2172
ACH-000927,Saquinavir,919,2637,398,0.126
ACH-000927,Selinexor ,2366,5743,1701,0.2654
ACH-000927,Sildenafil,68,668,51,0.0745
ACH-000927,Silodosin,63,242,34,0.1255
ACH-000927,Simotinib,59,1516,40,0.0261
ACH-000927,Sinomenine,694,2621,410,0.1411
ACH-000927,Sivelestat (sodium tetrahydrate),70,962,51,0.052
ACH-000927,Sodium Salicylate,1202,2675,607,0.1856
ACH-000927,Sonidegib,3714,578,247,0.0611
ACH-000927,Sulfatinib,77,309,38,0.1092
ACH-000927,Sulfisoxazole,2296,2611,883,0.2194
ACH-000927,Sunitinib,947,1667,351,0.1551
ACH-000927,TAK-733,1799,2413,642,0.1798
ACH-000927,TAK-901,3139,9969,2258,0.2081
ACH-000927,Tadalafil,60,821,39,0.0463
ACH-000927,Talc,633,745,144,0.1167
ACH-000927,Tazarotene,787,997,252,0.1645
ACH-000927,Temsirolimus,1551,3137,891,0.2347
ACH-000927,Temuterkib,3004,1917,713,0.1694
ACH-000927,Terfenadine,1089,2300,458,0.1563
ACH-000927,Tetracycline (hydrochloride),78,411,42,0.094
ACH-000927,Thymol,1010,1815,334,0.1341
ACH-000927,Thymopentin,96,651,53,0.0764
ACH-000927,Tirabrutinib,434,849,219,0.2058
ACH-000927,Tirabrutinib (hydrochloride),1227,1402,428,0.1945
ACH-000927,Tofacitinib,1482,4315,974,0.2019
ACH-000927,Tofacitinib (citrate),1430,4040,858,0.186
ACH-000927,Tolcapone,809,3309,504,0.1395
ACH-000927,Tolmetin,85,469,58,0.1169
ACH-000927,Tomivosertib,2627,1798,733,0.1985
ACH-000927,Topotecan (hydrochloride),622,2252,292,0.1131
ACH-000927,Torkinib,2606,1343,515,0.15
ACH-000927,Trametinib,4730,5530,2718,0.3604
ACH-000927,Trametinib (DMSO_TF solvate),1657,2024,927,0.3366
ACH-000927,Tranilast,34,384,21,0.0529
ACH-000927,Triamcinolone,1635,3791,941,0.2098
ACH-000927,Triclosan,966,2712,531,0.1687
ACH-000927,Trifluridine,632,2871,380,0.1217
ACH-000927,Trimetrexate,1024,2479,484,0.1603
ACH-000927,Tubulin inhibitor 6,1561,878,362,0.1743
ACH-000927,Tucatinib,1920,2212,820,0.2476
ACH-000927,Tucidinostat,2486,10589,2111,0.1925
ACH-000927,ULK-101,2861,1481,562,0.1487
ACH-000927,Uridine,444,740,165,0.1619
ACH-000927,Valdecoxib,519,756,162,0.1456
ACH-000927,Vandetanib,664,2267,333,0.1282
ACH-000927,Vemurafenib,1401,1675,515,0.2011
ACH-000927,Verapamil,82,329,38,0.1019
ACH-000927,Verteporfin,141,1456,82,0.0541
ACH-000927,Vilanterol,739,1932,299,0.1261
ACH-000927,Vinblastine (sulfate),2005,4846,1411,0.2594
ACH-000927,Vismodegib,349,448,80,0.1116
ACH-000927,Vitamin K4,1062,665,225,0.1498
ACH-000927,Volasertib,1592,1166,482,0.2118
ACH-000927,Voriconazole,590,751,166,0.1413
ACH-000927,Vortioxetine,880,1212,313,0.1759
ACH-000927,XRK3F2,2582,2522,759,0.1747
ACH-000927,Zileuton,567,733,171,0.1515
ACH-000927,c-Kit-IN-1,3603,9650,745,0.0596
ACH-000927,crizotinib,69,863,44,0.0495
ACH-000927,olaparib,1840,6367,172,0.0214
ACH-000927,palbociclib,2041,1293,509,0.1802
ACH-000927,venetoclax,2198,2100,739,0.2076
ACH-000927,vincristine,4045,2654,1438,0.2733
ACH-000927,γ-Oryzanol,428,410,92,0.1233
ACH-000932,(R)-Verapamil (hydrochloride),119,1050,59,0.0532
ACH-000932,(S)-Crizotinib,217,451,76,0.1284
ACH-000932,18β-Glycyrrhetinic acid,129,962,48,0.046
ACH-000932,4EGI-1,857,258,107,0.1062
ACH-000932,5-Azacytidine,510,2656,275,0.0951
ACH-000932,5-Fluorouracil,558,728,155,0.137
ACH-000932,8-Hydroxyquinoline,234,817,105,0.111
ACH-000932,9-ING-41,1804,378,181,0.0905
ACH-000932,APTO-253,894,193,71,0.0699
ACH-000932,AT7519,447,268,77,0.1207
ACH-000932,AZD-7648,1458,266,130,0.0816
ACH-000932,AZD-8055,1021,244,117,0.1019
ACH-000932,AZD1390,790,324,99,0.0975
ACH-000932,AZD2858,625,324,51,0.0568
ACH-000932,Abemaciclib,2385,318,226,0.0912
ACH-000932,Abiraterone acetate,1057,1018,259,0.1426
ACH-000932,Acetazolamide,1147,732,220,0.1326
ACH-000932,Acetohexamide,159,873,71,0.0739
ACH-000932,Adagrasib,881,1147,318,0.186
ACH-000932,Adenine,198,615,103,0.1451
ACH-000932,Adenosine,199,1235,107,0.0806
ACH-000932,Afatinib,722,1409,289,0.1569
ACH-000932,Aliskiren,190,605,83,0.1166
ACH-000932,Allantoin,433,1379,148,0.0889
ACH-000932,Allopurinol,1598,849,341,0.1619
ACH-000932,Almonertinib (hydrochloride),279,885,118,0.1128
ACH-000932,Almonertinib (mesylate),992,900,258,0.1579
ACH-000932,Alpelisib,379,294,76,0.1273
ACH-000932,Altretamine,123,332,65,0.1667
ACH-000932,Amsacrine,213,1883,134,0.0683
ACH-000932,Anastrozole,246,259,68,0.1556
ACH-000932,Anethole trithione,413,931,240,0.2174
ACH-000932,Apalutamide,75,348,38,0.0987
ACH-000932,Aprepitant,1293,636,255,0.1523
ACH-000932,Arbutin,177,593,97,0.1441
ACH-000932,Artemether,772,1442,336,0.1789
ACH-000932,Artesunate,844,2691,562,0.189
ACH-000932,Asciminib,1133,1306,355,0.1703
ACH-000932,Aspirin,715,589,164,0.1439
ACH-000932,Ataluren,683,433,129,0.1307
ACH-000932,Atazanavir (sulfate),745,1135,279,0.1743
ACH-000932,Auranofin,489,5226,315,0.0583
ACH-000932,Azithromycin (hydrate),126,944,61,0.0605
ACH-000932,BAY1125976,1419,1200,359,0.1588
ACH-000932,BI-3406,1186,333,155,0.1136
ACH-000932,BI-78D3,1708,300,151,0.0813
ACH-000932,Baicalin,170,947,107,0.1059
ACH-000932,Balsalazide (sodium hydrate),204,830,132,0.1463
ACH-000932,Belinostat,649,6653,483,0.0708
ACH-000932,Belumosudil,719,1489,259,0.1329
ACH-000932,Belumosudil (mesylate),806,175,55,0.0594
ACH-000932,Belzutifan,484,378,57,0.0708
ACH-000932,Bendamustine,151,453,68,0.1269
ACH-000932,Benproperine (phosphate),273,686,111,0.1309
ACH-000932,Bentamapimod,1214,275,100,0.072
ACH-000932,Benztropine (mesylate),764,556,115,0.0954
ACH-000932,Berbamine,861,865,259,0.1766
ACH-000932,Berbamine (dihydrochloride),1568,591,219,0.1129
ACH-000932,Berberine (chloride hydrate),177,1306,87,0.0623
ACH-000932,Bergenin,98,1043,52,0.0478
ACH-000932,Bestatin,53,540,31,0.0552
ACH-000932,Bestatin (hydrochloride),1134,572,219,0.1473
ACH-000932,Betamethasone dipropionate,146,378,46,0.0962
ACH-000932,Bexarotene,906,979,297,0.187
ACH-000932,Bicalutamide,562,696,145,0.1303
ACH-000932,Bimatoprost,127,1602,79,0.0479
ACH-000932,Bimiralisib,1807,1299,421,0.1568
ACH-000932,Binimetinib,1934,2171,798,0.2413
ACH-000932,Bisoprolol (hemifumarate),282,842,115,0.114
ACH-000932,Bortezomib,2689,2461,1179,0.2969
ACH-000932,Bosentan (hydrate),167,1253,109,0.0831
ACH-000932,Brimonidine,349,523,101,0.131
ACH-000932,Brivudine,1307,663,220,0.1257
ACH-000932,Budesonide,1144,1003,275,0.1469
ACH-000932,Busulfan,200,1067,86,0.0728
ACH-000932,CP21R7,918,132,57,0.0574
ACH-000932,Cabozantinib (S-malate),818,1148,263,0.1544
ACH-000932,Canagliflozin,221,671,90,0.1122
ACH-000932,Canagliflozin (hemihydrate),723,716,144,0.1112
ACH-000932,Capivasertib,460,163,44,0.076
ACH-000932,Capmatinib,503,284,92,0.1324
ACH-000932,Captopril,771,671,152,0.1178
ACH-000932,Carbamazepine,741,1281,266,0.1515
ACH-000932,Celecoxib,1484,292,115,0.0692
ACH-000932,Cepharanthine,315,929,134,0.1207
ACH-000932,Chlorhexidine (diacetate),1383,3575,938,0.2333
ACH-000932,Ciclopirox,178,1121,74,0.0604
ACH-000932,Cilostazol,194,1080,110,0.0945
ACH-000932,Cinacalcet,749,838,178,0.1263
ACH-000932,Citalopram (hydrobromide),585,513,136,0.1414
ACH-000932,Clobetasol propionate,998,449,137,0.1046
ACH-000932,Clofarabine,78,603,39,0.0607
ACH-000932,Clonidine (hydrochloride),314,1017,212,0.1895
ACH-000932,Clopidogrel,1138,866,278,0.1611
ACH-000932,Clotrimazole,142,1095,81,0.0701
ACH-000932,Cloxacillin (sodium),192,510,91,0.1489
ACH-000932,Cobimetinib,142,1139,76,0.0631
ACH-000932,Crizotinib (hydrochloride),1136,1645,464,0.2003
ACH-000932,Cyclosporin A,1146,1199,394,0.2019
ACH-000932,Cysteamine (hydrochloride),119,681,51,0.0681
ACH-000932,Cytarabine,521,1022,168,0.1222
ACH-000932,Cytarabine (hydrochloride),273,1147,153,0.1208
ACH-000932,DT-061,433,195,49,0.0846
ACH-000932,DTP3,1766,4059,58,0.0101
ACH-000932,Dabrafenib,761,966,196,0.128
ACH-000932,Daidzin,1340,722,223,0.1213
ACH-000932,Dapagliflozin,374,691,133,0.1427
ACH-000932,"Dapagliflozin ((2S)-1,2-propanediol, hydrate)",275,539,84,0.1151
ACH-000932,Darinaparsin,218,1216,92,0.0686
ACH-000932,Darolutamide,997,1300,335,0.1707
ACH-000932,Decitabine,591,1807,320,0.154
ACH-000932,Delamanid,854,1392,357,0.189
ACH-000932,Demeclocycline,157,651,58,0.0773
ACH-000932,Dexamethasone,477,808,172,0.1545
ACH-000932,Dexmedetomidine,72,803,42,0.0504
ACH-000932,Diammonium Glycyrrhizinate,166,1137,70,0.0568
ACH-000932,Digitoxin,3338,5525,2378,0.3667
ACH-000932,Dihydroartemisinin,394,3663,234,0.0612
ACH-000932,Dimethyl fumarate,76,622,36,0.0544
ACH-000932,Dinaciclib,902,2677,469,0.1508
ACH-000932,Diphenhydramine,636,729,245,0.2188
ACH-000932,Docetaxel,1002,996,258,0.1483
ACH-000932,Docetaxel (Trihydrate),111,1433,76,0.0518
ACH-000932,Dorzolamide (hydrochloride),224,1181,110,0.0849
ACH-000932,Doxorubicin (hydrochloride),217,2494,122,0.0471
ACH-000932,Doxycycline (monohydrate),153,443,53,0.0976
ACH-000932,Drospirenone,1257,1580,449,0.188
ACH-000932,ERK5-IN-2,1292,892,249,0.1287
ACH-000932,ETC-206,590,181,60,0.0844
ACH-000932,EX229,2139,641,318,0.1292
ACH-000932,Econazole,512,628,123,0.1209
ACH-000932,Elagolix sodium,251,1139,134,0.1067
ACH-000932,Elimusertib hydrochloride,1239,809,283,0.1603
ACH-000932,Encorafenib,4298,1004,49,0.0093
ACH-000932,Entecavir (monohydrate),23,723,13,0.0177
ACH-000932,Entrectinib,816,1434,263,0.1324
ACH-000932,Epirubicin (hydrochloride),95,2651,65,0.0242
ACH-000932,Eplerenone,65,415,35,0.0787
ACH-000932,Erdafitinib ,129,216,16,0.0486
ACH-000932,Erlotinib,336,885,138,0.1274
ACH-000932,Erythromycin,299,1094,110,0.0857
ACH-000932,Esmolol (hydrochloride),381,674,129,0.1393
ACH-000932,Estrone sulfate (potassium),983,1452,341,0.1628
ACH-000932,Everolimus,453,289,78,0.1175
ACH-000932,Fedratinib (hydrochloride hydrate),874,1836,369,0.1576
ACH-000932,Fenofibrate,369,407,122,0.1865
ACH-000932,Ferulic acid,177,975,92,0.0868
ACH-000932,Filgotinib,409,1812,182,0.0893
ACH-000932,Finasteride,75,582,39,0.0631
ACH-000932,Fingolimod (hydrochloride),450,1253,183,0.1204
ACH-000932,Flumatinib (mesylate),1073,1406,415,0.2011
ACH-000932,Flutamide,520,1229,188,0.1204
ACH-000932,Fluvoxamine,205,1466,144,0.0943
ACH-000932,Fluvoxamine (maleate),139,1058,58,0.0509
ACH-000932,Folic acid,256,597,136,0.1897
ACH-000932,Fulvestrant,712,975,200,0.1345
ACH-000932,Fumaric acid,1025,1494,331,0.1513
ACH-000932,Furosemide,103,522,34,0.0575
ACH-000932,Fusidic acid,163,673,92,0.1237
ACH-000932,Futibatinib,1271,271,102,0.0708
ACH-000932,GSK1059615,1802,785,326,0.1442
ACH-000932,Gallic acid,329,665,149,0.1763
ACH-000932,Gallic acid (hydrate),241,1098,100,0.0807
ACH-000932,Gefitinib,361,1676,153,0.0812
ACH-000932,Gemcitabine,862,304,152,0.1499
ACH-000932,Gemfibrozil,174,1257,85,0.0632
ACH-000932,Glycyrrhizic acid,365,589,70,0.0792
ACH-000932,Goserelin (acetate),184,966,121,0.1176
ACH-000932,HI-TOPK-032,1716,496,211,0.1054
ACH-000932,Harringtonine,1130,5738,936,0.1578
ACH-000932,Hesperidin,285,897,126,0.1193
ACH-000932,Hexylresorcinol,142,793,78,0.091
ACH-000932,Homoharringtonine,3356,3123,1726,0.3631
ACH-000932,Hydroxyfasudil,1782,365,76,0.0367
ACH-000932,Hydroxyurea,72,414,20,0.0429
ACH-000932,IQ 1,926,302,107,0.0955
ACH-000932,Idarubicin (hydrochloride),2044,4955,1219,0.2109
ACH-000932,Idoxuridine,1133,1041,352,0.1932
ACH-000932,Imiquimod (hydrochloride),707,1136,172,0.1029
ACH-000932,Imiquimod (maleate),115,401,34,0.0705
ACH-000932,Indacaterol (maleate),989,830,234,0.1476
ACH-000932,Infigratinib,534,551,154,0.1654
ACH-000932,Ipatasertib,2088,520,251,0.1065
ACH-000932,Irinotecan,585,228,87,0.1198
ACH-000932,Irinotecan (hydrochloride),2196,824,305,0.1123
ACH-000932,Isocorydine,198,709,95,0.117
ACH-000932,Ivermectin,417,609,109,0.1189
ACH-000932,Ixazomib,444,400,98,0.1314
ACH-000932,Ixazomib citrate,612,5949,424,0.0691
ACH-000932,L-Eflornithine (monohydrochloride),927,909,266,0.1694
ACH-000932,L-Thyroxine (sodium salt pentahydrate),228,628,59,0.074
ACH-000932,LB-100,620,142,51,0.0717
ACH-000932,LJI308,986,490,153,0.1156
ACH-000932,LY-2584702 (tosylate salt),1143,439,142,0.0986
ACH-000932,LY2090314,302,158,44,0.1058
ACH-000932,Lactate (calcium),992,1409,273,0.1283
ACH-000932,Lapatinib ditosylate,390,163,40,0.078
ACH-000932,Larotrectinib,173,1545,97,0.0598
ACH-000932,Lenalidomide (hemihydrate),103,969,34,0.0328
ACH-000932,Levobupivacaine (hydrochloride),208,706,113,0.1411
ACH-000932,Lidocaine (hydrochloride),417,1652,137,0.0709
ACH-000932,Ligustrazine,110,738,62,0.0789
ACH-000932,Lipoic acid,119,556,71,0.1175
ACH-000932,Lonafarnib,319,457,99,0.1462
ACH-000932,Loperamide (hydrochloride),901,1102,251,0.1433
ACH-000932,Lopinavir,791,1630,368,0.1792
ACH-000932,Lucanthone,1223,809,313,0.1821
ACH-000932,Lumateperone (tosylate),159,603,83,0.1222
ACH-000932,MK-3903,1204,388,129,0.0882
ACH-000932,MK-8353,602,147,67,0.0982
ACH-000932,ML264,962,382,146,0.1219
ACH-000932,Macitentan,56,303,33,0.1012
ACH-000932,Malotilate,1689,1963,700,0.2371
ACH-000932,Mebendazole,173,1135,108,0.09
ACH-000932,Medroxyprogesterone acetate,207,1274,100,0.0724
ACH-000932,Megestrol,65,922,38,0.04
ACH-000932,Meloxicam,981,627,165,0.1143
ACH-000932,Menadione,162,389,56,0.1131
ACH-000932,Methotrexate,470,1213,168,0.1109
ACH-000932,Methyl aminolevulinate (hydrochloride),662,1086,225,0.1477
ACH-000932,Methylprednisolone succinate,1921,11,11,0.0057
ACH-000932,Methylthiouracil,296,674,110,0.1279
ACH-000932,Mifepristone,137,568,75,0.119
ACH-000932,Minodronic acid,540,322,99,0.1298
ACH-000932,Mitoxantrone (dihydrochloride),587,3346,373,0.1048
ACH-000932,Monocrotaline,154,618,62,0.0873
ACH-000932,Mozavaptan,165,884,87,0.0904
ACH-000932,NG25,351,476,100,0.1376
ACH-000932,NVP-BHG712,1394,355,133,0.0823
ACH-000932,Nafamostat (mesylate),836,1015,231,0.1426
ACH-000932,Naproxen,465,530,147,0.1733
ACH-000932,Neratinib,459,1584,176,0.0943
ACH-000932,Neratinib (maleate),210,2458,128,0.0504
ACH-000932,Nevirapine,141,676,80,0.1085
ACH-000932,Niclosamide (olamine),105,2823,76,0.0266
ACH-000932,Norepinephrine (hydrochloride),128,969,62,0.0599
ACH-000932,OTS514,376,332,75,0.1185
ACH-000932,Olanzapine,144,1217,106,0.0845
ACH-000932,Oleic acid,510,156,69,0.1156
ACH-000932,Omeprazole,336,719,120,0.1283
ACH-000932,Omeprazole (sodium),346,1196,117,0.0821
ACH-000932,Orlistat,129,746,67,0.0829
ACH-000932,Osimertinib (mesylate),578,1705,240,0.1175
ACH-000932,Ouabain (Octahydrate),3916,7816,3165,0.3694
ACH-000932,Oxaliplatin,672,595,191,0.1775
ACH-000932,Oxaprozin,998,1386,273,0.1293
ACH-000932,PF-06260933,1099,245,89,0.0709
ACH-000932,PH-797804,1516,1704,405,0.1439
ACH-000932,Paclitaxel,664,1375,208,0.1136
ACH-000932,Palmatine (chloride),147,866,61,0.0641
ACH-000932,Panobinostat,2650,9481,2226,0.2247
ACH-000932,Pasireotide (acetate),234,843,106,0.1092
ACH-000932,Pemetrexed,135,1045,84,0.0766
ACH-000932,Pemigatinib,330,208,19,0.0366
ACH-000932,Penfluridol,137,797,68,0.0785
ACH-000932,Pentagastrin,191,1124,112,0.0931
ACH-000932,Pentamidine (isethionate),459,1489,211,0.1215
ACH-000932,Pentoxifylline,1149,1936,467,0.1784
ACH-000932,Peretinoin,318,2330,245,0.102
ACH-000932,Perindopril (erbumine),231,379,67,0.1234
ACH-000932,Pexidartinib (hydrochloride),132,510,80,0.1423
ACH-000932,Phenylephrine (hydrochloride),678,954,219,0.155
ACH-000932,Phenytoin (sodium),126,490,67,0.122
ACH-000932,Pimitespib,847,114,64,0.0713
ACH-000932,Pimozide,545,1121,167,0.1114
ACH-000932,Pioglitazone,763,1290,324,0.1874
ACH-000932,Piroxicam,1638,900,376,0.1739
ACH-000932,Pitavastatin (Calcium),463,2895,341,0.113
ACH-000932,Ponatinib,1399,2881,661,0.1826
ACH-000932,Posaconazole,90,1138,57,0.0487
ACH-000932,Pralsetinib,727,522,151,0.1375
ACH-000932,Pravastatin (sodium),1036,664,221,0.1494
ACH-000932,Procainamide (hydrochloride),108,278,43,0.1254
ACH-000932,Proglumide,474,766,130,0.1171
ACH-000932,Pyridoxine,152,1093,71,0.0605
ACH-000932,Pyridoxine (hydrochloride),266,508,123,0.1889
ACH-000932,Quinestrol,152,1099,83,0.0711
ACH-000932,Quinidine (15% dihydroquinidine),128,1092,79,0.0692
ACH-000932,RMC-6236,932,1128,292,0.1652
ACH-000932,Radotinib,298,1686,163,0.0895
ACH-000932,Ralimetinib dimesylate,1508,111,61,0.0392
ACH-000932,Raltitrexed,186,1040,113,0.1015
ACH-000932,Ranolazine,409,758,128,0.1232
ACH-000932,Rapamycin,300,1718,182,0.0991
ACH-000932,Regorafenib,910,225,100,0.0966
ACH-000932,Relugolix,152,571,95,0.1513
ACH-000932,Resveratrol,261,1267,122,0.0868
ACH-000932,Retinoic acid,222,907,91,0.0877
ACH-000932,Rifaximin,54,271,33,0.113
ACH-000932,Riluzole hydrochloride,282,1481,165,0.1033
ACH-000932,Rimonabant,188,694,103,0.1322
ACH-000932,Ritonavir,123,1171,58,0.0469
ACH-000932,Ropivacaine (hydrochloride monohydrate),242,925,128,0.1232
ACH-000932,Rosiglitazone,110,595,63,0.0981
ACH-000932,Roxadustat,195,1356,119,0.0831
ACH-000932,Rucaparib (phosphate),72,453,40,0.0825
ACH-000932,Rutin (trihydrate),806,522,205,0.1825
ACH-000932,S-Adenosyl-L-methionine (disulfate tosylate),243,1086,119,0.0983
ACH-000932,SBI-0640756,192,305,24,0.0507
ACH-000932,Sacubitril/Valsartan,181,1317,133,0.0974
ACH-000932,Salicylic acid,228,1212,139,0.1068
ACH-000932,Sapanisertib,2258,1364,522,0.1684
ACH-000932,Saquinavir,261,1159,99,0.0749
ACH-000932,Selinexor ,1108,4204,753,0.1652
ACH-000932,Sildenafil,84,813,57,0.0679
ACH-000932,Silodosin,84,201,25,0.0962
ACH-000932,Simotinib,85,148,17,0.0787
ACH-000932,Sinomenine,137,638,66,0.0931
ACH-000932,Sivelestat (sodium tetrahydrate),108,1734,79,0.0448
ACH-000932,Sodium Salicylate,195,1163,112,0.0899
ACH-000932,Sonidegib,2179,289,94,0.0396
ACH-000932,Sulfatinib,117,422,58,0.1206
ACH-000932,Sulfisoxazole,926,1487,244,0.1125
ACH-000932,Sunitinib,794,1638,293,0.137
ACH-000932,TAK-733,452,690,118,0.1152
ACH-000932,TAK-901,1410,3432,626,0.1485
ACH-000932,Tadalafil,89,1109,55,0.0481
ACH-000932,Talc,521,516,98,0.1044
ACH-000932,Tazarotene,1019,1383,393,0.1956
ACH-000932,Temsirolimus,230,1207,102,0.0764
ACH-000932,Temuterkib,1545,371,156,0.0886
ACH-000932,Terfenadine,717,1301,216,0.1199
ACH-000932,Tetracycline (hydrochloride),66,846,44,0.0507
ACH-000932,Thymol,165,960,52,0.0485
ACH-000932,Thymopentin,109,962,67,0.0667
ACH-000932,Tirabrutinib,761,1003,366,0.2618
ACH-000932,Tirabrutinib (hydrochloride),1609,1511,522,0.2009
ACH-000932,Tofacitinib,221,1279,103,0.0737
ACH-000932,Tofacitinib (citrate),175,1314,97,0.0697
ACH-000932,Tolcapone,147,1051,73,0.0649
ACH-000932,Tolmetin,144,539,80,0.1327
ACH-000932,Tomivosertib,1016,246,103,0.0889
ACH-000932,Topotecan (hydrochloride),737,2843,370,0.1153
ACH-000932,Torkinib,776,264,92,0.097
ACH-000932,Trametinib,2485,2958,1157,0.2699
ACH-000932,Trametinib (DMSO_TF solvate),1101,1915,603,0.2499
ACH-000932,Tranilast,46,666,31,0.0455
ACH-000932,Triamcinolone,274,1161,138,0.1064
ACH-000932,Triclosan,142,1276,78,0.0582
ACH-000932,Trifluridine,137,1076,75,0.0659
ACH-000932,Trimetrexate,288,1345,102,0.0666
ACH-000932,Tubulin inhibitor 6,299,182,59,0.1398
ACH-000932,Tucatinib,479,221,75,0.12
ACH-000932,Tucidinostat,253,3837,177,0.0452
ACH-000932,ULK-101,1559,337,120,0.0676
ACH-000932,Uridine,416,906,149,0.127
ACH-000932,Valdecoxib,435,761,113,0.1043
ACH-000932,Vandetanib,835,1097,242,0.1432
ACH-000932,Vemurafenib,427,341,75,0.1082
ACH-000932,Verapamil,86,545,42,0.0713
ACH-000932,Verteporfin,171,1847,123,0.0649
ACH-000932,Vilanterol,107,895,39,0.0405
ACH-000932,Vinblastine (sulfate),330,2222,224,0.0962
ACH-000932,Vismodegib,290,681,77,0.0861
ACH-000932,Vitamin K4,1248,985,284,0.1457
ACH-000932,Volasertib,685,149,70,0.0916
ACH-000932,Voriconazole,582,1029,165,0.1141
ACH-000932,Vortioxetine,643,1069,254,0.1742
ACH-000932,XRK3F2,1411,453,180,0.1069
ACH-000932,Zileuton,542,702,161,0.1487
ACH-000932,c-Kit-IN-1,3844,118,110,0.0286
ACH-000932,crizotinib,77,923,45,0.0471
ACH-000932,olaparib,841,5,4,0.0048
ACH-000932,palbociclib,903,409,106,0.0879
ACH-000932,venetoclax,666,455,147,0.1509
ACH-000932,vincristine,1670,546,236,0.1192
ACH-000932,γ-Oryzanol,361,524,85,0.1062
ACH-000940,(R)-Verapamil (hydrochloride),8,653,8,0.0123
ACH-000940,(S)-Crizotinib,2,63,2,0.0317
ACH-000940,18β-Glycyrrhetinic acid,61,525,27,0.0483
ACH-000940,4EGI-1,264,66,19,0.0611
ACH-000940,5-Azacytidine,41,194,10,0.0444
ACH-000940,5-Fluorouracil,47,63,7,0.068
ACH-000940,8-Hydroxyquinoline,72,527,35,0.0621
ACH-000940,9-ING-41,1651,274,120,0.0665
ACH-000940,APTO-253,727,61,20,0.026
ACH-000940,AT7519,269,93,30,0.0904
ACH-000940,AZD-7648,1349,60,34,0.0247
ACH-000940,AZD-8055,642,92,35,0.0501
ACH-000940,AZD1390,512,125,38,0.0634
ACH-000940,AZD2858,408,86,20,0.0422
ACH-000940,Abemaciclib,813,45,29,0.035
ACH-000940,Abiraterone acetate,36,115,12,0.0863
ACH-000940,Acetazolamide,182,180,36,0.1104
ACH-000940,Acetohexamide,16,524,9,0.0169
ACH-000940,Adagrasib,237,201,61,0.1618
ACH-000940,Adenine,55,218,28,0.1143
ACH-000940,Adenosine,64,620,31,0.0475
ACH-000940,Afatinib,377,864,92,0.0801
ACH-000940,Aliskiren,62,469,26,0.0515
ACH-000940,Allantoin,242,1315,89,0.0606
ACH-000940,Allopurinol,168,117,41,0.168
ACH-000940,Almonertinib (hydrochloride),83,587,29,0.0452
ACH-000940,Almonertinib (mesylate),423,14,7,0.0163
ACH-000940,Alpelisib,771,124,34,0.0395
ACH-000940,Altretamine,3,33,2,0.0588
ACH-000940,Amsacrine,88,1024,59,0.056
ACH-000940,Anastrozole,158,75,22,0.1043
ACH-000940,Anethole trithione,209,450,98,0.1747
ACH-000940,Apalutamide,4,27,4,0.1481
ACH-000940,Aprepitant,202,159,36,0.1108
ACH-000940,Arbutin,29,87,13,0.1262
ACH-000940,Artemether,106,336,41,0.1022
ACH-000940,Artesunate,172,1270,101,0.0753
ACH-000940,Asciminib,177,212,33,0.0927
ACH-000940,Aspirin,65,76,15,0.119
ACH-000940,Ataluren,27,44,8,0.127
ACH-000940,Atazanavir (sulfate),232,463,82,0.1338
ACH-000940,Auranofin,95,3465,49,0.014
ACH-000940,Azithromycin (hydrate),32,390,15,0.0369
ACH-000940,BAY1125976,1706,376,180,0.0946
ACH-000940,BI-3406,562,210,55,0.0767
ACH-000940,BI-78D3,1817,101,48,0.0257
ACH-000940,Baicalin,75,355,42,0.1082
ACH-000940,Balsalazide (sodium hydrate),52,288,31,0.1003
ACH-000940,Belinostat,125,2862,76,0.0261
ACH-000940,Belumosudil,167,86,14,0.0586
ACH-000940,Belumosudil (mesylate),645,156,43,0.0567
ACH-000940,Belzutifan,370,231,20,0.0344
ACH-000940,Bendamustine,10,38,5,0.1163
ACH-000940,Benproperine (phosphate),3,78,2,0.0253
ACH-000940,Bentamapimod,956,99,30,0.0293
ACH-000940,Benztropine (mesylate),23,45,9,0.1525
ACH-000940,Berbamine,47,379,22,0.0545
ACH-000940,Berbamine (dihydrochloride),195,54,17,0.0733
ACH-000940,Berberine (chloride hydrate),52,641,31,0.0468
ACH-000940,Bergenin,12,617,11,0.0178
ACH-000940,Bestatin,1,38,1,0.0263
ACH-000940,Bestatin (hydrochloride),74,50,19,0.181
ACH-000940,Betamethasone dipropionate,13,82,5,0.0556
ACH-000940,Bexarotene,139,86,25,0.125
ACH-000940,Bicalutamide,58,67,13,0.1161
ACH-000940,Bimatoprost,40,1088,28,0.0255
ACH-000940,Bimiralisib,1597,177,95,0.0566
ACH-000940,Binimetinib,1642,342,169,0.0931
ACH-000940,Bisoprolol (hemifumarate),51,245,16,0.0571
ACH-000940,Bortezomib,1364,1032,330,0.1597
ACH-000940,Bosentan (hydrate),6,225,6,0.0267
ACH-000940,Brimonidine,24,93,5,0.0446
ACH-000940,Brivudine,1305,190,79,0.0558
ACH-000940,Budesonide,230,54,16,0.0597
ACH-000940,Busulfan,187,624,59,0.0785
ACH-000940,CP21R7,819,121,33,0.0364
ACH-000940,Cabozantinib (S-malate),34,160,13,0.0718
ACH-000940,Canagliflozin,42,151,11,0.0604
ACH-000940,Canagliflozin (hemihydrate),120,113,16,0.0737
ACH-000940,Capivasertib,88,153,22,0.1005
ACH-000940,Capmatinib,104,124,16,0.0755
ACH-000940,Captopril,152,69,12,0.0574
ACH-000940,Carbamazepine,160,400,64,0.129
ACH-000940,Celecoxib,1589,128,56,0.0337
ACH-000940,Cepharanthine,91,702,45,0.0602
ACH-000940,Chlorhexidine (diacetate),132,1112,74,0.0632
ACH-000940,Ciclopirox,186,782,41,0.0442
ACH-000940,Cilostazol,6,179,4,0.0221
ACH-000940,Cinacalcet,91,98,21,0.125
ACH-000940,Citalopram (hydrobromide),51,99,17,0.1278
ACH-000940,Clobetasol propionate,97,73,19,0.1258
ACH-000940,Clofarabine,2,36,2,0.0556
ACH-000940,Clonidine (hydrochloride),148,533,105,0.1823
ACH-000940,Clopidogrel,141,294,36,0.0902
ACH-000940,Clotrimazole,38,355,23,0.0622
ACH-000940,Cloxacillin (sodium),43,109,19,0.1429
ACH-000940,Cobimetinib,7,120,2,0.016
ACH-000940,Crizotinib (hydrochloride),186,249,58,0.1538
ACH-000940,Cyclosporin A,89,253,39,0.1287
ACH-000940,Cysteamine (hydrochloride),23,359,13,0.0352
ACH-000940,Cytarabine,44,104,7,0.0496
ACH-000940,Cytarabine (hydrochloride),8,93,7,0.0745
ACH-000940,DT-061,148,53,14,0.0749
ACH-000940,DTP3,284,25,10,0.0334
ACH-000940,Dabrafenib,624,882,113,0.0811
ACH-000940,Daidzin,199,45,15,0.0655
ACH-000940,Dapagliflozin,22,47,13,0.2321
ACH-000940,"Dapagliflozin ((2S)-1,2-propanediol, hydrate)",60,137,14,0.0765
ACH-000940,Darinaparsin,58,1118,30,0.0262
ACH-000940,Darolutamide,153,602,63,0.091
ACH-000940,Decitabine,122,845,76,0.0853
ACH-000940,Delamanid,74,154,24,0.1176
ACH-000940,Demeclocycline,46,432,26,0.0575
ACH-000940,Dexamethasone,59,54,9,0.0865
ACH-000940,Dexmedetomidine,9,95,7,0.0722
ACH-000940,Diammonium Glycyrrhizinate,69,693,31,0.0424
ACH-000940,Digitoxin,99,1922,57,0.029
ACH-000940,Dihydroartemisinin,37,714,19,0.026
ACH-000940,Dimethyl fumarate,4,24,2,0.0769
ACH-000940,Dinaciclib,813,3211,700,0.2106
ACH-000940,Diphenhydramine,51,37,8,0.1
ACH-000940,Docetaxel,908,742,251,0.1794
ACH-000940,Docetaxel (Trihydrate),0,311,0,0.0
ACH-000940,Dorzolamide (hydrochloride),53,344,25,0.0672
ACH-000940,Doxorubicin (hydrochloride),82,926,29,0.0296
ACH-000940,Doxycycline (monohydrate),12,57,8,0.1311
ACH-000940,Drospirenone,109,244,38,0.1206
ACH-000940,ERK5-IN-2,1000,1043,207,0.1127
ACH-000940,ETC-206,408,77,27,0.059
ACH-000940,EX229,1644,309,136,0.0748
ACH-000940,Econazole,54,119,17,0.109
ACH-000940,Elagolix sodium,47,749,28,0.0365
ACH-000940,Elimusertib hydrochloride,921,181,66,0.0637
ACH-000940,Encorafenib,84,959,11,0.0107
ACH-000940,Entecavir (monohydrate),3,34,3,0.0882
ACH-000940,Entrectinib,87,434,36,0.0742
ACH-000940,Epirubicin (hydrochloride),0,660,0,0.0
ACH-000940,Eplerenone,6,35,5,0.1389
ACH-000940,Erdafitinib ,63,111,7,0.0419
ACH-000940,Erlotinib,8,100,2,0.0189
ACH-000940,Erythromycin,23,138,10,0.0662
ACH-000940,Esmolol (hydrochloride),59,17,5,0.0704
ACH-000940,Estrone sulfate (potassium),315,323,70,0.1232
ACH-000940,Everolimus,115,167,22,0.0846
ACH-000940,Fedratinib (hydrochloride hydrate),65,283,22,0.0675
ACH-000940,Fenofibrate,6,44,2,0.0417
ACH-000940,Ferulic acid,17,119,10,0.0794
ACH-000940,Filgotinib,41,335,23,0.0652
ACH-000940,Finasteride,5,21,5,0.2381
ACH-000940,Fingolimod (hydrochloride),20,329,12,0.0356
ACH-000940,Flumatinib (mesylate),54,163,20,0.1015
ACH-000940,Flutamide,66,342,20,0.0515
ACH-000940,Fluvoxamine,11,69,7,0.0959
ACH-000940,Fluvoxamine (maleate),26,580,20,0.0341
ACH-000940,Folic acid,46,229,29,0.1179
ACH-000940,Fulvestrant,76,74,17,0.1278
ACH-000940,Fumaric acid,87,103,16,0.092
ACH-000940,Furosemide,39,207,12,0.0513
ACH-000940,Fusidic acid,42,395,24,0.0581
ACH-000940,Futibatinib,1167,129,51,0.041
ACH-000940,GSK1059615,1511,484,184,0.1016
ACH-000940,Gallic acid,116,266,33,0.0946
ACH-000940,Gallic acid (hydrate),70,816,37,0.0436
ACH-000940,Gefitinib,24,25,6,0.1395
ACH-000940,Gemcitabine,650,39,27,0.0408
ACH-000940,Gemfibrozil,102,926,57,0.0587
ACH-000940,Glycyrrhizic acid,415,66,11,0.0234
ACH-000940,Goserelin (acetate),45,290,25,0.0806
ACH-000940,HI-TOPK-032,1573,228,68,0.0392
ACH-000940,Harringtonine,186,1255,99,0.0738
ACH-000940,Hesperidin,72,339,31,0.0816
ACH-000940,Hexylresorcinol,51,286,31,0.1013
ACH-000940,Homoharringtonine,1795,2172,720,0.2217
ACH-000940,Hydroxyfasudil,947,83,15,0.0148
ACH-000940,Hydroxyurea,4,49,2,0.0392
ACH-000940,IQ 1,989,241,78,0.0677
ACH-000940,Idarubicin (hydrochloride),2017,5687,1473,0.2364
ACH-000940,Idoxuridine,551,257,81,0.1114
ACH-000940,Imiquimod (hydrochloride),43,424,19,0.0424
ACH-000940,Imiquimod (maleate),7,49,4,0.0769
ACH-000940,Indacaterol (maleate),86,73,15,0.1042
ACH-000940,Infigratinib,405,202,71,0.1325
ACH-000940,Ipatasertib,2139,404,187,0.0794
ACH-000940,Irinotecan,344,133,31,0.0695
ACH-000940,Irinotecan (hydrochloride),1025,95,44,0.0409
ACH-000940,Isocorydine,55,412,27,0.0614
ACH-000940,Ivermectin,26,35,12,0.2449
ACH-000940,Ixazomib,295,243,38,0.076
ACH-000940,Ixazomib citrate,38,1662,21,0.0125
ACH-000940,L-Eflornithine (monohydrochloride),307,301,68,0.1259
ACH-000940,L-Thyroxine (sodium salt pentahydrate),118,408,22,0.0437
ACH-000940,LB-100,544,31,13,0.0231
ACH-000940,LJI308,880,769,140,0.0928
ACH-000940,LY-2584702 (tosylate salt),1043,120,35,0.031
ACH-000940,LY2090314,100,143,17,0.0752
ACH-000940,Lactate (calcium),33,229,10,0.0397
ACH-000940,Lapatinib ditosylate,439,127,24,0.0443
ACH-000940,Larotrectinib,70,780,43,0.0533
ACH-000940,Lenalidomide (hemihydrate),24,747,15,0.0198
ACH-000940,Levobupivacaine (hydrochloride),4,85,3,0.0349
ACH-000940,Lidocaine (hydrochloride),196,1562,70,0.0415
ACH-000940,Ligustrazine,5,95,4,0.0417
ACH-000940,Lipoic acid,14,111,12,0.1062
ACH-000940,Lonafarnib,264,111,25,0.0714
ACH-000940,Loperamide (hydrochloride),198,297,49,0.1099
ACH-000940,Lopinavir,90,58,20,0.1562
ACH-000940,Lucanthone,180,93,27,0.1098
ACH-000940,Lumateperone (tosylate),50,215,29,0.1229
ACH-000940,MK-3903,932,244,57,0.0509
ACH-000940,MK-8353,247,135,20,0.0552
ACH-000940,ML264,1065,203,80,0.0673
ACH-000940,Macitentan,2,25,2,0.08
ACH-000940,Malotilate,768,596,194,0.1658
ACH-000940,Mebendazole,31,435,14,0.031
ACH-000940,Medroxyprogesterone acetate,67,1062,40,0.0367
ACH-000940,Megestrol,67,326,21,0.0565
ACH-000940,Meloxicam,50,74,17,0.1589
ACH-000940,Menadione,41,84,14,0.1261
ACH-000940,Methotrexate,54,173,18,0.0861
ACH-000940,Methyl aminolevulinate (hydrochloride),51,54,9,0.0938
ACH-000940,Methylprednisolone succinate,1689,4,3,0.0018
ACH-000940,Methylthiouracil,10,58,7,0.1148
ACH-000940,Mifepristone,11,64,10,0.1538
ACH-000940,Minodronic acid,257,160,36,0.0945
ACH-000940,Mitoxantrone (dihydrochloride),192,4721,130,0.0272
ACH-000940,Monocrotaline,19,89,7,0.0693
ACH-000940,Mozavaptan,3,69,2,0.0286
ACH-000940,NG25,221,293,39,0.0821
ACH-000940,NVP-BHG712,1623,62,28,0.0169
ACH-000940,Nafamostat (mesylate),102,212,27,0.0941
ACH-000940,Naproxen,45,83,14,0.1228
ACH-000940,Neratinib,28,256,10,0.0365
ACH-000940,Neratinib (maleate),98,1031,64,0.0601
ACH-000940,Nevirapine,21,75,14,0.1707
ACH-000940,Niclosamide (olamine),4,1313,4,0.003
ACH-000940,Norepinephrine (hydrochloride),66,726,25,0.0326
ACH-000940,OTS514,194,187,35,0.1012
ACH-000940,Olanzapine,75,938,47,0.0487
ACH-000940,Oleic acid,316,33,23,0.0706
ACH-000940,Omeprazole,17,83,13,0.1494
ACH-000940,Omeprazole (sodium),4,229,4,0.0175
ACH-000940,Orlistat,19,165,7,0.0395
ACH-000940,Osimertinib (mesylate),50,382,22,0.0537
ACH-000940,Ouabain (Octahydrate),122,2410,85,0.0347
ACH-000940,Oxaliplatin,478,223,72,0.1145
ACH-000940,Oxaprozin,255,542,71,0.0978
ACH-000940,PF-06260933,1053,114,33,0.0291
ACH-000940,PH-797804,1496,636,225,0.118
ACH-000940,Paclitaxel,458,737,72,0.0641
ACH-000940,Palmatine (chloride),38,454,23,0.049
ACH-000940,Panobinostat,672,4555,556,0.119
ACH-000940,Pasireotide (acetate),58,506,27,0.0503
ACH-000940,Pemetrexed,9,109,5,0.0442
ACH-000940,Pemigatinib,239,355,9,0.0154
ACH-000940,Penfluridol,14,72,6,0.075
ACH-000940,Pentagastrin,39,609,21,0.0335
ACH-000940,Pentamidine (isethionate),146,1012,73,0.0673
ACH-000940,Pentoxifylline,383,611,144,0.1694
ACH-000940,Peretinoin,18,602,18,0.0299
ACH-000940,Perindopril (erbumine),7,10,5,0.4167
ACH-000940,Pexidartinib (hydrochloride),4,83,4,0.0482
ACH-000940,Phenylephrine (hydrochloride),109,168,33,0.1352
ACH-000940,Phenytoin (sodium),24,57,11,0.1571
ACH-000940,Pimitespib,689,53,18,0.0249
ACH-000940,Pimozide,206,375,36,0.0661
ACH-000940,Pioglitazone,105,152,26,0.1126
ACH-000940,Piroxicam,161,55,20,0.102
ACH-000940,Pitavastatin (Calcium),11,231,7,0.0298
ACH-000940,Ponatinib,85,1848,41,0.0217
ACH-000940,Posaconazole,5,310,5,0.0161
ACH-000940,Pralsetinib,696,223,59,0.0686
ACH-000940,Pravastatin (sodium),322,31,16,0.0475
ACH-000940,Procainamide (hydrochloride),5,8,1,0.0833
ACH-000940,Proglumide,90,37,9,0.0763
ACH-000940,Pyridoxine,70,587,27,0.0429
ACH-000940,Pyridoxine (hydrochloride),119,249,46,0.1429
ACH-000940,Quinestrol,40,392,23,0.0562
ACH-000940,Quinidine (15% dihydroquinidine),2,99,2,0.0202
ACH-000940,RMC-6236,694,701,117,0.0915
ACH-000940,Radotinib,75,681,42,0.0588
ACH-000940,Ralimetinib dimesylate,1122,10,9,0.008
ACH-000940,Raltitrexed,91,549,40,0.0667
ACH-000940,Ranolazine,37,101,11,0.0866
ACH-000940,Rapamycin,87,953,53,0.0537
ACH-000940,Regorafenib,243,197,25,0.0602
ACH-000940,Relugolix,74,191,29,0.1229
ACH-000940,Resveratrol,119,795,54,0.0628
ACH-000940,Retinoic acid,79,516,40,0.0721
ACH-000940,Rifaximin,7,26,7,0.2692
ACH-000940,Riluzole hydrochloride,127,1064,77,0.0691
ACH-000940,Rimonabant,38,382,29,0.0742
ACH-000940,Ritonavir,30,877,14,0.0157
ACH-000940,Ropivacaine (hydrochloride monohydrate),106,865,52,0.0566
ACH-000940,Rosiglitazone,5,64,4,0.0615
ACH-000940,Roxadustat,59,521,31,0.0565
ACH-000940,Rucaparib (phosphate),2,35,2,0.0571
ACH-000940,Rutin (trihydrate),63,57,18,0.1765
ACH-000940,S-Adenosyl-L-methionine (disulfate tosylate),88,811,48,0.0564
ACH-000940,SBI-0640756,134,292,10,0.024
ACH-000940,Sacubitril/Valsartan,7,133,5,0.037
ACH-000940,Salicylic acid,63,672,41,0.0591
ACH-000940,Sapanisertib,2053,347,182,0.0821
ACH-000940,Saquinavir,210,1243,67,0.0483
ACH-000940,Selinexor ,259,1614,145,0.0839
ACH-000940,Sildenafil,6,52,6,0.1154
ACH-000940,Silodosin,4,26,4,0.1538
ACH-000940,Simotinib,2,33,1,0.0294
ACH-000940,Sinomenine,40,357,18,0.0475
ACH-000940,Sivelestat (sodium tetrahydrate),12,409,10,0.0243
ACH-000940,Sodium Salicylate,94,802,48,0.0566
ACH-000940,Sonidegib,1682,194,68,0.0376
ACH-000940,Sulfatinib,5,10,2,0.1538
ACH-000940,Sulfisoxazole,529,746,125,0.1087
ACH-000940,Sunitinib,148,592,41,0.0587
ACH-000940,TAK-733,341,165,43,0.0929
ACH-000940,TAK-901,1246,2466,417,0.1266
ACH-000940,Tadalafil,9,94,9,0.0957
ACH-000940,Talc,66,78,10,0.0746
ACH-000940,Tazarotene,193,282,62,0.1501
ACH-000940,Temsirolimus,106,949,56,0.0561
ACH-000940,Temuterkib,1481,263,113,0.0693
ACH-000940,Terfenadine,114,850,32,0.0343
ACH-000940,Tetracycline (hydrochloride),1,126,1,0.0079
ACH-000940,Thymol,77,523,16,0.0274
ACH-000940,Thymopentin,5,96,5,0.0521
ACH-000940,Tirabrutinib,79,121,27,0.1561
ACH-000940,Tirabrutinib (hydrochloride),208,308,57,0.1242
ACH-000940,Tofacitinib,83,614,28,0.0419
ACH-000940,Tofacitinib (citrate),29,617,21,0.0336
ACH-000940,Tolcapone,48,809,27,0.0325
ACH-000940,Tolmetin,1,34,1,0.0294
ACH-000940,Tomivosertib,987,154,47,0.043
ACH-000940,Topotecan (hydrochloride),31,569,17,0.0292
ACH-000940,Torkinib,566,218,56,0.0769
ACH-000940,Trametinib,1726,773,303,0.138
ACH-000940,Trametinib (DMSO_TF solvate),71,199,18,0.0714
ACH-000940,Tranilast,3,78,3,0.0385
ACH-000940,Triamcinolone,125,550,55,0.0887
ACH-000940,Triclosan,42,588,30,0.05
ACH-000940,Trifluridine,42,555,16,0.0275
ACH-000940,Trimetrexate,138,795,56,0.0639
ACH-000940,Tubulin inhibitor 6,138,82,21,0.1055
ACH-000940,Tucatinib,377,145,43,0.0898
ACH-000940,Tucidinostat,112,3507,81,0.0229
ACH-000940,ULK-101,1416,189,74,0.0483
ACH-000940,Uridine,11,79,9,0.1111
ACH-000940,Valdecoxib,107,53,13,0.0884
ACH-000940,Vandetanib,154,554,66,0.1028
ACH-000940,Vemurafenib,92,118,15,0.0769
ACH-000940,Verapamil,4,62,1,0.0154
ACH-000940,Verteporfin,47,578,29,0.0487
ACH-000940,Vilanterol,47,670,16,0.0228
ACH-000940,Vinblastine (sulfate),103,2129,87,0.0406
ACH-000940,Vismodegib,26,11,5,0.1562
ACH-000940,Vitamin K4,94,165,34,0.1511
ACH-000940,Volasertib,214,84,15,0.053
ACH-000940,Voriconazole,25,77,8,0.0851
ACH-000940,Vortioxetine,68,292,23,0.0682
ACH-000940,XRK3F2,1437,193,99,0.0647
ACH-000940,Zileuton,49,111,12,0.0811
ACH-000940,c-Kit-IN-1,792,35,23,0.0286
ACH-000940,crizotinib,3,95,2,0.0208
ACH-000940,olaparib,429,126,20,0.0374
ACH-000940,palbociclib,455,283,45,0.0649
ACH-000940,venetoclax,294,106,37,0.1019
ACH-000940,vincristine,1852,341,206,0.1037
ACH-000940,γ-Oryzanol,9,55,4,0.0667
ACH-000943,(R)-Verapamil (hydrochloride),963,2941,479,0.1399
ACH-000943,(S)-Crizotinib,408,560,102,0.1178
ACH-000943,18β-Glycyrrhetinic acid,805,2295,364,0.133
ACH-000943,4EGI-1,2916,1115,733,0.2223
ACH-000943,5-Azacytidine,1240,1511,381,0.1608
ACH-000943,5-Fluorouracil,944,1724,372,0.162
ACH-000943,8-Hydroxyquinoline,1050,2922,580,0.171
ACH-000943,9-ING-41,3800,1573,787,0.1716
ACH-000943,APTO-253,3176,824,390,0.108
ACH-000943,AT7519,2240,804,465,0.1803
ACH-000943,AZD-7648,3465,1333,689,0.1677
ACH-000943,AZD-8055,2647,1113,573,0.1798
ACH-000943,AZD1390,2242,1559,579,0.1797
ACH-000943,AZD2858,1346,1133,276,0.1253
ACH-000943,Abemaciclib,4543,9741,1037,0.0783
ACH-000943,Abiraterone acetate,1253,1322,393,0.1801
ACH-000943,Acetazolamide,1722,1119,391,0.1596
ACH-000943,Acetohexamide,755,2656,388,0.1283
ACH-000943,Adagrasib,2747,2593,1177,0.2827
ACH-000943,Adenine,1581,2552,861,0.2631
ACH-000943,Adenosine,1265,3525,811,0.2038
ACH-000943,Afatinib,2271,3541,980,0.2028
ACH-000943,Aliskiren,1298,1948,555,0.2062
ACH-000943,Allantoin,1782,3471,960,0.2236
ACH-000943,Allopurinol,2445,1354,592,0.1846
ACH-000943,Almonertinib (hydrochloride),1242,2498,523,0.1626
ACH-000943,Almonertinib (mesylate),962,1444,319,0.1529
ACH-000943,Alpelisib,1894,955,421,0.1734
ACH-000943,Altretamine,195,491,100,0.1706
ACH-000943,Amsacrine,1498,4450,960,0.1925
ACH-000943,Anastrozole,1892,1339,578,0.2179
ACH-000943,Anethole trithione,2336,3568,1485,0.336
ACH-000943,Apalutamide,105,791,50,0.0591
ACH-000943,Aprepitant,2212,969,455,0.1669
ACH-000943,Arbutin,249,713,127,0.1521
ACH-000943,Artemether,1624,1661,547,0.1998
ACH-000943,Artesunate,2325,4608,1438,0.2617
ACH-000943,Asciminib,2078,1249,475,0.1665
ACH-000943,Aspirin,1384,996,404,0.2045
ACH-000943,Ataluren,1433,726,263,0.1387
ACH-000943,Atazanavir (sulfate),1549,1681,637,0.2457
ACH-000943,Auranofin,1292,6652,869,0.1228
ACH-000943,Azithromycin (hydrate),889,2351,428,0.1522
ACH-000943,BAY1125976,3375,3186,1223,0.2291
ACH-000943,BI-3406,1748,1054,449,0.1908
ACH-000943,BI-78D3,4398,1017,577,0.1193
ACH-000943,Baicalin,1318,3380,871,0.2276
ACH-000943,Balsalazide (sodium hydrate),1095,3051,710,0.2066
ACH-000943,Belinostat,1448,7496,1114,0.1423
ACH-000943,Belumosudil,846,2097,353,0.1363
ACH-000943,Belumosudil (mesylate),2489,802,389,0.134
ACH-000943,Belzutifan,1907,1249,394,0.1427
ACH-000943,Bendamustine,171,460,77,0.139
ACH-000943,Benproperine (phosphate),445,961,170,0.1375
ACH-000943,Bentamapimod,2916,986,465,0.1353
ACH-000943,Benztropine (mesylate),735,750,145,0.1082
ACH-000943,Berbamine,2082,2513,844,0.225
ACH-000943,Berbamine (dihydrochloride),861,910,218,0.1404
ACH-000943,Berberine (chloride hydrate),966,3142,550,0.1546
ACH-000943,Bergenin,845,2436,410,0.1428
ACH-000943,Bestatin,92,884,56,0.0609
ACH-000943,Bestatin (hydrochloride),1322,1194,394,0.1857
ACH-000943,Betamethasone dipropionate,231,686,108,0.1335
ACH-000943,Bexarotene,1669,1897,699,0.2438
ACH-000943,Bicalutamide,896,1075,229,0.1315
ACH-000943,Bimatoprost,1105,3301,585,0.1531
ACH-000943,Bimiralisib,4202,3694,1567,0.2476
ACH-000943,Binimetinib,4866,4077,2262,0.3386
ACH-000943,Bisoprolol (hemifumarate),429,1329,231,0.1513
ACH-000943,Bortezomib,4696,4907,2432,0.3391
ACH-000943,Bosentan (hydrate),225,1548,132,0.0804
ACH-000943,Brimonidine,751,786,144,0.1034
ACH-000943,Brivudine,3567,3069,1302,0.2441
ACH-000943,Budesonide,2108,1529,535,0.1725
ACH-000943,Busulfan,1176,2331,461,0.1513
ACH-000943,CP21R7,2755,792,374,0.1179
ACH-000943,Cabozantinib (S-malate),986,1779,367,0.153
ACH-000943,Canagliflozin,311,793,134,0.1381
ACH-000943,Canagliflozin (hemihydrate),1121,1023,236,0.1237
ACH-000943,Capivasertib,2137,733,352,0.1398
ACH-000943,Capmatinib,2470,1000,498,0.1676
ACH-000943,Captopril,1154,803,263,0.1553
ACH-000943,Carbamazepine,1340,1607,437,0.1741
ACH-000943,Celecoxib,3895,1014,509,0.1157
ACH-000943,Cepharanthine,1502,2502,746,0.229
ACH-000943,Chlorhexidine (diacetate),1412,2924,759,0.2122
ACH-000943,Ciclopirox,801,2954,434,0.1307
ACH-000943,Cilostazol,325,1527,179,0.107
ACH-000943,Cinacalcet,1105,1220,326,0.1631
ACH-000943,Citalopram (hydrobromide),1300,859,292,0.1564
ACH-000943,Clobetasol propionate,1111,685,216,0.1367
ACH-000943,Clofarabine,191,727,94,0.1141
ACH-000943,Clonidine (hydrochloride),1860,3595,1327,0.3215
ACH-000943,Clopidogrel,1944,1091,456,0.1768
ACH-000943,Clotrimazole,1150,2772,610,0.1842
ACH-000943,Cloxacillin (sodium),1391,2178,733,0.2585
ACH-000943,Cobimetinib,390,2329,280,0.1148
ACH-000943,Crizotinib (hydrochloride),1946,2034,740,0.2284
ACH-000943,Cyclosporin A,2196,1642,745,0.2409
ACH-000943,Cysteamine (hydrochloride),786,2488,446,0.1577
ACH-000943,Cytarabine,819,2201,341,0.1273
ACH-000943,Cytarabine (hydrochloride),301,1897,204,0.1023
ACH-000943,DT-061,1837,871,340,0.1436
ACH-000943,DTP3,3101,5678,264,0.031
ACH-000943,Dabrafenib,2683,3193,1112,0.2334
ACH-000943,Daidzin,993,912,252,0.1525
ACH-000943,Dapagliflozin,732,834,205,0.1506
ACH-000943,"Dapagliflozin ((2S)-1,2-propanediol, hydrate)",271,752,94,0.1012
ACH-000943,Darinaparsin,1193,3618,700,0.1703
ACH-000943,Darolutamide,1795,1728,631,0.2182
ACH-000943,Decitabine,588,2396,391,0.1508
ACH-000943,Delamanid,1578,1805,662,0.2433
ACH-000943,Demeclocycline,1061,2009,467,0.1794
ACH-000943,Dexamethasone,721,861,245,0.1832
ACH-000943,Dexmedetomidine,141,953,75,0.0736
ACH-000943,Diammonium Glycyrrhizinate,1177,3174,560,0.1477
ACH-000943,Digitoxin,1661,5543,1255,0.211
ACH-000943,Dihydroartemisinin,593,2333,273,0.1029
ACH-000943,Dimethyl fumarate,76,626,43,0.0653
ACH-000943,Dinaciclib,583,1782,220,0.1026
ACH-000943,Diphenhydramine,927,858,311,0.211
ACH-000943,Docetaxel,2803,3486,1313,0.2639
ACH-000943,Docetaxel (Trihydrate),225,2366,158,0.0649
ACH-000943,Dorzolamide (hydrochloride),301,1411,154,0.0988
ACH-000943,Doxorubicin (hydrochloride),261,3566,157,0.0428
ACH-000943,Doxycycline (monohydrate),214,855,110,0.1147
ACH-000943,Drospirenone,2138,2204,839,0.2395
ACH-000943,ERK5-IN-2,3244,3192,1135,0.2141
ACH-000943,ETC-206,2618,963,508,0.1653
ACH-000943,EX229,4388,2658,1477,0.2652
ACH-000943,Econazole,1115,778,229,0.1376
ACH-000943,Elagolix sodium,1444,3259,819,0.2109
ACH-000943,Elimusertib hydrochloride,3829,2331,1232,0.25
ACH-000943,Encorafenib,9409,3177,144,0.0116
ACH-000943,Entecavir (monohydrate),63,752,35,0.0449
ACH-000943,Entrectinib,1368,1996,427,0.1454
ACH-000943,Epirubicin (hydrochloride),131,4497,96,0.0212
ACH-000943,Eplerenone,45,476,32,0.0654
ACH-000943,Erdafitinib ,5854,871,67,0.0101
ACH-000943,Erlotinib,708,1132,264,0.1675
ACH-000943,Erythromycin,1060,1553,322,0.1405
ACH-000943,Esmolol (hydrochloride),970,971,208,0.12
ACH-000943,Estrone sulfate (potassium),1688,1719,527,0.183
ACH-000943,Everolimus,2026,1123,484,0.1816
ACH-000943,Fedratinib (hydrochloride hydrate),1813,3469,910,0.2081
ACH-000943,Fenofibrate,649,355,124,0.1409
ACH-000943,Ferulic acid,297,1156,144,0.11
ACH-000943,Filgotinib,756,2176,346,0.1338
ACH-000943,Finasteride,207,708,82,0.0984
ACH-000943,Fingolimod (hydrochloride),891,1464,323,0.159
ACH-000943,Flumatinib (mesylate),737,1734,373,0.1778
ACH-000943,Flutamide,1225,1415,283,0.1201
ACH-000943,Fluvoxamine,345,1464,221,0.1392
ACH-000943,Fluvoxamine (maleate),1017,2954,612,0.1822
ACH-000943,Folic acid,1054,2493,621,0.2122
ACH-000943,Fulvestrant,1547,936,328,0.1522
ACH-000943,Fumaric acid,1246,1826,472,0.1815
ACH-000943,Furosemide,769,1763,355,0.1631
ACH-000943,Fusidic acid,1149,2470,661,0.2235
ACH-000943,Futibatinib,3398,1500,806,0.197
ACH-000943,GSK1059615,4538,3767,1732,0.2635
ACH-000943,Gallic acid,1364,2714,754,0.2268
ACH-000943,Gallic acid (hydrate),1792,2906,745,0.1885
ACH-000943,Gefitinib,812,850,168,0.1124
ACH-000943,Gemcitabine,3248,1652,985,0.2516
ACH-000943,Gemfibrozil,1024,2777,554,0.1706
ACH-000943,Glycyrrhizic acid,472,495,73,0.0817
ACH-000943,Goserelin (acetate),1431,3285,950,0.2523
ACH-000943,HI-TOPK-032,4480,2190,1035,0.1837
ACH-000943,Harringtonine,687,6901,568,0.0809
ACH-000943,Hesperidin,262,883,121,0.1182
ACH-000943,Hexylresorcinol,1374,3235,841,0.2232
ACH-000943,Homoharringtonine,6628,6489,4092,0.4534
ACH-000943,Hydroxyfasudil,3312,530,199,0.0546
ACH-000943,Hydroxyurea,141,728,61,0.0755
ACH-000943,IQ 1,2671,1432,609,0.1743
ACH-000943,Idarubicin (hydrochloride),6719,12176,5540,0.4148
ACH-000943,Idoxuridine,1638,1339,511,0.2072
ACH-000943,Imiquimod (hydrochloride),1419,1411,318,0.1266
ACH-000943,Imiquimod (maleate),138,368,45,0.0976
ACH-000943,Indacaterol (maleate),2063,1074,426,0.1571
ACH-000943,Infigratinib,1982,2367,812,0.2296
ACH-000943,Ipatasertib,3244,1894,791,0.182
ACH-000943,Irinotecan,2294,1304,607,0.2029
ACH-000943,Irinotecan (hydrochloride),3120,1223,539,0.1417
ACH-000943,Isocorydine,1191,2567,687,0.2237
ACH-000943,Ivermectin,1042,766,257,0.1657
ACH-000943,Ixazomib,1947,1340,584,0.2161
ACH-000943,Ixazomib citrate,931,5240,594,0.1065
ACH-000943,L-Eflornithine (monohydrochloride),1603,953,345,0.156
ACH-000943,L-Thyroxine (sodium salt pentahydrate),832,2268,385,0.1418
ACH-000943,LB-100,2433,800,381,0.1336
ACH-000943,LJI308,3174,1269,739,0.1995
ACH-000943,LY-2584702 (tosylate salt),3096,1225,586,0.1569
ACH-000943,LY2090314,1593,721,283,0.1393
ACH-000943,Lactate (calcium),904,1916,312,0.1244
ACH-000943,Lapatinib ditosylate,2152,801,348,0.1336
ACH-000943,Larotrectinib,1560,3088,696,0.1761
ACH-000943,Lenalidomide (hemihydrate),671,2537,350,0.1225
ACH-000943,Levobupivacaine (hydrochloride),366,730,143,0.1501
ACH-000943,Lidocaine (hydrochloride),1550,3536,775,0.1798
ACH-000943,Ligustrazine,174,1061,106,0.0939
ACH-000943,Lipoic acid,987,2120,515,0.1987
ACH-000943,Lonafarnib,2451,1151,458,0.1457
ACH-000943,Loperamide (hydrochloride),1562,1526,438,0.1653
ACH-000943,Lopinavir,1351,1645,595,0.2478
ACH-000943,Lucanthone,1767,1020,473,0.2044
ACH-000943,Lumateperone (tosylate),964,2433,574,0.2033
ACH-000943,MK-3903,2522,1649,584,0.1628
ACH-000943,MK-8353,2519,668,381,0.1358
ACH-000943,ML264,2756,1726,695,0.1835
ACH-000943,Macitentan,106,432,42,0.0847
ACH-000943,Malotilate,2391,2611,1131,0.2922
ACH-000943,Mebendazole,204,2078,151,0.0709
ACH-000943,Medroxyprogesterone acetate,978,3017,491,0.1401
ACH-000943,Megestrol,1241,2208,451,0.1504
ACH-000943,Meloxicam,1134,975,294,0.162
ACH-000943,Menadione,227,617,92,0.1223
ACH-000943,Methotrexate,918,1310,314,0.1641
ACH-000943,Methyl aminolevulinate (hydrochloride),1222,1364,414,0.1906
ACH-000943,Methylprednisolone succinate,4153,10166,519,0.0376
ACH-000943,Methylthiouracil,865,901,251,0.1657
ACH-000943,Mifepristone,207,880,109,0.1115
ACH-000943,Minodronic acid,2679,1576,771,0.2213
ACH-000943,Mitoxantrone (dihydrochloride),1500,6530,1021,0.1457
ACH-000943,Monocrotaline,155,750,76,0.0917
ACH-000943,Mozavaptan,189,907,84,0.083
ACH-000943,NG25,1430,2929,715,0.1962
ACH-000943,NVP-BHG712,3517,1699,693,0.1532
ACH-000943,Nafamostat (mesylate),1456,1086,342,0.1555
ACH-000943,Naproxen,539,622,158,0.1575
ACH-000943,Neratinib,756,1450,242,0.1232
ACH-000943,Neratinib (maleate),1412,4779,954,0.1822
ACH-000943,Nevirapine,143,968,83,0.0807
ACH-000943,Niclosamide (olamine),213,2924,146,0.0488
ACH-000943,Norepinephrine (hydrochloride),880,2891,507,0.1553
ACH-000943,OTS514,1867,1348,497,0.1829
ACH-000943,Olanzapine,1198,3408,757,0.1967
ACH-000943,Oleic acid,2384,883,463,0.1651
ACH-000943,Omeprazole,690,1236,249,0.1485
ACH-000943,Omeprazole (sodium),863,1038,195,0.1143
ACH-000943,Orlistat,203,826,93,0.0994
ACH-000943,Osimertinib (mesylate),1050,1837,392,0.1571
ACH-000943,Ouabain (Octahydrate),2048,7382,1593,0.2033
ACH-000943,Oxaliplatin,3113,2071,1199,0.3009
ACH-000943,Oxaprozin,1782,1747,517,0.1716
ACH-000943,PF-06260933,2907,7688,678,0.0684
ACH-000943,PH-797804,3126,5720,1677,0.2339
ACH-000943,Paclitaxel,2314,2417,681,0.1681
ACH-000943,Palmatine (chloride),1195,2309,458,0.1504
ACH-000943,Panobinostat,5492,9579,4638,0.4446
ACH-000943,Pasireotide (acetate),1498,2734,706,0.2002
ACH-000943,Pemetrexed,258,1052,127,0.1074
ACH-000943,Pemigatinib,505,734,64,0.0545
ACH-000943,Penfluridol,204,960,102,0.096
ACH-000943,Pentagastrin,1032,3477,664,0.1727
ACH-000943,Pentamidine (isethionate),1413,2986,705,0.1909
ACH-000943,Pentoxifylline,1785,2164,789,0.2497
ACH-000943,Peretinoin,414,2713,304,0.1077
ACH-000943,Perindopril (erbumine),543,653,159,0.1533
ACH-000943,Pexidartinib (hydrochloride),443,766,185,0.1807
ACH-000943,Phenylephrine (hydrochloride),1690,911,343,0.1519
ACH-000943,Phenytoin (sodium),255,572,94,0.1282
ACH-000943,Pimitespib,2893,617,363,0.1153
ACH-000943,Pimozide,952,1399,275,0.1325
ACH-000943,Pioglitazone,1652,1332,570,0.2361
ACH-000943,Piroxicam,2766,1429,776,0.227
ACH-000943,Pitavastatin (Calcium),427,3356,338,0.0981
ACH-000943,Ponatinib,1268,5009,759,0.1375
ACH-000943,Posaconazole,139,1420,98,0.0671
ACH-000943,Pralsetinib,2350,2026,770,0.2135
ACH-000943,Pravastatin (sodium),1281,831,305,0.1688
ACH-000943,Procainamide (hydrochloride),73,309,30,0.0852
ACH-000943,Proglumide,639,970,170,0.1181
ACH-000943,Pyridoxine,999,2795,493,0.1493
ACH-000943,Pyridoxine (hydrochloride),2125,2405,921,0.2552
ACH-000943,Quinestrol,1572,2970,866,0.2356
ACH-000943,Quinidine (15% dihydroquinidine),138,1035,100,0.0932
ACH-000943,RMC-6236,2730,3300,1004,0.1998
ACH-000943,Radotinib,2616,3751,1309,0.2588
ACH-000943,Ralimetinib dimesylate,3363,7403,414,0.04
ACH-000943,Raltitrexed,1106,3362,684,0.1808
ACH-000943,Ranolazine,567,982,168,0.1217
ACH-000943,Rapamycin,1890,4390,1161,0.2268
ACH-000943,Regorafenib,2720,968,517,0.163
ACH-000943,Relugolix,949,2633,586,0.1956
ACH-000943,Resveratrol,1178,3634,674,0.1629
ACH-000943,Retinoic acid,1612,2978,757,0.1975
ACH-000943,Rifaximin,73,482,45,0.0882
ACH-000943,Riluzole hydrochloride,2021,4313,1292,0.2562
ACH-000943,Rimonabant,1456,2639,817,0.2492
ACH-000943,Ritonavir,743,2737,366,0.1175
ACH-000943,Ropivacaine (hydrochloride monohydrate),1166,2638,689,0.2212
ACH-000943,Rosiglitazone,236,749,138,0.1629
ACH-000943,Roxadustat,259,1626,179,0.1049
ACH-000943,Rucaparib (phosphate),98,695,59,0.0804
ACH-000943,Rutin (trihydrate),707,734,236,0.1959
ACH-000943,S-Adenosyl-L-methionine (disulfate tosylate),1531,3722,1066,0.2546
ACH-000943,SBI-0640756,3895,1497,119,0.0226
ACH-000943,Sacubitril/Valsartan,397,1676,248,0.1359
ACH-000943,Salicylic acid,1308,3392,775,0.1975
ACH-000943,Sapanisertib,4245,3949,1726,0.2669
ACH-000943,Saquinavir,924,3149,450,0.1242
ACH-000943,Selinexor ,3593,7461,2737,0.3291
ACH-000943,Sildenafil,125,1099,69,0.0597
ACH-000943,Silodosin,103,256,38,0.1184
ACH-000943,Simotinib,119,218,24,0.0767
ACH-000943,Sinomenine,729,2189,357,0.1394
ACH-000943,Sivelestat (sodium tetrahydrate),200,1979,140,0.0687
ACH-000943,Sodium Salicylate,1559,3692,858,0.1953
ACH-000943,Sonidegib,4571,555,261,0.0536
ACH-000943,Sulfatinib,141,463,78,0.1483
ACH-000943,Sulfisoxazole,1908,3327,901,0.2079
ACH-000943,Sunitinib,1548,2460,679,0.204
ACH-000943,TAK-733,1817,2979,867,0.2207
ACH-000943,TAK-901,3619,7960,2504,0.2759
ACH-000943,Tadalafil,159,1392,109,0.0756
ACH-000943,Talc,1205,687,242,0.1467
ACH-000943,Tazarotene,2152,1978,823,0.2489
ACH-000943,Temsirolimus,1970,3592,997,0.2184
ACH-000943,Temuterkib,3518,1750,765,0.1699
ACH-000943,Terfenadine,1899,2940,834,0.2082
ACH-000943,Tetracycline (hydrochloride),94,1074,60,0.0542
ACH-000943,Thymol,959,1927,341,0.134
ACH-000943,Thymopentin,153,1127,95,0.0802
ACH-000943,Tirabrutinib,936,1175,426,0.2528
ACH-000943,Tirabrutinib (hydrochloride),2142,1799,653,0.1986
ACH-000943,Tofacitinib,1431,4080,824,0.1758
ACH-000943,Tofacitinib (citrate),1530,3742,906,0.2075
ACH-000943,Tolcapone,945,3598,633,0.1619
ACH-000943,Tolmetin,230,697,121,0.1501
ACH-000943,Tomivosertib,3442,1152,647,0.1639
ACH-000943,Topotecan (hydrochloride),1003,4336,573,0.1202
ACH-000943,Torkinib,3041,1493,646,0.1662
ACH-000943,Trametinib,5620,5571,3105,0.384
ACH-000943,Trametinib (DMSO_TF solvate),1781,2780,1012,0.2852
ACH-000943,Tranilast,103,805,58,0.0682
ACH-000943,Triamcinolone,1857,3235,1038,0.256
ACH-000943,Triclosan,1022,2676,546,0.1732
ACH-000943,Trifluridine,835,3327,498,0.1359
ACH-000943,Trimetrexate,1133,3386,623,0.1599
ACH-000943,Tubulin inhibitor 6,2196,865,464,0.1787
ACH-000943,Tucatinib,2306,1265,662,0.2276
ACH-000943,Tucidinostat,2598,8610,2049,0.2237
ACH-000943,ULK-101,3184,1346,510,0.1269
ACH-000943,Uridine,838,1321,344,0.1895
ACH-000943,Valdecoxib,748,1023,214,0.1374
ACH-000943,Vandetanib,1543,1786,568,0.2057
ACH-000943,Vemurafenib,2259,1248,487,0.1613
ACH-000943,Verapamil,97,582,50,0.0795
ACH-000943,Verteporfin,244,2308,173,0.0727
ACH-000943,Vilanterol,765,2730,402,0.13
ACH-000943,Vinblastine (sulfate),1572,4452,1054,0.2121
ACH-000943,Vismodegib,565,760,142,0.12
ACH-000943,Vitamin K4,1566,1344,442,0.1791
ACH-000943,Volasertib,2382,895,419,0.1466
ACH-000943,Voriconazole,1096,1161,290,0.1474
ACH-000943,Vortioxetine,1486,1506,522,0.2113
ACH-000943,XRK3F2,3410,1333,662,0.1622
ACH-000943,Zileuton,1200,643,224,0.1384
ACH-000943,c-Kit-IN-1,5306,7014,842,0.0734
ACH-000943,crizotinib,195,1459,111,0.0719
ACH-000943,olaparib,2463,395,182,0.068
ACH-000943,palbociclib,3253,1102,503,0.1306
ACH-000943,venetoclax,2784,2230,945,0.2322
ACH-000943,vincristine,3098,1885,829,0.1996
ACH-000943,γ-Oryzanol,659,773,175,0.1392
ACH-000950,(R)-Verapamil (hydrochloride),2032,3531,967,0.2104
ACH-000950,(S)-Crizotinib,1084,2436,574,0.1948
ACH-000950,18β-Glycyrrhetinic acid,1756,3806,893,0.1913
ACH-000950,4EGI-1,4338,2980,1663,0.2941
ACH-000950,5-Azacytidine,2085,4089,1140,0.2265
ACH-000950,5-Fluorouracil,1839,1766,599,0.1993
ACH-000950,8-Hydroxyquinoline,2082,4534,1244,0.2316
ACH-000950,9-ING-41,5758,4048,2074,0.2682
ACH-000950,APTO-253,4668,2788,1285,0.2082
ACH-000950,AT7519,3153,2010,1105,0.2723
ACH-000950,AZD-7648,5399,4173,2022,0.2678
ACH-000950,AZD-8055,4679,4407,2251,0.3293
ACH-000950,AZD1390,4220,3591,1587,0.255
ACH-000950,AZD2858,2397,2993,792,0.1722
ACH-000950,Abemaciclib,8154,17541,3948,0.1815
ACH-000950,Abiraterone acetate,2382,2715,928,0.2226
ACH-000950,Acetazolamide,2762,1696,678,0.1794
ACH-000950,Acetohexamide,1850,3855,946,0.1988
ACH-000950,Adagrasib,4816,5057,2574,0.3527
ACH-000950,Adenine,2834,3952,1626,0.3151
ACH-000950,Adenosine,2278,5019,1531,0.2655
ACH-000950,Afatinib,5213,7871,3345,0.3435
ACH-000950,Aliskiren,2066,3720,1116,0.239
ACH-000950,Allantoin,3000,5168,1766,0.2759
ACH-000950,Allopurinol,3232,2416,1018,0.2199
ACH-000950,Almonertinib (hydrochloride),2432,3957,1125,0.2137
ACH-000950,Almonertinib (mesylate),2411,3166,1034,0.2276
ACH-000950,Alpelisib,3829,3960,1667,0.2723
ACH-000950,Altretamine,512,1087,272,0.205
ACH-000950,Amsacrine,2450,5251,1506,0.2431
ACH-000950,Anastrozole,2984,3186,1378,0.2876
ACH-000950,Anethole trithione,4049,5368,2655,0.3926
ACH-000950,Apalutamide,343,2120,168,0.0732
ACH-000950,Aprepitant,3245,1448,664,0.1648
ACH-000950,Arbutin,755,1533,366,0.1904
ACH-000950,Artemether,2664,2428,931,0.2237
ACH-000950,Artesunate,3724,5206,2282,0.3433
ACH-000950,Asciminib,3391,2136,888,0.1914
ACH-000950,Aspirin,2241,1668,670,0.2069
ACH-000950,Ataluren,2353,1874,612,0.1693
ACH-000950,Atazanavir (sulfate),2044,2137,865,0.2609
ACH-000950,Auranofin,2160,9902,1604,0.1534
ACH-000950,Azithromycin (hydrate),2337,3868,1152,0.228
ACH-000950,BAY1125976,4756,6538,2534,0.2893
ACH-000950,BI-3406,5787,5152,2997,0.3774
ACH-000950,BI-78D3,6475,2900,1659,0.215
ACH-000950,Baicalin,2320,4829,1532,0.2727
ACH-000950,Balsalazide (sodium hydrate),2579,4402,1553,0.2861
ACH-000950,Belinostat,2833,10576,2276,0.2044
ACH-000950,Belumosudil,2853,5092,1564,0.2451
ACH-000950,Belumosudil (mesylate),4457,2833,1400,0.2377
ACH-000950,Belzutifan,3597,3222,1251,0.2247
ACH-000950,Bendamustine,544,1353,248,0.1504
ACH-000950,Benproperine (phosphate),1356,1817,546,0.2078
ACH-000950,Bentamapimod,5345,4046,2028,0.2754
ACH-000950,Benztropine (mesylate),1669,1755,530,0.1831
ACH-000950,Berbamine,4265,4358,1909,0.2843
ACH-000950,Berbamine (dihydrochloride),3413,2604,1082,0.2193
ACH-000950,Berberine (chloride hydrate),2049,4719,1292,0.2359
ACH-000950,Bergenin,1807,3517,944,0.2155
ACH-000950,Bestatin,274,1826,158,0.0814
ACH-000950,Bestatin (hydrochloride),2509,2385,862,0.2138
ACH-000950,Betamethasone dipropionate,707,2163,420,0.1714
ACH-000950,Bexarotene,2235,2690,917,0.2288
ACH-000950,Bicalutamide,1808,2159,653,0.197
ACH-000950,Bimatoprost,2345,4856,1283,0.2168
ACH-000950,Bimiralisib,5758,7487,3101,0.3057
ACH-000950,Binimetinib,7850,7956,4896,0.4488
ACH-000950,Bisoprolol (hemifumarate),980,2551,591,0.201
ACH-000950,Bortezomib,6820,8669,4475,0.4063
ACH-000950,Bosentan (hydrate),645,3117,424,0.127
ACH-000950,Brimonidine,1572,2254,551,0.1682
ACH-000950,Brivudine,5214,7234,3042,0.3234
ACH-000950,Budesonide,3256,3292,1279,0.2427
ACH-000950,Busulfan,2793,3894,1282,0.2372
ACH-000950,CP21R7,4194,2315,1086,0.2003
ACH-000950,Cabozantinib (S-malate),2308,4157,1209,0.23
ACH-000950,Canagliflozin,735,1706,363,0.1747
ACH-000950,Canagliflozin (hemihydrate),2179,2560,743,0.1859
ACH-000950,Capivasertib,3515,2419,1181,0.2485
ACH-000950,Capmatinib,4964,3844,2026,0.2987
ACH-000950,Captopril,2799,1178,548,0.1598
ACH-000950,Carbamazepine,2392,3663,1113,0.2252
ACH-000950,Celecoxib,5414,2494,1275,0.1922
ACH-000950,Cepharanthine,3086,4297,1686,0.2959
ACH-000950,Chlorhexidine (diacetate),3460,4781,1871,0.2937
ACH-000950,Ciclopirox,1558,4436,932,0.1841
ACH-000950,Cilostazol,1136,3371,674,0.1758
ACH-000950,Cinacalcet,1878,2105,608,0.1801
ACH-000950,Citalopram (hydrobromide),2419,1734,678,0.1951
ACH-000950,Clobetasol propionate,2467,2312,905,0.2336
ACH-000950,Clofarabine,468,1805,242,0.1192
ACH-000950,Clonidine (hydrochloride),2999,5360,2174,0.3515
ACH-000950,Clopidogrel,3215,1889,851,0.2001
ACH-000950,Clotrimazole,1868,3834,996,0.2116
ACH-000950,Cloxacillin (sodium),2518,3457,1341,0.2894
ACH-000950,Cobimetinib,521,5226,416,0.078
ACH-000950,Crizotinib (hydrochloride),3205,3767,1557,0.2875
ACH-000950,Cyclosporin A,3089,3010,1265,0.2617
ACH-000950,Cysteamine (hydrochloride),1548,3575,890,0.2103
ACH-000950,Cytarabine,2891,3245,1155,0.2319
ACH-000950,Cytarabine (hydrochloride),831,2699,467,0.1525
ACH-000950,DT-061,3685,2802,1296,0.2497
ACH-000950,DTP3,5943,13690,1530,0.0845
ACH-000950,Dabrafenib,4845,5363,2276,0.2869
ACH-000950,Daidzin,3038,2596,1032,0.2243
ACH-000950,Dapagliflozin,1860,1772,595,0.1959
ACH-000950,"Dapagliflozin ((2S)-1,2-propanediol, hydrate)",757,2132,355,0.1401
ACH-000950,Darinaparsin,2687,5362,1655,0.2588
ACH-000950,Darolutamide,3021,2765,1253,0.2764
ACH-000950,Decitabine,1287,4174,909,0.1997
ACH-000950,Delamanid,2193,2729,990,0.2518
ACH-000950,Demeclocycline,1964,3433,1053,0.2424
ACH-000950,Dexamethasone,1926,2653,973,0.2698
ACH-000950,Dexmedetomidine,468,1836,270,0.1327
ACH-000950,Diammonium Glycyrrhizinate,2246,4895,1256,0.2134
ACH-000950,Digitoxin,4873,9357,3944,0.3834
ACH-000950,Dihydroartemisinin,1301,3589,685,0.1629
ACH-000950,Dimethyl fumarate,426,2287,230,0.0926
ACH-000950,Dinaciclib,4128,7580,2974,0.3405
ACH-000950,Diphenhydramine,1839,2957,988,0.2595
ACH-000950,Docetaxel,4808,4651,2188,0.3009
ACH-000950,Docetaxel (Trihydrate),514,3676,361,0.0943
ACH-000950,Dorzolamide (hydrochloride),635,2682,380,0.1294
ACH-000950,Doxorubicin (hydrochloride),952,5545,652,0.1115
ACH-000950,Doxycycline (monohydrate),536,2517,324,0.1187
ACH-000950,Drospirenone,3340,3846,1565,0.2784
ACH-000950,ERK5-IN-2,4995,6035,2379,0.275
ACH-000950,ETC-206,4058,2204,1229,0.2442
ACH-000950,EX229,6988,6704,3964,0.4075
ACH-000950,Econazole,2628,1826,734,0.1973
ACH-000950,Elagolix sodium,2701,4861,1615,0.2716
ACH-000950,Elimusertib hydrochloride,5963,6148,3188,0.3573
ACH-000950,Encorafenib,9568,5932,360,0.0238
ACH-000950,Entecavir (monohydrate),206,2304,151,0.064
ACH-000950,Entrectinib,2540,3369,1036,0.2126
ACH-000950,Epirubicin (hydrochloride),353,6420,249,0.0382
ACH-000950,Eplerenone,508,1459,242,0.1403
ACH-000950,Erdafitinib ,12041,2966,207,0.014
ACH-000950,Erlotinib,1567,2709,741,0.2096
ACH-000950,Erythromycin,1630,2117,523,0.1622
ACH-000950,Esmolol (hydrochloride),1964,2954,829,0.2027
ACH-000950,Estrone sulfate (potassium),3089,3012,1068,0.2122
ACH-000950,Everolimus,3843,3783,1733,0.2941
ACH-000950,Fedratinib (hydrochloride hydrate),2624,4102,1434,0.271
ACH-000950,Fenofibrate,1782,1214,495,0.1979
ACH-000950,Ferulic acid,917,2696,536,0.1742
ACH-000950,Filgotinib,1674,4931,914,0.1606
ACH-000950,Finasteride,527,2032,312,0.1389
ACH-000950,Fingolimod (hydrochloride),2085,2489,787,0.2078
ACH-000950,Flumatinib (mesylate),2968,3197,1321,0.2727
ACH-000950,Flutamide,2086,2888,757,0.1795
ACH-000950,Fluvoxamine,908,2910,546,0.1669
ACH-000950,Fluvoxamine (maleate),1967,5087,1266,0.2187
ACH-000950,Folic acid,2091,4172,1304,0.263
ACH-000950,Fulvestrant,2366,1933,636,0.1736
ACH-000950,Fumaric acid,3350,3877,1517,0.2657
ACH-000950,Furosemide,1461,3236,770,0.1961
ACH-000950,Fusidic acid,2294,4073,1397,0.2811
ACH-000950,Futibatinib,5224,3227,1803,0.2712
ACH-000950,GSK1059615,5265,7125,2847,0.2983
ACH-000950,Gallic acid,2651,4175,1593,0.3044
ACH-000950,Gallic acid (hydrate),3037,4479,1478,0.2448
ACH-000950,Gefitinib,1675,1914,568,0.188
ACH-000950,Gemcitabine,4459,3511,1885,0.3098
ACH-000950,Gemfibrozil,2195,3941,1214,0.2466
ACH-000950,Glycyrrhizic acid,684,1487,281,0.1487
ACH-000950,Goserelin (acetate),3088,4412,1852,0.3279
ACH-000950,HI-TOPK-032,6222,4615,2341,0.2755
ACH-000950,Harringtonine,1845,11457,1689,0.1454
ACH-000950,Hesperidin,873,1588,380,0.1826
ACH-000950,Hexylresorcinol,2681,4487,1672,0.3042
ACH-000950,Homoharringtonine,13410,14966,11127,0.6451
ACH-000950,Hydroxyfasudil,6157,1579,862,0.1254
ACH-000950,Hydroxyurea,390,2047,231,0.1047
ACH-000950,IQ 1,4439,3587,1630,0.2548
ACH-000950,Idarubicin (hydrochloride),11201,16350,9775,0.5499
ACH-000950,Idoxuridine,2671,2437,1027,0.2517
ACH-000950,Imiquimod (hydrochloride),2647,2853,939,0.2059
ACH-000950,Imiquimod (maleate),423,1530,174,0.0978
ACH-000950,Indacaterol (maleate),3098,1832,794,0.192
ACH-000950,Infigratinib,3950,4641,1983,0.3001
ACH-000950,Ipatasertib,5171,5056,2221,0.2774
ACH-000950,Irinotecan,4592,3611,1881,0.2975
ACH-000950,Irinotecan (hydrochloride),5918,2479,1456,0.2098
ACH-000950,Isocorydine,2518,4163,1410,0.2675
ACH-000950,Ivermectin,1883,1649,578,0.1957
ACH-000950,Ixazomib,3763,4020,1863,0.3147
ACH-000950,Ixazomib citrate,2008,8854,1519,0.1626
ACH-000950,L-Eflornithine (monohydrochloride),2615,2268,882,0.2204
ACH-000950,L-Thyroxine (sodium salt pentahydrate),1812,4551,992,0.1847
ACH-000950,LB-100,3691,2130,975,0.2012
ACH-000950,LJI308,4818,2953,1690,0.2779
ACH-000950,LY-2584702 (tosylate salt),4722,3122,1643,0.265
ACH-000950,LY2090314,2785,2656,1012,0.2285
ACH-000950,Lactate (calcium),2261,3185,888,0.1948
ACH-000950,Lapatinib ditosylate,4152,2308,1169,0.2209
ACH-000950,Larotrectinib,2733,4277,1318,0.2316
ACH-000950,Lenalidomide (hemihydrate),1666,3846,888,0.192
ACH-000950,Levobupivacaine (hydrochloride),805,1830,405,0.1816
ACH-000950,Lidocaine (hydrochloride),2822,5532,1692,0.254
ACH-000950,Ligustrazine,464,1986,289,0.1337
ACH-000950,Lipoic acid,2031,3158,1066,0.2585
ACH-000950,Lonafarnib,4246,4303,1902,0.2861
ACH-000950,Loperamide (hydrochloride),2688,2583,909,0.2084
ACH-000950,Lopinavir,2832,3239,1302,0.273
ACH-000950,Lucanthone,3273,2305,1201,0.2744
ACH-000950,Lumateperone (tosylate),1787,4030,1135,0.2424
ACH-000950,MK-3903,4775,4629,1973,0.2655
ACH-000950,MK-8353,4722,2166,1376,0.2496
ACH-000950,ML264,5081,3650,1778,0.2557
ACH-000950,Macitentan,281,1295,144,0.1006
ACH-000950,Malotilate,3929,3894,1998,0.343
ACH-000950,Mebendazole,782,3885,510,0.1227
ACH-000950,Medroxyprogesterone acetate,2202,4915,1299,0.2233
ACH-000950,Megestrol,2785,3385,1123,0.2225
ACH-000950,Meloxicam,2379,1886,677,0.1887
ACH-000950,Menadione,548,1782,276,0.1344
ACH-000950,Methotrexate,1680,2347,633,0.1865
ACH-000950,Methyl aminolevulinate (hydrochloride),2903,1746,782,0.2022
ACH-000950,Methylprednisolone succinate,5986,12753,1204,0.0687
ACH-000950,Methylthiouracil,1597,2575,688,0.1975
ACH-000950,Mifepristone,607,2878,367,0.1177
ACH-000950,Minodronic acid,3872,3936,1863,0.3134
ACH-000950,Mitoxantrone (dihydrochloride),2765,7634,1898,0.2233
ACH-000950,Monocrotaline,490,1629,239,0.1271
ACH-000950,Mozavaptan,615,2227,324,0.1287
ACH-000950,NG25,3381,6258,2252,0.3049
ACH-000950,NVP-BHG712,5170,4258,1903,0.2529
ACH-000950,Nafamostat (mesylate),2470,1762,615,0.17
ACH-000950,Naproxen,1780,1466,507,0.1851
ACH-000950,Neratinib,1877,3250,931,0.2219
ACH-000950,Neratinib (maleate),2758,7906,2109,0.2465
ACH-000950,Nevirapine,588,2224,320,0.1284
ACH-000950,Niclosamide (olamine),699,7524,561,0.0732
ACH-000950,Norepinephrine (hydrochloride),1912,4337,1140,0.2231
ACH-000950,OTS514,3297,2914,1274,0.2581
ACH-000950,Olanzapine,2271,5076,1513,0.2593
ACH-000950,Oleic acid,4011,2501,1295,0.2482
ACH-000950,Omeprazole,1496,2716,702,0.2
ACH-000950,Omeprazole (sodium),2148,2000,609,0.1721
ACH-000950,Orlistat,673,2025,344,0.1461
ACH-000950,Osimertinib (mesylate),2234,2744,892,0.2183
ACH-000950,Ouabain (Octahydrate),5582,11401,4706,0.3833
ACH-000950,Oxaliplatin,5198,4334,2546,0.3644
ACH-000950,Oxaprozin,2419,2253,773,0.1983
ACH-000950,PF-06260933,5071,15391,1586,0.084
ACH-000950,PH-797804,4655,8166,2812,0.2809
ACH-000950,Paclitaxel,5201,5695,2422,0.2858
ACH-000950,Palmatine (chloride),2497,3929,1171,0.2228
ACH-000950,Panobinostat,7942,12551,6785,0.495
ACH-000950,Pasireotide (acetate),2907,4485,1562,0.2679
ACH-000950,Pemetrexed,685,2236,376,0.1477
ACH-000950,Pemigatinib,966,2522,258,0.0799
ACH-000950,Penfluridol,512,2111,300,0.1291
ACH-000950,Pentagastrin,2347,4649,1430,0.2569
ACH-000950,Pentamidine (isethionate),3358,4413,1664,0.2725
ACH-000950,Pentoxifylline,3316,3392,1389,0.2611
ACH-000950,Peretinoin,1132,4700,813,0.162
ACH-000950,Perindopril (erbumine),1077,1347,369,0.1796
ACH-000950,Pexidartinib (hydrochloride),1280,2330,633,0.2126
ACH-000950,Phenylephrine (hydrochloride),2776,2604,959,0.2169
ACH-000950,Phenytoin (sodium),592,1771,329,0.1618
ACH-000950,Pimitespib,4758,2350,1367,0.2381
ACH-000950,Pimozide,2154,2357,734,0.1943
ACH-000950,Pioglitazone,2548,3364,1229,0.2624
ACH-000950,Piroxicam,3208,2122,1028,0.239
ACH-000950,Pitavastatin (Calcium),775,4360,527,0.1144
ACH-000950,Ponatinib,2984,6745,2003,0.2593
ACH-000950,Posaconazole,585,3249,403,0.1175
ACH-000950,Pralsetinib,5078,5011,2402,0.3125
ACH-000950,Pravastatin (sodium),3125,2409,1035,0.2301
ACH-000950,Procainamide (hydrochloride),480,1043,214,0.1635
ACH-000950,Proglumide,1163,1171,300,0.1475
ACH-000950,Pyridoxine,2221,4018,1186,0.2347
ACH-000950,Pyridoxine (hydrochloride),3510,4188,1846,0.3154
ACH-000950,Quinestrol,2672,4092,1530,0.2923
ACH-000950,Quinidine (15% dihydroquinidine),685,1964,363,0.1588
ACH-000950,RMC-6236,5724,6495,3105,0.3407
ACH-000950,Radotinib,4000,5185,2341,0.3421
ACH-000950,Ralimetinib dimesylate,5796,15205,1828,0.0953
ACH-000950,Raltitrexed,2041,5046,1364,0.2383
ACH-000950,Ranolazine,1316,1281,371,0.1667
ACH-000950,Rapamycin,2769,5713,1738,0.2577
ACH-000950,Regorafenib,5932,3524,2195,0.3023
ACH-000950,Relugolix,2218,3833,1349,0.2869
ACH-000950,Resveratrol,2231,4780,1306,0.2289
ACH-000950,Retinoic acid,3374,4142,1608,0.2722
ACH-000950,Rifaximin,235,1236,125,0.0929
ACH-000950,Riluzole hydrochloride,4136,6184,2689,0.3524
ACH-000950,Rimonabant,2404,4028,1431,0.2861
ACH-000950,Ritonavir,1885,4345,1011,0.1937
ACH-000950,Ropivacaine (hydrochloride monohydrate),2309,4291,1406,0.2707
ACH-000950,Rosiglitazone,962,2237,577,0.2201
ACH-000950,Roxadustat,717,3474,477,0.1284
ACH-000950,Rucaparib (phosphate),674,1753,303,0.1427
ACH-000950,Rutin (trihydrate),1894,2302,791,0.2323
ACH-000950,S-Adenosyl-L-methionine (disulfate tosylate),2938,5719,2085,0.3173
ACH-000950,SBI-0640756,5053,3502,367,0.0448
ACH-000950,Sacubitril/Valsartan,851,3190,592,0.1716
ACH-000950,Salicylic acid,2389,4980,1535,0.2631
ACH-000950,Sapanisertib,6860,6221,3307,0.3383
ACH-000950,Saquinavir,1703,4786,950,0.1715
ACH-000950,Selinexor ,5101,8813,3748,0.3687
ACH-000950,Sildenafil,421,2613,285,0.1037
ACH-000950,Silodosin,375,754,140,0.1416
ACH-000950,Simotinib,362,581,99,0.1173
ACH-000950,Sinomenine,1784,3534,972,0.2237
ACH-000950,Sivelestat (sodium tetrahydrate),768,3970,513,0.1214
ACH-000950,Sodium Salicylate,3135,4593,1684,0.2786
ACH-000950,Sonidegib,6509,6498,1210,0.1026
ACH-000950,Sulfatinib,515,1548,270,0.1506
ACH-000950,Sulfisoxazole,3280,4654,1601,0.2528
ACH-000950,Sunitinib,2709,3795,1404,0.2753
ACH-000950,TAK-733,3958,6777,2485,0.3012
ACH-000950,TAK-901,5506,11379,4002,0.3106
ACH-000950,Tadalafil,425,2915,279,0.0911
ACH-000950,Talc,2200,1122,416,0.1432
ACH-000950,Tazarotene,2790,2381,963,0.2288
ACH-000950,Temsirolimus,3061,4873,1726,0.278
ACH-000950,Temuterkib,5622,3994,1896,0.2456
ACH-000950,Terfenadine,3403,4625,1714,0.2715
ACH-000950,Tetracycline (hydrochloride),492,2484,291,0.1084
ACH-000950,Thymol,2248,3196,920,0.2034
ACH-000950,Thymopentin,453,2753,279,0.0953
ACH-000950,Tirabrutinib,2187,3184,1193,0.2855
ACH-000950,Tirabrutinib (hydrochloride),3016,3130,1182,0.2381
ACH-000950,Tofacitinib,2445,5174,1414,0.2279
ACH-000950,Tofacitinib (citrate),2461,4882,1378,0.231
ACH-000950,Tolcapone,1844,5201,1315,0.2295
ACH-000950,Tolmetin,754,1673,396,0.195
ACH-000950,Tomivosertib,5376,4406,2235,0.2961
ACH-000950,Topotecan (hydrochloride),3091,6045,1812,0.2474
ACH-000950,Torkinib,5208,3819,1943,0.2743
ACH-000950,Trametinib,8864,9390,6061,0.4971
ACH-000950,Trametinib (DMSO_TF solvate),4335,6135,2916,0.386
ACH-000950,Tranilast,291,2474,183,0.0709
ACH-000950,Triamcinolone,3601,5021,2169,0.3361
ACH-000950,Triclosan,2118,3979,1172,0.238
ACH-000950,Trifluridine,1334,4197,799,0.1689
ACH-000950,Trimetrexate,2200,4750,1299,0.2299
ACH-000950,Tubulin inhibitor 6,4004,2498,1349,0.2618
ACH-000950,Tucatinib,4569,3218,1756,0.2912
ACH-000950,Tucidinostat,3824,11089,3171,0.2701
ACH-000950,ULK-101,5141,2733,1301,0.1979
ACH-000950,Uridine,1625,2453,672,0.1973
ACH-000950,Valdecoxib,2035,1747,613,0.1934
ACH-000950,Vandetanib,2484,3501,1239,0.2611
ACH-000950,Vemurafenib,4620,3811,1808,0.273
ACH-000950,Verapamil,429,1406,210,0.1292
ACH-000950,Verteporfin,501,3707,332,0.0857
ACH-000950,Vilanterol,1950,4079,1028,0.2056
ACH-000950,Vinblastine (sulfate),2911,6524,2033,0.2747
ACH-000950,Vismodegib,1370,1776,469,0.1752
ACH-000950,Vitamin K4,2610,1970,806,0.2136
ACH-000950,Volasertib,4910,2593,1416,0.2326
ACH-000950,Voriconazole,2505,1672,657,0.1866
ACH-000950,Vortioxetine,3144,2782,1212,0.2571
ACH-000950,XRK3F2,4593,3947,1653,0.24
ACH-000950,Zileuton,2266,1534,583,0.1812
ACH-000950,c-Kit-IN-1,8657,3706,2978,0.3173
ACH-000950,crizotinib,668,3367,451,0.1258
ACH-000950,olaparib,4651,11289,887,0.0589
ACH-000950,palbociclib,4819,4006,1854,0.266
ACH-000950,venetoclax,5283,5608,2869,0.3576
ACH-000950,vincristine,4962,3360,1788,0.2736
ACH-000950,γ-Oryzanol,1679,1143,404,0.1671
ACH-000954,(R)-Verapamil (hydrochloride),2415,3198,951,0.204
ACH-000954,(S)-Crizotinib,1101,1648,452,0.1968
ACH-000954,18β-Glycyrrhetinic acid,1802,3359,870,0.2027
ACH-000954,4EGI-1,3634,2654,1311,0.2634
ACH-000954,5-Azacytidine,1739,3443,764,0.1729
ACH-000954,5-Fluorouracil,1535,850,272,0.1287
ACH-000954,8-Hydroxyquinoline,2354,4430,1345,0.2473
ACH-000954,9-ING-41,6338,3938,2063,0.2512
ACH-000954,APTO-253,4841,2483,1180,0.1921
ACH-000954,AT7519,3150,1839,969,0.241
ACH-000954,AZD-7648,5236,4226,1939,0.2577
ACH-000954,AZD-8055,4852,5022,2426,0.3257
ACH-000954,AZD1390,4409,3383,1449,0.2284
ACH-000954,AZD2858,2709,2866,844,0.1784
ACH-000954,Abemaciclib,6415,15423,2754,0.1443
ACH-000954,Abiraterone acetate,2241,2149,675,0.1817
ACH-000954,Acetazolamide,2273,1243,373,0.1187
ACH-000954,Acetohexamide,1849,3347,783,0.1774
ACH-000954,Adagrasib,5330,4156,2360,0.3312
ACH-000954,Adenine,2778,3709,1514,0.3044
ACH-000954,Adenosine,2134,4604,1372,0.2557
ACH-000954,Afatinib,4026,7614,2501,0.2737
ACH-000954,Aliskiren,2192,3537,1092,0.2355
ACH-000954,Allantoin,3253,4686,1768,0.2865
ACH-000954,Allopurinol,3401,2179,904,0.1933
ACH-000954,Almonertinib (hydrochloride),2793,3679,1207,0.2292
ACH-000954,Almonertinib (mesylate),1522,2732,675,0.1886
ACH-000954,Alpelisib,3698,4078,1810,0.3034
ACH-000954,Altretamine,301,728,143,0.1614
ACH-000954,Amsacrine,2597,5245,1645,0.2655
ACH-000954,Anastrozole,2988,2992,1325,0.2846
ACH-000954,Anethole trithione,3900,5017,2341,0.356
ACH-000954,Apalutamide,109,1998,60,0.0293
ACH-000954,Aprepitant,2637,1200,483,0.144
ACH-000954,Arbutin,471,1362,241,0.1514
ACH-000954,Artemether,2327,1809,620,0.1763
ACH-000954,Artesunate,4256,5512,2537,0.3509
ACH-000954,Asciminib,3069,1831,642,0.1508
ACH-000954,Aspirin,2106,1145,484,0.1749
ACH-000954,Ataluren,2177,1488,465,0.1453
ACH-000954,Atazanavir (sulfate),1766,1460,543,0.2024
ACH-000954,Auranofin,2299,9045,1537,0.1567
ACH-000954,Azithromycin (hydrate),2354,3286,1058,0.2309
ACH-000954,BAY1125976,5268,6916,2842,0.3042
ACH-000954,BI-3406,5685,4854,2827,0.3666
ACH-000954,BI-78D3,6528,2881,1609,0.2063
ACH-000954,Baicalin,2017,4423,1272,0.2461
ACH-000954,Balsalazide (sodium hydrate),2515,4045,1390,0.2689
ACH-000954,Belinostat,2629,9022,1994,0.2065
ACH-000954,Belumosudil,1769,2164,652,0.1987
ACH-000954,Belumosudil (mesylate),4370,2214,1080,0.1962
ACH-000954,Belzutifan,3163,3217,990,0.1837
ACH-000954,Bendamustine,345,822,141,0.1374
ACH-000954,Benproperine (phosphate),777,1136,295,0.1823
ACH-000954,Bentamapimod,5047,2650,1307,0.2045
ACH-000954,Benztropine (mesylate),1323,1045,261,0.1239
ACH-000954,Berbamine,3783,3821,1582,0.2627
ACH-000954,Berbamine (dihydrochloride),1985,1666,522,0.1668
ACH-000954,Berberine (chloride hydrate),1911,4389,1167,0.2274
ACH-000954,Bergenin,1676,2911,760,0.1986
ACH-000954,Bestatin,124,1363,67,0.0472
ACH-000954,Bestatin (hydrochloride),2191,2215,639,0.1696
ACH-000954,Betamethasone dipropionate,314,1112,153,0.1202
ACH-000954,Bexarotene,2057,1830,641,0.1975
ACH-000954,Bicalutamide,1442,2505,588,0.1751
ACH-000954,Bimatoprost,2062,4236,1032,0.196
ACH-000954,Bimiralisib,6228,7960,3429,0.3187
ACH-000954,Binimetinib,7912,7102,4395,0.4139
ACH-000954,Bisoprolol (hemifumarate),540,2062,349,0.1549
ACH-000954,Bortezomib,6872,8830,4473,0.3983
ACH-000954,Bosentan (hydrate),328,2055,228,0.1058
ACH-000954,Brimonidine,1574,2744,592,0.1589
ACH-000954,Brivudine,5559,7800,3221,0.3177
ACH-000954,Budesonide,2550,2097,615,0.1525
ACH-000954,Busulfan,3154,3426,1294,0.2448
ACH-000954,CP21R7,4213,2110,1015,0.1912
ACH-000954,Cabozantinib (S-malate),1839,2274,692,0.2023
ACH-000954,Canagliflozin,418,1123,187,0.1381
ACH-000954,Canagliflozin (hemihydrate),2115,2276,614,0.1626
ACH-000954,Capivasertib,4244,2420,1145,0.2075
ACH-000954,Capmatinib,4850,2552,1330,0.219
ACH-000954,Captopril,2234,670,294,0.1126
ACH-000954,Carbamazepine,2182,2722,775,0.1877
ACH-000954,Celecoxib,5173,2350,1130,0.1768
ACH-000954,Cepharanthine,2719,3706,1404,0.2796
ACH-000954,Chlorhexidine (diacetate),2859,4665,1633,0.2772
ACH-000954,Ciclopirox,1675,3653,941,0.2145
ACH-000954,Cilostazol,731,2576,448,0.1567
ACH-000954,Cinacalcet,1866,1855,500,0.1552
ACH-000954,Citalopram (hydrobromide),1958,1227,429,0.1557
ACH-000954,Clobetasol propionate,1592,1395,359,0.1366
ACH-000954,Clofarabine,357,1457,187,0.1149
ACH-000954,Clonidine (hydrochloride),2989,5299,2121,0.3439
ACH-000954,Clopidogrel,3044,1481,617,0.1579
ACH-000954,Clotrimazole,1919,3543,1016,0.2285
ACH-000954,Cloxacillin (sodium),2702,3101,1350,0.3032
ACH-000954,Cobimetinib,299,3620,232,0.0629
ACH-000954,Crizotinib (hydrochloride),2967,2641,1046,0.2293
ACH-000954,Cyclosporin A,2739,2049,848,0.2152
ACH-000954,Cysteamine (hydrochloride),1691,3382,887,0.2119
ACH-000954,Cytarabine,1636,1835,537,0.183
ACH-000954,Cytarabine (hydrochloride),522,1602,258,0.1383
ACH-000954,DT-061,3358,2533,961,0.1949
ACH-000954,DTP3,4968,13290,1112,0.0649
ACH-000954,Dabrafenib,4266,5626,2126,0.2738
ACH-000954,Daidzin,1746,1774,493,0.1629
ACH-000954,Dapagliflozin,1541,1312,411,0.1683
ACH-000954,"Dapagliflozin ((2S)-1,2-propanediol, hydrate)",425,1538,191,0.1078
ACH-000954,Darinaparsin,2879,5026,1709,0.2758
ACH-000954,Darolutamide,2246,2114,793,0.2223
ACH-000954,Decitabine,879,3445,611,0.1646
ACH-000954,Delamanid,2338,1979,728,0.2028
ACH-000954,Demeclocycline,1844,3235,923,0.2221
ACH-000954,Dexamethasone,1748,1113,388,0.1569
ACH-000954,Dexmedetomidine,265,1231,142,0.1049
ACH-000954,Diammonium Glycyrrhizinate,2460,4719,1282,0.2174
ACH-000954,Digitoxin,1748,7103,1298,0.1719
ACH-000954,Dihydroartemisinin,1025,2861,516,0.1531
ACH-000954,Dimethyl fumarate,162,1937,105,0.0527
ACH-000954,Dinaciclib,3713,9009,2933,0.2996
ACH-000954,Diphenhydramine,1445,2380,754,0.2455
ACH-000954,Docetaxel,4394,4818,2070,0.2898
ACH-000954,Docetaxel (Trihydrate),173,2428,126,0.0509
ACH-000954,Dorzolamide (hydrochloride),294,1606,193,0.1131
ACH-000954,Doxorubicin (hydrochloride),492,6439,373,0.0569
ACH-000954,Doxycycline (monohydrate),260,2235,172,0.074
ACH-000954,Drospirenone,2773,3640,1271,0.2472
ACH-000954,ERK5-IN-2,4610,7512,2443,0.2524
ACH-000954,ETC-206,3696,2128,1077,0.2269
ACH-000954,EX229,6167,5146,2803,0.3294
ACH-000954,Econazole,2261,1266,412,0.1323
ACH-000954,Elagolix sodium,2712,4753,1602,0.2732
ACH-000954,Elimusertib hydrochloride,5933,5585,2763,0.3156
ACH-000954,Encorafenib,12886,5720,368,0.0202
ACH-000954,Entecavir (monohydrate),83,1990,59,0.0293
ACH-000954,Entrectinib,2561,2092,688,0.1735
ACH-000954,Epirubicin (hydrochloride),146,5890,106,0.0179
ACH-000954,Eplerenone,277,1137,153,0.1213
ACH-000954,Erdafitinib ,9393,2947,238,0.0197
ACH-000954,Erlotinib,1139,1571,426,0.1865
ACH-000954,Erythromycin,1963,1440,365,0.1201
ACH-000954,Esmolol (hydrochloride),1777,2696,654,0.1712
ACH-000954,Estrone sulfate (potassium),2640,2827,902,0.1976
ACH-000954,Everolimus,3558,2767,1145,0.221
ACH-000954,Fedratinib (hydrochloride hydrate),2271,3116,1001,0.2282
ACH-000954,Fenofibrate,1327,1106,409,0.2021
ACH-000954,Ferulic acid,603,2039,341,0.1482
ACH-000954,Filgotinib,1056,3537,490,0.1194
ACH-000954,Finasteride,279,1585,167,0.0984
ACH-000954,Fingolimod (hydrochloride),1764,1668,516,0.177
ACH-000954,Flumatinib (mesylate),1981,2361,806,0.2279
ACH-000954,Flutamide,1981,2296,570,0.1538
ACH-000954,Fluvoxamine,544,2435,355,0.1353
ACH-000954,Fluvoxamine (maleate),2204,4574,1355,0.2499
ACH-000954,Folic acid,2071,4370,1298,0.2524
ACH-000954,Fulvestrant,1926,1850,503,0.1537
ACH-000954,Fumaric acid,2172,3307,1015,0.2274
ACH-000954,Furosemide,1338,2806,671,0.1932
ACH-000954,Fusidic acid,2289,3777,1318,0.2776
ACH-000954,Futibatinib,5257,3157,1682,0.2499
ACH-000954,GSK1059615,6219,7996,3389,0.313
ACH-000954,Gallic acid,2526,3954,1376,0.2696
ACH-000954,Gallic acid (hydrate),2967,3929,1368,0.2475
ACH-000954,Gefitinib,1362,2108,395,0.1285
ACH-000954,Gemcitabine,4518,4099,2106,0.3235
ACH-000954,Gemfibrozil,2333,3671,1241,0.2606
ACH-000954,Glycyrrhizic acid,450,1373,185,0.1129
ACH-000954,Goserelin (acetate),3228,4180,1769,0.3137
ACH-000954,HI-TOPK-032,6719,4801,2556,0.2851
ACH-000954,Harringtonine,1253,10821,1111,0.1013
ACH-000954,Hesperidin,580,1084,217,0.15
ACH-000954,Hexylresorcinol,2558,3694,1398,0.288
ACH-000954,Homoharringtonine,12669,15299,10888,0.6375
ACH-000954,Hydroxyfasudil,5719,1277,612,0.0959
ACH-000954,Hydroxyurea,303,1617,172,0.0984
ACH-000954,IQ 1,4660,3805,1683,0.2482
ACH-000954,Idarubicin (hydrochloride),13137,19686,11903,0.569
ACH-000954,Idoxuridine,2275,1719,629,0.1869
ACH-000954,Imiquimod (hydrochloride),2913,2101,758,0.1781
ACH-000954,Imiquimod (maleate),173,1009,73,0.0658
ACH-000954,Indacaterol (maleate),2634,1221,515,0.1542
ACH-000954,Infigratinib,3600,4756,1919,0.2981
ACH-000954,Ipatasertib,5596,3642,1881,0.2557
ACH-000954,Irinotecan,3608,3323,1419,0.2574
ACH-000954,Irinotecan (hydrochloride),3145,2317,896,0.1962
ACH-000954,Isocorydine,2671,3811,1316,0.2547
ACH-000954,Ivermectin,2172,1255,490,0.1668
ACH-000954,Ixazomib,3241,3552,1462,0.2742
ACH-000954,Ixazomib citrate,1607,7927,1087,0.1287
ACH-000954,L-Eflornithine (monohydrochloride),2400,2045,706,0.1888
ACH-000954,L-Thyroxine (sodium salt pentahydrate),7542,3734,1024,0.0999
ACH-000954,LB-100,3617,1678,779,0.1725
ACH-000954,LJI308,4628,3075,1728,0.2892
ACH-000954,LY-2584702 (tosylate salt),4370,2783,1366,0.236
ACH-000954,LY2090314,2542,2526,815,0.1916
ACH-000954,Lactate (calcium),1780,2488,525,0.1403
ACH-000954,Lapatinib ditosylate,3570,2622,1090,0.2136
ACH-000954,Larotrectinib,2842,3870,1225,0.2233
ACH-000954,Lenalidomide (hemihydrate),1467,3579,800,0.1884
ACH-000954,Levobupivacaine (hydrochloride),545,1306,235,0.1454
ACH-000954,Lidocaine (hydrochloride),3191,5091,1809,0.2795
ACH-000954,Ligustrazine,237,1428,147,0.0968
ACH-000954,Lipoic acid,1738,2596,888,0.2577
ACH-000954,Lonafarnib,4063,3439,1323,0.2141
ACH-000954,Loperamide (hydrochloride),2107,2092,607,0.169
ACH-000954,Lopinavir,2582,1921,810,0.2193
ACH-000954,Lucanthone,2609,1709,816,0.233
ACH-000954,Lumateperone (tosylate),1925,3751,1136,0.2502
ACH-000954,MK-3903,4504,4441,1682,0.2316
ACH-000954,MK-8353,4492,2108,1309,0.2474
ACH-000954,ML264,4804,3702,1635,0.238
ACH-000954,Macitentan,174,842,88,0.0948
ACH-000954,Malotilate,3498,3264,1639,0.3199
ACH-000954,Mebendazole,556,3084,371,0.1135
ACH-000954,Medroxyprogesterone acetate,2287,4492,1209,0.2171
ACH-000954,Megestrol,2695,3199,990,0.2019
ACH-000954,Meloxicam,1953,1801,513,0.1583
ACH-000954,Menadione,249,1370,135,0.091
ACH-000954,Methotrexate,1649,2252,508,0.1497
ACH-000954,Methyl aminolevulinate (hydrochloride),3059,1374,585,0.152
ACH-000954,Methylprednisolone succinate,5626,797,539,0.0916
ACH-000954,Methylthiouracil,1306,2254,491,0.16
ACH-000954,Mifepristone,326,1750,165,0.0863
ACH-000954,Minodronic acid,3893,3717,1798,0.3094
ACH-000954,Mitoxantrone (dihydrochloride),3045,12327,2420,0.1868
ACH-000954,Monocrotaline,217,1084,121,0.1025
ACH-000954,Mozavaptan,302,1539,170,0.1017
ACH-000954,NG25,2621,5320,1579,0.2482
ACH-000954,NVP-BHG712,5164,4162,1837,0.2453
ACH-000954,Nafamostat (mesylate),1887,1428,379,0.1291
ACH-000954,Naproxen,912,1283,318,0.1694
ACH-000954,Neratinib,2545,1861,674,0.1806
ACH-000954,Neratinib (maleate),2547,5715,1627,0.2452
ACH-000954,Nevirapine,220,1565,141,0.0858
ACH-000954,Niclosamide (olamine),420,4694,334,0.0699
ACH-000954,Norepinephrine (hydrochloride),1902,3845,1065,0.2275
ACH-000954,OTS514,3066,3449,1255,0.2386
ACH-000954,Olanzapine,2218,4690,1491,0.2752
ACH-000954,Oleic acid,3924,2261,1118,0.2206
ACH-000954,Omeprazole,1071,2660,483,0.1487
ACH-000954,Omeprazole (sodium),1994,1257,398,0.1395
ACH-000954,Orlistat,283,1411,135,0.0866
ACH-000954,Osimertinib (mesylate),2294,2439,828,0.212
ACH-000954,Ouabain (Octahydrate),1579,8470,1163,0.1309
ACH-000954,Oxaliplatin,4895,4610,2511,0.359
ACH-000954,Oxaprozin,1966,1646,445,0.1405
ACH-000954,PF-06260933,4711,7008,1228,0.1171
ACH-000954,PH-797804,5064,9775,3367,0.2935
ACH-000954,Paclitaxel,4750,6021,2224,0.2602
ACH-000954,Palmatine (chloride),2943,3661,1175,0.2164
ACH-000954,Panobinostat,6980,11376,5845,0.4672
ACH-000954,Pasireotide (acetate),3388,4033,1604,0.2757
ACH-000954,Pemetrexed,488,1706,279,0.1457
ACH-000954,Pemigatinib,764,2082,119,0.0436
ACH-000954,Penfluridol,344,2015,190,0.0876
ACH-000954,Pentagastrin,2579,4356,1417,0.2568
ACH-000954,Pentamidine (isethionate),3143,4418,1499,0.2473
ACH-000954,Pentoxifylline,2415,3106,985,0.2172
ACH-000954,Peretinoin,1023,2852,646,0.2001
ACH-000954,Perindopril (erbumine),1055,1205,284,0.1437
ACH-000954,Pexidartinib (hydrochloride),748,1712,347,0.1642
ACH-000954,Phenylephrine (hydrochloride),2729,2045,700,0.1718
ACH-000954,Phenytoin (sodium),406,1538,223,0.1296
ACH-000954,Pimitespib,4429,1817,1008,0.1924
ACH-000954,Pimozide,1205,1855,362,0.1342
ACH-000954,Pioglitazone,2038,1323,490,0.1707
ACH-000954,Piroxicam,3354,2040,898,0.1997
ACH-000954,Pitavastatin (Calcium),631,2843,395,0.1283
ACH-000954,Ponatinib,1636,4069,797,0.1624
ACH-000954,Posaconazole,284,2634,177,0.0646
ACH-000954,Pralsetinib,3886,4170,1778,0.2832
ACH-000954,Pravastatin (sodium),1902,1858,601,0.1903
ACH-000954,Procainamide (hydrochloride),177,1128,109,0.0911
ACH-000954,Proglumide,893,784,188,0.1263
ACH-000954,Pyridoxine,2278,3728,1100,0.2242
ACH-000954,Pyridoxine (hydrochloride),3965,3976,1922,0.3193
ACH-000954,Quinestrol,2493,3997,1413,0.2783
ACH-000954,Quinidine (15% dihydroquinidine),380,1094,165,0.1261
ACH-000954,RMC-6236,5605,6578,2931,0.3168
ACH-000954,Radotinib,3702,4381,1912,0.3098
ACH-000954,Ralimetinib dimesylate,5024,1649,843,0.1446
ACH-000954,Raltitrexed,2029,4748,1299,0.2371
ACH-000954,Ranolazine,927,919,199,0.1208
ACH-000954,Rapamycin,2526,5292,1558,0.2489
ACH-000954,Regorafenib,4853,2630,1321,0.2144
ACH-000954,Relugolix,2125,3586,1221,0.2719
ACH-000954,Resveratrol,2254,4391,1224,0.2258
ACH-000954,Retinoic acid,3863,3899,1667,0.2735
ACH-000954,Rifaximin,133,751,65,0.0794
ACH-000954,Riluzole hydrochloride,4266,6061,2611,0.3384
ACH-000954,Rimonabant,2243,3513,1273,0.284
ACH-000954,Ritonavir,2266,4006,1103,0.2134
ACH-000954,Ropivacaine (hydrochloride monohydrate),2649,4425,1612,0.2951
ACH-000954,Rosiglitazone,370,771,157,0.1596
ACH-000954,Roxadustat,411,2417,262,0.1021
ACH-000954,Rucaparib (phosphate),371,1131,159,0.1184
ACH-000954,Rutin (trihydrate),1751,1561,642,0.2404
ACH-000954,S-Adenosyl-L-methionine (disulfate tosylate),2733,5557,1896,0.2965
ACH-000954,SBI-0640756,6812,3221,233,0.0238
ACH-000954,Sacubitril/Valsartan,536,2445,348,0.1322
ACH-000954,Salicylic acid,2298,4872,1427,0.2485
ACH-000954,Sapanisertib,6278,7063,3298,0.3284
ACH-000954,Saquinavir,1535,4246,829,0.1674
ACH-000954,Selinexor ,5042,7962,3356,0.3478
ACH-000954,Sildenafil,293,1967,180,0.0865
ACH-000954,Silodosin,171,577,75,0.1114
ACH-000954,Simotinib,154,680,54,0.0692
ACH-000954,Sinomenine,1766,2973,846,0.2173
ACH-000954,Sivelestat (sodium tetrahydrate),459,3503,298,0.0813
ACH-000954,Sodium Salicylate,3227,4251,1592,0.2705
ACH-000954,Sonidegib,6832,1548,890,0.1188
ACH-000954,Sulfatinib,200,1321,131,0.0942
ACH-000954,Sulfisoxazole,2608,4071,1291,0.2396
ACH-000954,Sunitinib,2860,3075,1116,0.2316
ACH-000954,TAK-733,3131,5967,1860,0.257
ACH-000954,TAK-901,5732,12654,4503,0.3244
ACH-000954,Tadalafil,225,2290,155,0.0657
ACH-000954,Talc,1885,853,262,0.1058
ACH-000954,Tazarotene,2396,1757,632,0.1795
ACH-000954,Temsirolimus,3509,4735,1769,0.2732
ACH-000954,Temuterkib,5250,3981,1733,0.2311
ACH-000954,Terfenadine,3611,4350,1583,0.2482
ACH-000954,Tetracycline (hydrochloride),216,1731,128,0.0704
ACH-000954,Thymol,2427,2828,846,0.1919
ACH-000954,Thymopentin,179,1822,100,0.0526
ACH-000954,Tirabrutinib,1616,2678,833,0.2407
ACH-000954,Tirabrutinib (hydrochloride),2777,3056,969,0.1992
ACH-000954,Tofacitinib,2029,3776,894,0.182
ACH-000954,Tofacitinib (citrate),2902,3474,1221,0.2369
ACH-000954,Tolcapone,1891,4927,1256,0.2258
ACH-000954,Tolmetin,475,1301,240,0.1562
ACH-000954,Tomivosertib,5186,4044,1992,0.2752
ACH-000954,Topotecan (hydrochloride),2137,5148,1167,0.1907
ACH-000954,Torkinib,5134,3794,1802,0.2529
ACH-000954,Trametinib,8793,8873,5451,0.4463
ACH-000954,Trametinib (DMSO_TF solvate),3403,4187,1936,0.3424
ACH-000954,Tranilast,140,1224,85,0.0665
ACH-000954,Triamcinolone,3848,4101,1933,0.3213
ACH-000954,Triclosan,2096,3506,1048,0.2301
ACH-000954,Trifluridine,1558,3983,863,0.1845
ACH-000954,Trimetrexate,2175,4521,1269,0.2338
ACH-000954,Tubulin inhibitor 6,3878,2036,1049,0.2156
ACH-000954,Tucatinib,4032,3321,1673,0.2945
ACH-000954,Tucidinostat,3816,10922,3088,0.2651
ACH-000954,ULK-101,5669,2622,1282,0.1829
ACH-000954,Uridine,1770,1899,560,0.1801
ACH-000954,Valdecoxib,1132,1191,265,0.1288
ACH-000954,Vandetanib,2167,1829,669,0.2011
ACH-000954,Vemurafenib,3916,3671,1451,0.2365
ACH-000954,Verapamil,282,831,138,0.1415
ACH-000954,Verteporfin,331,2903,198,0.0652
ACH-000954,Vilanterol,2030,3727,992,0.2082
ACH-000954,Vinblastine (sulfate),3277,4669,1781,0.2889
ACH-000954,Vismodegib,1181,1173,318,0.1562
ACH-000954,Vitamin K4,2306,1569,566,0.171
ACH-000954,Volasertib,3857,2263,1027,0.2016
ACH-000954,Voriconazole,2082,1318,380,0.1258
ACH-000954,Vortioxetine,3048,2180,882,0.2029
ACH-000954,XRK3F2,4997,4898,1931,0.2425
ACH-000954,Zileuton,2113,1416,482,0.1582
ACH-000954,c-Kit-IN-1,7066,14511,2623,0.1384
ACH-000954,crizotinib,299,2002,189,0.0895
ACH-000954,olaparib,3947,12657,939,0.0599
ACH-000954,palbociclib,4384,4419,1837,0.2637
ACH-000954,venetoclax,5077,4848,2398,0.3186
ACH-000954,vincristine,6175,3241,1995,0.2688
ACH-000954,γ-Oryzanol,1287,778,232,0.1266
ACH-000957,(R)-Verapamil (hydrochloride),1388,2774,584,0.1632
ACH-000957,(S)-Crizotinib,981,1899,468,0.194
ACH-000957,18β-Glycyrrhetinic acid,1001,2568,475,0.1535
ACH-000957,4EGI-1,3081,2004,973,0.2366
ACH-000957,5-Azacytidine,1632,3493,813,0.1885
ACH-000957,5-Fluorouracil,1741,2180,690,0.2136
ACH-000957,8-Hydroxyquinoline,1419,2906,732,0.2037
ACH-000957,9-ING-41,4765,2959,1518,0.2446
ACH-000957,APTO-253,3754,1562,703,0.1524
ACH-000957,AT7519,2267,1416,674,0.224
ACH-000957,AZD-7648,4156,2849,1315,0.2311
ACH-000957,AZD-8055,3706,3200,1585,0.2979
ACH-000957,AZD1390,3148,2509,943,0.2
ACH-000957,AZD2858,1883,1815,451,0.1389
ACH-000957,Abemaciclib,5174,12581,1177,0.071
ACH-000957,Abiraterone acetate,2194,2497,848,0.2207
ACH-000957,Acetazolamide,2740,1517,620,0.1705
ACH-000957,Acetohexamide,1122,2512,495,0.1577
ACH-000957,Adagrasib,4131,3778,1963,0.3301
ACH-000957,Adenine,1918,2153,795,0.2427
ACH-000957,Adenosine,1494,3690,918,0.2152
ACH-000957,Afatinib,4013,6430,2385,0.296
ACH-000957,Aliskiren,1379,2690,692,0.2049
ACH-000957,Allantoin,2334,3870,1231,0.2475
ACH-000957,Allopurinol,3437,2382,1045,0.2189
ACH-000957,Almonertinib (hydrochloride),1817,2656,680,0.1793
ACH-000957,Almonertinib (mesylate),1830,3138,838,0.2029
ACH-000957,Alpelisib,2768,2589,1109,0.2611
ACH-000957,Altretamine,243,812,138,0.1505
ACH-000957,Amsacrine,1921,4708,1202,0.2215
ACH-000957,Anastrozole,1918,2236,814,0.2437
ACH-000957,Anethole trithione,2702,3573,1565,0.3323
ACH-000957,Apalutamide,209,2373,149,0.0612
ACH-000957,Aprepitant,3296,1652,831,0.2018
ACH-000957,Arbutin,438,1227,245,0.1725
ACH-000957,Artemether,2617,2288,908,0.2272
ACH-000957,Artesunate,3050,5001,1981,0.3264
ACH-000957,Asciminib,3655,2221,1017,0.2093
ACH-000957,Aspirin,2034,1912,739,0.2304
ACH-000957,Ataluren,2190,1310,455,0.1494
ACH-000957,Atazanavir (sulfate),2046,2144,850,0.2545
ACH-000957,Auranofin,2156,6916,1377,0.1789
ACH-000957,Azithromycin (hydrate),1292,2583,610,0.1868
ACH-000957,BAY1125976,3528,6054,1986,0.2615
ACH-000957,BI-3406,3999,3260,1787,0.3266
ACH-000957,BI-78D3,5214,2176,1190,0.1919
ACH-000957,Baicalin,1611,3459,1003,0.2466
ACH-000957,Balsalazide (sodium hydrate),1748,2911,940,0.2528
ACH-000957,Belinostat,2110,9719,1662,0.1635
ACH-000957,Belumosudil,2238,2597,830,0.2072
ACH-000957,Belumosudil (mesylate),3204,1790,786,0.1868
ACH-000957,Belzutifan,2623,1961,562,0.1397
ACH-000957,Bendamustine,373,1055,176,0.1406
ACH-000957,Benproperine (phosphate),871,1491,387,0.1959
ACH-000957,Bentamapimod,3864,2409,1060,0.2033
ACH-000957,Benztropine (mesylate),1517,1414,435,0.1743
ACH-000957,Berbamine,3273,3280,1399,0.2714
ACH-000957,Berbamine (dihydrochloride),2769,2434,944,0.2216
ACH-000957,Berberine (chloride hydrate),1180,3224,657,0.1753
ACH-000957,Bergenin,1237,2497,564,0.1779
ACH-000957,Bestatin,173,1618,107,0.0635
ACH-000957,Bestatin (hydrochloride),2437,2187,830,0.2188
ACH-000957,Betamethasone dipropionate,286,1140,148,0.1158
ACH-000957,Bexarotene,2098,2774,1001,0.2586
ACH-000957,Bicalutamide,1751,1932,584,0.1884
ACH-000957,Bimatoprost,1223,3173,562,0.1466
ACH-000957,Bimiralisib,4814,6008,2399,0.2848
ACH-000957,Binimetinib,6116,6195,3530,0.402
ACH-000957,Bisoprolol (hemifumarate),671,2013,401,0.1756
ACH-000957,Bortezomib,5479,7690,3654,0.384
ACH-000957,Bosentan (hydrate),452,2143,283,0.1224
ACH-000957,Brimonidine,1466,2084,512,0.1685
ACH-000957,Brivudine,3611,5188,1810,0.259
ACH-000957,Budesonide,2679,2680,886,0.1981
ACH-000957,Busulfan,1978,2624,763,0.1987
ACH-000957,CP21R7,3137,1543,664,0.1653
ACH-000957,Cabozantinib (S-malate),2051,3195,934,0.2166
ACH-000957,Canagliflozin,525,1547,255,0.1403
ACH-000957,Canagliflozin (hemihydrate),1871,2204,586,0.168
ACH-000957,Capivasertib,3038,1761,842,0.2128
ACH-000957,Capmatinib,3581,1826,933,0.2085
ACH-000957,Captopril,2805,1673,856,0.2363
ACH-000957,Carbamazepine,2141,3475,990,0.214
ACH-000957,Celecoxib,4011,1641,753,0.1537
ACH-000957,Cepharanthine,1841,3228,953,0.2315
ACH-000957,Chlorhexidine (diacetate),2242,3317,1099,0.2464
ACH-000957,Ciclopirox,850,3318,495,0.1348
ACH-000957,Cilostazol,667,2480,405,0.1477
ACH-000957,Cinacalcet,1990,1945,639,0.1939
ACH-000957,Citalopram (hydrobromide),2007,1369,489,0.1694
ACH-000957,Clobetasol propionate,2392,1652,616,0.1797
ACH-000957,Clofarabine,322,1854,203,0.1029
ACH-000957,Clonidine (hydrochloride),1827,3937,1265,0.2812
ACH-000957,Clopidogrel,3171,1609,800,0.201
ACH-000957,Clotrimazole,1296,2849,648,0.1853
ACH-000957,Cloxacillin (sodium),1843,2123,814,0.2582
ACH-000957,Cobimetinib,375,3445,259,0.0727
ACH-000957,Crizotinib (hydrochloride),2890,2874,1184,0.2585
ACH-000957,Cyclosporin A,3066,2614,1191,0.2653
ACH-000957,Cysteamine (hydrochloride),946,2624,527,0.1732
ACH-000957,Cytarabine,2003,2840,828,0.2062
ACH-000957,Cytarabine (hydrochloride),554,2622,297,0.1032
ACH-000957,DT-061,2578,1890,743,0.1995
ACH-000957,DTP3,4142,1258,721,0.1541
ACH-000957,Dabrafenib,3405,4337,1631,0.2669
ACH-000957,Daidzin,2124,2267,759,0.209
ACH-000957,Dapagliflozin,1577,1497,482,0.186
ACH-000957,"Dapagliflozin ((2S)-1,2-propanediol, hydrate)",503,1936,262,0.1203
ACH-000957,Darinaparsin,2001,3543,1045,0.2323
ACH-000957,Darolutamide,2724,2390,1037,0.2544
ACH-000957,Decitabine,828,3410,574,0.1567
ACH-000957,Delamanid,2645,2766,1213,0.2889
ACH-000957,Demeclocycline,1214,2474,575,0.1847
ACH-000957,Dexamethasone,1604,2018,682,0.232
ACH-000957,Dexmedetomidine,248,1457,160,0.1036
ACH-000957,Diammonium Glycyrrhizinate,1475,3499,755,0.179
ACH-000957,Digitoxin,3982,8615,3241,0.3464
ACH-000957,Dihydroartemisinin,1012,4215,573,0.1231
ACH-000957,Dimethyl fumarate,283,2072,178,0.0818
ACH-000957,Dinaciclib,3124,7317,2456,0.3076
ACH-000957,Diphenhydramine,1750,2840,991,0.2754
ACH-000957,Docetaxel,3643,3279,1384,0.2499
ACH-000957,Docetaxel (Trihydrate),324,2990,235,0.0763
ACH-000957,Dorzolamide (hydrochloride),336,2034,206,0.0952
ACH-000957,Doxorubicin (hydrochloride),622,6550,469,0.07
ACH-000957,Doxycycline (monohydrate),451,1984,275,0.1273
ACH-000957,Drospirenone,3143,3373,1327,0.2557
ACH-000957,ERK5-IN-2,3883,5081,1779,0.2476
ACH-000957,ETC-206,2843,1480,725,0.2015
ACH-000957,EX229,4412,3546,1705,0.2727
ACH-000957,Econazole,2181,1603,559,0.1733
ACH-000957,Elagolix sodium,2000,3382,992,0.226
ACH-000957,Elimusertib hydrochloride,4394,4181,1951,0.2945
ACH-000957,Encorafenib,10629,4656,188,0.0125
ACH-000957,Entecavir (monohydrate),180,2145,129,0.0587
ACH-000957,Entrectinib,2732,2941,948,0.2006
ACH-000957,Epirubicin (hydrochloride),206,7906,170,0.0214
ACH-000957,Eplerenone,257,1098,136,0.1116
ACH-000957,Erdafitinib ,10623,1862,120,0.0097
ACH-000957,Erlotinib,1323,1858,463,0.1703
ACH-000957,Erythromycin,2067,1726,526,0.161
ACH-000957,Esmolol (hydrochloride),1591,2567,630,0.1786
ACH-000957,Estrone sulfate (potassium),2803,2778,965,0.2091
ACH-000957,Everolimus,2583,1872,797,0.2179
ACH-000957,Fedratinib (hydrochloride hydrate),2490,3612,1179,0.2395
ACH-000957,Fenofibrate,1400,961,416,0.2139
ACH-000957,Ferulic acid,603,2385,371,0.1418
ACH-000957,Filgotinib,1326,3422,640,0.1558
ACH-000957,Finasteride,432,1673,249,0.1342
ACH-000957,Fingolimod (hydrochloride),1723,2409,717,0.21
ACH-000957,Flumatinib (mesylate),2394,2504,990,0.2533
ACH-000957,Flutamide,2039,2597,670,0.1689
ACH-000957,Fluvoxamine,519,2964,377,0.1214
ACH-000957,Fluvoxamine (maleate),1148,3963,745,0.1706
ACH-000957,Folic acid,1251,2371,643,0.2158
ACH-000957,Fulvestrant,2336,1777,616,0.1762
ACH-000957,Fumaric acid,2437,3514,1111,0.2295
ACH-000957,Furosemide,1138,2220,478,0.166
ACH-000957,Fusidic acid,1328,2744,787,0.2396
ACH-000957,Futibatinib,3918,2109,1137,0.2325
ACH-000957,GSK1059615,4268,5123,1995,0.2697
ACH-000957,Gallic acid,1459,2512,726,0.2237
ACH-000957,Gallic acid (hydrate),1940,3082,805,0.1909
ACH-000957,Gefitinib,1635,1943,541,0.1781
ACH-000957,Gemcitabine,3259,2814,1371,0.2916
ACH-000957,Gemfibrozil,1316,2768,702,0.2076
ACH-000957,Glycyrrhizic acid,588,1299,229,0.1381
ACH-000957,Goserelin (acetate),2242,3004,1151,0.2811
ACH-000957,HI-TOPK-032,4967,3215,1526,0.2293
ACH-000957,Harringtonine,1246,10721,1145,0.1058
ACH-000957,Hesperidin,598,1244,262,0.1658
ACH-000957,Hexylresorcinol,1677,3287,940,0.2336
ACH-000957,Homoharringtonine,9914,12211,8441,0.6169
ACH-000957,Hydroxyfasudil,4625,936,390,0.0754
ACH-000957,Hydroxyurea,344,1869,213,0.1065
ACH-000957,IQ 1,3567,2391,1053,0.2147
ACH-000957,Idarubicin (hydrochloride),9951,14389,8623,0.5486
ACH-000957,Idoxuridine,2376,2241,935,0.2539
ACH-000957,Imiquimod (hydrochloride),2589,2435,827,0.197
ACH-000957,Imiquimod (maleate),281,1113,117,0.0916
ACH-000957,Indacaterol (maleate),2925,1630,721,0.1881
ACH-000957,Infigratinib,2699,3611,1297,0.2587
ACH-000957,Ipatasertib,4312,3194,1428,0.2349
ACH-000957,Irinotecan,2929,2456,1052,0.2428
ACH-000957,Irinotecan (hydrochloride),3774,2524,1104,0.2126
ACH-000957,Isocorydine,1675,2482,745,0.2183
ACH-000957,Ivermectin,1732,1894,652,0.2192
ACH-000957,Ixazomib,2588,2606,1109,0.2715
ACH-000957,Ixazomib citrate,2037,8880,1523,0.1621
ACH-000957,L-Eflornithine (monohydrochloride),2356,1962,736,0.2055
ACH-000957,L-Thyroxine (sodium salt pentahydrate),1381,3778,711,0.1598
ACH-000957,LB-100,2830,1184,492,0.1397
ACH-000957,LJI308,3658,2365,1307,0.2771
ACH-000957,LY-2584702 (tosylate salt),3837,2321,1138,0.2267
ACH-000957,LY2090314,1724,1749,547,0.1869
ACH-000957,Lactate (calcium),2232,2637,749,0.1818
ACH-000957,Lapatinib ditosylate,2924,1628,744,0.1954
ACH-000957,Larotrectinib,1633,3105,684,0.1687
ACH-000957,Lenalidomide (hemihydrate),1062,2809,506,0.1504
ACH-000957,Levobupivacaine (hydrochloride),557,1476,264,0.1492
ACH-000957,Lidocaine (hydrochloride),2521,3722,1164,0.2292
ACH-000957,Ligustrazine,323,1741,196,0.1049
ACH-000957,Lipoic acid,1194,1758,564,0.2362
ACH-000957,Lonafarnib,2902,1692,596,0.1491
ACH-000957,Loperamide (hydrochloride),2377,2400,812,0.2048
ACH-000957,Lopinavir,2665,2514,1136,0.281
ACH-000957,Lucanthone,2650,1876,913,0.2527
ACH-000957,Lumateperone (tosylate),1178,2794,680,0.2066
ACH-000957,MK-3903,3505,3898,1356,0.2242
ACH-000957,MK-8353,3480,1325,781,0.1941
ACH-000957,ML264,3948,2774,1226,0.2231
ACH-000957,Macitentan,196,971,103,0.0968
ACH-000957,Malotilate,3800,3692,1987,0.3609
ACH-000957,Mebendazole,522,3539,366,0.0991
ACH-000957,Medroxyprogesterone acetate,1404,3274,693,0.1739
ACH-000957,Megestrol,1691,2493,584,0.1622
ACH-000957,Meloxicam,1950,2022,621,0.1853
ACH-000957,Menadione,352,1579,198,0.1143
ACH-000957,Methotrexate,1805,2723,742,0.196
ACH-000957,Methyl aminolevulinate (hydrochloride),2993,2323,1063,0.2499
ACH-000957,Methylprednisolone succinate,4565,10529,722,0.0502
ACH-000957,Methylthiouracil,1430,2299,582,0.1849
ACH-000957,Mifepristone,425,2835,261,0.087
ACH-000957,Minodronic acid,2883,2465,1092,0.2566
ACH-000957,Mitoxantrone (dihydrochloride),2177,6457,1487,0.2081
ACH-000957,Monocrotaline,336,1365,186,0.1228
ACH-000957,Mozavaptan,355,1622,183,0.102
ACH-000957,NG25,1986,3862,1111,0.2345
ACH-000957,NVP-BHG712,4095,3139,1300,0.2191
ACH-000957,Nafamostat (mesylate),2532,1512,504,0.1424
ACH-000957,Naproxen,1064,1031,312,0.175
ACH-000957,Neratinib,1609,2043,603,0.1978
ACH-000957,Neratinib (maleate),1912,5207,1296,0.2226
ACH-000957,Nevirapine,331,1637,203,0.115
ACH-000957,Niclosamide (olamine),370,6040,300,0.0491
ACH-000957,Norepinephrine (hydrochloride),1092,2889,552,0.161
ACH-000957,OTS514,2443,2419,882,0.2216
ACH-000957,Olanzapine,1506,3577,924,0.2222
ACH-000957,Oleic acid,2976,1848,824,0.206
ACH-000957,Omeprazole,1351,2467,614,0.1916
ACH-000957,Omeprazole (sodium),2441,1908,641,0.1729
ACH-000957,Orlistat,358,1676,203,0.1109
ACH-000957,Osimertinib (mesylate),2410,3000,988,0.2234
ACH-000957,Ouabain (Octahydrate),4831,10690,4094,0.3583
ACH-000957,Oxaliplatin,3879,3151,1670,0.3116
ACH-000957,Oxaprozin,2498,1810,615,0.1665
ACH-000957,PF-06260933,3879,12942,1347,0.087
ACH-000957,PH-797804,3876,7974,2500,0.2674
ACH-000957,Paclitaxel,3457,4681,1626,0.2497
ACH-000957,Palmatine (chloride),1907,2702,744,0.1925
ACH-000957,Panobinostat,7335,12176,6251,0.4714
ACH-000957,Pasireotide (acetate),1960,3255,922,0.2148
ACH-000957,Pemetrexed,472,2270,289,0.1178
ACH-000957,Pemigatinib,667,1775,121,0.0521
ACH-000957,Penfluridol,399,1489,209,0.1245
ACH-000957,Pentagastrin,1538,3402,826,0.2008
ACH-000957,Pentamidine (isethionate),2441,3145,1014,0.2218
ACH-000957,Pentoxifylline,2770,3243,1255,0.2638
ACH-000957,Peretinoin,919,5108,718,0.1352
ACH-000957,Perindopril (erbumine),864,1409,346,0.1796
ACH-000957,Pexidartinib (hydrochloride),785,1971,434,0.1869
ACH-000957,Phenylephrine (hydrochloride),2794,1916,758,0.1918
ACH-000957,Phenytoin (sodium),365,1223,187,0.1335
ACH-000957,Pimitespib,3658,1330,761,0.18
ACH-000957,Pimozide,1770,2363,692,0.2011
ACH-000957,Pioglitazone,2466,3321,1313,0.2935
ACH-000957,Piroxicam,3578,2651,1379,0.2843
ACH-000957,Pitavastatin (Calcium),469,4189,362,0.0843
ACH-000957,Ponatinib,2293,6667,1490,0.1995
ACH-000957,Posaconazole,335,2703,223,0.0792
ACH-000957,Pralsetinib,3134,3352,1308,0.2526
ACH-000957,Pravastatin (sodium),2200,2402,826,0.2188
ACH-000957,Procainamide (hydrochloride),274,1161,177,0.1407
ACH-000957,Proglumide,1152,1420,331,0.1477
ACH-000957,Pyridoxine,1393,2657,635,0.1859
ACH-000957,Pyridoxine (hydrochloride),2564,2348,1012,0.2595
ACH-000957,Quinestrol,1788,3049,983,0.2551
ACH-000957,Quinidine (15% dihydroquinidine),378,1456,200,0.1224
ACH-000957,RMC-6236,3814,4937,1905,0.2783
ACH-000957,Radotinib,2189,3510,1197,0.2659
ACH-000957,Ralimetinib dimesylate,4228,1387,763,0.1573
ACH-000957,Raltitrexed,1183,3553,756,0.1899
ACH-000957,Ranolazine,1201,1515,376,0.1607
ACH-000957,Rapamycin,1925,4295,1136,0.2234
ACH-000957,Regorafenib,4126,2126,1182,0.2331
ACH-000957,Relugolix,1372,2708,781,0.2367
ACH-000957,Resveratrol,1574,3250,760,0.187
ACH-000957,Retinoic acid,2333,3040,982,0.2236
ACH-000957,Rifaximin,129,1132,83,0.0705
ACH-000957,Riluzole hydrochloride,2530,4404,1561,0.2905
ACH-000957,Rimonabant,1426,2903,850,0.2443
ACH-000957,Ritonavir,1079,3207,541,0.1445
ACH-000957,Ropivacaine (hydrochloride monohydrate),1521,3062,847,0.2267
ACH-000957,Rosiglitazone,677,2103,430,0.183
ACH-000957,Roxadustat,529,3023,350,0.1093
ACH-000957,Rucaparib (phosphate),422,1407,192,0.1173
ACH-000957,Rutin (trihydrate),1573,1920,707,0.2538
ACH-000957,S-Adenosyl-L-methionine (disulfate tosylate),1824,3999,1218,0.2645
ACH-000957,SBI-0640756,4691,2371,178,0.0259
ACH-000957,Sacubitril/Valsartan,546,2738,371,0.1274
ACH-000957,Salicylic acid,1495,3728,884,0.2037
ACH-000957,Sapanisertib,4536,5285,2116,0.2746
ACH-000957,Saquinavir,1177,3198,594,0.1571
ACH-000957,Selinexor ,4516,7532,3225,0.3655
ACH-000957,Sildenafil,310,2196,200,0.0867
ACH-000957,Silodosin,236,559,97,0.139
ACH-000957,Simotinib,304,444,88,0.1333
ACH-000957,Sinomenine,918,2315,440,0.1575
ACH-000957,Sivelestat (sodium tetrahydrate),502,3219,336,0.0993
ACH-000957,Sodium Salicylate,2214,3599,1071,0.2259
ACH-000957,Sonidegib,5605,1188,635,0.1031
ACH-000957,Sulfatinib,177,1205,118,0.0934
ACH-000957,Sulfisoxazole,2873,3361,1130,0.2214
ACH-000957,Sunitinib,2491,3198,1166,0.2578
ACH-000957,TAK-733,2487,4332,1301,0.2358
ACH-000957,TAK-901,4334,10065,3178,0.2832
ACH-000957,Tadalafil,263,2705,218,0.0793
ACH-000957,Talc,2356,1081,432,0.1438
ACH-000957,Tazarotene,2492,2327,924,0.2372
ACH-000957,Temsirolimus,2056,3470,971,0.2132
ACH-000957,Temuterkib,4328,2686,1225,0.2116
ACH-000957,Terfenadine,3006,3627,1310,0.2461
ACH-000957,Tetracycline (hydrochloride),312,1966,190,0.091
ACH-000957,Thymol,1469,2060,493,0.1624
ACH-000957,Thymopentin,227,2666,175,0.0644
ACH-000957,Tirabrutinib,1772,3146,1065,0.2764
ACH-000957,Tirabrutinib (hydrochloride),3391,3175,1251,0.2354
ACH-000957,Tofacitinib,1198,2803,485,0.1379
ACH-000957,Tofacitinib (citrate),1506,2517,637,0.1881
ACH-000957,Tolcapone,1028,4070,704,0.1602
ACH-000957,Tolmetin,443,1555,244,0.1391
ACH-000957,Tomivosertib,4009,3341,1545,0.2661
ACH-000957,Topotecan (hydrochloride),2359,5407,1335,0.2076
ACH-000957,Torkinib,3770,2819,1227,0.2288
ACH-000957,Trametinib,7001,7276,4246,0.4233
ACH-000957,Trametinib (DMSO_TF solvate),3466,3670,1766,0.3289
ACH-000957,Tranilast,145,1742,97,0.0542
ACH-000957,Triamcinolone,2127,3404,1191,0.2744
ACH-000957,Triclosan,1325,3018,690,0.1889
ACH-000957,Trifluridine,919,3530,528,0.1347
ACH-000957,Trimetrexate,1189,3646,688,0.1659
ACH-000957,Tubulin inhibitor 6,3060,1824,915,0.2305
ACH-000957,Tucatinib,2972,2412,1172,0.2783
ACH-000957,Tucidinostat,3625,10719,3084,0.2739
ACH-000957,ULK-101,4334,2048,872,0.1583
ACH-000957,Uridine,1436,2284,625,0.2019
ACH-000957,Valdecoxib,1870,1807,625,0.2048
ACH-000957,Vandetanib,2407,2345,872,0.2247
ACH-000957,Vemurafenib,3098,2463,1066,0.2372
ACH-000957,Verapamil,246,1096,139,0.1155
ACH-000957,Verteporfin,372,3110,247,0.0764
ACH-000957,Vilanterol,1116,2802,536,0.1585
ACH-000957,Vinblastine (sulfate),2233,5616,1581,0.2522
ACH-000957,Vismodegib,1294,1667,474,0.1906
ACH-000957,Vitamin K4,2266,1838,669,0.1948
ACH-000957,Volasertib,3398,1680,775,0.1801
ACH-000957,Voriconazole,2484,1625,671,0.1952
ACH-000957,Vortioxetine,2885,2754,1145,0.2548
ACH-000957,XRK3F2,4107,2906,1234,0.2135
ACH-000957,Zileuton,2252,1729,688,0.2089
ACH-000957,c-Kit-IN-1,5419,10807,1368,0.0921
ACH-000957,crizotinib,445,2316,292,0.1183
ACH-000957,olaparib,3052,11367,505,0.0363
ACH-000957,palbociclib,3674,2835,1239,0.2351
ACH-000957,venetoclax,3749,2897,1432,0.2746
ACH-000957,vincristine,4421,2941,1570,0.2711
ACH-000957,γ-Oryzanol,1178,1044,306,0.1597
ACH-000958,(R)-Verapamil (hydrochloride),683,1276,269,0.1592
ACH-000958,(S)-Crizotinib,211,311,51,0.1083
ACH-000958,18β-Glycyrrhetinic acid,484,1261,171,0.1086
ACH-000958,4EGI-1,1294,475,213,0.1369
ACH-000958,5-Azacytidine,777,1101,229,0.1389
ACH-000958,5-Fluorouracil,689,427,155,0.1613
ACH-000958,8-Hydroxyquinoline,611,1450,247,0.1362
ACH-000958,9-ING-41,2594,718,356,0.1204
ACH-000958,APTO-253,1916,493,211,0.096
ACH-000958,AT7519,1054,366,187,0.1517
ACH-000958,AZD-7648,2180,826,373,0.1417
ACH-000958,AZD-8055,1412,415,216,0.1341
ACH-000958,AZD1390,1652,712,267,0.1273
ACH-000958,AZD2858,1244,523,151,0.0934
ACH-000958,Abemaciclib,3832,903,685,0.1691
ACH-000958,Abiraterone acetate,798,585,126,0.1002
ACH-000958,Acetazolamide,1221,425,196,0.1352
ACH-000958,Acetohexamide,336,1348,158,0.1035
ACH-000958,Adagrasib,2270,1022,522,0.1884
ACH-000958,Adenine,819,1155,370,0.2307
ACH-000958,Adenosine,632,1777,345,0.1672
ACH-000958,Afatinib,1468,2720,622,0.1744
ACH-000958,Aliskiren,562,1120,254,0.1779
ACH-000958,Allantoin,990,2173,440,0.1616
ACH-000958,Allopurinol,1880,436,236,0.1135
ACH-000958,Almonertinib (hydrochloride),920,1415,306,0.1508
ACH-000958,Almonertinib (mesylate),484,707,119,0.111
ACH-000958,Alpelisib,974,509,193,0.1496
ACH-000958,Altretamine,8,203,7,0.0343
ACH-000958,Amsacrine,947,3526,605,0.1564
ACH-000958,Anastrozole,974,814,271,0.1786
ACH-000958,Anethole trithione,1460,1711,710,0.2885
ACH-000958,Apalutamide,4,392,4,0.0102
ACH-000958,Aprepitant,1635,465,237,0.1272
ACH-000958,Arbutin,65,294,38,0.1184
ACH-000958,Artemether,1136,588,202,0.1327
ACH-000958,Artesunate,1579,2879,881,0.2463
ACH-000958,Asciminib,1627,421,189,0.1017
ACH-000958,Aspirin,691,497,154,0.1489
ACH-000958,Ataluren,754,259,85,0.0916
ACH-000958,Atazanavir (sulfate),878,890,292,0.1978
ACH-000958,Auranofin,721,5277,441,0.0794
ACH-000958,Azithromycin (hydrate),508,1052,204,0.1504
ACH-000958,BAY1125976,1974,2109,627,0.1814
ACH-000958,BI-3406,1370,472,195,0.1184
ACH-000958,BI-78D3,3159,689,360,0.1032
ACH-000958,Baicalin,630,1515,336,0.1857
ACH-000958,Balsalazide (sodium hydrate),668,1066,331,0.2359
ACH-000958,Belinostat,731,5234,478,0.0871
ACH-000958,Belumosudil,607,808,176,0.1421
ACH-000958,Belumosudil (mesylate),1760,533,237,0.1153
ACH-000958,Belzutifan,1434,886,238,0.1143
ACH-000958,Bendamustine,13,262,12,0.0456
ACH-000958,Benproperine (phosphate),49,465,31,0.0642
ACH-000958,Bentamapimod,2293,866,370,0.1327
ACH-000958,Benztropine (mesylate),502,286,75,0.1052
ACH-000958,Berbamine,1325,1532,495,0.2096
ACH-000958,Berbamine (dihydrochloride),730,281,102,0.1122
ACH-000958,Berberine (chloride hydrate),466,1496,221,0.1269
ACH-000958,Bergenin,720,1237,253,0.1485
ACH-000958,Bestatin,3,410,3,0.0073
ACH-000958,Bestatin (hydrochloride),944,309,103,0.0896
ACH-000958,Betamethasone dipropionate,34,354,13,0.0347
ACH-000958,Bexarotene,899,635,227,0.1737
ACH-000958,Bicalutamide,523,314,79,0.1042
ACH-000958,Bimatoprost,435,1845,203,0.0977
ACH-000958,Bimiralisib,2664,2433,795,0.1848
ACH-000958,Binimetinib,3665,2562,1371,0.2823
ACH-000958,Bisoprolol (hemifumarate),130,624,81,0.1204
ACH-000958,Bortezomib,3321,3697,1573,0.2889
ACH-000958,Bosentan (hydrate),66,736,48,0.0637
ACH-000958,Brimonidine,462,363,83,0.1119
ACH-000958,Brivudine,2073,2097,646,0.1833
ACH-000958,Budesonide,1250,604,191,0.1149
ACH-000958,Busulfan,893,1204,266,0.1453
ACH-000958,CP21R7,1743,433,178,0.0891
ACH-000958,Cabozantinib (S-malate),472,622,94,0.094
ACH-000958,Canagliflozin,147,391,62,0.1303
ACH-000958,Canagliflozin (hemihydrate),808,381,103,0.0948
ACH-000958,Capivasertib,1606,415,206,0.1135
ACH-000958,Capmatinib,2042,735,355,0.1466
ACH-000958,Captopril,1012,325,151,0.1273
ACH-000958,Carbamazepine,849,980,215,0.1332
ACH-000958,Celecoxib,2529,526,222,0.0784
ACH-000958,Cepharanthine,713,1284,305,0.1803
ACH-000958,Chlorhexidine (diacetate),978,1698,441,0.1973
ACH-000958,Ciclopirox,511,1722,229,0.1143
ACH-000958,Cilostazol,82,635,49,0.0734
ACH-000958,Cinacalcet,664,465,128,0.1279
ACH-000958,Citalopram (hydrobromide),664,363,89,0.0949
ACH-000958,Clobetasol propionate,687,226,66,0.0779
ACH-000958,Clofarabine,23,348,11,0.0306
ACH-000958,Clonidine (hydrochloride),1148,1972,654,0.2652
ACH-000958,Clopidogrel,1615,526,261,0.1388
ACH-000958,Clotrimazole,544,1280,247,0.1566
ACH-000958,Cloxacillin (sodium),647,987,279,0.2059
ACH-000958,Cobimetinib,90,1581,72,0.045
ACH-000958,Crizotinib (hydrochloride),1294,1360,475,0.218
ACH-000958,Cyclosporin A,1450,780,323,0.1694
ACH-000958,Cysteamine (hydrochloride),302,1177,142,0.1062
ACH-000958,Cytarabine,313,751,106,0.1106
ACH-000958,Cytarabine (hydrochloride),41,700,32,0.0451
ACH-000958,DT-061,1278,606,209,0.1248
ACH-000958,DTP3,1942,247,125,0.0606
ACH-000958,Dabrafenib,1915,1719,533,0.1719
ACH-000958,Daidzin,599,365,104,0.1209
ACH-000958,Dapagliflozin,386,216,76,0.1445
ACH-000958,"Dapagliflozin ((2S)-1,2-propanediol, hydrate)",120,429,44,0.0871
ACH-000958,Darinaparsin,699,2295,385,0.1476
ACH-000958,Darolutamide,1106,896,312,0.1846
ACH-000958,Decitabine,264,1274,150,0.1081
ACH-000958,Delamanid,852,886,271,0.1847
ACH-000958,Demeclocycline,517,1014,199,0.1494
ACH-000958,Dexamethasone,522,327,118,0.1614
ACH-000958,Dexmedetomidine,14,370,12,0.0323
ACH-000958,Diammonium Glycyrrhizinate,640,1749,286,0.136
ACH-000958,Digitoxin,2459,3901,1538,0.319
ACH-000958,Dihydroartemisinin,299,1588,134,0.0764
ACH-000958,Dimethyl fumarate,11,324,8,0.0245
ACH-000958,Dinaciclib,915,3559,649,0.1697
ACH-000958,Diphenhydramine,276,473,128,0.2061
ACH-000958,Docetaxel,2159,1761,717,0.2239
ACH-000958,Docetaxel (Trihydrate),24,879,22,0.025
ACH-000958,Dorzolamide (hydrochloride),36,648,26,0.0395
ACH-000958,Doxorubicin (hydrochloride),53,2716,40,0.0147
ACH-000958,Doxycycline (monohydrate),23,381,18,0.0466
ACH-000958,Drospirenone,1169,980,315,0.1718
ACH-000958,ERK5-IN-2,2245,2719,736,0.1741
ACH-000958,ETC-206,1605,479,237,0.1283
ACH-000958,EX229,3146,1914,1039,0.2584
ACH-000958,Econazole,1088,247,91,0.0732
ACH-000958,Elagolix sodium,763,1621,333,0.1624
ACH-000958,Elimusertib hydrochloride,2638,1466,667,0.1941
ACH-000958,Encorafenib,4344,1746,88,0.0147
ACH-000958,Entecavir (monohydrate),6,518,5,0.0096
ACH-000958,Entrectinib,1131,775,202,0.1185
ACH-000958,Epirubicin (hydrochloride),28,2800,26,0.0093
ACH-000958,Eplerenone,28,238,19,0.0769
ACH-000958,Erdafitinib ,5558,538,61,0.0101
ACH-000958,Erlotinib,210,499,66,0.1026
ACH-000958,Erythromycin,438,548,83,0.0919
ACH-000958,Esmolol (hydrochloride),531,426,95,0.1102
ACH-000958,Estrone sulfate (potassium),1261,744,186,0.1023
ACH-000958,Everolimus,1559,545,273,0.1491
ACH-000958,Fedratinib (hydrochloride hydrate),1102,1655,442,0.1909
ACH-000958,Fenofibrate,298,135,50,0.1305
ACH-000958,Ferulic acid,50,533,29,0.0523
ACH-000958,Filgotinib,538,1186,183,0.1188
ACH-000958,Finasteride,26,332,16,0.0468
ACH-000958,Fingolimod (hydrochloride),486,747,120,0.1078
ACH-000958,Flumatinib (mesylate),376,577,115,0.1372
ACH-000958,Flutamide,795,786,172,0.1221
ACH-000958,Fluvoxamine,33,889,25,0.0279
ACH-000958,Fluvoxamine (maleate),431,1623,217,0.1181
ACH-000958,Folic acid,594,1024,300,0.2276
ACH-000958,Fulvestrant,1333,306,137,0.0912
ACH-000958,Fumaric acid,546,671,168,0.1602
ACH-000958,Furosemide,369,913,166,0.1487
ACH-000958,Fusidic acid,564,1271,314,0.2064
ACH-000958,Futibatinib,2528,847,440,0.1499
ACH-000958,GSK1059615,2525,1258,494,0.1502
ACH-000958,Gallic acid,799,1124,340,0.2148
ACH-000958,Gallic acid (hydrate),852,1853,329,0.1385
ACH-000958,Gefitinib,687,284,115,0.1343
ACH-000958,Gemcitabine,2223,1092,549,0.1985
ACH-000958,Gemfibrozil,470,1777,227,0.1124
ACH-000958,Glycyrrhizic acid,62,385,23,0.0542
ACH-000958,Goserelin (acetate),867,1462,449,0.2388
ACH-000958,HI-TOPK-032,3022,1031,505,0.1423
ACH-000958,Harringtonine,392,6529,343,0.0521
ACH-000958,Hesperidin,42,580,31,0.0525
ACH-000958,Hexylresorcinol,815,1447,384,0.2045
ACH-000958,Homoharringtonine,7699,10083,6366,0.5576
ACH-000958,Hydroxyfasudil,2555,431,121,0.0422
ACH-000958,Hydroxyurea,12,314,6,0.0188
ACH-000958,IQ 1,1887,779,310,0.1316
ACH-000958,Idarubicin (hydrochloride),5248,9156,3934,0.3757
ACH-000958,Idoxuridine,1288,642,254,0.1516
ACH-000958,Imiquimod (hydrochloride),1119,725,168,0.1002
ACH-000958,Imiquimod (maleate),13,180,9,0.0489
ACH-000958,Indacaterol (maleate),1133,324,120,0.0898
ACH-000958,Infigratinib,1305,948,301,0.1542
ACH-000958,Ipatasertib,2504,2423,740,0.1767
ACH-000958,Irinotecan,1276,500,251,0.1646
ACH-000958,Irinotecan (hydrochloride),1155,383,145,0.1041
ACH-000958,Isocorydine,789,1134,296,0.1819
ACH-000958,Ivermectin,654,322,97,0.1104
ACH-000958,Ixazomib,1211,796,288,0.1675
ACH-000958,Ixazomib citrate,646,5113,441,0.0829
ACH-000958,L-Eflornithine (monohydrochloride),1047,537,210,0.1528
ACH-000958,L-Thyroxine (sodium salt pentahydrate),631,1455,232,0.1251
ACH-000958,LB-100,1650,385,181,0.0976
ACH-000958,LJI308,2008,684,348,0.1485
ACH-000958,LY-2584702 (tosylate salt),1876,784,347,0.15
ACH-000958,LY2090314,894,521,153,0.1212
ACH-000958,Lactate (calcium),544,751,103,0.0864
ACH-000958,Lapatinib ditosylate,1482,414,181,0.1055
ACH-000958,Larotrectinib,661,1513,255,0.1329
ACH-000958,Lenalidomide (hemihydrate),356,1314,152,0.1001
ACH-000958,Levobupivacaine (hydrochloride),19,349,18,0.0514
ACH-000958,Lidocaine (hydrochloride),1016,2022,422,0.1613
ACH-000958,Ligustrazine,20,597,16,0.0266
ACH-000958,Lipoic acid,565,779,217,0.1925
ACH-000958,Lonafarnib,2486,621,226,0.0784
ACH-000958,Loperamide (hydrochloride),869,461,151,0.1281
ACH-000958,Lopinavir,939,741,276,0.1966
ACH-000958,Lucanthone,699,512,186,0.1815
ACH-000958,Lumateperone (tosylate),532,1159,277,0.1959
ACH-000958,MK-3903,2130,1166,437,0.1529
ACH-000958,MK-8353,1885,447,240,0.1147
ACH-000958,ML264,2272,925,382,0.1357
ACH-000958,Macitentan,20,217,11,0.0487
ACH-000958,Malotilate,1710,1271,567,0.2349
ACH-000958,Mebendazole,32,772,22,0.0281
ACH-000958,Medroxyprogesterone acetate,589,1587,230,0.1182
ACH-000958,Megestrol,810,1118,206,0.1196
ACH-000958,Meloxicam,653,279,78,0.0913
ACH-000958,Menadione,40,316,22,0.0659
ACH-000958,Methotrexate,544,498,125,0.1363
ACH-000958,Methyl aminolevulinate (hydrochloride),938,574,205,0.1568
ACH-000958,Methylprednisolone succinate,2708,131,77,0.0279
ACH-000958,Methylthiouracil,407,320,92,0.1449
ACH-000958,Mifepristone,40,392,27,0.0667
ACH-000958,Minodronic acid,1477,840,362,0.1852
ACH-000958,Mitoxantrone (dihydrochloride),1029,5305,695,0.1232
ACH-000958,Monocrotaline,10,397,8,0.0201
ACH-000958,Mozavaptan,30,399,23,0.0567
ACH-000958,NG25,1096,1535,402,0.1803
ACH-000958,NVP-BHG712,2372,964,345,0.1153
ACH-000958,Nafamostat (mesylate),1045,410,122,0.0915
ACH-000958,Naproxen,258,358,79,0.1471
ACH-000958,Neratinib,373,1304,143,0.0932
ACH-000958,Neratinib (maleate),1126,3884,759,0.1785
ACH-000958,Nevirapine,41,413,31,0.0733
ACH-000958,Niclosamide (olamine),47,2463,38,0.0154
ACH-000958,Norepinephrine (hydrochloride),482,1459,226,0.1318
ACH-000958,OTS514,1303,652,235,0.1366
ACH-000958,Olanzapine,691,1701,382,0.19
ACH-000958,Oleic acid,1463,485,227,0.1319
ACH-000958,Omeprazole,388,375,89,0.132
ACH-000958,Omeprazole (sodium),696,340,78,0.0814
ACH-000958,Orlistat,61,358,33,0.0855
ACH-000958,Osimertinib (mesylate),726,1025,228,0.1497
ACH-000958,Ouabain (Octahydrate),2588,6394,1971,0.2811
ACH-000958,Oxaliplatin,2034,1105,558,0.2162
ACH-000958,Oxaprozin,1150,532,163,0.1073
ACH-000958,PF-06260933,2201,902,358,0.1304
ACH-000958,PH-797804,2110,3378,862,0.1863
ACH-000958,Paclitaxel,1730,1858,475,0.1526
ACH-000958,Palmatine (chloride),735,1395,250,0.133
ACH-000958,Panobinostat,3800,7656,3052,0.3632
ACH-000958,Pasireotide (acetate),801,1431,314,0.1637
ACH-000958,Pemetrexed,32,506,26,0.0508
ACH-000958,Pemigatinib,408,393,47,0.0623
ACH-000958,Penfluridol,18,358,16,0.0444
ACH-000958,Pentagastrin,536,1658,288,0.1511
ACH-000958,Pentamidine (isethionate),847,1728,323,0.1434
ACH-000958,Pentoxifylline,1283,1158,384,0.1867
ACH-000958,Peretinoin,144,1216,120,0.0968
ACH-000958,Perindopril (erbumine),288,147,47,0.1211
ACH-000958,Pexidartinib (hydrochloride),101,472,64,0.1257
ACH-000958,Phenylephrine (hydrochloride),1054,318,130,0.1047
ACH-000958,Phenytoin (sodium),34,209,24,0.1096
ACH-000958,Pimitespib,2125,323,148,0.0643
ACH-000958,Pimozide,716,629,131,0.1079
ACH-000958,Pioglitazone,913,815,292,0.2033
ACH-000958,Piroxicam,1674,528,252,0.1292
ACH-000958,Pitavastatin (Calcium),182,2170,161,0.0735
ACH-000958,Ponatinib,994,3988,616,0.1411
ACH-000958,Posaconazole,26,801,19,0.0235
ACH-000958,Pralsetinib,1772,890,337,0.1449
ACH-000958,Pravastatin (sodium),735,423,143,0.1409
ACH-000958,Procainamide (hydrochloride),4,196,4,0.0204
ACH-000958,Proglumide,478,307,82,0.1166
ACH-000958,Pyridoxine,425,1619,211,0.1151
ACH-000958,Pyridoxine (hydrochloride),1259,938,382,0.2105
ACH-000958,Quinestrol,674,1399,335,0.1928
ACH-000958,Quinidine (15% dihydroquinidine),23,441,17,0.038
ACH-000958,RMC-6236,1788,1818,521,0.1689
ACH-000958,Radotinib,731,1509,352,0.1864
ACH-000958,Ralimetinib dimesylate,2328,244,157,0.065
ACH-000958,Raltitrexed,587,1735,324,0.1622
ACH-000958,Ranolazine,480,537,125,0.1401
ACH-000958,Rapamycin,810,1980,406,0.1703
ACH-000958,Regorafenib,2139,432,230,0.0982
ACH-000958,Relugolix,622,1049,286,0.2065
ACH-000958,Resveratrol,702,1538,266,0.1348
ACH-000958,Retinoic acid,1195,1291,342,0.1595
ACH-000958,Rifaximin,11,211,10,0.0472
ACH-000958,Riluzole hydrochloride,1094,2282,573,0.2044
ACH-000958,Rimonabant,661,1223,319,0.2038
ACH-000958,Ritonavir,450,1585,182,0.0982
ACH-000958,Ropivacaine (hydrochloride monohydrate),746,1481,340,0.1802
ACH-000958,Rosiglitazone,42,404,28,0.067
ACH-000958,Roxadustat,48,1009,43,0.0424
ACH-000958,Rucaparib (phosphate),43,275,20,0.0671
ACH-000958,Rutin (trihydrate),402,349,112,0.1753
ACH-000958,S-Adenosyl-L-methionine (disulfate tosylate),868,2093,513,0.2096
ACH-000958,SBI-0640756,3908,662,59,0.0131
ACH-000958,Sacubitril/Valsartan,57,585,44,0.0736
ACH-000958,Salicylic acid,647,1588,306,0.1586
ACH-000958,Sapanisertib,3567,1746,853,0.1913
ACH-000958,Saquinavir,530,1717,201,0.0982
ACH-000958,Selinexor ,2300,4125,1328,0.2605
ACH-000958,Sildenafil,23,573,19,0.0329
ACH-000958,Silodosin,13,174,9,0.0506
ACH-000958,Simotinib,4,113,3,0.0263
ACH-000958,Sinomenine,565,930,214,0.1671
ACH-000958,Sivelestat (sodium tetrahydrate),28,1086,25,0.023
ACH-000958,Sodium Salicylate,870,1640,396,0.1873
ACH-000958,Sonidegib,2920,346,134,0.0428
ACH-000958,Sulfatinib,12,310,8,0.0255
ACH-000958,Sulfisoxazole,1042,1766,358,0.1461
ACH-000958,Sunitinib,1154,1129,305,0.1542
ACH-000958,TAK-733,1405,1617,451,0.1754
ACH-000958,TAK-901,2437,5545,1415,0.2155
ACH-000958,Tadalafil,13,668,13,0.0195
ACH-000958,Talc,1121,269,112,0.0876
ACH-000958,Tazarotene,1067,623,224,0.1528
ACH-000958,Temsirolimus,922,1599,336,0.1538
ACH-000958,Temuterkib,2456,872,355,0.1194
ACH-000958,Terfenadine,1227,1785,470,0.1849
ACH-000958,Tetracycline (hydrochloride),6,597,5,0.0084
ACH-000958,Thymol,469,995,168,0.1296
ACH-000958,Thymopentin,24,465,19,0.0404
ACH-000958,Tirabrutinib,451,447,164,0.2234
ACH-000958,Tirabrutinib (hydrochloride),1354,622,249,0.1442
ACH-000958,Tofacitinib,582,1699,238,0.1165
ACH-000958,Tofacitinib (citrate),837,1618,363,0.1735
ACH-000958,Tolcapone,581,2006,339,0.1508
ACH-000958,Tolmetin,55,282,40,0.1347
ACH-000958,Tomivosertib,2377,600,304,0.1137
ACH-000958,Topotecan (hydrochloride),527,1635,234,0.1214
ACH-000958,Torkinib,2174,842,353,0.1326
ACH-000958,Trametinib,3808,2700,1414,0.2776
ACH-000958,Trametinib (DMSO_TF solvate),994,1419,466,0.2393
ACH-000958,Tranilast,10,363,9,0.0247
ACH-000958,Triamcinolone,1019,1764,463,0.1996
ACH-000958,Triclosan,507,1327,250,0.1578
ACH-000958,Trifluridine,482,1860,201,0.0939
ACH-000958,Trimetrexate,627,1766,266,0.1251
ACH-000958,Tubulin inhibitor 6,1397,497,239,0.1444
ACH-000958,Tucatinib,1748,615,341,0.1686
ACH-000958,Tucidinostat,1107,5605,832,0.1415
ACH-000958,ULK-101,2427,578,215,0.0771
ACH-000958,Uridine,442,425,125,0.1685
ACH-000958,Valdecoxib,509,597,140,0.1449
ACH-000958,Vandetanib,1000,656,209,0.1444
ACH-000958,Vemurafenib,1484,528,211,0.1172
ACH-000958,Verapamil,20,257,11,0.0414
ACH-000958,Verteporfin,32,726,24,0.0327
ACH-000958,Vilanterol,534,1515,272,0.1531
ACH-000958,Vinblastine (sulfate),868,2474,501,0.1763
ACH-000958,Vismodegib,447,298,79,0.1186
ACH-000958,Vitamin K4,909,404,138,0.1174
ACH-000958,Volasertib,1856,379,181,0.0881
ACH-000958,Voriconazole,827,364,127,0.1194
ACH-000958,Vortioxetine,1118,659,226,0.1457
ACH-000958,XRK3F2,2159,669,314,0.1249
ACH-000958,Zileuton,853,245,108,0.1091
ACH-000958,c-Kit-IN-1,4379,671,565,0.126
ACH-000958,crizotinib,30,675,24,0.0352
ACH-000958,olaparib,1455,135,46,0.0298
ACH-000958,palbociclib,1938,849,340,0.1389
ACH-000958,venetoclax,2132,1465,600,0.2002
ACH-000958,vincristine,2414,851,407,0.1424
ACH-000958,γ-Oryzanol,483,259,58,0.0848
ACH-000997,(R)-Verapamil (hydrochloride),296,1437,135,0.0845
ACH-000997,(S)-Crizotinib,328,657,123,0.1427
ACH-000997,18β-Glycyrrhetinic acid,260,1247,109,0.078
ACH-000997,4EGI-1,1202,461,207,0.1422
ACH-000997,5-Azacytidine,680,1867,271,0.1191
ACH-000997,5-Fluorouracil,717,871,225,0.1651
ACH-000997,8-Hydroxyquinoline,422,1548,211,0.12
ACH-000997,9-ING-41,2320,553,244,0.0928
ACH-000997,APTO-253,1826,237,104,0.0531
ACH-000997,AT7519,825,361,156,0.1515
ACH-000997,AZD-7648,2384,618,292,0.1077
ACH-000997,AZD-8055,1720,546,237,0.1168
ACH-000997,AZD1390,1329,620,201,0.115
ACH-000997,AZD2858,938,517,96,0.0706
ACH-000997,Abemaciclib,2888,338,253,0.0851
ACH-000997,Abiraterone acetate,984,1290,291,0.1467
ACH-000997,Acetazolamide,1647,857,307,0.1397
ACH-000997,Acetohexamide,374,1437,172,0.1049
ACH-000997,Adagrasib,1436,1395,483,0.2057
ACH-000997,Adenine,461,1212,230,0.1594
ACH-000997,Adenosine,395,2233,259,0.1093
ACH-000997,Afatinib,1758,2799,724,0.1889
ACH-000997,Aliskiren,404,922,153,0.1304
ACH-000997,Allantoin,825,1829,311,0.1327
ACH-000997,Allopurinol,1758,1026,444,0.1897
ACH-000997,Almonertinib (hydrochloride),475,1800,192,0.0922
ACH-000997,Almonertinib (mesylate),902,1242,279,0.1496
ACH-000997,Alpelisib,1356,681,264,0.1489
ACH-000997,Altretamine,64,378,37,0.0914
ACH-000997,Amsacrine,502,2089,286,0.1241
ACH-000997,Anastrozole,754,554,162,0.1414
ACH-000997,Anethole trithione,982,1765,531,0.2396
ACH-000997,Apalutamide,17,790,10,0.0125
ACH-000997,Aprepitant,1833,699,311,0.14
ACH-000997,Arbutin,117,574,77,0.1254
ACH-000997,Artemether,1083,1237,365,0.1867
ACH-000997,Artesunate,959,3351,610,0.1649
ACH-000997,Asciminib,2004,1027,404,0.1538
ACH-000997,Aspirin,833,695,196,0.1471
ACH-000997,Ataluren,859,491,127,0.1038
ACH-000997,Atazanavir (sulfate),940,1223,369,0.2057
ACH-000997,Auranofin,820,6625,571,0.0831
ACH-000997,Azithromycin (hydrate),464,1150,168,0.1162
ACH-000997,BAY1125976,1699,1992,453,0.1399
ACH-000997,BI-3406,1955,636,341,0.1516
ACH-000997,BI-78D3,2822,423,213,0.0703
ACH-000997,Baicalin,384,1960,244,0.1162
ACH-000997,Balsalazide (sodium hydrate),533,1646,297,0.1578
ACH-000997,Belinostat,961,7860,736,0.091
ACH-000997,Belumosudil,836,946,207,0.1314
ACH-000997,Belumosudil (mesylate),1449,404,159,0.0939
ACH-000997,Belzutifan,975,534,90,0.0634
ACH-000997,Bendamustine,57,355,32,0.0842
ACH-000997,Benproperine (phosphate),370,740,132,0.135
ACH-000997,Bentamapimod,1820,389,169,0.0828
ACH-000997,Benztropine (mesylate),637,526,103,0.0972
ACH-000997,Berbamine,917,1221,300,0.1632
ACH-000997,Berbamine (dihydrochloride),978,713,191,0.1273
ACH-000997,Berberine (chloride hydrate),278,1469,148,0.0926
ACH-000997,Bergenin,225,1165,111,0.0868
ACH-000997,Bestatin,13,800,12,0.015
ACH-000997,Bestatin (hydrochloride),1082,729,258,0.1661
ACH-000997,Betamethasone dipropionate,98,455,38,0.0738
ACH-000997,Bexarotene,993,1138,318,0.1754
ACH-000997,Bicalutamide,566,705,143,0.1268
ACH-000997,Bimatoprost,445,2245,230,0.0935
ACH-000997,Bimiralisib,2168,1859,560,0.1615
ACH-000997,Binimetinib,3481,3004,1374,0.2688
ACH-000997,Bisoprolol (hemifumarate),187,1099,116,0.0991
ACH-000997,Bortezomib,3658,3793,1797,0.3178
ACH-000997,Bosentan (hydrate),120,1376,92,0.0655
ACH-000997,Brimonidine,416,794,114,0.104
ACH-000997,Brivudine,1692,1219,381,0.1506
ACH-000997,Budesonide,1393,1059,300,0.1394
ACH-000997,Busulfan,514,1288,171,0.1048
ACH-000997,CP21R7,1714,334,125,0.065
ACH-000997,Cabozantinib (S-malate),758,1412,249,0.1296
ACH-000997,Canagliflozin,147,579,68,0.1033
ACH-000997,Canagliflozin (hemihydrate),805,820,172,0.1184
ACH-000997,Capivasertib,1119,419,170,0.1243
ACH-000997,Capmatinib,1411,469,186,0.1098
ACH-000997,Captopril,1076,726,238,0.1522
ACH-000997,Carbamazepine,1097,1548,380,0.1678
ACH-000997,Celecoxib,2198,468,172,0.069
ACH-000997,Cepharanthine,610,1541,294,0.1583
ACH-000997,Chlorhexidine (diacetate),1030,1996,397,0.151
ACH-000997,Ciclopirox,267,1453,102,0.063
ACH-000997,Cilostazol,238,1260,132,0.0966
ACH-000997,Cinacalcet,1013,940,260,0.1536
ACH-000997,Citalopram (hydrobromide),670,597,158,0.1425
ACH-000997,Clobetasol propionate,1138,666,204,0.1275
ACH-000997,Clofarabine,45,658,24,0.0353
ACH-000997,Clonidine (hydrochloride),674,1991,453,0.2048
ACH-000997,Clopidogrel,1689,833,348,0.1601
ACH-000997,Clotrimazole,296,1463,149,0.0925
ACH-000997,Cloxacillin (sodium),402,1031,190,0.1529
ACH-000997,Cobimetinib,96,1493,58,0.0379
ACH-000997,Crizotinib (hydrochloride),1577,2388,706,0.2166
ACH-000997,Cyclosporin A,1703,1697,657,0.2395
ACH-000997,Cysteamine (hydrochloride),195,1252,99,0.0734
ACH-000997,Cytarabine,837,1013,232,0.1434
ACH-000997,Cytarabine (hydrochloride),171,856,98,0.1055
ACH-000997,DT-061,1074,385,134,0.1011
ACH-000997,DTP3,2143,248,87,0.0378
ACH-000997,Dabrafenib,1508,1682,422,0.1525
ACH-000997,Daidzin,912,950,205,0.1237
ACH-000997,Dapagliflozin,621,634,168,0.1546
ACH-000997,"Dapagliflozin ((2S)-1,2-propanediol, hydrate)",133,791,53,0.0608
ACH-000997,Darinaparsin,471,2091,241,0.1038
ACH-000997,Darolutamide,1249,1264,423,0.2024
ACH-000997,Decitabine,370,1715,216,0.1156
ACH-000997,Delamanid,1170,1390,467,0.2231
ACH-000997,Demeclocycline,356,1121,158,0.1198
ACH-000997,Dexamethasone,586,642,173,0.164
ACH-000997,Dexmedetomidine,61,871,43,0.0484
ACH-000997,Diammonium Glycyrrhizinate,306,1551,131,0.0759
ACH-000997,Digitoxin,1238,5545,872,0.1475
ACH-000997,Dihydroartemisinin,338,2402,181,0.0707
ACH-000997,Dimethyl fumarate,34,927,26,0.0278
ACH-000997,Dinaciclib,1002,3747,634,0.1541
ACH-000997,Diphenhydramine,728,906,301,0.2258
ACH-000997,Docetaxel,1973,1927,623,0.1901
ACH-000997,Docetaxel (Trihydrate),33,1442,24,0.0165
ACH-000997,Dorzolamide (hydrochloride),89,1049,66,0.0616
ACH-000997,Doxorubicin (hydrochloride),138,1528,87,0.0551
ACH-000997,Doxycycline (monohydrate),101,569,51,0.0824
ACH-000997,Drospirenone,1540,1856,553,0.1945
ACH-000997,ERK5-IN-2,2194,1461,492,0.1555
ACH-000997,ETC-206,1341,352,148,0.0958
ACH-000997,EX229,2856,1024,510,0.1513
ACH-000997,Econazole,1221,507,183,0.1184
ACH-000997,Elagolix sodium,521,1921,250,0.1141
ACH-000997,Elimusertib hydrochloride,2169,1498,565,0.1821
ACH-000997,Encorafenib,4869,1402,47,0.0076
ACH-000997,Entecavir (monohydrate),21,566,15,0.0262
ACH-000997,Entrectinib,974,1352,267,0.1297
ACH-000997,Epirubicin (hydrochloride),36,1369,22,0.0159
ACH-000997,Eplerenone,47,460,33,0.0696
ACH-000997,Erdafitinib ,3087,329,19,0.0056
ACH-000997,Erlotinib,417,930,184,0.1582
ACH-000997,Erythromycin,422,895,110,0.0911
ACH-000997,Esmolol (hydrochloride),645,1047,185,0.1228
ACH-000997,Estrone sulfate (potassium),1324,1343,342,0.1471
ACH-000997,Everolimus,994,396,135,0.1076
ACH-000997,Fedratinib (hydrochloride hydrate),1129,1500,370,0.1638
ACH-000997,Fenofibrate,532,348,118,0.1549
ACH-000997,Ferulic acid,165,1069,103,0.0911
ACH-000997,Filgotinib,487,1395,210,0.1256
ACH-000997,Finasteride,66,560,40,0.0683
ACH-000997,Fingolimod (hydrochloride),533,1134,179,0.1203
ACH-000997,Flumatinib (mesylate),912,1222,315,0.1732
ACH-000997,Flutamide,807,1389,226,0.1147
ACH-000997,Fluvoxamine,108,1197,73,0.0593
ACH-000997,Fluvoxamine (maleate),328,1874,206,0.1032
ACH-000997,Folic acid,325,1018,186,0.1608
ACH-000997,Fulvestrant,1335,789,245,0.1304
ACH-000997,Fumaric acid,1204,1785,415,0.1612
ACH-000997,Furosemide,169,1011,75,0.0679
ACH-000997,Fusidic acid,301,1226,158,0.1154
ACH-000997,Futibatinib,1874,532,223,0.1022
ACH-000997,GSK1059615,1865,1271,381,0.1383
ACH-000997,Gallic acid,464,1251,228,0.1533
ACH-000997,Gallic acid (hydrate),522,1653,187,0.0941
ACH-000997,Gefitinib,525,704,110,0.0983
ACH-000997,Gemcitabine,1240,432,207,0.1413
ACH-000997,Gemfibrozil,299,1504,151,0.0914
ACH-000997,Glycyrrhizic acid,191,545,61,0.0904
ACH-000997,Goserelin (acetate),517,1808,312,0.155
ACH-000997,HI-TOPK-032,2924,847,366,0.1075
ACH-000997,Harringtonine,291,6092,238,0.0387
ACH-000997,Hesperidin,148,549,73,0.117
ACH-000997,Hexylresorcinol,343,1645,202,0.1131
ACH-000997,Homoharringtonine,6356,9450,5092,0.4753
ACH-000997,Hydroxyfasudil,2263,445,91,0.0348
ACH-000997,Hydroxyurea,47,552,24,0.0417
ACH-000997,IQ 1,1461,649,213,0.1123
ACH-000997,Idarubicin (hydrochloride),4899,9795,4081,0.3845
ACH-000997,Idoxuridine,1205,971,357,0.1963
ACH-000997,Imiquimod (hydrochloride),978,1290,241,0.1189
ACH-000997,Imiquimod (maleate),58,439,25,0.053
ACH-000997,Indacaterol (maleate),1655,509,209,0.1069
ACH-000997,Infigratinib,1281,984,305,0.1556
ACH-000997,Ipatasertib,1526,452,174,0.0965
ACH-000997,Irinotecan,1143,498,204,0.142
ACH-000997,Irinotecan (hydrochloride),2028,900,303,0.1154
ACH-000997,Isocorydine,497,1095,184,0.1307
ACH-000997,Ivermectin,557,684,146,0.1333
ACH-000997,Ixazomib,989,610,248,0.1836
ACH-000997,Ixazomib citrate,782,7233,577,0.0776
ACH-000997,L-Eflornithine (monohydrochloride),1152,972,274,0.1481
ACH-000997,L-Thyroxine (sodium salt pentahydrate),463,1175,152,0.1023
ACH-000997,LB-100,1130,228,80,0.0626
ACH-000997,LJI308,2017,683,332,0.1402
ACH-000997,LY-2584702 (tosylate salt),1842,465,199,0.0944
ACH-000997,LY2090314,701,380,104,0.1064
ACH-000997,Lactate (calcium),959,1651,313,0.1363
ACH-000997,Lapatinib ditosylate,1161,436,149,0.1029
ACH-000997,Larotrectinib,451,1723,191,0.0963
ACH-000997,Lenalidomide (hemihydrate),169,1314,70,0.0495
ACH-000997,Levobupivacaine (hydrochloride),156,541,86,0.1408
ACH-000997,Lidocaine (hydrochloride),834,1872,332,0.1398
ACH-000997,Ligustrazine,81,606,52,0.0819
ACH-000997,Lipoic acid,290,984,145,0.1284
ACH-000997,Lonafarnib,865,588,143,0.1092
ACH-000997,Loperamide (hydrochloride),1126,975,259,0.1406
ACH-000997,Lopinavir,991,1394,444,0.2287
ACH-000997,Lucanthone,1188,822,322,0.1908
ACH-000997,Lumateperone (tosylate),268,1235,137,0.1003
ACH-000997,MK-3903,1645,942,270,0.1165
ACH-000997,MK-8353,1104,387,146,0.1086
ACH-000997,ML264,1789,691,249,0.1116
ACH-000997,Macitentan,33,301,14,0.0438
ACH-000997,Malotilate,2086,2317,932,0.2685
ACH-000997,Mebendazole,100,1484,75,0.0497
ACH-000997,Medroxyprogesterone acetate,391,1734,155,0.0787
ACH-000997,Megestrol,324,1424,130,0.0803
ACH-000997,Meloxicam,975,685,205,0.1409
ACH-000997,Menadione,90,573,51,0.0833
ACH-000997,Methotrexate,708,1184,231,0.1391
ACH-000997,Methyl aminolevulinate (hydrochloride),1074,1035,324,0.1815
ACH-000997,Methylprednisolone succinate,2483,62,22,0.0087
ACH-000997,Methylthiouracil,478,916,160,0.1297
ACH-000997,Mifepristone,91,973,65,0.0651
ACH-000997,Minodronic acid,1294,671,252,0.1471
ACH-000997,Mitoxantrone (dihydrochloride),651,3589,406,0.1059
ACH-000997,Monocrotaline,81,562,46,0.0771
ACH-000997,Mozavaptan,87,644,48,0.0703
ACH-000997,NG25,639,804,180,0.1425
ACH-000997,NVP-BHG712,2240,775,289,0.106
ACH-000997,Nafamostat (mesylate),1249,784,183,0.0989
ACH-000997,Naproxen,431,494,111,0.1364
ACH-000997,Neratinib,532,1323,191,0.1148
ACH-000997,Neratinib (maleate),545,4194,385,0.0884
ACH-000997,Nevirapine,95,693,54,0.0736
ACH-000997,Niclosamide (olamine),103,3315,88,0.0264
ACH-000997,Norepinephrine (hydrochloride),309,1272,121,0.0829
ACH-000997,OTS514,810,648,157,0.1207
ACH-000997,Olanzapine,405,1912,224,0.107
ACH-000997,Oleic acid,1126,362,150,0.1121
ACH-000997,Omeprazole,535,1050,208,0.1511
ACH-000997,Omeprazole (sodium),868,933,184,0.1138
ACH-000997,Orlistat,63,698,43,0.0599
ACH-000997,Osimertinib (mesylate),706,1387,263,0.1437
ACH-000997,Ouabain (Octahydrate),1633,7572,1283,0.162
ACH-000997,Oxaliplatin,1657,1155,482,0.2069
ACH-000997,Oxaprozin,1425,1050,288,0.1317
ACH-000997,PF-06260933,1627,541,186,0.0938
ACH-000997,PH-797804,1447,897,215,0.101
ACH-000997,Paclitaxel,1230,1775,324,0.1209
ACH-000997,Palmatine (chloride),444,1157,139,0.0951
ACH-000997,Panobinostat,4552,10014,3833,0.3571
ACH-000997,Pasireotide (acetate),368,1701,180,0.0953
ACH-000997,Pemetrexed,129,1008,85,0.0808
ACH-000997,Pemigatinib,437,404,42,0.0526
ACH-000997,Penfluridol,89,625,46,0.0689
ACH-000997,Pentagastrin,518,2004,314,0.1422
ACH-000997,Pentamidine (isethionate),694,1613,254,0.1237
ACH-000997,Pentoxifylline,1500,2160,634,0.2095
ACH-000997,Peretinoin,158,1799,135,0.0741
ACH-000997,Perindopril (erbumine),303,386,80,0.1314
ACH-000997,Pexidartinib (hydrochloride),242,601,120,0.166
ACH-000997,Phenylephrine (hydrochloride),1127,845,262,0.1532
ACH-000997,Phenytoin (sodium),87,640,50,0.0739
ACH-000997,Pimitespib,1719,271,144,0.078
ACH-000997,Pimozide,736,1336,230,0.1249
ACH-000997,Pioglitazone,1100,1105,367,0.1997
ACH-000997,Piroxicam,1867,1117,493,0.1979
ACH-000997,Pitavastatin (Calcium),173,1858,114,0.0595
ACH-000997,Ponatinib,707,3424,333,0.0877
ACH-000997,Posaconazole,52,983,41,0.0412
ACH-000997,Pralsetinib,1489,945,316,0.1492
ACH-000997,Pravastatin (sodium),1023,1057,285,0.1588
ACH-000997,Procainamide (hydrochloride),49,230,28,0.1116
ACH-000997,Proglumide,501,535,116,0.1261
ACH-000997,Pyridoxine,322,1975,155,0.0724
ACH-000997,Pyridoxine (hydrochloride),799,879,304,0.2213
ACH-000997,Quinestrol,436,1447,242,0.1475
ACH-000997,Quinidine (15% dihydroquinidine),147,800,100,0.1181
ACH-000997,RMC-6236,1753,2239,602,0.1776
ACH-000997,Radotinib,409,1349,184,0.1169
ACH-000997,Ralimetinib dimesylate,2114,173,76,0.0344
ACH-000997,Raltitrexed,363,1926,220,0.1063
ACH-000997,Ranolazine,414,590,101,0.1118
ACH-000997,Rapamycin,609,2683,346,0.1174
ACH-000997,Regorafenib,1632,374,185,0.1016
ACH-000997,Relugolix,329,1050,194,0.1637
ACH-000997,Resveratrol,408,1725,177,0.0905
ACH-000997,Retinoic acid,439,1456,187,0.1095
ACH-000997,Rifaximin,18,292,16,0.0544
ACH-000997,Riluzole hydrochloride,854,2722,498,0.1618
ACH-000997,Rimonabant,449,1465,249,0.1495
ACH-000997,Ritonavir,254,1509,115,0.0698
ACH-000997,Ropivacaine (hydrochloride monohydrate),396,1480,198,0.118
ACH-000997,Rosiglitazone,53,486,36,0.0716
ACH-000997,Roxadustat,150,1424,108,0.0737
ACH-000997,Rucaparib (phosphate),76,441,41,0.0861
ACH-000997,Rutin (trihydrate),691,814,244,0.1935
ACH-000997,S-Adenosyl-L-methionine (disulfate tosylate),594,1816,340,0.1643
ACH-000997,SBI-0640756,401,487,26,0.0302
ACH-000997,Sacubitril/Valsartan,177,1512,131,0.0841
ACH-000997,Salicylic acid,482,1867,247,0.1175
ACH-000997,Sapanisertib,2857,1906,686,0.1683
ACH-000997,Saquinavir,317,1468,114,0.0682
ACH-000997,Selinexor ,1674,4235,1114,0.2323
ACH-000997,Sildenafil,40,859,26,0.0298
ACH-000997,Silodosin,55,219,28,0.1138
ACH-000997,Simotinib,53,195,20,0.0877
ACH-000997,Sinomenine,335,1134,157,0.1197
ACH-000997,Sivelestat (sodium tetrahydrate),132,1781,84,0.0459
ACH-000997,Sodium Salicylate,422,2129,233,0.1005
ACH-000997,Sonidegib,2636,333,95,0.0331
ACH-000997,Sulfatinib,40,347,25,0.0691
ACH-000997,Sulfisoxazole,909,1803,308,0.1281
ACH-000997,Sunitinib,1339,1831,503,0.1886
ACH-000997,TAK-733,1082,1642,350,0.1474
ACH-000997,TAK-901,2436,4792,1170,0.1931
ACH-000997,Tadalafil,36,1051,30,0.0284
ACH-000997,Talc,954,454,134,0.1052
ACH-000997,Tazarotene,1359,1282,413,0.1854
ACH-000997,Temsirolimus,599,1611,225,0.1134
ACH-000997,Temuterkib,2387,650,242,0.0866
ACH-000997,Terfenadine,1247,1535,344,0.1411
ACH-000997,Tetracycline (hydrochloride),41,787,32,0.0402
ACH-000997,Thymol,473,1058,127,0.0905
ACH-000997,Thymopentin,75,861,47,0.0529
ACH-000997,Tirabrutinib,868,1127,361,0.2209
ACH-000997,Tirabrutinib (hydrochloride),1628,1272,388,0.1545
ACH-000997,Tofacitinib,376,1777,151,0.0754
ACH-000997,Tofacitinib (citrate),354,1755,188,0.0979
ACH-000997,Tolcapone,294,1913,173,0.0851
ACH-000997,Tolmetin,60,580,44,0.0738
ACH-000997,Tomivosertib,1992,501,222,0.0978
ACH-000997,Topotecan (hydrochloride),981,4474,573,0.1174
ACH-000997,Torkinib,1837,632,238,0.1067
ACH-000997,Trametinib,3796,3626,1680,0.2926
ACH-000997,Trametinib (DMSO_TF solvate),1427,1827,639,0.2444
ACH-000997,Tranilast,38,561,29,0.0509
ACH-000997,Triamcinolone,700,1949,380,0.1675
ACH-000997,Triclosan,232,1937,145,0.0716
ACH-000997,Trifluridine,169,1619,92,0.0542
ACH-000997,Trimetrexate,355,1647,131,0.07
ACH-000997,Tubulin inhibitor 6,1239,375,172,0.1193
ACH-000997,Tucatinib,1162,558,221,0.1474
ACH-000997,Tucidinostat,620,5179,466,0.0874
ACH-000997,ULK-101,1781,629,176,0.0788
ACH-000997,Uridine,457,949,176,0.1431
ACH-000997,Valdecoxib,676,822,182,0.1383
ACH-000997,Vandetanib,1042,1476,322,0.1466
ACH-000997,Vemurafenib,1156,626,211,0.1343
ACH-000997,Verapamil,69,500,40,0.0756
ACH-000997,Verteporfin,111,1428,79,0.0541
ACH-000997,Vilanterol,254,1148,105,0.081
ACH-000997,Vinblastine (sulfate),313,2788,230,0.0801
ACH-000997,Vismodegib,329,539,77,0.0973
ACH-000997,Vitamin K4,1110,883,279,0.1628
ACH-000997,Volasertib,1234,282,129,0.093
ACH-000997,Voriconazole,1103,789,248,0.1509
ACH-000997,Vortioxetine,1321,1196,425,0.2032
ACH-000997,XRK3F2,1840,647,230,0.1019
ACH-000997,Zileuton,918,639,185,0.1348
ACH-000997,c-Kit-IN-1,3504,370,243,0.0669
ACH-000997,crizotinib,45,1161,35,0.0299
ACH-000997,olaparib,1486,268,52,0.0306
ACH-000997,palbociclib,1813,725,251,0.1098
ACH-000997,venetoclax,1568,959,370,0.1715
ACH-000997,vincristine,2590,654,363,0.126
ACH-000997,γ-Oryzanol,451,407,88,0.1143
ACH-001021,(R)-Verapamil (hydrochloride),702,1661,274,0.1312
ACH-001021,(S)-Crizotinib,59,262,31,0.1069
ACH-001021,18β-Glycyrrhetinic acid,545,1295,217,0.1337
ACH-001021,4EGI-1,1945,717,387,0.1701
ACH-001021,5-Azacytidine,309,1020,132,0.1103
ACH-001021,5-Fluorouracil,329,305,82,0.1486
ACH-001021,8-Hydroxyquinoline,901,2233,470,0.1764
ACH-001021,9-ING-41,2940,1403,610,0.1634
ACH-001021,APTO-253,2165,806,300,0.1123
ACH-001021,AT7519,1179,496,262,0.1854
ACH-001021,AZD-7648,2627,1038,460,0.1435
ACH-001021,AZD-8055,2161,1126,460,0.1627
ACH-001021,AZD1390,1685,1216,387,0.1539
ACH-001021,AZD2858,969,923,174,0.1013
ACH-001021,Abemaciclib,3047,836,594,0.1806
ACH-001021,Abiraterone acetate,721,505,146,0.1352
ACH-001021,Acetazolamide,560,558,133,0.135
ACH-001021,Acetohexamide,700,1575,297,0.1502
ACH-001021,Adagrasib,1764,1305,594,0.24
ACH-001021,Adenine,985,1658,514,0.2414
ACH-001021,Adenosine,760,2393,468,0.1743
ACH-001021,Afatinib,1599,2968,685,0.1765
ACH-001021,Aliskiren,714,1476,326,0.1749
ACH-001021,Allantoin,1514,2238,671,0.2178
ACH-001021,Allopurinol,782,603,228,0.1971
ACH-001021,Almonertinib (hydrochloride),1007,1595,378,0.17
ACH-001021,Almonertinib (mesylate),344,639,106,0.1209
ACH-001021,Alpelisib,1589,896,378,0.1794
ACH-001021,Altretamine,62,190,29,0.13
ACH-001021,Amsacrine,816,1955,437,0.1872
ACH-001021,Anastrozole,1216,964,387,0.2158
ACH-001021,Anethole trithione,1588,2674,953,0.288
ACH-001021,Apalutamide,37,307,14,0.0424
ACH-001021,Aprepitant,579,438,139,0.1583
ACH-001021,Arbutin,89,333,50,0.1344
ACH-001021,Artemether,392,674,145,0.1574
ACH-001021,Artesunate,1407,2121,741,0.2659
ACH-001021,Asciminib,743,784,247,0.193
ACH-001021,Aspirin,422,355,104,0.1545
ACH-001021,Ataluren,461,374,93,0.1253
ACH-001021,Atazanavir (sulfate),538,724,197,0.185
ACH-001021,Auranofin,343,3585,190,0.0508
ACH-001021,Azithromycin (hydrate),639,1432,267,0.148
ACH-001021,BAY1125976,2116,3537,919,0.1941
ACH-001021,BI-3406,2695,1249,646,0.1959
ACH-001021,BI-78D3,2974,916,433,0.1253
ACH-001021,Baicalin,765,1855,432,0.1974
ACH-001021,Balsalazide (sodium hydrate),826,1731,475,0.2281
ACH-001021,Belinostat,553,5997,404,0.0657
ACH-001021,Belumosudil,350,526,96,0.1231
ACH-001021,Belumosudil (mesylate),1689,678,268,0.1277
ACH-001021,Belzutifan,1473,870,252,0.1205
ACH-001021,Bendamustine,88,158,34,0.1604
ACH-001021,Benproperine (phosphate),64,464,30,0.0602
ACH-001021,Bentamapimod,2015,989,373,0.1418
ACH-001021,Benztropine (mesylate),402,247,64,0.1094
ACH-001021,Berbamine,1126,1579,408,0.1776
ACH-001021,Berbamine (dihydrochloride),492,396,88,0.11
ACH-001021,Berberine (chloride hydrate),688,1962,372,0.1633
ACH-001021,Bergenin,618,1613,285,0.1465
ACH-001021,Bestatin,34,337,19,0.054
ACH-001021,Bestatin (hydrochloride),612,278,116,0.1499
ACH-001021,Betamethasone dipropionate,141,673,76,0.103
ACH-001021,Bexarotene,552,630,199,0.2024
ACH-001021,Bicalutamide,546,458,148,0.1729
ACH-001021,Bimatoprost,745,2510,357,0.1232
ACH-001021,Bimiralisib,3104,2351,919,0.2026
ACH-001021,Binimetinib,3960,3134,1752,0.328
ACH-001021,Bisoprolol (hemifumarate),180,636,89,0.1224
ACH-001021,Bortezomib,3531,4165,1873,0.3217
ACH-001021,Bosentan (hydrate),130,717,78,0.1014
ACH-001021,Brimonidine,258,208,39,0.0913
ACH-001021,Brivudine,2675,2596,991,0.2315
ACH-001021,Budesonide,1044,1038,330,0.1884
ACH-001021,Busulfan,1257,1584,393,0.1605
ACH-001021,CP21R7,1822,594,241,0.1108
ACH-001021,Cabozantinib (S-malate),592,804,144,0.115
ACH-001021,Canagliflozin,125,463,60,0.1136
ACH-001021,Canagliflozin (hemihydrate),422,417,85,0.1127
ACH-001021,Capivasertib,1030,667,220,0.149
ACH-001021,Capmatinib,1476,908,311,0.15
ACH-001021,Captopril,449,418,92,0.1187
ACH-001021,Carbamazepine,535,756,155,0.1364
ACH-001021,Celecoxib,2535,760,295,0.0983
ACH-001021,Cepharanthine,1008,1523,393,0.1838
ACH-001021,Chlorhexidine (diacetate),748,1960,430,0.1888
ACH-001021,Ciclopirox,574,1647,265,0.1355
ACH-001021,Cilostazol,57,698,39,0.0545
ACH-001021,Cinacalcet,334,511,101,0.1358
ACH-001021,Citalopram (hydrobromide),499,333,100,0.1366
ACH-001021,Clobetasol propionate,901,688,242,0.1797
ACH-001021,Clofarabine,29,317,20,0.0613
ACH-001021,Clonidine (hydrochloride),1241,2609,832,0.2757
ACH-001021,Clopidogrel,650,542,184,0.1825
ACH-001021,Clotrimazole,642,1771,305,0.1447
ACH-001021,Cloxacillin (sodium),699,1070,311,0.2133
ACH-001021,Cobimetinib,224,1783,144,0.0773
ACH-001021,Crizotinib (hydrochloride),654,1107,253,0.1678
ACH-001021,Cyclosporin A,622,894,243,0.1909
ACH-001021,Cysteamine (hydrochloride),456,1539,241,0.1374
ACH-001021,Cytarabine,324,465,84,0.1191
ACH-001021,Cytarabine (hydrochloride),124,362,61,0.1435
ACH-001021,DT-061,1367,739,269,0.1464
ACH-001021,DTP3,1911,9227,186,0.017
ACH-001021,Dabrafenib,1870,2536,711,0.1924
ACH-001021,Daidzin,419,545,128,0.1531
ACH-001021,Dapagliflozin,286,323,83,0.1578
ACH-001021,"Dapagliflozin ((2S)-1,2-propanediol, hydrate)",152,456,58,0.1055
ACH-001021,Darinaparsin,961,2291,482,0.174
ACH-001021,Darolutamide,594,899,246,0.1973
ACH-001021,Decitabine,222,1084,124,0.1049
ACH-001021,Delamanid,543,723,192,0.1788
ACH-001021,Demeclocycline,569,1467,270,0.1529
ACH-001021,Dexamethasone,547,844,252,0.2212
ACH-001021,Dexmedetomidine,29,422,21,0.0488
ACH-001021,Diammonium Glycyrrhizinate,1005,1975,393,0.1519
ACH-001021,Digitoxin,1003,5957,787,0.1275
ACH-001021,Dihydroartemisinin,278,788,113,0.1186
ACH-001021,Dimethyl fumarate,43,421,28,0.0642
ACH-001021,Dinaciclib,1681,4839,1330,0.2563
ACH-001021,Diphenhydramine,381,423,143,0.2163
ACH-001021,Docetaxel,2335,2244,839,0.2243
ACH-001021,Docetaxel (Trihydrate),29,929,22,0.0235
ACH-001021,Dorzolamide (hydrochloride),64,616,41,0.0642
ACH-001021,Doxorubicin (hydrochloride),114,1499,73,0.0474
ACH-001021,Doxycycline (monohydrate),104,633,52,0.0759
ACH-001021,Drospirenone,981,911,311,0.1967
ACH-001021,ERK5-IN-2,2339,2088,683,0.1824
ACH-001021,ETC-206,1857,611,302,0.1394
ACH-001021,EX229,3131,2026,921,0.2174
ACH-001021,Econazole,433,550,100,0.1133
ACH-001021,Elagolix sodium,1096,2123,495,0.1817
ACH-001021,Elimusertib hydrochloride,2700,2443,997,0.2405
ACH-001021,Encorafenib,9200,2322,118,0.0103
ACH-001021,Entecavir (monohydrate),12,426,11,0.0258
ACH-001021,Entrectinib,519,866,179,0.1484
ACH-001021,Epirubicin (hydrochloride),66,1051,29,0.0267
ACH-001021,Eplerenone,39,272,22,0.0761
ACH-001021,Erdafitinib ,2497,713,58,0.0184
ACH-001021,Erlotinib,97,564,53,0.0872
ACH-001021,Erythromycin,271,553,66,0.0871
ACH-001021,Esmolol (hydrochloride),372,308,71,0.1166
ACH-001021,Estrone sulfate (potassium),683,716,185,0.1524
ACH-001021,Everolimus,1234,1004,301,0.1554
ACH-001021,Fedratinib (hydrochloride hydrate),470,1014,161,0.1217
ACH-001021,Fenofibrate,210,319,69,0.15
ACH-001021,Ferulic acid,86,568,45,0.0739
ACH-001021,Filgotinib,373,1290,147,0.097
ACH-001021,Finasteride,72,374,31,0.0747
ACH-001021,Fingolimod (hydrochloride),316,750,107,0.1116
ACH-001021,Flumatinib (mesylate),519,601,168,0.1765
ACH-001021,Flutamide,365,755,121,0.1211
ACH-001021,Fluvoxamine,97,655,54,0.0774
ACH-001021,Fluvoxamine (maleate),579,1975,321,0.1438
ACH-001021,Folic acid,697,1770,402,0.1947
ACH-001021,Fulvestrant,569,444,137,0.1564
ACH-001021,Fumaric acid,445,794,156,0.144
ACH-001021,Furosemide,407,1342,210,0.1365
ACH-001021,Fusidic acid,768,1634,405,0.2028
ACH-001021,Futibatinib,1984,975,423,0.1668
ACH-001021,GSK1059615,3110,3071,1107,0.2182
ACH-001021,Gallic acid,1112,1995,565,0.2223
ACH-001021,Gallic acid (hydrate),1027,2086,389,0.1428
ACH-001021,Gefitinib,244,373,65,0.1178
ACH-001021,Gemcitabine,1546,1068,418,0.1903
ACH-001021,Gemfibrozil,717,1609,342,0.1724
ACH-001021,Glycyrrhizic acid,184,269,40,0.0969
ACH-001021,Goserelin (acetate),987,1958,536,0.2225
ACH-001021,HI-TOPK-032,3125,1507,630,0.1574
ACH-001021,Harringtonine,203,6544,171,0.026
ACH-001021,Hesperidin,164,419,75,0.1476
ACH-001021,Hexylresorcinol,855,1634,448,0.2195
ACH-001021,Homoharringtonine,8356,11652,7310,0.5757
ACH-001021,Hydroxyfasudil,2438,590,170,0.0595
ACH-001021,Hydroxyurea,74,398,26,0.0583
ACH-001021,IQ 1,1977,859,390,0.1594
ACH-001021,Idarubicin (hydrochloride),5592,9776,4418,0.4035
ACH-001021,Idoxuridine,871,620,259,0.2102
ACH-001021,Imiquimod (hydrochloride),477,803,122,0.1054
ACH-001021,Imiquimod (maleate),96,245,31,0.1
ACH-001021,Indacaterol (maleate),512,400,109,0.1357
ACH-001021,Infigratinib,1376,1542,497,0.2053
ACH-001021,Ipatasertib,2668,2233,722,0.1728
ACH-001021,Irinotecan,2067,1010,437,0.1655
ACH-001021,Irinotecan (hydrochloride),1626,444,214,0.1153
ACH-001021,Isocorydine,725,1569,385,0.2017
ACH-001021,Ivermectin,305,350,75,0.1293
ACH-001021,Ixazomib,1598,1226,493,0.2115
ACH-001021,Ixazomib citrate,372,4448,246,0.0538
ACH-001021,L-Eflornithine (monohydrochloride),562,447,128,0.1453
ACH-001021,L-Thyroxine (sodium salt pentahydrate),617,1931,258,0.1127
ACH-001021,LB-100,1400,538,222,0.1294
ACH-001021,LJI308,2076,1016,440,0.1659
ACH-001021,LY-2584702 (tosylate salt),1900,776,307,0.1296
ACH-001021,LY2090314,867,651,167,0.1236
ACH-001021,Lactate (calcium),592,568,117,0.1122
ACH-001021,Lapatinib ditosylate,1295,654,264,0.1567
ACH-001021,Larotrectinib,1093,2034,417,0.1539
ACH-001021,Lenalidomide (hemihydrate),494,1650,207,0.1069
ACH-001021,Levobupivacaine (hydrochloride),56,440,30,0.0644
ACH-001021,Lidocaine (hydrochloride),1412,2296,531,0.1671
ACH-001021,Ligustrazine,64,457,37,0.0764
ACH-001021,Lipoic acid,546,1200,290,0.1992
ACH-001021,Lonafarnib,1615,1473,490,0.1886
ACH-001021,Loperamide (hydrochloride),688,560,193,0.1829
ACH-001021,Lopinavir,465,570,147,0.1655
ACH-001021,Lucanthone,982,539,207,0.1575
ACH-001021,Lumateperone (tosylate),460,1441,258,0.157
ACH-001021,MK-3903,2055,1211,410,0.1436
ACH-001021,MK-8353,1835,661,341,0.1582
ACH-001021,ML264,1901,1103,413,0.1594
ACH-001021,Macitentan,37,332,22,0.0634
ACH-001021,Malotilate,1303,1302,531,0.256
ACH-001021,Mebendazole,60,877,43,0.0481
ACH-001021,Medroxyprogesterone acetate,814,1993,356,0.1452
ACH-001021,Megestrol,1210,1565,346,0.1424
ACH-001021,Meloxicam,551,383,118,0.1446
ACH-001021,Menadione,99,387,45,0.102
ACH-001021,Methotrexate,351,642,115,0.131
ACH-001021,Methyl aminolevulinate (hydrochloride),281,598,89,0.1127
ACH-001021,Methylprednisolone succinate,2684,54,37,0.0137
ACH-001021,Methylthiouracil,261,500,109,0.1672
ACH-001021,Mifepristone,113,328,50,0.1279
ACH-001021,Minodronic acid,1557,1143,438,0.1936
ACH-001021,Mitoxantrone (dihydrochloride),1233,6022,877,0.1375
ACH-001021,Monocrotaline,75,364,35,0.0866
ACH-001021,Mozavaptan,113,431,47,0.0946
ACH-001021,NG25,1578,2398,680,0.2063
ACH-001021,NVP-BHG712,2368,1159,423,0.1363
ACH-001021,Nafamostat (mesylate),639,332,90,0.1022
ACH-001021,Naproxen,232,369,87,0.1693
ACH-001021,Neratinib,345,696,109,0.117
ACH-001021,Neratinib (maleate),869,3207,553,0.157
ACH-001021,Nevirapine,51,471,32,0.0653
ACH-001021,Niclosamide (olamine),66,2715,55,0.0202
ACH-001021,Norepinephrine (hydrochloride),641,1924,321,0.143
ACH-001021,OTS514,1097,1040,288,0.1558
ACH-001021,Olanzapine,737,2027,399,0.1687
ACH-001021,Oleic acid,1647,772,342,0.1647
ACH-001021,Omeprazole,337,430,94,0.1397
ACH-001021,Omeprazole (sodium),288,373,71,0.1203
ACH-001021,Orlistat,104,475,51,0.0966
ACH-001021,Osimertinib (mesylate),434,941,156,0.128
ACH-001021,Ouabain (Octahydrate),1692,7583,1443,0.1842
ACH-001021,Oxaliplatin,2444,1361,734,0.239
ACH-001021,Oxaprozin,525,865,165,0.1347
ACH-001021,PF-06260933,1963,9590,283,0.0251
ACH-001021,PH-797804,1898,1699,456,0.1452
ACH-001021,Paclitaxel,2307,2530,727,0.1769
ACH-001021,Palmatine (chloride),1110,1555,380,0.1663
ACH-001021,Panobinostat,4193,8169,3563,0.4049
ACH-001021,Pasireotide (acetate),1226,1967,503,0.187
ACH-001021,Pemetrexed,69,478,42,0.0832
ACH-001021,Pemigatinib,417,516,41,0.046
ACH-001021,Penfluridol,90,722,46,0.0601
ACH-001021,Pentagastrin,686,2128,401,0.1662
ACH-001021,Pentamidine (isethionate),1038,2386,563,0.1968
ACH-001021,Pentoxifylline,902,968,275,0.1724
ACH-001021,Peretinoin,152,1197,94,0.0749
ACH-001021,Perindopril (erbumine),121,209,41,0.1419
ACH-001021,Pexidartinib (hydrochloride),50,312,29,0.0871
ACH-001021,Phenylephrine (hydrochloride),533,739,183,0.168
ACH-001021,Phenytoin (sodium),104,290,37,0.1036
ACH-001021,Pimitespib,2216,805,391,0.1487
ACH-001021,Pimozide,520,678,119,0.1103
ACH-001021,Pioglitazone,535,596,157,0.1612
ACH-001021,Piroxicam,849,568,230,0.1938
ACH-001021,Pitavastatin (Calcium),93,879,51,0.0554
ACH-001021,Ponatinib,508,3529,333,0.0899
ACH-001021,Posaconazole,52,911,38,0.0411
ACH-001021,Pralsetinib,2177,1415,567,0.1874
ACH-001021,Pravastatin (sodium),643,520,167,0.1677
ACH-001021,Procainamide (hydrochloride),42,142,16,0.0952
ACH-001021,Proglumide,347,286,61,0.1066
ACH-001021,Pyridoxine,794,2148,347,0.1337
ACH-001021,Pyridoxine (hydrochloride),1608,1680,724,0.2824
ACH-001021,Quinestrol,904,2114,486,0.1919
ACH-001021,Quinidine (15% dihydroquinidine),148,569,84,0.1327
ACH-001021,RMC-6236,2460,2609,930,0.2247
ACH-001021,Radotinib,1200,2267,640,0.2264
ACH-001021,Ralimetinib dimesylate,2280,267,140,0.0582
ACH-001021,Raltitrexed,626,2161,381,0.1584
ACH-001021,Ranolazine,265,476,76,0.1143
ACH-001021,Rapamycin,1236,3103,735,0.2039
ACH-001021,Regorafenib,1534,909,349,0.1667
ACH-001021,Relugolix,733,1380,387,0.2242
ACH-001021,Resveratrol,874,2252,420,0.1552
ACH-001021,Retinoic acid,1317,1822,521,0.199
ACH-001021,Rifaximin,21,268,14,0.0509
ACH-001021,Riluzole hydrochloride,1624,2983,888,0.2388
ACH-001021,Rimonabant,761,1594,399,0.204
ACH-001021,Ritonavir,708,1844,297,0.1317
ACH-001021,Ropivacaine (hydrochloride monohydrate),722,1877,393,0.1782
ACH-001021,Rosiglitazone,98,482,54,0.1027
ACH-001021,Roxadustat,229,819,109,0.1161
ACH-001021,Rucaparib (phosphate),34,311,22,0.0681
ACH-001021,Rutin (trihydrate),720,313,139,0.1555
ACH-001021,S-Adenosyl-L-methionine (disulfate tosylate),953,2312,562,0.2079
ACH-001021,SBI-0640756,432,1203,58,0.0368
ACH-001021,Sacubitril/Valsartan,127,790,76,0.0904
ACH-001021,Salicylic acid,900,2207,515,0.1987
ACH-001021,Sapanisertib,3253,3378,1253,0.233
ACH-001021,Saquinavir,600,1795,256,0.1197
ACH-001021,Selinexor ,2060,4443,1349,0.2617
ACH-001021,Sildenafil,41,493,25,0.0491
ACH-001021,Silodosin,70,137,23,0.125
ACH-001021,Simotinib,66,162,19,0.0909
ACH-001021,Sinomenine,629,1330,287,0.1717
ACH-001021,Sivelestat (sodium tetrahydrate),99,1049,69,0.0639
ACH-001021,Sodium Salicylate,990,2184,508,0.1905
ACH-001021,Sonidegib,3011,4347,286,0.0404
ACH-001021,Sulfatinib,74,204,32,0.1301
ACH-001021,Sulfisoxazole,1218,1858,442,0.1678
ACH-001021,Sunitinib,493,941,158,0.1238
ACH-001021,TAK-733,1515,1738,485,0.1752
ACH-001021,TAK-901,2539,5819,1378,0.1974
ACH-001021,Tadalafil,33,732,28,0.038
ACH-001021,Talc,311,383,70,0.1122
ACH-001021,Tazarotene,467,707,172,0.1717
ACH-001021,Temsirolimus,1241,2436,624,0.2044
ACH-001021,Temuterkib,2376,1518,522,0.1548
ACH-001021,Terfenadine,1171,1903,464,0.1778
ACH-001021,Tetracycline (hydrochloride),44,507,25,0.0475
ACH-001021,Thymol,840,1200,253,0.1416
ACH-001021,Thymopentin,71,655,42,0.0614
ACH-001021,Tirabrutinib,568,631,224,0.2297
ACH-001021,Tirabrutinib (hydrochloride),911,1139,338,0.1974
ACH-001021,Tofacitinib,1090,2924,625,0.1844
ACH-001021,Tofacitinib (citrate),966,2714,553,0.1768
ACH-001021,Tolcapone,594,2115,362,0.1542
ACH-001021,Tolmetin,79,325,48,0.1348
ACH-001021,Tomivosertib,2274,908,416,0.1504
ACH-001021,Topotecan (hydrochloride),401,2936,261,0.0849
ACH-001021,Torkinib,1904,1052,370,0.1431
ACH-001021,Trametinib,4048,3613,1961,0.344
ACH-001021,Trametinib (DMSO_TF solvate),923,1712,544,0.2602
ACH-001021,Tranilast,33,419,27,0.0635
ACH-001021,Triamcinolone,1201,2829,709,0.2135
ACH-001021,Triclosan,689,1748,355,0.1705
ACH-001021,Trifluridine,423,1684,193,0.1008
ACH-001021,Trimetrexate,758,2077,376,0.1529
ACH-001021,Tubulin inhibitor 6,1262,719,293,0.1736
ACH-001021,Tucatinib,1680,1091,481,0.21
ACH-001021,Tucidinostat,1743,7890,1425,0.1736
ACH-001021,ULK-101,2328,927,338,0.1159
ACH-001021,Uridine,403,540,112,0.1348
ACH-001021,Valdecoxib,323,391,70,0.1087
ACH-001021,Vandetanib,501,665,130,0.1255
ACH-001021,Vemurafenib,1420,1165,353,0.1582
ACH-001021,Verapamil,28,301,15,0.0478
ACH-001021,Verteporfin,103,1375,63,0.0445
ACH-001021,Vilanterol,552,1470,226,0.1258
ACH-001021,Vinblastine (sulfate),1369,3900,891,0.2035
ACH-001021,Vismodegib,191,293,40,0.0901
ACH-001021,Vitamin K4,729,497,155,0.1447
ACH-001021,Volasertib,2029,778,350,0.1425
ACH-001021,Voriconazole,290,442,70,0.1057
ACH-001021,Vortioxetine,518,791,218,0.1998
ACH-001021,XRK3F2,2285,1421,493,0.1534
ACH-001021,Zileuton,440,377,115,0.1638
ACH-001021,c-Kit-IN-1,3071,9737,566,0.0462
ACH-001021,crizotinib,42,799,25,0.0306
ACH-001021,olaparib,1781,7234,117,0.0131
ACH-001021,palbociclib,1646,1263,364,0.143
ACH-001021,venetoclax,2167,1637,667,0.2126
ACH-001021,vincristine,2705,1019,463,0.142
ACH-001021,γ-Oryzanol,300,312,64,0.1168
ACH-001039,(R)-Verapamil (hydrochloride),732,1190,268,0.162
ACH-001039,(S)-Crizotinib,151,461,59,0.1067
ACH-001039,18β-Glycyrrhetinic acid,482,1327,241,0.1537
ACH-001039,4EGI-1,1509,816,379,0.1948
ACH-001039,5-Azacytidine,743,1869,312,0.1357
ACH-001039,5-Fluorouracil,609,510,144,0.1477
ACH-001039,8-Hydroxyquinoline,509,1429,263,0.157
ACH-001039,9-ING-41,3060,1380,584,0.1515
ACH-001039,APTO-253,2012,679,269,0.1111
ACH-001039,AT7519,1080,711,312,0.211
ACH-001039,AZD-7648,2427,1029,416,0.1368
ACH-001039,AZD-8055,2271,744,460,0.18
ACH-001039,AZD1390,2041,867,373,0.1471
ACH-001039,AZD2858,1210,907,222,0.1172
ACH-001039,Abemaciclib,2940,1070,622,0.1836
ACH-001039,Abiraterone acetate,696,1234,229,0.1346
ACH-001039,Acetazolamide,1175,773,243,0.1425
ACH-001039,Acetohexamide,568,1142,210,0.14
ACH-001039,Adagrasib,1440,1323,542,0.244
ACH-001039,Adenine,643,1084,325,0.2318
ACH-001039,Adenosine,776,1864,426,0.1924
ACH-001039,Afatinib,1744,1868,650,0.2194
ACH-001039,Aliskiren,536,990,257,0.2025
ACH-001039,Allantoin,925,1825,434,0.1874
ACH-001039,Allopurinol,1368,1104,352,0.166
ACH-001039,Almonertinib (hydrochloride),638,1287,270,0.1631
ACH-001039,Almonertinib (mesylate),883,1094,243,0.1401
ACH-001039,Alpelisib,1174,669,281,0.1799
ACH-001039,Altretamine,75,266,39,0.1291
ACH-001039,Amsacrine,591,1291,287,0.1799
ACH-001039,Anastrozole,1005,822,318,0.2107
ACH-001039,Anethole trithione,1121,1599,570,0.2651
ACH-001039,Apalutamide,52,547,19,0.0328
ACH-001039,Aprepitant,1231,751,287,0.1693
ACH-001039,Arbutin,123,473,62,0.1161
ACH-001039,Artemether,932,1011,289,0.1747
ACH-001039,Artesunate,1371,2180,806,0.2936
ACH-001039,Asciminib,1499,951,309,0.1443
ACH-001039,Aspirin,728,565,189,0.1712
ACH-001039,Ataluren,798,682,181,0.1393
ACH-001039,Atazanavir (sulfate),766,1009,287,0.1929
ACH-001039,Auranofin,896,5294,588,0.105
ACH-001039,Azithromycin (hydrate),505,940,202,0.1625
ACH-001039,BAY1125976,2350,1685,655,0.1938
ACH-001039,BI-3406,1678,941,444,0.2041
ACH-001039,BI-78D3,3325,1093,554,0.1434
ACH-001039,Baicalin,591,1159,332,0.2341
ACH-001039,Balsalazide (sodium hydrate),602,992,314,0.2453
ACH-001039,Belinostat,1084,6829,844,0.1194
ACH-001039,Belumosudil,765,1325,238,0.1285
ACH-001039,Belumosudil (mesylate),1939,606,280,0.1236
ACH-001039,Belzutifan,1324,759,225,0.1211
ACH-001039,Bendamustine,49,334,21,0.058
ACH-001039,Benproperine (phosphate),156,485,57,0.0976
ACH-001039,Bentamapimod,2484,1029,469,0.1541
ACH-001039,Benztropine (mesylate),638,674,147,0.1262
ACH-001039,Berbamine,1229,1463,482,0.2181
ACH-001039,Berbamine (dihydrochloride),861,659,168,0.1243
ACH-001039,Berberine (chloride hydrate),620,1905,369,0.1712
ACH-001039,Bergenin,450,1233,239,0.1655
ACH-001039,Bestatin,34,420,18,0.0413
ACH-001039,Bestatin (hydrochloride),1037,899,275,0.1656
ACH-001039,Betamethasone dipropionate,121,381,45,0.0985
ACH-001039,Bexarotene,899,1181,365,0.2128
ACH-001039,Bicalutamide,520,696,164,0.1559
ACH-001039,Bimatoprost,672,1674,296,0.1444
ACH-001039,Bimiralisib,2475,1433,533,0.1579
ACH-001039,Binimetinib,3279,2758,1292,0.2723
ACH-001039,Bisoprolol (hemifumarate),235,899,107,0.1042
ACH-001039,Bortezomib,4436,5561,2915,0.4116
ACH-001039,Bosentan (hydrate),91,919,46,0.0477
ACH-001039,Brimonidine,466,708,104,0.0972
ACH-001039,Brivudine,2389,2168,773,0.2043
ACH-001039,Budesonide,1195,960,251,0.1318
ACH-001039,Busulfan,882,1237,308,0.1701
ACH-001039,CP21R7,1614,641,242,0.1202
ACH-001039,Cabozantinib (S-malate),735,1517,325,0.1687
ACH-001039,Canagliflozin,141,668,64,0.0859
ACH-001039,Canagliflozin (hemihydrate),902,829,188,0.1218
ACH-001039,Capivasertib,1057,551,220,0.1585
ACH-001039,Capmatinib,1699,818,367,0.1707
ACH-001039,Captopril,1125,579,237,0.1616
ACH-001039,Carbamazepine,912,1664,345,0.1546
ACH-001039,Celecoxib,2362,654,240,0.0865
ACH-001039,Cepharanthine,905,1517,404,0.2002
ACH-001039,Chlorhexidine (diacetate),1129,1715,521,0.2243
ACH-001039,Ciclopirox,521,1642,287,0.153
ACH-001039,Cilostazol,219,875,120,0.1232
ACH-001039,Cinacalcet,713,713,180,0.1445
ACH-001039,Citalopram (hydrobromide),830,711,190,0.1406
ACH-001039,Clobetasol propionate,777,864,184,0.1263
ACH-001039,Clofarabine,69,511,36,0.0662
ACH-001039,Clonidine (hydrochloride),647,1603,442,0.2445
ACH-001039,Clopidogrel,1142,796,267,0.1598
ACH-001039,Clotrimazole,613,1308,320,0.1999
ACH-001039,Cloxacillin (sodium),457,700,209,0.2205
ACH-001039,Cobimetinib,153,1676,89,0.0511
ACH-001039,Crizotinib (hydrochloride),1019,1507,428,0.204
ACH-001039,Cyclosporin A,1156,1720,476,0.1983
ACH-001039,Cysteamine (hydrochloride),489,1003,242,0.1936
ACH-001039,Cytarabine,848,653,202,0.1555
ACH-001039,Cytarabine (hydrochloride),107,498,47,0.0842
ACH-001039,DT-061,1403,772,295,0.1569
ACH-001039,DTP3,2226,5382,157,0.0211
ACH-001039,Dabrafenib,2328,2149,825,0.2259
ACH-001039,Daidzin,1127,620,203,0.1315
ACH-001039,Dapagliflozin,486,503,122,0.1407
ACH-001039,"Dapagliflozin ((2S)-1,2-propanediol, hydrate)",165,728,66,0.0798
ACH-001039,Darinaparsin,807,1724,389,0.1816
ACH-001039,Darolutamide,1051,1010,337,0.1955
ACH-001039,Decitabine,372,1821,221,0.1121
ACH-001039,Delamanid,907,1272,384,0.2139
ACH-001039,Demeclocycline,530,1020,230,0.1742
ACH-001039,Dexamethasone,511,997,199,0.152
ACH-001039,Dexmedetomidine,94,652,55,0.0796
ACH-001039,Diammonium Glycyrrhizinate,772,1600,328,0.1605
ACH-001039,Digitoxin,1218,6197,888,0.1361
ACH-001039,Dihydroartemisinin,422,1800,196,0.0967
ACH-001039,Dimethyl fumarate,51,854,30,0.0343
ACH-001039,Dinaciclib,845,2680,541,0.1813
ACH-001039,Diphenhydramine,438,768,185,0.1812
ACH-001039,Docetaxel,1716,1417,511,0.1949
ACH-001039,Docetaxel (Trihydrate),98,1395,63,0.0441
ACH-001039,Dorzolamide (hydrochloride),274,835,125,0.127
ACH-001039,Doxorubicin (hydrochloride),153,2469,104,0.0413
ACH-001039,Doxycycline (monohydrate),93,581,39,0.0614
ACH-001039,Drospirenone,1331,1507,479,0.2031
ACH-001039,ERK5-IN-2,2451,2219,759,0.1941
ACH-001039,ETC-206,1471,662,304,0.1662
ACH-001039,EX229,3276,1875,1027,0.249
ACH-001039,Econazole,1139,711,243,0.1512
ACH-001039,Elagolix sodium,676,1458,311,0.1706
ACH-001039,Elimusertib hydrochloride,2355,1798,769,0.2272
ACH-001039,Encorafenib,317,1826,69,0.0333
ACH-001039,Entecavir (monohydrate),26,743,15,0.0199
ACH-001039,Entrectinib,740,1642,286,0.1365
ACH-001039,Epirubicin (hydrochloride),76,2441,50,0.0203
ACH-001039,Eplerenone,64,286,29,0.0903
ACH-001039,Erdafitinib ,4638,819,70,0.013
ACH-001039,Erlotinib,242,724,99,0.1142
ACH-001039,Erythromycin,458,1015,149,0.1125
ACH-001039,Esmolol (hydrochloride),551,964,172,0.1281
ACH-001039,Estrone sulfate (potassium),1123,1233,297,0.1442
ACH-001039,Everolimus,1093,873,355,0.2204
ACH-001039,Fedratinib (hydrochloride hydrate),1016,1883,471,0.194
ACH-001039,Fenofibrate,294,255,69,0.1438
ACH-001039,Ferulic acid,118,898,72,0.0763
ACH-001039,Filgotinib,504,1857,270,0.1291
ACH-001039,Finasteride,89,405,38,0.0833
ACH-001039,Fingolimod (hydrochloride),486,1071,158,0.1129
ACH-001039,Flumatinib (mesylate),794,778,239,0.1793
ACH-001039,Flutamide,555,971,185,0.138
ACH-001039,Fluvoxamine,102,1163,67,0.0559
ACH-001039,Fluvoxamine (maleate),412,1714,251,0.1339
ACH-001039,Folic acid,656,1002,297,0.2182
ACH-001039,Fulvestrant,803,980,206,0.1306
ACH-001039,Fumaric acid,881,1306,307,0.1633
ACH-001039,Furosemide,397,826,179,0.1715
ACH-001039,Fusidic acid,558,980,237,0.1822
ACH-001039,Futibatinib,1924,958,408,0.1649
ACH-001039,GSK1059615,2137,1249,465,0.1592
ACH-001039,Gallic acid,742,1125,355,0.2348
ACH-001039,Gallic acid (hydrate),865,1387,328,0.1705
ACH-001039,Gefitinib,523,867,161,0.131
ACH-001039,Gemcitabine,1264,1037,363,0.1873
ACH-001039,Gemfibrozil,682,1625,362,0.1861
ACH-001039,Glycyrrhizic acid,211,544,44,0.0619
ACH-001039,Goserelin (acetate),634,1123,313,0.2168
ACH-001039,HI-TOPK-032,2788,1132,484,0.1409
ACH-001039,Harringtonine,280,8044,241,0.0298
ACH-001039,Hesperidin,122,666,63,0.0869
ACH-001039,Hexylresorcinol,599,1163,303,0.2077
ACH-001039,Homoharringtonine,6506,8634,5412,0.5563
ACH-001039,Hydroxyfasudil,2927,545,174,0.0528
ACH-001039,Hydroxyurea,58,521,27,0.0489
ACH-001039,IQ 1,1843,1062,414,0.1662
ACH-001039,Idarubicin (hydrochloride),4383,7137,3406,0.4198
ACH-001039,Idoxuridine,1189,823,305,0.1787
ACH-001039,Imiquimod (hydrochloride),914,1400,283,0.1393
ACH-001039,Imiquimod (maleate),48,577,22,0.0365
ACH-001039,Indacaterol (maleate),1158,879,321,0.1871
ACH-001039,Infigratinib,1541,1265,472,0.2022
ACH-001039,Ipatasertib,2556,1732,659,0.1816
ACH-001039,Irinotecan,1155,930,319,0.1806
ACH-001039,Irinotecan (hydrochloride),2558,626,327,0.1145
ACH-001039,Isocorydine,469,1174,232,0.1644
ACH-001039,Ivermectin,585,766,162,0.1362
ACH-001039,Ixazomib,1461,1216,492,0.2252
ACH-001039,Ixazomib citrate,716,7258,590,0.0799
ACH-001039,L-Eflornithine (monohydrochloride),1072,777,220,0.1351
ACH-001039,L-Thyroxine (sodium salt pentahydrate),531,1645,224,0.1148
ACH-001039,LB-100,1343,592,218,0.127
ACH-001039,LJI308,2062,1034,498,0.1917
ACH-001039,LY-2584702 (tosylate salt),2489,968,414,0.136
ACH-001039,LY2090314,808,753,191,0.1394
ACH-001039,Lactate (calcium),942,1446,265,0.1248
ACH-001039,Lapatinib ditosylate,1100,574,227,0.1569
ACH-001039,Larotrectinib,831,1486,299,0.1482
ACH-001039,Lenalidomide (hemihydrate),407,1166,170,0.1212
ACH-001039,Levobupivacaine (hydrochloride),68,531,45,0.0812
ACH-001039,Lidocaine (hydrochloride),1075,1986,426,0.1617
ACH-001039,Ligustrazine,64,629,39,0.0596
ACH-001039,Lipoic acid,387,768,190,0.1969
ACH-001039,Lonafarnib,1886,908,347,0.1418
ACH-001039,Loperamide (hydrochloride),1074,1358,356,0.1715
ACH-001039,Lopinavir,715,933,297,0.2198
ACH-001039,Lucanthone,1025,550,227,0.1684
ACH-001039,Lumateperone (tosylate),453,843,231,0.2169
ACH-001039,MK-3903,2525,1531,633,0.1849
ACH-001039,MK-8353,1935,710,406,0.1813
ACH-001039,ML264,2314,1244,505,0.1654
ACH-001039,Macitentan,29,219,12,0.0508
ACH-001039,Malotilate,1892,1863,747,0.2483
ACH-001039,Mebendazole,123,1544,79,0.0497
ACH-001039,Medroxyprogesterone acetate,656,1602,271,0.1364
ACH-001039,Megestrol,857,955,261,0.1683
ACH-001039,Meloxicam,799,848,198,0.1366
ACH-001039,Menadione,89,454,37,0.0731
ACH-001039,Methotrexate,680,1059,217,0.1426
ACH-001039,Methyl aminolevulinate (hydrochloride),1103,766,288,0.1822
ACH-001039,Methylprednisolone succinate,2651,4072,193,0.0296
ACH-001039,Methylthiouracil,548,1018,212,0.1566
ACH-001039,Mifepristone,113,711,49,0.0632
ACH-001039,Minodronic acid,1509,1052,450,0.2132
ACH-001039,Mitoxantrone (dihydrochloride),963,4922,635,0.121
ACH-001039,Monocrotaline,106,407,50,0.108
ACH-001039,Mozavaptan,130,728,52,0.0645
ACH-001039,NG25,1331,1347,480,0.2184
ACH-001039,NVP-BHG712,2621,1029,412,0.1272
ACH-001039,Nafamostat (mesylate),946,717,167,0.1116
ACH-001039,Naproxen,370,328,94,0.1556
ACH-001039,Neratinib,558,1108,193,0.131
ACH-001039,Neratinib (maleate),732,2482,437,0.1574
ACH-001039,Nevirapine,77,698,46,0.0631
ACH-001039,Niclosamide (olamine),61,3887,55,0.0141
ACH-001039,Norepinephrine (hydrochloride),661,1457,320,0.178
ACH-001039,OTS514,1099,711,237,0.1507
ACH-001039,Olanzapine,541,1611,344,0.1903
ACH-001039,Oleic acid,1589,725,296,0.1467
ACH-001039,Omeprazole,463,847,177,0.1562
ACH-001039,Omeprazole (sodium),753,755,159,0.1179
ACH-001039,Orlistat,126,539,54,0.0884
ACH-001039,Osimertinib (mesylate),907,1659,326,0.1455
ACH-001039,Ouabain (Octahydrate),1009,8535,862,0.0993
ACH-001039,Oxaliplatin,2187,1340,635,0.2196
ACH-001039,Oxaprozin,1225,1189,314,0.1495
ACH-001039,PF-06260933,2282,8614,489,0.047
ACH-001039,PH-797804,1890,4478,867,0.1576
ACH-001039,Paclitaxel,2254,2248,784,0.2109
ACH-001039,Palmatine (chloride),914,1282,313,0.1662
ACH-001039,Panobinostat,4965,8972,4104,0.4174
ACH-001039,Pasireotide (acetate),794,1209,332,0.1987
ACH-001039,Pemetrexed,108,790,61,0.0729
ACH-001039,Pemigatinib,470,613,73,0.0723
ACH-001039,Penfluridol,71,672,38,0.0539
ACH-001039,Pentagastrin,610,1502,308,0.1707
ACH-001039,Pentamidine (isethionate),1110,1415,409,0.1933
ACH-001039,Pentoxifylline,1029,1469,353,0.1646
ACH-001039,Peretinoin,222,3798,191,0.0499
ACH-001039,Perindopril (erbumine),248,456,74,0.1175
ACH-001039,Pexidartinib (hydrochloride),205,774,103,0.1176
ACH-001039,Phenylephrine (hydrochloride),1096,1002,282,0.1553
ACH-001039,Phenytoin (sodium),93,433,48,0.1004
ACH-001039,Pimitespib,2110,610,311,0.1291
ACH-001039,Pimozide,746,798,170,0.1237
ACH-001039,Pioglitazone,1138,1445,464,0.219
ACH-001039,Piroxicam,1377,900,323,0.1653
ACH-001039,Pitavastatin (Calcium),162,2058,105,0.0496
ACH-001039,Ponatinib,866,3080,479,0.1382
ACH-001039,Posaconazole,47,1250,33,0.0261
ACH-001039,Pralsetinib,2197,1332,599,0.2044
ACH-001039,Pravastatin (sodium),996,548,204,0.1522
ACH-001039,Procainamide (hydrochloride),59,199,24,0.1026
ACH-001039,Proglumide,422,584,124,0.1406
ACH-001039,Pyridoxine,703,1466,346,0.1898
ACH-001039,Pyridoxine (hydrochloride),1251,946,451,0.2583
ACH-001039,Quinestrol,716,1388,390,0.2275
ACH-001039,Quinidine (15% dihydroquinidine),82,576,43,0.0699
ACH-001039,RMC-6236,2197,2096,751,0.212
ACH-001039,Radotinib,1029,1717,510,0.2281
ACH-001039,Ralimetinib dimesylate,2538,5830,260,0.0321
ACH-001039,Raltitrexed,428,1898,269,0.1308
ACH-001039,Ranolazine,437,766,128,0.1191
ACH-001039,Rapamycin,1015,2102,580,0.2286
ACH-001039,Regorafenib,2234,758,395,0.1521
ACH-001039,Relugolix,434,994,225,0.187
ACH-001039,Resveratrol,662,1517,341,0.1855
ACH-001039,Retinoic acid,1270,1748,535,0.2155
ACH-001039,Rifaximin,39,315,22,0.0663
ACH-001039,Riluzole hydrochloride,1520,2100,683,0.2326
ACH-001039,Rimonabant,592,1197,329,0.2253
ACH-001039,Ritonavir,438,1420,233,0.1434
ACH-001039,Ropivacaine (hydrochloride monohydrate),621,1362,328,0.1982
ACH-001039,Rosiglitazone,160,692,102,0.136
ACH-001039,Roxadustat,296,1178,192,0.1498
ACH-001039,Rucaparib (phosphate),93,444,37,0.074
ACH-001039,Rutin (trihydrate),567,479,154,0.1726
ACH-001039,S-Adenosyl-L-methionine (disulfate tosylate),805,1801,478,0.2246
ACH-001039,SBI-0640756,1114,1196,46,0.0203
ACH-001039,Sacubitril/Valsartan,132,1013,89,0.0843
ACH-001039,Salicylic acid,754,1423,352,0.1929
ACH-001039,Sapanisertib,3509,2284,1035,0.2175
ACH-001039,Saquinavir,596,1747,321,0.1588
ACH-001039,Selinexor ,2041,3391,1284,0.3095
ACH-001039,Sildenafil,66,624,37,0.0567
ACH-001039,Silodosin,53,110,16,0.1088
ACH-001039,Simotinib,47,168,15,0.075
ACH-001039,Sinomenine,480,1070,252,0.1941
ACH-001039,Sivelestat (sodium tetrahydrate),94,1425,70,0.0483
ACH-001039,Sodium Salicylate,893,1490,384,0.1921
ACH-001039,Sonidegib,3502,479,183,0.0482
ACH-001039,Sulfatinib,49,255,24,0.0857
ACH-001039,Sulfisoxazole,1452,1462,432,0.1741
ACH-001039,Sunitinib,904,1840,388,0.1647
ACH-001039,TAK-733,1646,1696,559,0.2009
ACH-001039,TAK-901,2836,6831,1794,0.2279
ACH-001039,Tadalafil,53,825,37,0.044
ACH-001039,Talc,861,442,120,0.1014
ACH-001039,Tazarotene,1102,1138,365,0.1947
ACH-001039,Temsirolimus,914,1801,429,0.1877
ACH-001039,Temuterkib,2543,1181,469,0.1441
ACH-001039,Terfenadine,997,1871,389,0.1569
ACH-001039,Tetracycline (hydrochloride),16,702,10,0.0141
ACH-001039,Thymol,710,1167,259,0.1601
ACH-001039,Thymopentin,53,809,31,0.0373
ACH-001039,Tirabrutinib,563,1036,238,0.1749
ACH-001039,Tirabrutinib (hydrochloride),1118,1852,438,0.173
ACH-001039,Tofacitinib,887,2452,511,0.1807
ACH-001039,Tofacitinib (citrate),827,2495,465,0.1628
ACH-001039,Tolcapone,463,1912,290,0.1391
ACH-001039,Tolmetin,72,346,45,0.1206
ACH-001039,Tomivosertib,2403,953,467,0.1616
ACH-001039,Topotecan (hydrochloride),770,3831,417,0.0997
ACH-001039,Torkinib,1860,956,353,0.1433
ACH-001039,Trametinib,3529,2998,1474,0.2917
ACH-001039,Trametinib (DMSO_TF solvate),1209,1762,588,0.2467
ACH-001039,Tranilast,44,509,21,0.0395
ACH-001039,Triamcinolone,826,1559,440,0.2262
ACH-001039,Triclosan,546,1382,273,0.165
ACH-001039,Trifluridine,427,1223,212,0.1474
ACH-001039,Trimetrexate,617,1930,321,0.1442
ACH-001039,Tubulin inhibitor 6,1248,621,298,0.1897
ACH-001039,Tucatinib,1776,976,522,0.2341
ACH-001039,Tucidinostat,1069,5177,762,0.1389
ACH-001039,ULK-101,2742,1063,470,0.1409
ACH-001039,Uridine,549,910,184,0.1443
ACH-001039,Valdecoxib,603,570,139,0.1344
ACH-001039,Vandetanib,997,1241,332,0.1742
ACH-001039,Vemurafenib,1937,1008,500,0.2045
ACH-001039,Verapamil,51,370,32,0.0823
ACH-001039,Verteporfin,99,1339,61,0.0443
ACH-001039,Vilanterol,534,1517,233,0.1282
ACH-001039,Vinblastine (sulfate),1929,3830,1267,0.2821
ACH-001039,Vismodegib,669,465,158,0.1619
ACH-001039,Vitamin K4,1140,866,299,0.1752
ACH-001039,Volasertib,1691,815,377,0.1771
ACH-001039,Voriconazole,748,702,224,0.1827
ACH-001039,Vortioxetine,1273,1658,498,0.2047
ACH-001039,XRK3F2,2237,1329,485,0.1574
ACH-001039,Zileuton,908,573,177,0.1357
ACH-001039,c-Kit-IN-1,4163,585,486,0.114
ACH-001039,crizotinib,60,811,41,0.0494
ACH-001039,olaparib,1614,349,69,0.0364
ACH-001039,palbociclib,1288,1022,303,0.151
ACH-001039,venetoclax,1909,1726,706,0.241
ACH-001039,vincristine,2847,2142,1013,0.2548
ACH-001039,γ-Oryzanol,413,571,105,0.1195
ACH-001190,(R)-Verapamil (hydrochloride),414,2265,251,0.1034
ACH-001190,(S)-Crizotinib,414,703,126,0.1271
ACH-001190,18β-Glycyrrhetinic acid,457,1816,227,0.1109
ACH-001190,4EGI-1,2302,677,384,0.148
ACH-001190,5-Azacytidine,1604,2276,636,0.1961
ACH-001190,5-Fluorouracil,1156,888,291,0.166
ACH-001190,8-Hydroxyquinoline,544,2188,338,0.1412
ACH-001190,9-ING-41,2899,1031,445,0.1277
ACH-001190,APTO-253,2172,560,241,0.0967
ACH-001190,AT7519,1360,534,265,0.1627
ACH-001190,AZD-7648,2328,1031,429,0.1464
ACH-001190,AZD-8055,1926,678,315,0.1376
ACH-001190,AZD1390,1753,984,340,0.1418
ACH-001190,AZD2858,894,727,144,0.0975
ACH-001190,Abemaciclib,3669,6718,607,0.0621
ACH-001190,Abiraterone acetate,1396,1254,381,0.1679
ACH-001190,Acetazolamide,2346,1143,463,0.153
ACH-001190,Acetohexamide,471,1960,269,0.1244
ACH-001190,Adagrasib,2790,2077,965,0.2473
ACH-001190,Adenine,853,2247,528,0.2053
ACH-001190,Adenosine,660,2881,464,0.1508
ACH-001190,Afatinib,2093,2535,783,0.2036
ACH-001190,Aliskiren,636,1775,337,0.1625
ACH-001190,Allantoin,1123,3063,622,0.1745
ACH-001190,Allopurinol,2897,1382,726,0.2043
ACH-001190,Almonertinib (hydrochloride),707,1879,314,0.1382
ACH-001190,Almonertinib (mesylate),1480,1160,389,0.1728
ACH-001190,Alpelisib,1389,764,260,0.1373
ACH-001190,Altretamine,292,484,117,0.1775
ACH-001190,Amsacrine,895,3006,588,0.1775
ACH-001190,Anastrozole,1200,712,283,0.1737
ACH-001190,Anethole trithione,1405,3016,954,0.2752
ACH-001190,Apalutamide,127,757,62,0.0754
ACH-001190,Aprepitant,2926,1016,564,0.167
ACH-001190,Arbutin,455,768,192,0.1862
ACH-001190,Artemether,1756,1302,506,0.1983
ACH-001190,Artesunate,1587,3636,963,0.2261
ACH-001190,Asciminib,2790,1400,735,0.2127
ACH-001190,Aspirin,1473,827,336,0.1711
ACH-001190,Ataluren,1955,722,303,0.1276
ACH-001190,Atazanavir (sulfate),1862,1639,692,0.2464
ACH-001190,Auranofin,1517,8574,1095,0.1217
ACH-001190,Azithromycin (hydrate),514,1796,255,0.1241
ACH-001190,BAY1125976,2466,2557,806,0.1911
ACH-001190,BI-3406,2439,1177,595,0.197
ACH-001190,BI-78D3,3032,680,304,0.0892
ACH-001190,Baicalin,639,2758,443,0.15
ACH-001190,Balsalazide (sodium hydrate),813,2464,552,0.2026
ACH-001190,Belinostat,1511,8896,1135,0.1224
ACH-001190,Belumosudil,1431,2147,528,0.1731
ACH-001190,Belumosudil (mesylate),1778,454,213,0.1055
ACH-001190,Belzutifan,1152,612,139,0.0855
ACH-001190,Bendamustine,238,545,79,0.1122
ACH-001190,Benproperine (phosphate),443,902,149,0.1246
ACH-001190,Bentamapimod,2034,482,198,0.0854
ACH-001190,Benztropine (mesylate),994,593,157,0.1098
ACH-001190,Berbamine,1768,1939,635,0.2067
ACH-001190,Berbamine (dihydrochloride),1872,907,338,0.1385
ACH-001190,Berberine (chloride hydrate),516,2837,340,0.1128
ACH-001190,Bergenin,511,1900,281,0.1319
ACH-001190,Bestatin,99,789,60,0.0725
ACH-001190,Bestatin (hydrochloride),1283,753,246,0.1374
ACH-001190,Betamethasone dipropionate,556,1447,291,0.17
ACH-001190,Bexarotene,1869,1567,619,0.2197
ACH-001190,Bicalutamide,1152,661,188,0.1157
ACH-001190,Bimatoprost,628,2583,385,0.1362
ACH-001190,Bimiralisib,2711,2396,774,0.1786
ACH-001190,Binimetinib,4062,5071,2141,0.3062
ACH-001190,Bisoprolol (hemifumarate),557,1444,262,0.1507
ACH-001190,Bortezomib,3315,3202,1300,0.2492
ACH-001190,Bosentan (hydrate),252,1716,151,0.0831
ACH-001190,Brimonidine,983,646,147,0.0992
ACH-001190,Brivudine,2523,2506,802,0.1897
ACH-001190,Budesonide,2536,2146,870,0.2282
ACH-001190,Busulfan,607,2087,298,0.1244
ACH-001190,CP21R7,1975,552,237,0.1035
ACH-001190,Cabozantinib (S-malate),1325,1553,325,0.1273
ACH-001190,Canagliflozin,402,985,153,0.124
ACH-001190,Canagliflozin (hemihydrate),1623,1063,305,0.1281
ACH-001190,Capivasertib,1790,578,279,0.1336
ACH-001190,Capmatinib,1332,677,274,0.1579
ACH-001190,Captopril,1969,756,324,0.1349
ACH-001190,Carbamazepine,1827,1971,650,0.2065
ACH-001190,Celecoxib,2736,675,278,0.0887
ACH-001190,Cepharanthine,755,2095,402,0.1642
ACH-001190,Chlorhexidine (diacetate),1620,2375,682,0.2059
ACH-001190,Ciclopirox,480,2577,321,0.1173
ACH-001190,Cilostazol,386,1800,203,0.1024
ACH-001190,Cinacalcet,1565,1070,320,0.1382
ACH-001190,Citalopram (hydrobromide),1507,626,250,0.1328
ACH-001190,Clobetasol propionate,1611,1498,565,0.2221
ACH-001190,Clofarabine,233,851,93,0.0938
ACH-001190,Clonidine (hydrochloride),1007,3121,729,0.2145
ACH-001190,Clopidogrel,2308,1163,504,0.1699
ACH-001190,Clotrimazole,541,2043,310,0.1363
ACH-001190,Cloxacillin (sodium),592,1673,333,0.1724
ACH-001190,Cobimetinib,433,3844,336,0.0853
ACH-001190,Crizotinib (hydrochloride),2291,2113,896,0.2554
ACH-001190,Cyclosporin A,2043,1914,755,0.2358
ACH-001190,Cysteamine (hydrochloride),396,1892,246,0.1205
ACH-001190,Cytarabine,1416,1415,423,0.1757
ACH-001190,Cytarabine (hydrochloride),404,1057,172,0.1334
ACH-001190,DT-061,1253,598,200,0.1211
ACH-001190,DTP3,3084,169,116,0.037
ACH-001190,Dabrafenib,1917,1835,597,0.1892
ACH-001190,Daidzin,1852,1094,420,0.1663
ACH-001190,Dapagliflozin,979,670,227,0.1596
ACH-001190,"Dapagliflozin ((2S)-1,2-propanediol, hydrate)",370,957,127,0.1058
ACH-001190,Darinaparsin,808,3131,494,0.1434
ACH-001190,Darolutamide,2026,1543,640,0.2185
ACH-001190,Decitabine,712,2892,426,0.134
ACH-001190,Delamanid,1988,1732,728,0.2433
ACH-001190,Demeclocycline,569,1750,334,0.1683
ACH-001190,Dexamethasone,1615,1817,758,0.2835
ACH-001190,Dexmedetomidine,192,911,89,0.0878
ACH-001190,Diammonium Glycyrrhizinate,533,2604,278,0.0972
ACH-001190,Digitoxin,1749,6078,1209,0.1827
ACH-001190,Dihydroartemisinin,791,2718,386,0.1236
ACH-001190,Dimethyl fumarate,182,1174,86,0.0677
ACH-001190,Dinaciclib,2002,3305,1078,0.2549
ACH-001190,Diphenhydramine,791,1154,306,0.1867
ACH-001190,Docetaxel,2276,2230,851,0.2328
ACH-001190,Docetaxel (Trihydrate),144,1790,91,0.0494
ACH-001190,Dorzolamide (hydrochloride),343,1368,167,0.1082
ACH-001190,Doxorubicin (hydrochloride),403,3911,263,0.0649
ACH-001190,Doxycycline (monohydrate),223,996,109,0.0982
ACH-001190,Drospirenone,2646,2149,841,0.2127
ACH-001190,ERK5-IN-2,2285,1898,569,0.1574
ACH-001190,ETC-206,1773,645,292,0.1373
ACH-001190,EX229,3538,1652,880,0.2042
ACH-001190,Econazole,2212,1121,479,0.1678
ACH-001190,Elagolix sodium,814,2500,454,0.1587
ACH-001190,Elimusertib hydrochloride,2617,2159,771,0.1925
ACH-001190,Entecavir (monohydrate),85,1081,45,0.0401
ACH-001190,Entrectinib,2208,1968,599,0.1675
ACH-001190,Epirubicin (hydrochloride),183,3314,112,0.0331
ACH-001190,Eplerenone,184,723,83,0.1007
ACH-001190,Erdafitinib ,8261,688,29,0.0033
ACH-001190,Erlotinib,551,1115,213,0.1466
ACH-001190,Erythromycin,1057,1057,255,0.1372
ACH-001190,Esmolol (hydrochloride),1293,1186,291,0.133
ACH-001190,Estrone sulfate (potassium),2178,1472,504,0.1602
ACH-001190,Everolimus,1527,556,246,0.1339
ACH-001190,Fedratinib (hydrochloride hydrate),1531,2744,658,0.1819
ACH-001190,Fenofibrate,649,562,164,0.1566
ACH-001190,Ferulic acid,343,1538,204,0.1216
ACH-001190,Filgotinib,1096,2395,363,0.116
ACH-001190,Finasteride,173,782,92,0.1066
ACH-001190,Fingolimod (hydrochloride),1421,1419,429,0.1779
ACH-001190,Flumatinib (mesylate),1751,1955,641,0.2091
ACH-001190,Flutamide,1555,1424,363,0.1388
ACH-001190,Fluvoxamine,316,1596,188,0.109
ACH-001190,Fluvoxamine (maleate),590,2490,352,0.129
ACH-001190,Folic acid,629,2014,404,0.1804
ACH-001190,Fulvestrant,2072,1193,494,0.1783
ACH-001190,Fumaric acid,1897,2163,660,0.1941
ACH-001190,Furosemide,407,1602,215,0.1198
ACH-001190,Fusidic acid,805,1983,500,0.2185
ACH-001190,Futibatinib,2852,821,416,0.1277
ACH-001190,GSK1059615,2602,2263,715,0.1723
ACH-001190,Gallic acid,878,2154,510,0.2022
ACH-001190,Gallic acid (hydrate),686,2558,366,0.1272
ACH-001190,Gefitinib,934,938,200,0.1196
ACH-001190,Gemcitabine,2092,922,484,0.1913
ACH-001190,Gemfibrozil,660,2181,398,0.1629
ACH-001190,Glycyrrhizic acid,469,772,120,0.107
ACH-001190,Goserelin (acetate),922,2481,635,0.2294
ACH-001190,HI-TOPK-032,3287,1166,584,0.1509
ACH-001190,Harringtonine,682,9646,580,0.0595
ACH-001190,Hesperidin,312,1141,127,0.0958
ACH-001190,Hexylresorcinol,745,2452,491,0.1814
ACH-001190,Homoharringtonine,6484,9519,5094,0.467
ACH-001190,Hydroxyfasudil,2782,547,172,0.0545
ACH-001190,Hydroxyurea,158,890,58,0.0586
ACH-001190,IQ 1,1980,899,349,0.1379
ACH-001190,Idarubicin (hydrochloride),3851,8687,2825,0.2908
ACH-001190,Idoxuridine,2267,1308,662,0.2273
ACH-001190,Imiquimod (hydrochloride),2200,1583,504,0.1537
ACH-001190,Imiquimod (maleate),174,739,59,0.0691
ACH-001190,Indacaterol (maleate),2459,940,447,0.1514
ACH-001190,Infigratinib,1499,1028,416,0.1971
ACH-001190,Ipatasertib,2866,1007,466,0.1368
ACH-001190,Irinotecan,1611,735,350,0.1754
ACH-001190,Irinotecan (hydrochloride),4369,1205,641,0.1299
ACH-001190,Isocorydine,584,1930,310,0.1407
ACH-001190,Ivermectin,1347,759,278,0.1521
ACH-001190,Ixazomib,1326,880,343,0.1841
ACH-001190,Ixazomib citrate,2058,6745,1424,0.193
ACH-001190,L-Eflornithine (monohydrochloride),2314,1286,552,0.1811
ACH-001190,L-Thyroxine (sodium salt pentahydrate),669,1993,295,0.1246
ACH-001190,LB-100,1522,394,170,0.0974
ACH-001190,LJI308,1978,970,475,0.1921
ACH-001190,LY-2584702 (tosylate salt),2224,892,376,0.1372
ACH-001190,LY2090314,1055,574,191,0.1328
ACH-001190,Lactate (calcium),1325,1338,317,0.1351
ACH-001190,Lapatinib ditosylate,1615,499,232,0.1233
ACH-001190,Larotrectinib,687,2137,373,0.1522
ACH-001190,Lenalidomide (hemihydrate),460,2047,231,0.1015
ACH-001190,Levobupivacaine (hydrochloride),341,831,152,0.149
ACH-001190,Lidocaine (hydrochloride),1095,3345,643,0.1693
ACH-001190,Ligustrazine,171,1050,95,0.0844
ACH-001190,Lipoic acid,397,1551,251,0.1479
ACH-001190,Lonafarnib,1745,1012,423,0.1812
ACH-001190,Loperamide (hydrochloride),1990,1395,531,0.1861
ACH-001190,Lopinavir,1885,1512,619,0.2228
ACH-001190,Lucanthone,1872,939,445,0.1881
ACH-001190,Lumateperone (tosylate),479,1981,314,0.1463
ACH-001190,MK-3903,1713,1059,310,0.1259
ACH-001190,MK-8353,1675,432,223,0.1184
ACH-001190,ML264,2294,851,358,0.1285
ACH-001190,Macitentan,152,466,55,0.0977
ACH-001190,Malotilate,3095,2517,1285,0.297
ACH-001190,Mebendazole,286,2040,190,0.089
ACH-001190,Medroxyprogesterone acetate,596,2821,378,0.1244
ACH-001190,Megestrol,668,1661,303,0.1496
ACH-001190,Meloxicam,1380,879,275,0.1386
ACH-001190,Menadione,313,822,126,0.1249
ACH-001190,Methotrexate,1406,1262,382,0.1671
ACH-001190,Methyl aminolevulinate (hydrochloride),2149,976,438,0.163
ACH-001190,Methylprednisolone succinate,3399,4968,202,0.0247
ACH-001190,Methylthiouracil,937,937,264,0.164
ACH-001190,Mifepristone,296,1042,141,0.1178
ACH-001190,Minodronic acid,1730,1092,474,0.2019
ACH-001190,Mitoxantrone (dihydrochloride),838,4721,520,0.1032
ACH-001190,Monocrotaline,216,721,70,0.0807
ACH-001190,Mozavaptan,351,983,128,0.1061
ACH-001190,NG25,1025,1943,408,0.1594
ACH-001190,NVP-BHG712,2602,1048,377,0.1152
ACH-001190,Nafamostat (mesylate),1958,764,294,0.1211
ACH-001190,Naproxen,973,813,247,0.1605
ACH-001190,Neratinib,1143,2265,546,0.1908
ACH-001190,Neratinib (maleate),776,5031,625,0.1206
ACH-001190,Nevirapine,227,1156,113,0.089
ACH-001190,Niclosamide (olamine),237,4463,184,0.0407
ACH-001190,Norepinephrine (hydrochloride),551,2351,338,0.1318
ACH-001190,OTS514,1328,912,314,0.163
ACH-001190,Olanzapine,688,2870,478,0.1552
ACH-001190,Oleic acid,1502,503,256,0.1464
ACH-001190,Omeprazole,681,954,223,0.1579
ACH-001190,Omeprazole (sodium),1530,885,267,0.1243
ACH-001190,Orlistat,190,1020,94,0.0842
ACH-001190,Osimertinib (mesylate),1833,1946,593,0.1861
ACH-001190,Ouabain (Octahydrate),2137,7472,1575,0.196
ACH-001190,Oxaliplatin,2411,1396,744,0.2429
ACH-001190,Oxaprozin,2223,1382,531,0.1727
ACH-001190,PF-06260933,2187,877,351,0.1294
ACH-001190,PH-797804,2487,4865,1117,0.1791
ACH-001190,Paclitaxel,1894,1648,454,0.147
ACH-001190,Palmatine (chloride),593,2003,278,0.1199
ACH-001190,Panobinostat,7223,10982,5986,0.4899
ACH-001190,Pasireotide (acetate),851,2174,394,0.1498
ACH-001190,Pemetrexed,292,1185,148,0.1114
ACH-001190,Pemigatinib,464,566,33,0.0331
ACH-001190,Penfluridol,218,907,96,0.0933
ACH-001190,Pentagastrin,634,2266,376,0.149
ACH-001190,Pentamidine (isethionate),1149,2680,515,0.1554
ACH-001190,Pentoxifylline,2175,2264,849,0.2365
ACH-001190,Peretinoin,792,4542,601,0.127
ACH-001190,Perindopril (erbumine),518,446,109,0.1275
ACH-001190,Pexidartinib (hydrochloride),315,1363,196,0.1323
ACH-001190,Phenylephrine (hydrochloride),2368,1614,674,0.2037
ACH-001190,Phenytoin (sodium),237,853,116,0.1191
ACH-001190,Pimitespib,1997,488,256,0.1148
ACH-001190,Pimozide,1364,1425,427,0.1808
ACH-001190,Pioglitazone,2012,1515,690,0.2432
ACH-001190,Piroxicam,3215,1265,732,0.1953
ACH-001190,Pitavastatin (Calcium),869,4124,630,0.1444
ACH-001190,Ponatinib,1496,4289,709,0.1397
ACH-001190,Posaconazole,283,1494,164,0.1017
ACH-001190,Pralsetinib,1935,1573,585,0.2001
ACH-001190,Pravastatin (sodium),1658,1218,412,0.1672
ACH-001190,Procainamide (hydrochloride),161,341,44,0.0961
ACH-001190,Proglumide,957,781,230,0.1525
ACH-001190,Pyridoxine,515,2194,268,0.1098
ACH-001190,Pyridoxine (hydrochloride),1108,1747,523,0.2243
ACH-001190,Quinestrol,751,2383,488,0.1844
ACH-001190,Quinidine (15% dihydroquinidine),247,983,112,0.1002
ACH-001190,RMC-6236,2267,1838,668,0.1944
ACH-001190,Radotinib,1274,2365,555,0.18
ACH-001190,Ralimetinib dimesylate,2876,167,114,0.0389
ACH-001190,Raltitrexed,579,2445,350,0.1309
ACH-001190,Ranolazine,889,899,228,0.1462
ACH-001190,Rapamycin,910,4116,636,0.1449
ACH-001190,Regorafenib,2446,740,395,0.1415
ACH-001190,Relugolix,513,1795,325,0.1639
ACH-001190,Resveratrol,778,2925,451,0.1387
ACH-001190,Retinoic acid,917,2618,517,0.1713
ACH-001190,Rifaximin,117,597,60,0.0917
ACH-001190,Riluzole hydrochloride,1190,3684,779,0.1902
ACH-001190,Rimonabant,710,2310,457,0.1783
ACH-001190,Ritonavir,492,2179,230,0.0942
ACH-001190,Ropivacaine (hydrochloride monohydrate),670,2103,413,0.175
ACH-001190,Rosiglitazone,269,692,95,0.1097
ACH-001190,Roxadustat,413,2247,230,0.0947
ACH-001190,Rucaparib (phosphate),161,754,75,0.0893
ACH-001190,Rutin (trihydrate),938,1112,334,0.1946
ACH-001190,S-Adenosyl-L-methionine (disulfate tosylate),942,3148,638,0.1848
ACH-001190,SBI-0640756,394,790,48,0.0423
ACH-001190,Sacubitril/Valsartan,254,1521,173,0.108
ACH-001190,Salicylic acid,622,2412,416,0.1589
ACH-001190,Sapanisertib,3724,2660,1138,0.2169
ACH-001190,Saquinavir,512,2767,289,0.0967
ACH-001190,Selinexor ,1516,5184,893,0.1538
ACH-001190,Sildenafil,187,1161,113,0.0915
ACH-001190,Silodosin,101,326,42,0.1091
ACH-001190,Simotinib,154,174,29,0.097
ACH-001190,Sinomenine,516,1793,278,0.1369
ACH-001190,Sivelestat (sodium tetrahydrate),416,2184,239,0.1012
ACH-001190,Sodium Salicylate,931,2594,520,0.173
ACH-001190,Sonidegib,3587,415,190,0.0498
ACH-001190,Sulfatinib,235,452,97,0.1644
ACH-001190,Sulfisoxazole,1533,2552,627,0.1813
ACH-001190,Sunitinib,2170,2460,849,0.2245
ACH-001190,TAK-733,1384,2033,486,0.1658
ACH-001190,TAK-901,2508,5264,1330,0.2065
ACH-001190,Tadalafil,156,1483,97,0.0629
ACH-001190,Talc,1624,573,203,0.1018
ACH-001190,Tazarotene,1875,1417,574,0.2112
ACH-001190,Temsirolimus,890,3373,572,0.155
ACH-001190,Temuterkib,2299,999,366,0.1248
ACH-001190,Terfenadine,1640,2524,564,0.1567
ACH-001190,Tetracycline (hydrochloride),190,1279,113,0.0833
ACH-001190,Thymol,583,1587,228,0.1174
ACH-001190,Thymopentin,189,1219,102,0.0781
ACH-001190,Tirabrutinib,1071,1508,498,0.2393
ACH-001190,Tirabrutinib (hydrochloride),2822,1847,827,0.2153
ACH-001190,Tofacitinib,552,2630,328,0.1149
ACH-001190,Tofacitinib (citrate),634,2597,354,0.123
ACH-001190,Tolcapone,540,2685,376,0.132
ACH-001190,Tolmetin,354,747,156,0.1651
ACH-001190,Tomivosertib,2362,730,339,0.1231
ACH-001190,Topotecan (hydrochloride),1735,3632,769,0.1672
ACH-001190,Torkinib,2504,822,395,0.1348
ACH-001190,Trametinib,5021,5635,2792,0.355
ACH-001190,Trametinib (DMSO_TF solvate),2379,4169,1508,0.2992
ACH-001190,Tranilast,142,994,75,0.0707
ACH-001190,Triamcinolone,1113,3135,756,0.2165
ACH-001190,Triclosan,461,2436,316,0.1224
ACH-001190,Trifluridine,368,2042,243,0.1121
ACH-001190,Trimetrexate,567,2823,351,0.1155
ACH-001190,Tubulin inhibitor 6,1738,494,265,0.1347
ACH-001190,Tucatinib,1684,760,380,0.1841
ACH-001190,Tucidinostat,1564,9172,1319,0.1401
ACH-001190,ULK-101,2481,950,361,0.1176
ACH-001190,Uridine,1023,1163,329,0.1772
ACH-001190,Valdecoxib,1039,866,247,0.149
ACH-001190,Vandetanib,1934,1239,453,0.1665
ACH-001190,Vemurafenib,1584,633,246,0.1248
ACH-001190,Verapamil,187,666,81,0.1049
ACH-001190,Verteporfin,228,2145,144,0.0646
ACH-001190,Vilanterol,510,1904,264,0.1228
ACH-001190,Vinblastine (sulfate),1297,5330,1041,0.1864
ACH-001190,Vismodegib,933,692,175,0.1207
ACH-001190,Vitamin K4,1515,1075,370,0.1667
ACH-001190,Volasertib,1454,463,214,0.1257
ACH-001190,Voriconazole,1581,950,340,0.1552
ACH-001190,Vortioxetine,2439,1670,758,0.2262
ACH-001190,XRK3F2,2026,901,324,0.1245
ACH-001190,Zileuton,1632,783,313,0.1489
ACH-001190,c-Kit-IN-1,5204,961,727,0.1337
ACH-001190,crizotinib,155,1289,101,0.0752
ACH-001190,olaparib,2177,5107,113,0.0158
ACH-001190,palbociclib,1984,1080,393,0.1471
ACH-001190,venetoclax,1799,1522,491,0.1735
ACH-001190,vincristine,3454,1994,1080,0.2473
ACH-001190,γ-Oryzanol,928,542,160,0.1221
ACH-001333,(R)-Verapamil (hydrochloride),403,2076,190,0.083
ACH-001333,(S)-Crizotinib,75,255,30,0.1
ACH-001333,18β-Glycyrrhetinic acid,360,1849,158,0.077
ACH-001333,4EGI-1,922,527,189,0.15
ACH-001333,5-Azacytidine,583,1930,257,0.1139
ACH-001333,5-Fluorouracil,586,501,133,0.1394
ACH-001333,8-Hydroxyquinoline,669,1854,322,0.1463
ACH-001333,9-ING-41,2903,1107,491,0.1395
ACH-001333,APTO-253,1922,436,177,0.0812
ACH-001333,AT7519,954,277,141,0.1294
ACH-001333,AZD-7648,2576,717,296,0.0988
ACH-001333,AZD-8055,1322,837,267,0.1411
ACH-001333,AZD1390,1366,753,221,0.1164
ACH-001333,AZD2858,997,577,112,0.0766
ACH-001333,Abemaciclib,3122,355,227,0.0698
ACH-001333,Abiraterone acetate,516,781,148,0.1288
ACH-001333,Acetazolamide,1283,690,211,0.1198
ACH-001333,Acetohexamide,284,1820,130,0.0659
ACH-001333,Adagrasib,1406,1317,429,0.187
ACH-001333,Adenine,750,1654,400,0.1996
ACH-001333,Adenosine,567,2559,354,0.1277
ACH-001333,Afatinib,2674,3565,1251,0.2508
ACH-001333,Aliskiren,704,1534,298,0.1536
ACH-001333,Allantoin,850,2438,410,0.1425
ACH-001333,Allopurinol,1711,714,320,0.152
ACH-001333,Almonertinib (hydrochloride),867,3336,473,0.1268
ACH-001333,Almonertinib (mesylate),545,1501,186,0.1
ACH-001333,Alpelisib,1213,625,216,0.1332
ACH-001333,Altretamine,51,183,29,0.1415
ACH-001333,Amsacrine,716,3003,474,0.1461
ACH-001333,Anastrozole,900,576,164,0.125
ACH-001333,Anethole trithione,1123,2212,679,0.2556
ACH-001333,Apalutamide,16,166,9,0.052
ACH-001333,Aprepitant,1342,503,211,0.1291
ACH-001333,Arbutin,116,472,60,0.1136
ACH-001333,Artemether,997,879,304,0.1934
ACH-001333,Artesunate,963,2572,519,0.1721
ACH-001333,Asciminib,1464,626,227,0.1218
ACH-001333,Aspirin,658,440,156,0.1656
ACH-001333,Ataluren,581,388,105,0.1215
ACH-001333,Atazanavir (sulfate),789,914,255,0.1761
ACH-001333,Auranofin,647,4917,370,0.0712
ACH-001333,Azithromycin (hydrate),443,1888,211,0.0995
ACH-001333,BAY1125976,2616,1821,704,0.1886
ACH-001333,BI-3406,1712,696,320,0.1533
ACH-001333,BI-78D3,3131,511,264,0.0782
ACH-001333,Baicalin,658,2312,412,0.1611
ACH-001333,Balsalazide (sodium hydrate),572,2014,380,0.1723
ACH-001333,Belinostat,655,6351,455,0.0695
ACH-001333,Belumosudil,521,715,110,0.0977
ACH-001333,Belumosudil (mesylate),1532,523,174,0.0925
ACH-001333,Belzutifan,1037,629,114,0.0735
ACH-001333,Bendamustine,47,234,18,0.0684
ACH-001333,Benproperine (phosphate),139,412,44,0.0868
ACH-001333,Bentamapimod,2135,599,241,0.0967
ACH-001333,Benztropine (mesylate),251,296,40,0.0789
ACH-001333,Berbamine,1276,1815,464,0.1766
ACH-001333,Berbamine (dihydrochloride),537,431,90,0.1025
ACH-001333,Berberine (chloride hydrate),573,2537,325,0.1167
ACH-001333,Bergenin,459,1763,210,0.1044
ACH-001333,Bestatin,23,773,15,0.0192
ACH-001333,Bestatin (hydrochloride),652,370,122,0.1356
ACH-001333,Betamethasone dipropionate,77,318,38,0.1064
ACH-001333,Bexarotene,814,1128,291,0.1763
ACH-001333,Bicalutamide,499,552,113,0.1205
ACH-001333,Bimatoprost,553,2586,305,0.1076
ACH-001333,Bimiralisib,3191,2118,771,0.1699
ACH-001333,Binimetinib,3177,2039,939,0.2195
ACH-001333,Bisoprolol (hemifumarate),252,805,99,0.1033
ACH-001333,Bortezomib,3883,2727,1407,0.2704
ACH-001333,Bosentan (hydrate),87,1055,54,0.0496
ACH-001333,Brimonidine,349,277,52,0.0906
ACH-001333,Brivudine,2773,1752,622,0.1594
ACH-001333,Budesonide,1391,845,277,0.1414
ACH-001333,Busulfan,786,1829,289,0.1242
ACH-001333,CP21R7,1821,490,186,0.0875
ACH-001333,Cabozantinib (S-malate),534,693,135,0.1236
ACH-001333,Canagliflozin,160,544,66,0.1034
ACH-001333,Canagliflozin (hemihydrate),589,496,99,0.1004
ACH-001333,Capivasertib,1327,313,148,0.0992
ACH-001333,Capmatinib,1501,602,253,0.1368
ACH-001333,Captopril,770,528,127,0.1085
ACH-001333,Carbamazepine,738,980,215,0.143
ACH-001333,Celecoxib,2856,490,196,0.0622
ACH-001333,Cepharanthine,836,1883,388,0.1665
ACH-001333,Chlorhexidine (diacetate),976,2512,519,0.1748
ACH-001333,Ciclopirox,388,2027,188,0.0844
ACH-001333,Cilostazol,50,1019,34,0.0329
ACH-001333,Cinacalcet,704,541,136,0.1226
ACH-001333,Citalopram (hydrobromide),655,344,101,0.1125
ACH-001333,Clobetasol propionate,528,352,74,0.0918
ACH-001333,Clofarabine,48,441,17,0.036
ACH-001333,Clonidine (hydrochloride),805,2292,541,0.2117
ACH-001333,Clopidogrel,954,655,176,0.1228
ACH-001333,Clotrimazole,598,1784,286,0.1365
ACH-001333,Cloxacillin (sodium),576,1308,282,0.176
ACH-001333,Cobimetinib,46,1226,30,0.0242
ACH-001333,Crizotinib (hydrochloride),1160,1254,392,0.1939
ACH-001333,Cyclosporin A,1202,994,351,0.1902
ACH-001333,Cysteamine (hydrochloride),269,1573,145,0.0854
ACH-001333,Cytarabine,306,440,86,0.1303
ACH-001333,Cytarabine (hydrochloride),169,570,75,0.113
ACH-001333,DT-061,1194,459,133,0.0875
ACH-001333,DTP3,2259,4843,142,0.0204
ACH-001333,Dabrafenib,1558,1709,421,0.1479
ACH-001333,Daidzin,481,457,91,0.1074
ACH-001333,Dapagliflozin,349,423,94,0.1386
ACH-001333,"Dapagliflozin ((2S)-1,2-propanediol, hydrate)",156,464,40,0.069
ACH-001333,Darinaparsin,517,2482,299,0.1107
ACH-001333,Darolutamide,1185,1197,370,0.1839
ACH-001333,Decitabine,605,1526,305,0.167
ACH-001333,Delamanid,756,880,273,0.2003
ACH-001333,Demeclocycline,514,1396,232,0.1383
ACH-001333,Dexamethasone,640,553,169,0.165
ACH-001333,Dexmedetomidine,68,627,51,0.0792
ACH-001333,Diammonium Glycyrrhizinate,640,2256,284,0.1087
ACH-001333,Digitoxin,2490,4119,1578,0.3137
ACH-001333,Dihydroartemisinin,187,1176,104,0.0826
ACH-001333,Dimethyl fumarate,25,252,12,0.0453
ACH-001333,Dinaciclib,1406,3576,938,0.2319
ACH-001333,Diphenhydramine,384,379,107,0.1631
ACH-001333,Docetaxel,1167,1955,495,0.1884
ACH-001333,Docetaxel (Trihydrate),37,968,28,0.0287
ACH-001333,Dorzolamide (hydrochloride),143,897,64,0.0656
ACH-001333,Doxorubicin (hydrochloride),167,2252,81,0.0346
ACH-001333,Doxycycline (monohydrate),56,367,32,0.0818
ACH-001333,Drospirenone,925,1225,331,0.182
ACH-001333,ERK5-IN-2,2428,2161,640,0.1621
ACH-001333,ETC-206,1232,405,172,0.1174
ACH-001333,EX229,2810,1133,524,0.1533
ACH-001333,Econazole,546,349,105,0.1329
ACH-001333,Elagolix sodium,556,2128,299,0.1254
ACH-001333,Elimusertib hydrochloride,2520,1527,641,0.1882
ACH-001333,Encorafenib,350,1852,61,0.0285
ACH-001333,Entecavir (monohydrate),25,400,15,0.0366
ACH-001333,Entrectinib,884,1251,239,0.1261
ACH-001333,Epirubicin (hydrochloride),41,2580,22,0.0085
ACH-001333,Eplerenone,49,281,24,0.0784
ACH-001333,Erdafitinib ,198,493,33,0.0502
ACH-001333,Erlotinib,152,1106,64,0.0536
ACH-001333,Erythromycin,366,732,101,0.1013
ACH-001333,Esmolol (hydrochloride),346,351,58,0.0908
ACH-001333,Estrone sulfate (potassium),1159,892,245,0.1357
ACH-001333,Everolimus,1257,675,250,0.1486
ACH-001333,Fedratinib (hydrochloride hydrate),792,1411,284,0.148
ACH-001333,Fenofibrate,245,211,43,0.1041
ACH-001333,Ferulic acid,120,773,66,0.0798
ACH-001333,Filgotinib,283,890,101,0.0942
ACH-001333,Finasteride,52,381,30,0.0744
ACH-001333,Fingolimod (hydrochloride),399,845,136,0.1227
ACH-001333,Flumatinib (mesylate),546,706,174,0.1614
ACH-001333,Flutamide,585,870,142,0.1081
ACH-001333,Fluvoxamine,114,1054,79,0.0725
ACH-001333,Fluvoxamine (maleate),424,2112,231,0.1002
ACH-001333,Folic acid,502,1794,296,0.148
ACH-001333,Fulvestrant,846,599,185,0.1468
ACH-001333,Fumaric acid,644,1023,205,0.1402
ACH-001333,Furosemide,281,984,125,0.1096
ACH-001333,Fusidic acid,497,1624,274,0.1483
ACH-001333,Futibatinib,2114,526,242,0.1009
ACH-001333,GSK1059615,3196,1546,645,0.1574
ACH-001333,Gallic acid,683,1642,331,0.166
ACH-001333,Gallic acid (hydrate),645,2200,307,0.121
ACH-001333,Gefitinib,543,1553,227,0.1215
ACH-001333,Gemcitabine,1817,714,342,0.1562
ACH-001333,Gemfibrozil,400,1895,186,0.0882
ACH-001333,Glycyrrhizic acid,539,359,61,0.0729
ACH-001333,Goserelin (acetate),654,2361,403,0.1543
ACH-001333,HI-TOPK-032,3087,673,307,0.0889
ACH-001333,Harringtonine,459,5089,333,0.0639
ACH-001333,Hesperidin,173,626,64,0.0871
ACH-001333,Hexylresorcinol,630,1912,358,0.1639
ACH-001333,Homoharringtonine,5233,7013,3492,0.3989
ACH-001333,Hydroxyfasudil,2425,478,129,0.0465
ACH-001333,Hydroxyurea,37,268,10,0.0339
ACH-001333,IQ 1,1789,661,248,0.1126
ACH-001333,Idarubicin (hydrochloride),4940,10659,4100,0.3566
ACH-001333,Idoxuridine,1170,755,292,0.1788
ACH-001333,Imiquimod (hydrochloride),784,1007,154,0.0941
ACH-001333,Imiquimod (maleate),49,348,17,0.0447
ACH-001333,Indacaterol (maleate),1146,465,161,0.111
ACH-001333,Infigratinib,1239,915,306,0.1656
ACH-001333,Ipatasertib,2971,1007,475,0.1356
ACH-001333,Irinotecan,1330,557,228,0.1374
ACH-001333,Irinotecan (hydrochloride),1677,669,224,0.1056
ACH-001333,Isocorydine,616,1718,320,0.1589
ACH-001333,Ivermectin,543,321,92,0.1192
ACH-001333,Ixazomib,1087,942,292,0.1681
ACH-001333,Ixazomib citrate,664,4770,417,0.0831
ACH-001333,L-Eflornithine (monohydrochloride),814,511,148,0.1257
ACH-001333,L-Thyroxine (sodium salt pentahydrate),552,1653,164,0.0804
ACH-001333,LB-100,1311,318,130,0.0867
ACH-001333,LJI308,1691,814,332,0.1528
ACH-001333,LY-2584702 (tosylate salt),2115,1074,365,0.1292
ACH-001333,LY2090314,744,392,96,0.0923
ACH-001333,Lactate (calcium),559,815,109,0.0862
ACH-001333,Lapatinib ditosylate,2094,517,240,0.1012
ACH-001333,Larotrectinib,622,2299,307,0.1174
ACH-001333,Lenalidomide (hemihydrate),219,1458,91,0.0574
ACH-001333,Levobupivacaine (hydrochloride),80,417,41,0.0899
ACH-001333,Lidocaine (hydrochloride),826,2579,369,0.1215
ACH-001333,Ligustrazine,61,535,38,0.0681
ACH-001333,Lipoic acid,334,1048,175,0.145
ACH-001333,Lonafarnib,762,859,172,0.1187
ACH-001333,Loperamide (hydrochloride),932,774,192,0.1268
ACH-001333,Lopinavir,902,883,310,0.2102
ACH-001333,Lucanthone,794,563,189,0.1618
ACH-001333,Lumateperone (tosylate),485,1617,258,0.1399
ACH-001333,MK-3903,1779,988,284,0.1144
ACH-001333,MK-8353,1654,412,195,0.1042
ACH-001333,ML264,2031,1084,400,0.1473
ACH-001333,Macitentan,30,178,17,0.089
ACH-001333,Malotilate,1570,1920,619,0.2156
ACH-001333,Mebendazole,93,789,59,0.0717
ACH-001333,Medroxyprogesterone acetate,636,2080,284,0.1168
ACH-001333,Megestrol,623,1916,230,0.0996
ACH-001333,Meloxicam,547,388,106,0.1279
ACH-001333,Menadione,114,391,37,0.0791
ACH-001333,Methotrexate,592,677,165,0.1495
ACH-001333,Methyl aminolevulinate (hydrochloride),694,506,160,0.1538
ACH-001333,Methylprednisolone succinate,3312,13,12,0.0036
ACH-001333,Methylthiouracil,320,524,109,0.1483
ACH-001333,Mifepristone,79,351,49,0.1286
ACH-001333,Minodronic acid,1172,676,252,0.1579
ACH-001333,Mitoxantrone (dihydrochloride),919,6447,694,0.104
ACH-001333,Monocrotaline,107,389,36,0.0783
ACH-001333,Mozavaptan,87,754,41,0.0512
ACH-001333,NG25,775,1171,261,0.1549
ACH-001333,NVP-BHG712,2381,769,272,0.0945
ACH-001333,Nafamostat (mesylate),947,646,173,0.1218
ACH-001333,Naproxen,334,426,93,0.1394
ACH-001333,Neratinib,1010,1728,355,0.149
ACH-001333,Neratinib (maleate),1348,4878,980,0.1868
ACH-001333,Nevirapine,59,473,35,0.0704
ACH-001333,Niclosamide (olamine),52,1841,38,0.0205
ACH-001333,Norepinephrine (hydrochloride),386,1647,203,0.1109
ACH-001333,OTS514,960,521,150,0.1127
ACH-001333,Olanzapine,681,2352,410,0.1563
ACH-001333,Oleic acid,1153,390,145,0.1037
ACH-001333,Omeprazole,238,472,80,0.127
ACH-001333,Omeprazole (sodium),475,784,133,0.1181
ACH-001333,Orlistat,113,375,41,0.0917
ACH-001333,Osimertinib (mesylate),712,2054,319,0.1304
ACH-001333,Ouabain (Octahydrate),3672,6452,2757,0.3742
ACH-001333,Oxaliplatin,1504,1114,467,0.2171
ACH-001333,Oxaprozin,924,1100,234,0.1307
ACH-001333,PF-06260933,1751,599,223,0.1048
ACH-001333,PH-797804,2263,3803,901,0.1744
ACH-001333,Paclitaxel,1549,1747,386,0.1326
ACH-001333,Palmatine (chloride),652,1461,199,0.104
ACH-001333,Panobinostat,3335,8414,2632,0.2887
ACH-001333,Pasireotide (acetate),704,1776,286,0.1304
ACH-001333,Pemetrexed,128,702,75,0.0993
ACH-001333,Pemigatinib,468,548,35,0.0357
ACH-001333,Penfluridol,67,265,27,0.0885
ACH-001333,Pentagastrin,545,1985,311,0.1402
ACH-001333,Pentamidine (isethionate),587,2277,308,0.1205
ACH-001333,Pentoxifylline,1077,1427,359,0.1674
ACH-001333,Peretinoin,364,1665,248,0.1392
ACH-001333,Perindopril (erbumine),146,185,38,0.1297
ACH-001333,Pexidartinib (hydrochloride),97,313,56,0.1582
ACH-001333,Phenylephrine (hydrochloride),868,638,187,0.1418
ACH-001333,Phenytoin (sodium),87,561,55,0.0927
ACH-001333,Pimitespib,1678,340,152,0.0815
ACH-001333,Pimozide,387,727,95,0.0932
ACH-001333,Pioglitazone,849,781,268,0.1968
ACH-001333,Piroxicam,1772,619,303,0.1451
ACH-001333,Pitavastatin (Calcium),140,1098,92,0.0803
ACH-001333,Ponatinib,663,3090,306,0.0888
ACH-001333,Posaconazole,27,719,18,0.0247
ACH-001333,Pralsetinib,1382,1248,374,0.1658
ACH-001333,Pravastatin (sodium),842,294,107,0.104
ACH-001333,Procainamide (hydrochloride),22,285,15,0.0514
ACH-001333,Proglumide,468,414,125,0.1651
ACH-001333,Pyridoxine,483,2117,214,0.0897
ACH-001333,Pyridoxine (hydrochloride),1271,1360,463,0.2136
ACH-001333,Quinestrol,660,2301,393,0.153
ACH-001333,Quinidine (15% dihydroquinidine),109,626,53,0.0777
ACH-001333,RMC-6236,1960,2128,599,0.1717
ACH-001333,Radotinib,576,1649,255,0.1294
ACH-001333,Ralimetinib dimesylate,2604,5070,215,0.0288
ACH-001333,Raltitrexed,507,1884,295,0.1407
ACH-001333,Ranolazine,313,478,100,0.1447
ACH-001333,Rapamycin,981,2875,553,0.1674
ACH-001333,Regorafenib,1480,373,165,0.0977
ACH-001333,Relugolix,488,1671,278,0.1478
ACH-001333,Resveratrol,622,2611,310,0.1061
ACH-001333,Retinoic acid,802,1517,280,0.1373
ACH-001333,Rifaximin,15,172,14,0.0809
ACH-001333,Riluzole hydrochloride,856,2771,529,0.1708
ACH-001333,Rimonabant,590,1806,352,0.1722
ACH-001333,Ritonavir,401,1761,175,0.0881
ACH-001333,Ropivacaine (hydrochloride monohydrate),621,1539,263,0.1386
ACH-001333,Rosiglitazone,60,504,34,0.0642
ACH-001333,Roxadustat,232,1172,130,0.102
ACH-001333,Rucaparib (phosphate),15,261,10,0.0376
ACH-001333,Rutin (trihydrate),341,315,92,0.1631
ACH-001333,S-Adenosyl-L-methionine (disulfate tosylate),670,2269,414,0.164
ACH-001333,SBI-0640756,5191,677,42,0.0072
ACH-001333,Sacubitril/Valsartan,107,853,74,0.0835
ACH-001333,Salicylic acid,709,2315,418,0.1604
ACH-001333,Sapanisertib,3587,2067,907,0.1911
ACH-001333,Saquinavir,433,2207,196,0.0802
ACH-001333,Selinexor ,1950,5024,1362,0.2427
ACH-001333,Sildenafil,31,566,22,0.0383
ACH-001333,Silodosin,27,97,15,0.1376
ACH-001333,Simotinib,57,339,19,0.0504
ACH-001333,Sinomenine,440,1418,199,0.12
ACH-001333,Sivelestat (sodium tetrahydrate),68,1329,46,0.034
ACH-001333,Sodium Salicylate,772,2469,431,0.1534
ACH-001333,Sonidegib,3062,451,163,0.0487
ACH-001333,Sulfatinib,36,224,15,0.0612
ACH-001333,Sulfisoxazole,1083,2249,464,0.1618
ACH-001333,Sunitinib,680,1624,275,0.1355
ACH-001333,TAK-733,1034,1255,294,0.1474
ACH-001333,TAK-901,2934,6959,1821,0.2256
ACH-001333,Tadalafil,39,624,25,0.0392
ACH-001333,Talc,579,285,75,0.0951
ACH-001333,Tazarotene,1263,1072,405,0.2098
ACH-001333,Temsirolimus,984,2607,456,0.1455
ACH-001333,Temuterkib,2724,731,319,0.1017
ACH-001333,Terfenadine,915,2331,341,0.1174
ACH-001333,Tetracycline (hydrochloride),31,475,19,0.039
ACH-001333,Thymol,461,1216,147,0.0961
ACH-001333,Thymopentin,46,647,33,0.05
ACH-001333,Tirabrutinib,495,502,178,0.2173
ACH-001333,Tirabrutinib (hydrochloride),1629,1022,411,0.1835
ACH-001333,Tofacitinib,655,2402,353,0.1305
ACH-001333,Tofacitinib (citrate),610,2216,309,0.1228
ACH-001333,Tolcapone,471,2392,291,0.1131
ACH-001333,Tolmetin,79,408,40,0.0895
ACH-001333,Tomivosertib,2158,578,265,0.1072
ACH-001333,Topotecan (hydrochloride),571,1813,216,0.0996
ACH-001333,Torkinib,1929,692,258,0.1092
ACH-001333,Trametinib,3814,3782,1724,0.2936
ACH-001333,Trametinib (DMSO_TF solvate),828,1866,418,0.1837
ACH-001333,Tranilast,38,400,23,0.0554
ACH-001333,Triamcinolone,1159,2473,638,0.2131
ACH-001333,Triclosan,514,2042,258,0.1123
ACH-001333,Trifluridine,476,1851,245,0.1177
ACH-001333,Trimetrexate,627,2438,326,0.119
ACH-001333,Tubulin inhibitor 6,1033,411,166,0.1299
ACH-001333,Tucatinib,1317,666,287,0.1692
ACH-001333,Tucidinostat,1154,7127,893,0.1209
ACH-001333,ULK-101,2257,897,280,0.0974
ACH-001333,Uridine,356,825,145,0.14
ACH-001333,Valdecoxib,560,466,115,0.1262
ACH-001333,Vandetanib,883,1565,352,0.1679
ACH-001333,Vemurafenib,1311,765,249,0.1363
ACH-001333,Verapamil,22,344,12,0.0339
ACH-001333,Verteporfin,100,1702,71,0.041
ACH-001333,Vilanterol,275,1804,130,0.0667
ACH-001333,Vinblastine (sulfate),473,2430,269,0.1021
ACH-001333,Vismodegib,363,406,92,0.1359
ACH-001333,Vitamin K4,841,684,218,0.1668
ACH-001333,Volasertib,1272,440,176,0.1146
ACH-001333,Voriconazole,438,674,136,0.1393
ACH-001333,Vortioxetine,726,885,232,0.1682
ACH-001333,XRK3F2,2211,982,356,0.1255
ACH-001333,Zileuton,648,453,160,0.17
ACH-001333,c-Kit-IN-1,2800,346,221,0.0756
ACH-001333,crizotinib,41,517,22,0.041
ACH-001333,olaparib,1316,129,60,0.0433
ACH-001333,palbociclib,1545,570,198,0.1033
ACH-001333,venetoclax,1710,980,370,0.1595
ACH-001333,vincristine,2895,800,462,0.1429
ACH-001333,γ-Oryzanol,377,250,60,0.1058
NA,(R)-Verapamil (hydrochloride),868,2129,412,0.1594
NA,(S)-Crizotinib,212,359,46,0.0876
NA,18β-Glycyrrhetinic acid,654,1783,297,0.1388
NA,4EGI-1,1875,854,479,0.2129
NA,5-Azacytidine,812,1743,313,0.1396
NA,5-Fluorouracil,793,954,278,0.1892
NA,8-Hydroxyquinoline,857,1929,413,0.174
NA,9-ING-41,3366,1038,533,0.1377
NA,APTO-253,2613,693,324,0.1087
NA,AT7519,1573,656,362,0.1939
NA,AZD-7648,2907,812,408,0.1232
NA,AZD-8055,1955,801,424,0.1818
NA,AZD1390,2275,797,347,0.1273
NA,AZD2858,1428,979,310,0.1478
NA,Abemaciclib,3588,1102,687,0.1716
NA,Abiraterone acetate,1003,1035,290,0.1659
NA,Acetazolamide,1474,1027,420,0.2018
NA,Acetohexamide,679,2072,318,0.1307
NA,Adagrasib,1927,1585,760,0.2762
NA,Adenine,997,1313,408,0.2145
NA,Adenosine,764,2354,443,0.1656
NA,Afatinib,2053,2698,825,0.2101
NA,Aliskiren,752,1748,390,0.1848
NA,Allantoin,1483,2404,639,0.1967
NA,Allopurinol,2482,1213,637,0.2083
NA,Almonertinib (hydrochloride),961,2152,454,0.1707
NA,Almonertinib (mesylate),659,1648,248,0.1204
NA,Alpelisib,1890,789,392,0.1714
NA,Altretamine,77,211,31,0.1206
NA,Amsacrine,900,2740,570,0.1857
NA,Anastrozole,1368,787,381,0.2148
NA,Anethole trithione,1440,2059,764,0.2793
NA,Apalutamide,28,561,14,0.0243
NA,Aprepitant,1714,1074,488,0.2122
NA,Arbutin,174,328,80,0.1896
NA,Artemether,1580,1620,665,0.2623
NA,Artesunate,1165,2065,647,0.2505
NA,Asciminib,1211,1050,369,0.195
NA,Aspirin,1056,677,282,0.1943
NA,Ataluren,1106,1397,398,0.1891
NA,Atazanavir (sulfate),1332,1478,596,0.2692
NA,Auranofin,1155,5062,729,0.1328
NA,Azithromycin (hydrate),754,1701,344,0.163
NA,BAY1125976,2638,2925,981,0.2141
NA,BI-3406,2494,918,544,0.1897
NA,BI-78D3,3919,954,544,0.1257
NA,Baicalin,729,1921,429,0.1932
NA,Balsalazide (sodium hydrate),725,1421,384,0.2179
NA,Belinostat,1203,6891,910,0.1267
NA,Belumosudil,416,1128,170,0.1237
NA,Belumosudil (mesylate),2504,812,453,0.1582
NA,Belzutifan,1760,782,246,0.1071
NA,Bendamustine,58,240,22,0.0797
NA,Benproperine (phosphate),158,574,71,0.1074
NA,Bentamapimod,2878,1013,500,0.1474
NA,Benztropine (mesylate),571,632,144,0.136
NA,Berbamine,1344,2020,574,0.2057
NA,Berbamine (dihydrochloride),553,537,140,0.1474
NA,Berberine (chloride hydrate),660,1889,368,0.1687
NA,Bergenin,523,1628,271,0.1441
NA,Bestatin,34,776,20,0.0253
NA,Bestatin (hydrochloride),1077,906,283,0.1665
NA,Betamethasone dipropionate,508,1429,362,0.2298
NA,Bexarotene,1372,1668,585,0.2383
NA,Bicalutamide,733,521,155,0.141
NA,Bimatoprost,1034,2548,534,0.1752
NA,Bimiralisib,3058,2778,1024,0.2128
NA,Binimetinib,3877,2530,1351,0.2672
NA,Bisoprolol (hemifumarate),198,868,93,0.0956
NA,Bortezomib,4891,4847,2779,0.3993
NA,Bosentan (hydrate),131,1084,91,0.081
NA,Brimonidine,727,406,138,0.1387
NA,Brivudine,3101,3041,1135,0.2267
NA,Budesonide,2537,2908,1303,0.3146
NA,Busulfan,1451,1886,538,0.1922
NA,CP21R7,2192,690,328,0.1284
NA,Cabozantinib (S-malate),874,1717,321,0.1414
NA,Canagliflozin,173,650,79,0.1062
NA,Canagliflozin (hemihydrate),1131,1486,380,0.1699
NA,Capivasertib,1718,719,365,0.1762
NA,Capmatinib,1957,829,405,0.1701
NA,Captopril,629,723,173,0.1467
NA,Carbamazepine,1031,964,269,0.1559
NA,Celecoxib,3050,750,365,0.1063
NA,Cepharanthine,920,1554,380,0.1815
NA,Chlorhexidine (diacetate),883,2106,499,0.2004
NA,Ciclopirox,720,1900,322,0.1401
NA,Cilostazol,116,1069,78,0.0705
NA,Cinacalcet,798,1031,262,0.1672
NA,Citalopram (hydrobromide),1987,884,410,0.1666
NA,Clobetasol propionate,2165,2524,1110,0.3101
NA,Clofarabine,61,445,26,0.0542
NA,Clonidine (hydrochloride),926,2001,591,0.253
NA,Clopidogrel,2259,1113,636,0.2325
NA,Clotrimazole,701,1945,364,0.1595
NA,Cloxacillin (sodium),653,1154,340,0.2318
NA,Cobimetinib,63,1397,36,0.0253
NA,Crizotinib (hydrochloride),1240,1633,523,0.2226
NA,Cyclosporin A,1883,1379,661,0.2541
NA,Cysteamine (hydrochloride),532,1613,272,0.1452
NA,Cytarabine,436,901,177,0.1526
NA,Cytarabine (hydrochloride),182,464,67,0.1157
NA,DT-061,1538,729,311,0.159
NA,DTP3,2075,244,92,0.0413
NA,Dabrafenib,2663,2357,845,0.2024
NA,Daidzin,570,688,167,0.1531
NA,Dapagliflozin,502,878,183,0.1529
NA,"Dapagliflozin ((2S)-1,2-propanediol, hydrate)",150,608,62,0.0891
NA,Darinaparsin,1019,2721,518,0.1608
NA,Darolutamide,1739,1440,697,0.2808
NA,Decitabine,435,1487,250,0.1495
NA,Delamanid,937,1424,401,0.2046
NA,Demeclocycline,678,1293,317,0.1917
NA,Dexamethasone,1614,2465,979,0.3158
NA,Dexmedetomidine,69,535,45,0.0805
NA,Diammonium Glycyrrhizinate,1129,2311,491,0.1665
NA,Digitoxin,1938,5998,1580,0.2486
NA,Dihydroartemisinin,545,1371,228,0.1351
NA,Dimethyl fumarate,64,354,32,0.0829
NA,Dinaciclib,2354,6204,1926,0.2904
NA,Diphenhydramine,479,363,129,0.1809
NA,Docetaxel,2590,2877,1044,0.236
NA,Docetaxel (Trihydrate),84,1600,61,0.0376
NA,Dorzolamide (hydrochloride),114,1195,82,0.0668
NA,Doxorubicin (hydrochloride),118,3538,85,0.0238
NA,Doxycycline (monohydrate),52,591,29,0.0472
NA,Drospirenone,1603,1231,490,0.209
NA,ERK5-IN-2,2793,2355,878,0.2056
NA,ETC-206,2008,716,379,0.1616
NA,EX229,3490,1699,888,0.2065
NA,Econazole,988,1223,330,0.1754
NA,Elagolix sodium,1007,2302,479,0.1693
NA,Elimusertib hydrochloride,2693,1328,671,0.2003
NA,Encorafenib,6656,2542,189,0.021
NA,Entecavir (monohydrate),20,1105,18,0.0163
NA,Entrectinib,977,1115,276,0.152
NA,Epirubicin (hydrochloride),62,3513,42,0.0119
NA,Eplerenone,50,292,22,0.0688
NA,Erdafitinib ,1739,902,79,0.0308
NA,Erlotinib,223,1026,113,0.0995
NA,Erythromycin,572,876,177,0.1393
NA,Esmolol (hydrochloride),911,499,157,0.1253
NA,Estrone sulfate (potassium),1598,852,305,0.1422
NA,Everolimus,1883,1042,511,0.2117
NA,Fedratinib (hydrochloride hydrate),1468,2036,660,0.2321
NA,Fenofibrate,185,350,66,0.1407
NA,Ferulic acid,98,765,54,0.0667
NA,Filgotinib,730,857,227,0.1669
NA,Finasteride,54,756,31,0.0398
NA,Fingolimod (hydrochloride),524,1073,182,0.1286
NA,Flumatinib (mesylate),465,1329,245,0.1582
NA,Flutamide,843,859,217,0.1461
NA,Fluvoxamine,128,585,58,0.0885
NA,Fluvoxamine (maleate),605,2712,350,0.118
NA,Folic acid,799,1535,411,0.2137
NA,Fulvestrant,1135,1891,504,0.1998
NA,Fumaric acid,404,1250,226,0.1583
NA,Furosemide,551,1384,283,0.1713
NA,Fusidic acid,620,1522,349,0.1946
NA,Futibatinib,2583,1193,598,0.1882
NA,GSK1059615,3117,2672,1009,0.2111
NA,Gallic acid,920,1544,441,0.218
NA,Gallic acid (hydrate),1089,2370,485,0.1631
NA,Gefitinib,739,2247,413,0.1605
NA,Gemcitabine,2724,1396,798,0.2402
NA,Gemfibrozil,840,2468,446,0.1558
NA,Glycyrrhizic acid,255,397,50,0.0831
NA,Goserelin (acetate),717,1771,449,0.2202
NA,HI-TOPK-032,4018,1374,746,0.1606
NA,Harringtonine,689,8633,615,0.0706
NA,Hesperidin,161,504,64,0.1065
NA,Hexylresorcinol,857,1733,476,0.2252
NA,Homoharringtonine,8706,11246,7281,0.5746
NA,Hydroxyfasudil,3056,493,162,0.0478
NA,Hydroxyurea,64,586,20,0.0317
NA,IQ 1,2297,930,467,0.1692
NA,Idarubicin (hydrochloride),6496,10960,5436,0.4522
NA,Idoxuridine,1774,1237,535,0.2161
NA,Imiquimod (hydrochloride),773,1267,247,0.1378
NA,Imiquimod (maleate),74,325,28,0.0755
NA,Indacaterol (maleate),1709,1257,525,0.2151
NA,Infigratinib,1870,1803,684,0.2288
NA,Ipatasertib,3162,1345,637,0.1646
NA,Irinotecan,2219,1172,567,0.2008
NA,Irinotecan (hydrochloride),1624,1114,413,0.1776
NA,Isocorydine,679,1695,348,0.1718
NA,Ivermectin,800,797,216,0.1564
NA,Ixazomib,1682,1306,579,0.2403
NA,Ixazomib citrate,676,5544,484,0.0844
NA,L-Eflornithine (monohydrochloride),1557,683,304,0.157
NA,L-Thyroxine (sodium salt pentahydrate),817,1894,275,0.1129
NA,LB-100,1910,525,261,0.1201
NA,LJI308,2428,1406,720,0.2312
NA,LY-2584702 (tosylate salt),2450,1067,490,0.1619
NA,LY2090314,1196,655,256,0.1605
NA,Lactate (calcium),927,1227,260,0.1373
NA,Lapatinib ditosylate,1990,647,342,0.149
NA,Larotrectinib,1244,2315,537,0.1777
NA,Lenalidomide (hemihydrate),579,2012,297,0.1295
NA,Levobupivacaine (hydrochloride),147,680,79,0.1056
NA,Lidocaine (hydrochloride),1512,2616,577,0.1625
NA,Ligustrazine,91,638,55,0.0816
NA,Lipoic acid,474,1214,260,0.1821
NA,Lonafarnib,2398,1420,651,0.2056
NA,Loperamide (hydrochloride),1255,1142,423,0.2143
NA,Lopinavir,895,790,255,0.1783
NA,Lucanthone,896,554,240,0.1983
NA,Lumateperone (tosylate),601,1312,325,0.2047
NA,MK-3903,2735,1376,590,0.1676
NA,MK-8353,2405,719,417,0.154
NA,ML264,2673,1239,562,0.1678
NA,Macitentan,42,501,24,0.0462
NA,Malotilate,2129,2117,949,0.2878
NA,Mebendazole,114,1414,80,0.0552
NA,Medroxyprogesterone acetate,1169,2759,572,0.1704
NA,Megestrol,1387,1853,488,0.1773
NA,Meloxicam,842,865,213,0.1426
NA,Menadione,111,521,48,0.0822
NA,Methotrexate,609,845,182,0.1431
NA,Methyl aminolevulinate (hydrochloride),1119,1239,413,0.2123
NA,Methylprednisolone succinate,3047,307,97,0.0298
NA,Methylthiouracil,838,1419,326,0.1688
NA,Mifepristone,89,557,50,0.0839
NA,Minodronic acid,1886,1051,528,0.2192
NA,Mitoxantrone (dihydrochloride),1158,6459,792,0.116
NA,Monocrotaline,80,982,45,0.0442
NA,Mozavaptan,104,385,52,0.119
NA,NG25,1367,1535,498,0.2072
NA,NVP-BHG712,2952,956,424,0.1217
NA,Nafamostat (mesylate),1219,1100,359,0.1832
NA,Naproxen,279,510,122,0.1829
NA,Neratinib,588,1288,176,0.1035
NA,Neratinib (maleate),1002,3444,608,0.1584
NA,Nevirapine,78,766,50,0.063
NA,Niclosamide (olamine),149,2390,99,0.0406
NA,Norepinephrine (hydrochloride),735,1889,357,0.1575
NA,OTS514,1462,1209,424,0.1887
NA,Olanzapine,942,2178,509,0.1949
NA,Oleic acid,1848,729,404,0.1859
NA,Omeprazole,576,605,153,0.1488
NA,Omeprazole (sodium),594,333,83,0.0983
NA,Orlistat,175,707,75,0.0929
NA,Osimertinib (mesylate),742,1814,332,0.1493
NA,Ouabain (Octahydrate),4574,7511,3532,0.413
NA,Oxaliplatin,2818,1460,809,0.2332
NA,Oxaprozin,1443,1496,515,0.2125
NA,PF-06260933,2828,1064,405,0.1161
NA,PH-797804,2558,4031,1047,0.1889
NA,Paclitaxel,2387,2645,778,0.1829
NA,Palmatine (chloride),1147,1811,417,0.1641
NA,Panobinostat,5162,9230,4394,0.4395
NA,Pasireotide (acetate),1316,2146,641,0.2272
NA,Pemetrexed,125,480,54,0.098
NA,Pemigatinib,705,610,91,0.0743
NA,Penfluridol,104,461,44,0.0845
NA,Pentagastrin,702,1633,355,0.1793
NA,Pentamidine (isethionate),1135,2255,521,0.1816
NA,Pentoxifylline,1537,1630,604,0.2357
NA,Peretinoin,180,1774,126,0.0689
NA,Perindopril (erbumine),447,477,133,0.1681
NA,Pexidartinib (hydrochloride),104,580,65,0.105
NA,Phenylephrine (hydrochloride),1141,1715,438,0.1811
NA,Phenytoin (sodium),90,451,43,0.0863
NA,Pimitespib,2608,814,443,0.1487
NA,Pimozide,735,1113,203,0.1234
NA,Pioglitazone,1396,1566,556,0.2311
NA,Piroxicam,2260,1323,719,0.251
NA,Pitavastatin (Calcium),267,1765,192,0.1043
NA,Ponatinib,1797,3263,868,0.2071
NA,Posaconazole,67,1230,49,0.0393
NA,Pralsetinib,2236,1719,688,0.2106
NA,Pravastatin (sodium),651,520,156,0.1537
NA,Procainamide (hydrochloride),52,256,17,0.0584
NA,Proglumide,451,784,121,0.1086
NA,Pyridoxine,830,1951,388,0.1621
NA,Pyridoxine (hydrochloride),1492,1419,532,0.2236
NA,Quinestrol,745,1987,443,0.1935
NA,Quinidine (15% dihydroquinidine),65,894,45,0.0492
NA,RMC-6236,2603,2621,964,0.2263
NA,Radotinib,1216,2565,660,0.2115
NA,Ralimetinib dimesylate,2797,458,183,0.0596
NA,Raltitrexed,623,2061,386,0.168
NA,Ranolazine,539,959,179,0.1357
NA,Rapamycin,1186,2868,671,0.1983
NA,Regorafenib,2385,794,436,0.159
NA,Relugolix,617,1190,323,0.2177
NA,Resveratrol,1001,2288,489,0.1746
NA,Retinoic acid,1333,1954,557,0.204
NA,Rifaximin,43,467,31,0.0647
NA,Riluzole hydrochloride,1356,2675,676,0.2015
NA,Rimonabant,683,1652,390,0.2005
NA,Ritonavir,704,2226,344,0.133
NA,Ropivacaine (hydrochloride monohydrate),879,2085,428,0.1688
NA,Rosiglitazone,66,448,37,0.0776
NA,Roxadustat,163,1235,106,0.082
NA,Rucaparib (phosphate),76,539,42,0.0733
NA,Rutin (trihydrate),557,439,169,0.2044
NA,S-Adenosyl-L-methionine (disulfate tosylate),939,2823,609,0.1931
NA,SBI-0640756,499,1059,73,0.0492
NA,Sacubitril/Valsartan,160,1251,115,0.0887
NA,Salicylic acid,881,2295,527,0.1989
NA,Sapanisertib,3745,2809,1279,0.2425
NA,Saquinavir,789,2291,348,0.1274
NA,Selinexor ,2212,4126,1362,0.2737
NA,Sildenafil,52,877,38,0.0426
NA,Silodosin,48,176,27,0.1371
NA,Simotinib,44,230,13,0.0498
NA,Sinomenine,653,1375,319,0.1867
NA,Sivelestat (sodium tetrahydrate),134,1385,88,0.0615
NA,Sodium Salicylate,1050,2186,505,0.1849
NA,Sonidegib,3662,550,278,0.0707
NA,Sulfatinib,74,341,39,0.1037
NA,Sulfisoxazole,1243,2160,560,0.197
NA,Sunitinib,1360,1860,575,0.2174
NA,TAK-733,1702,1535,526,0.194
NA,TAK-901,3284,6573,1994,0.2536
NA,Tadalafil,24,1149,20,0.0173
NA,Talc,921,854,257,0.1693
NA,Tazarotene,1568,1314,545,0.2332
NA,Temsirolimus,1239,2306,543,0.1809
NA,Temuterkib,3254,1167,558,0.1444
NA,Terfenadine,850,2609,495,0.167
NA,Tetracycline (hydrochloride),34,1059,30,0.0282
NA,Thymol,1009,1607,361,0.1601
NA,Thymopentin,57,701,40,0.0557
NA,Tirabrutinib,556,604,236,0.2554
NA,Tirabrutinib (hydrochloride),1992,1422,620,0.2219
NA,Tofacitinib,846,1989,369,0.1496
NA,Tofacitinib (citrate),639,1997,326,0.1411
NA,Tolcapone,535,2588,369,0.134
NA,Tolmetin,148,487,77,0.138
NA,Tomivosertib,2868,860,505,0.1567
NA,Topotecan (hydrochloride),563,3698,365,0.0937
NA,Torkinib,2440,1046,465,0.1539
NA,Trametinib,4216,3772,1915,0.3153
NA,Trametinib (DMSO_TF solvate),631,1418,347,0.2039
NA,Tranilast,22,525,17,0.0321
NA,Triamcinolone,1744,3363,1159,0.2936
NA,Triclosan,738,1975,408,0.177
NA,Trifluridine,491,1922,237,0.1089
NA,Trimetrexate,839,2760,512,0.1659
NA,Tubulin inhibitor 6,1487,692,358,0.1966
NA,Tucatinib,2194,1048,590,0.2225
NA,Tucidinostat,1965,7423,1546,0.1971
NA,ULK-101,3119,1058,508,0.1385
NA,Uridine,587,1481,278,0.1553
NA,Valdecoxib,452,882,138,0.1154
NA,Vandetanib,1419,1726,605,0.2382
NA,Vemurafenib,2032,922,462,0.1854
NA,Verapamil,41,466,29,0.0607
NA,Verteporfin,105,1495,75,0.0492
NA,Vilanterol,680,2306,368,0.1406
NA,Vinblastine (sulfate),962,3012,608,0.1806
NA,Vismodegib,393,386,68,0.0956
NA,Vitamin K4,1223,1180,357,0.1745
NA,Volasertib,2351,794,414,0.1516
NA,Voriconazole,605,809,162,0.1294
NA,Vortioxetine,845,1243,329,0.187
NA,XRK3F2,2731,1028,475,0.1446
NA,Zileuton,798,487,175,0.1577
NA,c-Kit-IN-1,3174,732,447,0.1292
NA,crizotinib,77,880,46,0.0505
NA,olaparib,2320,8273,172,0.0165
NA,palbociclib,2061,879,407,0.1607
NA,venetoclax,2482,1424,702,0.2191
NA,vincristine,2895,957,549,0.1662
NA,γ-Oryzanol,613,707,188,0.1661
